clean_url,locale,file,gsc_clicks,gsc_impressions,gsc_position,reason,keep_mode
/ar/australia-visa-for-russian-citizens,ar,www2/ar/australia-visa-for-russian-citizens.html,2,124,9.85,"Historique GSC : 2 clics, 124 impressions",KEEP
/ar/austria-visa-for-indonesian-citizens,ar,www2/ar/austria-visa-for-indonesian-citizens.html,2,46,8.26,"Historique GSC : 2 clics, 46 impressions",KEEP
/ar/belgium-visa-processing-time,ar,www2/ar/belgium-visa-processing-time.html,5,732,8.93,"Historique GSC : 5 clics, 732 impressions",KEEP
/ar/colombia-visa-processing-time,ar,www2/ar/colombia-visa-processing-time.html,6,126,10.83,"Historique GSC : 6 clics, 126 impressions",KEEP
/ar/croatia-visa-for-nigerian-citizens,ar,www2/ar/croatia-visa-for-nigerian-citizens.html,2,37,4.49,"Historique GSC : 2 clics, 37 impressions",KEEP
/ar/expat-guide-argentina,ar,www2/ar/expat-guide-argentina.html,0,0,0,Hub destination ou guide expat : socle du corpus,KEEP
/ar/expat-guide-brazil,ar,www2/ar/expat-guide-brazil.html,0,0,0,Hub destination ou guide expat : socle du corpus,KEEP
/ar/expat-guide-cambodia,ar,www2/ar/expat-guide-cambodia.html,0,0,0,Hub destination ou guide expat : socle du corpus,KEEP
/ar/expat-guide-colombia,ar,www2/ar/expat-guide-colombia.html,0,0,0,Hub destination ou guide expat : socle du corpus,KEEP
/ar/expat-guide-costa-rica,ar,www2/ar/expat-guide-costa-rica.html,0,0,0,Hub destination ou guide expat : socle du corpus,KEEP
/ar/expat-guide-croatia,ar,www2/ar/expat-guide-croatia.html,0,0,0,Hub destination ou guide expat : socle du corpus,KEEP
/ar/expat-guide-cyprus,ar,www2/ar/expat-guide-cyprus.html,0,0,0,Hub destination ou guide expat : socle du corpus,KEEP
/ar/expat-guide-ecuador,ar,www2/ar/expat-guide-ecuador.html,0,0,0,Hub destination ou guide expat : socle du corpus,KEEP
/ar/expat-guide-estonia,ar,www2/ar/expat-guide-estonia.html,0,0,0,Hub destination ou guide expat : socle du corpus,KEEP
/ar/expat-guide-france,ar,www2/ar/expat-guide-france.html,0,0,0,Hub destination ou guide expat : socle du corpus,KEEP
/ar/expat-guide-georgia,ar,www2/ar/expat-guide-georgia.html,0,0,0,Hub destination ou guide expat : socle du corpus,KEEP
/ar/expat-guide-germany,ar,www2/ar/expat-guide-germany.html,0,0,0,Hub destination ou guide expat : socle du corpus,KEEP
/ar/expat-guide-greece,ar,www2/ar/expat-guide-greece.html,0,0,0,Hub destination ou guide expat : socle du corpus,KEEP
/ar/expat-guide-indonesia,ar,www2/ar/expat-guide-indonesia.html,0,0,0,Hub destination ou guide expat : socle du corpus,KEEP
/ar/expat-guide-italy,ar,www2/ar/expat-guide-italy.html,0,0,0,Hub destination ou guide expat : socle du corpus,KEEP
/ar/expat-guide-japan,ar,www2/ar/expat-guide-japan.html,0,0,0,Hub destination ou guide expat : socle du corpus,KEEP
/ar/expat-guide-laos,ar,www2/ar/expat-guide-laos.html,0,0,0,Hub destination ou guide expat : socle du corpus,KEEP
/ar/expat-guide-malaysia,ar,www2/ar/expat-guide-malaysia.html,0,0,0,Hub destination ou guide expat : socle du corpus,KEEP
/ar/expat-guide-malta,ar,www2/ar/expat-guide-malta.html,0,0,0,Hub destination ou guide expat : socle du corpus,KEEP
/ar/expat-guide-mauritius,ar,www2/ar/expat-guide-mauritius.html,0,0,0,Hub destination ou guide expat : socle du corpus,KEEP
/ar/expat-guide-mexico,ar,www2/ar/expat-guide-mexico.html,0,0,0,Hub destination ou guide expat : socle du corpus,KEEP
/ar/expat-guide-panama,ar,www2/ar/expat-guide-panama.html,0,0,0,Hub destination ou guide expat : socle du corpus,KEEP
/ar/expat-guide-paraguay,ar,www2/ar/expat-guide-paraguay.html,6,464,7.08,"Historique GSC : 6 clics, 464 impressions",KEEP
/ar/expat-guide-philippines,ar,www2/ar/expat-guide-philippines.html,0,0,0,Hub destination ou guide expat : socle du corpus,KEEP
/ar/expat-guide-portugal,ar,www2/ar/expat-guide-portugal.html,0,0,0,Hub destination ou guide expat : socle du corpus,KEEP
/ar/expat-guide-singapore,ar,www2/ar/expat-guide-singapore.html,0,0,0,Hub destination ou guide expat : socle du corpus,KEEP
/ar/expat-guide-south-korea,ar,www2/ar/expat-guide-south-korea.html,0,0,0,Hub destination ou guide expat : socle du corpus,KEEP
/ar/expat-guide-spain,ar,www2/ar/expat-guide-spain.html,0,0,0,Hub destination ou guide expat : socle du corpus,KEEP
/ar/expat-guide-taiwan,ar,www2/ar/expat-guide-taiwan.html,0,0,0,Hub destination ou guide expat : socle du corpus,KEEP
/ar/expat-guide-thailand,ar,www2/ar/expat-guide-thailand.html,0,0,0,Hub destination ou guide expat : socle du corpus,KEEP
/ar/expat-guide-uae,ar,www2/ar/expat-guide-uae.html,0,0,0,Hub destination ou guide expat : socle du corpus,KEEP
/ar/expat-guide-vietnam,ar,www2/ar/expat-guide-vietnam.html,0,0,0,Hub destination ou guide expat : socle du corpus,KEEP
/ar/france-visa-for-singaporean-citizens,ar,www2/ar/france-visa-for-singaporean-citizens.html,3,664,9.86,"Historique GSC : 3 clics, 664 impressions",KEEP
/ar/greece-visa-for-chinese-citizens,ar,www2/ar/greece-visa-for-chinese-citizens.html,4,624,7.58,"Historique GSC : 4 clics, 624 impressions",KEEP
/ar/greece-visa-for-russian-citizens,ar,www2/ar/greece-visa-for-russian-citizens.html,2,83,8.31,"Historique GSC : 2 clics, 83 impressions",KEEP
/ar/greece-visa-for-turkish-citizens,ar,www2/ar/greece-visa-for-turkish-citizens.html,4,1156,8.38,"Historique GSC : 4 clics, 1156 impressions",KEEP
/ar/greece-visa-processing-time,ar,www2/ar/greece-visa-processing-time.html,2,238,11.13,"Historique GSC : 2 clics, 238 impressions",KEEP
/ar/hong-kong-visa-fees,ar,www2/ar/hong-kong-visa-fees.html,1,819,14.83,"Historique GSC : 1 clics, 819 impressions",KEEP
/ar/hong-kong-visa-for-brazilian-citizens,ar,www2/ar/hong-kong-visa-for-brazilian-citizens.html,2,223,8.69,"Historique GSC : 2 clics, 223 impressions",KEEP
/ar/hungary-visa-for-indonesian-citizens,ar,www2/ar/hungary-visa-for-indonesian-citizens.html,2,20,5.2,"Historique GSC : 2 clics, 20 impressions",KEEP
/ar/hungary-visa-for-nigerian-citizens,ar,www2/ar/hungary-visa-for-nigerian-citizens.html,3,124,6.68,"Historique GSC : 3 clics, 124 impressions",KEEP
/ar/italy-visa-for-russian-citizens,ar,www2/ar/italy-visa-for-russian-citizens.html,1,680,7.07,"Historique GSC : 1 clics, 680 impressions",KEEP
/ar/jordan-visa-extension,ar,www2/ar/jordan-visa-extension.html,3,180,7.48,"Historique GSC : 3 clics, 180 impressions",KEEP
/ar/jordan-visa-for-french-citizens,ar,www2/ar/jordan-visa-for-french-citizens.html,3,57,6.04,"Historique GSC : 3 clics, 57 impressions",KEEP
/ar/jordan-visa-for-indonesian-citizens,ar,www2/ar/jordan-visa-for-indonesian-citizens.html,2,122,11.66,"Historique GSC : 2 clics, 122 impressions",KEEP
/ar/jordan-visa-for-russian-citizens,ar,www2/ar/jordan-visa-for-russian-citizens.html,4,81,6.49,"Historique GSC : 4 clics, 81 impressions",KEEP
/ar/jordan-visa-for-south-african-citizens,ar,www2/ar/jordan-visa-for-south-african-citizens.html,2,42,11.52,"Historique GSC : 2 clics, 42 impressions",KEEP
/ar/jordan-visa-for-turkish-citizens,ar,www2/ar/jordan-visa-for-turkish-citizens.html,2,159,6.68,"Historique GSC : 2 clics, 159 impressions",KEEP
/ar/legal-notice,ar,www2/ar/legal-notice.html,0,0,0,Page utilitaire a conserver en noindex,KEEP_NOINDEX
/ar/malaysia-visa-extension,ar,www2/ar/malaysia-visa-extension.html,5,357,9.57,"Historique GSC : 5 clics, 357 impressions",KEEP
/ar/nepal-visa-fees,ar,www2/ar/nepal-visa-fees.html,3,372,22.49,"Historique GSC : 3 clics, 372 impressions",KEEP
/ar/nepal-visa-for-nigerian-citizens,ar,www2/ar/nepal-visa-for-nigerian-citizens.html,4,122,5.26,"Historique GSC : 4 clics, 122 impressions",KEEP
/ar/nepal-visa-for-singaporean-citizens,ar,www2/ar/nepal-visa-for-singaporean-citizens.html,2,78,17.03,"Historique GSC : 2 clics, 78 impressions",KEEP
/ar/poland-visa-extension,ar,www2/ar/poland-visa-extension.html,2,81,20.16,"Historique GSC : 2 clics, 81 impressions",KEEP
/ar/portugal-visa-for-turkish-citizens,ar,www2/ar/portugal-visa-for-turkish-citizens.html,2,270,8.13,"Historique GSC : 2 clics, 270 impressions",KEEP
/ar/qatar-visa-extension,ar,www2/ar/qatar-visa-extension.html,2,90,36.17,"Historique GSC : 2 clics, 90 impressions",KEEP
/ar/qatar-visa-for-russian-citizens,ar,www2/ar/qatar-visa-for-russian-citizens.html,2,82,4.49,"Historique GSC : 2 clics, 82 impressions",KEEP
/ar/singapore-visa-for-japanese-citizens,ar,www2/ar/singapore-visa-for-japanese-citizens.html,2,586,8.62,"Historique GSC : 2 clics, 586 impressions",KEEP
/ar/singapore-visa-for-turkish-citizens,ar,www2/ar/singapore-visa-for-turkish-citizens.html,3,985,8.02,"Historique GSC : 3 clics, 985 impressions",KEEP
/ar/spain-visa-for-brazilian-citizens,ar,www2/ar/spain-visa-for-brazilian-citizens.html,3,102,9.15,"Historique GSC : 3 clics, 102 impressions",KEEP
/ar/sri-lanka-visa-extension,ar,www2/ar/sri-lanka-visa-extension.html,5,324,9.37,"Historique GSC : 5 clics, 324 impressions",KEEP
/ar/sri-lanka-visa-for-french-citizens,ar,www2/ar/sri-lanka-visa-for-french-citizens.html,3,417,9.26,"Historique GSC : 3 clics, 417 impressions",KEEP
/ar/sri-lanka-visa-for-south-african-citizens,ar,www2/ar/sri-lanka-visa-for-south-african-citizens.html,7,194,7.56,"Historique GSC : 7 clics, 194 impressions",KEEP
/ar/switzerland-visa-fees,ar,www2/ar/switzerland-visa-fees.html,2,1310,20.41,"Historique GSC : 2 clics, 1310 impressions",KEEP
/ar/taiwan-visa-for-brazilian-citizens,ar,www2/ar/taiwan-visa-for-brazilian-citizens.html,2,381,8.16,"Historique GSC : 2 clics, 381 impressions",KEEP
/ar/taiwan-visa-for-russian-citizens,ar,www2/ar/taiwan-visa-for-russian-citizens.html,8,411,8.67,"Historique GSC : 8 clics, 411 impressions",KEEP
/ar/taiwan-visa-for-turkish-citizens,ar,www2/ar/taiwan-visa-for-turkish-citizens.html,2,494,8.18,"Historique GSC : 2 clics, 494 impressions",KEEP
/ar/visa-andorra,ar,www2/ar/visa-andorra.html,0,0,0,Hub destination ou guide expat : socle du corpus,KEEP
/ar/visa-angola,ar,www2/ar/visa-angola.html,0,0,0,Hub destination ou guide expat : socle du corpus,KEEP
/ar/visa-argentina,ar,www2/ar/visa-argentina.html,0,0,0,Hub destination ou guide expat : socle du corpus,KEEP
/ar/visa-australia,ar,www2/ar/visa-australia.html,0,0,0,Hub destination ou guide expat : socle du corpus,KEEP
/ar/visa-austria,ar,www2/ar/visa-austria.html,0,0,0,Hub destination ou guide expat : socle du corpus,KEEP
/ar/visa-bahamas,ar,www2/ar/visa-bahamas.html,0,0,0,Hub destination ou guide expat : socle du corpus,KEEP
/ar/visa-bahrain,ar,www2/ar/visa-bahrain.html,2,418,8.9,"Historique GSC : 2 clics, 418 impressions",KEEP
/ar/visa-belgium,ar,www2/ar/visa-belgium.html,0,0,0,Hub destination ou guide expat : socle du corpus,KEEP
/ar/visa-belize,ar,www2/ar/visa-belize.html,0,0,0,Hub destination ou guide expat : socle du corpus,KEEP
/ar/visa-bermuda,ar,www2/ar/visa-bermuda.html,0,0,0,Hub destination ou guide expat : socle du corpus,KEEP
/ar/visa-bhutan,ar,www2/ar/visa-bhutan.html,0,0,0,Hub destination ou guide expat : socle du corpus,KEEP
/ar/visa-brazil,ar,www2/ar/visa-brazil.html,0,0,0,Hub destination ou guide expat : socle du corpus,KEEP
/ar/visa-brunei,ar,www2/ar/visa-brunei.html,0,0,0,Hub destination ou guide expat : socle du corpus,KEEP
/ar/visa-bulgaria,ar,www2/ar/visa-bulgaria.html,0,0,0,Hub destination ou guide expat : socle du corpus,KEEP
/ar/visa-cambodia,ar,www2/ar/visa-cambodia.html,0,0,0,Hub destination ou guide expat : socle du corpus,KEEP
/ar/visa-canada,ar,www2/ar/visa-canada.html,0,0,0,Hub destination ou guide expat : socle du corpus,KEEP
/ar/visa-cape-verde,ar,www2/ar/visa-cape-verde.html,6,217,6.35,"Historique GSC : 6 clics, 217 impressions",KEEP
/ar/visa-chile,ar,www2/ar/visa-chile.html,0,0,0,Hub destination ou guide expat : socle du corpus,KEEP
/ar/visa-china,ar,www2/ar/visa-china.html,0,0,0,Hub destination ou guide expat : socle du corpus,KEEP
/ar/visa-colombia,ar,www2/ar/visa-colombia.html,0,0,0,Hub destination ou guide expat : socle du corpus,KEEP
/ar/visa-cook-islands,ar,www2/ar/visa-cook-islands.html,0,0,0,Hub destination ou guide expat : socle du corpus,KEEP
/ar/visa-costa-rica,ar,www2/ar/visa-costa-rica.html,0,0,0,Hub destination ou guide expat : socle du corpus,KEEP
/ar/visa-croatia,ar,www2/ar/visa-croatia.html,0,0,0,Hub destination ou guide expat : socle du corpus,KEEP
/ar/visa-cyprus,ar,www2/ar/visa-cyprus.html,2,30,24.47,"Historique GSC : 2 clics, 30 impressions",KEEP
/ar/visa-czech-republic,ar,www2/ar/visa-czech-republic.html,0,0,0,Hub destination ou guide expat : socle du corpus,KEEP
/ar/visa-denmark,ar,www2/ar/visa-denmark.html,0,0,0,Hub destination ou guide expat : socle du corpus,KEEP
/ar/visa-documents-checklist,ar,www2/ar/visa-documents-checklist.html,0,0,0,Hub destination ou guide expat : socle du corpus,KEEP
/ar/visa-ecuador,ar,www2/ar/visa-ecuador.html,0,0,0,Hub destination ou guide expat : socle du corpus,KEEP
/ar/visa-egypt,ar,www2/ar/visa-egypt.html,0,0,0,Hub destination ou guide expat : socle du corpus,KEEP
/ar/visa-fiji,ar,www2/ar/visa-fiji.html,0,0,0,Hub destination ou guide expat : socle du corpus,KEEP
/ar/visa-finland,ar,www2/ar/visa-finland.html,0,0,0,Hub destination ou guide expat : socle du corpus,KEEP
/ar/visa-france,ar,www2/ar/visa-france.html,0,0,0,Hub destination ou guide expat : socle du corpus,KEEP
/ar/visa-free-countries-australia-passport,ar,www2/ar/visa-free-countries-australia-passport.html,0,0,0,Hub destination ou guide expat : socle du corpus,KEEP
/ar/visa-free-countries-brazil-passport,ar,www2/ar/visa-free-countries-brazil-passport.html,0,0,0,Hub destination ou guide expat : socle du corpus,KEEP
/ar/visa-free-countries-canada-passport,ar,www2/ar/visa-free-countries-canada-passport.html,0,0,0,Hub destination ou guide expat : socle du corpus,KEEP
/ar/visa-free-countries-china-passport,ar,www2/ar/visa-free-countries-china-passport.html,0,0,0,Hub destination ou guide expat : socle du corpus,KEEP
/ar/visa-free-countries-eu-passport,ar,www2/ar/visa-free-countries-eu-passport.html,0,0,0,Hub destination ou guide expat : socle du corpus,KEEP
/ar/visa-free-countries-india-passport,ar,www2/ar/visa-free-countries-india-passport.html,0,0,0,Hub destination ou guide expat : socle du corpus,KEEP
/ar/visa-free-countries-japan-passport,ar,www2/ar/visa-free-countries-japan-passport.html,0,0,0,Hub destination ou guide expat : socle du corpus,KEEP
/ar/visa-free-countries-uae-passport,ar,www2/ar/visa-free-countries-uae-passport.html,0,0,0,Hub destination ou guide expat : socle du corpus,KEEP
/ar/visa-free-countries-uk-passport,ar,www2/ar/visa-free-countries-uk-passport.html,0,0,0,Hub destination ou guide expat : socle du corpus,KEEP
/ar/visa-free-countries-us-passport,ar,www2/ar/visa-free-countries-us-passport.html,0,0,0,Hub destination ou guide expat : socle du corpus,KEEP
/ar/visa-georgia,ar,www2/ar/visa-georgia.html,0,0,0,Hub destination ou guide expat : socle du corpus,KEEP
/ar/visa-germany,ar,www2/ar/visa-germany.html,0,0,0,Hub destination ou guide expat : socle du corpus,KEEP
/ar/visa-greece,ar,www2/ar/visa-greece.html,0,0,0,Hub destination ou guide expat : socle du corpus,KEEP
/ar/visa-guatemala,ar,www2/ar/visa-guatemala.html,0,0,0,Hub destination ou guide expat : socle du corpus,KEEP
/ar/visa-hong-kong,ar,www2/ar/visa-hong-kong.html,0,0,0,Hub destination ou guide expat : socle du corpus,KEEP
/ar/visa-hungary,ar,www2/ar/visa-hungary.html,0,0,0,Hub destination ou guide expat : socle du corpus,KEEP
/ar/visa-iceland,ar,www2/ar/visa-iceland.html,0,0,0,Hub destination ou guide expat : socle du corpus,KEEP
/ar/visa-india,ar,www2/ar/visa-india.html,0,0,0,Hub destination ou guide expat : socle du corpus,KEEP
/ar/visa-indonesia,ar,www2/ar/visa-indonesia.html,0,0,0,Hub destination ou guide expat : socle du corpus,KEEP
/ar/visa-iran,ar,www2/ar/visa-iran.html,0,0,0,Hub destination ou guide expat : socle du corpus,KEEP
/ar/visa-iraq,ar,www2/ar/visa-iraq.html,0,0,0,Hub destination ou guide expat : socle du corpus,KEEP
/ar/visa-ireland,ar,www2/ar/visa-ireland.html,0,0,0,Hub destination ou guide expat : socle du corpus,KEEP
/ar/visa-israel,ar,www2/ar/visa-israel.html,0,0,0,Hub destination ou guide expat : socle du corpus,KEEP
/ar/visa-italy,ar,www2/ar/visa-italy.html,0,0,0,Hub destination ou guide expat : socle du corpus,KEEP
/ar/visa-japan,ar,www2/ar/visa-japan.html,0,0,0,Hub destination ou guide expat : socle du corpus,KEEP
/ar/visa-jordan,ar,www2/ar/visa-jordan.html,0,0,0,Hub destination ou guide expat : socle du corpus,KEEP
/ar/visa-kuwait,ar,www2/ar/visa-kuwait.html,0,0,0,Hub destination ou guide expat : socle du corpus,KEEP
/ar/visa-laos,ar,www2/ar/visa-laos.html,0,0,0,Hub destination ou guide expat : socle du corpus,KEEP
/ar/visa-liechtenstein,ar,www2/ar/visa-liechtenstein.html,0,0,0,Hub destination ou guide expat : socle du corpus,KEEP
/ar/visa-luxembourg,ar,www2/ar/visa-luxembourg.html,0,0,0,Hub destination ou guide expat : socle du corpus,KEEP
/ar/visa-macau,ar,www2/ar/visa-macau.html,2,93,7.4,"Historique GSC : 2 clics, 93 impressions",KEEP
/ar/visa-malaysia,ar,www2/ar/visa-malaysia.html,0,0,0,Hub destination ou guide expat : socle du corpus,KEEP
/ar/visa-maldives,ar,www2/ar/visa-maldives.html,0,0,0,Hub destination ou guide expat : socle du corpus,KEEP
/ar/visa-mexico,ar,www2/ar/visa-mexico.html,0,0,0,Hub destination ou guide expat : socle du corpus,KEEP
/ar/visa-moldova,ar,www2/ar/visa-moldova.html,0,0,0,Hub destination ou guide expat : socle du corpus,KEEP
/ar/visa-myanmar,ar,www2/ar/visa-myanmar.html,0,0,0,Hub destination ou guide expat : socle du corpus,KEEP
/ar/visa-nepal,ar,www2/ar/visa-nepal.html,0,0,0,Hub destination ou guide expat : socle du corpus,KEEP
/ar/visa-netherlands,ar,www2/ar/visa-netherlands.html,0,0,0,Hub destination ou guide expat : socle du corpus,KEEP
/ar/visa-new-zealand,ar,www2/ar/visa-new-zealand.html,0,0,0,Hub destination ou guide expat : socle du corpus,KEEP
/ar/visa-nicaragua,ar,www2/ar/visa-nicaragua.html,0,0,0,Hub destination ou guide expat : socle du corpus,KEEP
/ar/visa-norway,ar,www2/ar/visa-norway.html,0,0,0,Hub destination ou guide expat : socle du corpus,KEEP
/ar/visa-oman,ar,www2/ar/visa-oman.html,0,0,0,Hub destination ou guide expat : socle du corpus,KEEP
/ar/visa-panama,ar,www2/ar/visa-panama.html,0,0,0,Hub destination ou guide expat : socle du corpus,KEEP
/ar/visa-peru,ar,www2/ar/visa-peru.html,0,0,0,Hub destination ou guide expat : socle du corpus,KEEP
/ar/visa-philippines,ar,www2/ar/visa-philippines.html,0,0,0,Hub destination ou guide expat : socle du corpus,KEEP
/ar/visa-photo-requirements,ar,www2/ar/visa-photo-requirements.html,0,0,0,Hub destination ou guide expat : socle du corpus,KEEP
/ar/visa-poland,ar,www2/ar/visa-poland.html,0,0,0,Hub destination ou guide expat : socle du corpus,KEEP
/ar/visa-portugal,ar,www2/ar/visa-portugal.html,0,0,0,Hub destination ou guide expat : socle du corpus,KEEP
/ar/visa-processing-times,ar,www2/ar/visa-processing-times.html,0,0,0,Hub destination ou guide expat : socle du corpus,KEEP
/ar/visa-qatar,ar,www2/ar/visa-qatar.html,0,0,0,Hub destination ou guide expat : socle du corpus,KEEP
/ar/visa-rejection-reasons,ar,www2/ar/visa-rejection-reasons.html,0,0,0,Hub destination ou guide expat : socle du corpus,KEEP
/ar/visa-result,ar,www2/ar/visa-result.html,0,0,0,Hub destination ou guide expat : socle du corpus,KEEP
/ar/visa-romania,ar,www2/ar/visa-romania.html,0,0,0,Hub destination ou guide expat : socle du corpus,KEEP
/ar/visa-samoa,ar,www2/ar/visa-samoa.html,0,0,0,Hub destination ou guide expat : socle du corpus,KEEP
/ar/visa-saudi-arabia,ar,www2/ar/visa-saudi-arabia.html,0,0,0,Hub destination ou guide expat : socle du corpus,KEEP
/ar/visa-singapore,ar,www2/ar/visa-singapore.html,0,0,0,Hub destination ou guide expat : socle du corpus,KEEP
/ar/visa-slovakia,ar,www2/ar/visa-slovakia.html,0,0,0,Hub destination ou guide expat : socle du corpus,KEEP
/ar/visa-slovenia,ar,www2/ar/visa-slovenia.html,0,0,0,Hub destination ou guide expat : socle du corpus,KEEP
/ar/visa-south-korea,ar,www2/ar/visa-south-korea.html,0,0,0,Hub destination ou guide expat : socle du corpus,KEEP
/ar/visa-spain,ar,www2/ar/visa-spain.html,0,0,0,Hub destination ou guide expat : socle du corpus,KEEP
/ar/visa-sri-lanka,ar,www2/ar/visa-sri-lanka.html,0,0,0,Hub destination ou guide expat : socle du corpus,KEEP
/ar/visa-sweden,ar,www2/ar/visa-sweden.html,0,0,0,Hub destination ou guide expat : socle du corpus,KEEP
/ar/visa-switzerland,ar,www2/ar/visa-switzerland.html,0,0,0,Hub destination ou guide expat : socle du corpus,KEEP
/ar/visa-taiwan,ar,www2/ar/visa-taiwan.html,0,0,0,Hub destination ou guide expat : socle du corpus,KEEP
/ar/visa-thailand,ar,www2/ar/visa-thailand.html,0,0,0,Hub destination ou guide expat : socle du corpus,KEEP
/ar/visa-tonga,ar,www2/ar/visa-tonga.html,0,0,0,Hub destination ou guide expat : socle du corpus,KEEP
/ar/visa-turkey,ar,www2/ar/visa-turkey.html,0,0,0,Hub destination ou guide expat : socle du corpus,KEEP
/ar/visa-uae,ar,www2/ar/visa-uae.html,0,0,0,Hub destination ou guide expat : socle du corpus,KEEP
/ar/visa-ukraine,ar,www2/ar/visa-ukraine.html,0,0,0,Hub destination ou guide expat : socle du corpus,KEEP
/ar/visa-united-kingdom,ar,www2/ar/visa-united-kingdom.html,0,0,0,Hub destination ou guide expat : socle du corpus,KEEP
/ar/visa-uruguay,ar,www2/ar/visa-uruguay.html,0,0,0,Hub destination ou guide expat : socle du corpus,KEEP
/ar/visa-usa,ar,www2/ar/visa-usa.html,0,0,0,Hub destination ou guide expat : socle du corpus,KEEP
/ar/visa-venezuela,ar,www2/ar/visa-venezuela.html,0,0,0,Hub destination ou guide expat : socle du corpus,KEEP
/ar/visa-vietnam,ar,www2/ar/visa-vietnam.html,0,0,0,Hub destination ou guide expat : socle du corpus,KEEP
/en/argentina-visa-extension,en,www2/en/argentina-visa-extension.html,12,1363,7.38,"Historique GSC : 12 clics, 1363 impressions",KEEP
/en/argentina-visa-for-south-african-citizens,en,www2/en/argentina-visa-for-south-african-citizens.html,2,87,8.24,"Historique GSC : 2 clics, 87 impressions",KEEP
/en/argentina-visa-processing-time,en,www2/en/argentina-visa-processing-time.html,2,641,9.34,"Historique GSC : 2 clics, 641 impressions",KEEP
/en/argentina-visa-requirements,en,www2/en/argentina-visa-requirements.html,2,73,10.11,"Historique GSC : 2 clics, 73 impressions",KEEP
/en/australia-visa-extension,en,www2/en/australia-visa-extension.html,8,818,19.33,"Historique GSC : 8 clics, 818 impressions",KEEP
/en/australia-visa-for-argentinian-citizens,en,www2/en/australia-visa-for-argentinian-citizens.html,3,133,12.39,"Historique GSC : 3 clics, 133 impressions",KEEP
/en/australia-visa-for-brazilian-citizens,en,www2/en/australia-visa-for-brazilian-citizens.html,2,360,9.62,"Historique GSC : 2 clics, 360 impressions",KEEP
/en/australia-visa-for-turkish-citizens,en,www2/en/australia-visa-for-turkish-citizens.html,4,461,7.28,"Historique GSC : 4 clics, 461 impressions",KEEP
/en/australia-visa-for-uk-citizens,en,www2/en/australia-visa-for-uk-citizens.html,1,865,48.26,"Historique GSC : 1 clics, 865 impressions",KEEP
/en/australia-visa-processing-time,en,www2/en/australia-visa-processing-time.html,2,406,9.36,"Historique GSC : 2 clics, 406 impressions",KEEP
/en/austria-visa-extension,en,www2/en/austria-visa-extension.html,10,679,8.45,"Historique GSC : 10 clics, 679 impressions",KEEP
/en/austria-visa-for-nigerian-citizens,en,www2/en/austria-visa-for-nigerian-citizens.html,4,782,8.2,"Historique GSC : 4 clics, 782 impressions",KEEP
/en/austria-visa-requirements,en,www2/en/austria-visa-requirements.html,1,1157,18.27,"Historique GSC : 1 clics, 1157 impressions",KEEP
/en/belgium-visa-for-nigerian-citizens,en,www2/en/belgium-visa-for-nigerian-citizens.html,4,400,9.48,"Historique GSC : 4 clics, 400 impressions",KEEP
/en/belgium-visa-for-russian-citizens,en,www2/en/belgium-visa-for-russian-citizens.html,1,698,6.91,"Historique GSC : 1 clics, 698 impressions",KEEP
/en/belgium-visa-for-singaporean-citizens,en,www2/en/belgium-visa-for-singaporean-citizens.html,3,96,8.48,"Historique GSC : 3 clics, 96 impressions",KEEP
/en/belgium-visa-processing-time,en,www2/en/belgium-visa-processing-time.html,46,5361,7.84,"Historique GSC : 46 clics, 5361 impressions",KEEP
/en/bermuda-visa-requirements,en,www2/en/bermuda-visa-requirements.html,4,433,11.21,"Historique GSC : 4 clics, 433 impressions",KEEP
/en/brazil-visa-extension,en,www2/en/brazil-visa-extension.html,3,466,8.84,"Historique GSC : 3 clics, 466 impressions",KEEP
/en/brazil-visa-for-french-citizens,en,www2/en/brazil-visa-for-french-citizens.html,3,985,7.08,"Historique GSC : 3 clics, 985 impressions",KEEP
/en/brazil-visa-processing-time,en,www2/en/brazil-visa-processing-time.html,34,4726,8.96,"Historique GSC : 34 clics, 4726 impressions",KEEP
/en/cambodia-evisa,en,www2/en/cambodia-evisa.html,5,1021,28.81,"Historique GSC : 5 clics, 1021 impressions",KEEP
/en/cambodia-visa-extension,en,www2/en/cambodia-visa-extension.html,48,2253,7.13,"Historique GSC : 48 clics, 2253 impressions",KEEP
/en/cambodia-visa-for-australian-citizens,en,www2/en/cambodia-visa-for-australian-citizens.html,4,230,19.97,"Historique GSC : 4 clics, 230 impressions",KEEP
/en/cambodia-visa-for-philippine-citizens,en,www2/en/cambodia-visa-for-philippine-citizens.html,11,1448,6.86,"Historique GSC : 11 clics, 1448 impressions",KEEP
/en/canada-visa-for-south-african-citizens,en,www2/en/canada-visa-for-south-african-citizens.html,3,180,14.32,"Historique GSC : 3 clics, 180 impressions",KEEP
/en/cappadocia-visa-requirements,en,www2/en/cappadocia-visa-requirements.html,3,52227,8.5,"Historique GSC : 3 clics, 52227 impressions",KEEP
/en/china-visa-for-french-citizens,en,www2/en/china-visa-for-french-citizens.html,7,1360,9.17,"Historique GSC : 7 clics, 1360 impressions",KEEP
/en/china-visa-for-nigerian-citizens,en,www2/en/china-visa-for-nigerian-citizens.html,36,6191,7.53,"Historique GSC : 36 clics, 6191 impressions",KEEP
/en/china-visa-for-south-african-citizens,en,www2/en/china-visa-for-south-african-citizens.html,6,412,16.18,"Historique GSC : 6 clics, 412 impressions",KEEP
/en/china-visa-for-turkish-citizens,en,www2/en/china-visa-for-turkish-citizens.html,4,1032,9.23,"Historique GSC : 4 clics, 1032 impressions",KEEP
/en/colombia-visa-for-chinese-citizens,en,www2/en/colombia-visa-for-chinese-citizens.html,2,150,7.09,"Historique GSC : 2 clics, 150 impressions",KEEP
/en/colombia-visa-for-indian-citizens,en,www2/en/colombia-visa-for-indian-citizens.html,9,660,14.97,"Historique GSC : 9 clics, 660 impressions",KEEP
/en/colombia-visa-for-nigerian-citizens,en,www2/en/colombia-visa-for-nigerian-citizens.html,33,1351,6.2,"Historique GSC : 33 clics, 1351 impressions",KEEP
/en/colombia-visa-for-south-african-citizens,en,www2/en/colombia-visa-for-south-african-citizens.html,33,1413,6.04,"Historique GSC : 33 clics, 1413 impressions",KEEP
/en/costa-rica-visa-extension,en,www2/en/costa-rica-visa-extension.html,8,186,7.65,"Historique GSC : 8 clics, 186 impressions",KEEP
/en/costa-rica-visa-for-philippine-citizens,en,www2/en/costa-rica-visa-for-philippine-citizens.html,2,149,8.58,"Historique GSC : 2 clics, 149 impressions",KEEP
/en/costa-rica-visa-for-russian-citizens,en,www2/en/costa-rica-visa-for-russian-citizens.html,3,271,6.31,"Historique GSC : 3 clics, 271 impressions",KEEP
/en/costa-rica-visa-processing-time,en,www2/en/costa-rica-visa-processing-time.html,2,158,5.89,"Historique GSC : 2 clics, 158 impressions",KEEP
/en/croatia-visa-extension,en,www2/en/croatia-visa-extension.html,2,239,9.62,"Historique GSC : 2 clics, 239 impressions",KEEP
/en/croatia-visa-for-nigerian-citizens,en,www2/en/croatia-visa-for-nigerian-citizens.html,7,472,8.25,"Historique GSC : 7 clics, 472 impressions",KEEP
/en/croatia-visa-for-philippine-citizens,en,www2/en/croatia-visa-for-philippine-citizens.html,17,2063,6.13,"Historique GSC : 17 clics, 2063 impressions",KEEP
/en/croatia-visa-for-russian-citizens,en,www2/en/croatia-visa-for-russian-citizens.html,7,3991,6.68,"Historique GSC : 7 clics, 3991 impressions",KEEP
/en/croatia-visa-for-south-african-citizens,en,www2/en/croatia-visa-for-south-african-citizens.html,4,755,8.95,"Historique GSC : 4 clics, 755 impressions",KEEP
/en/croatia-visa-processing-time,en,www2/en/croatia-visa-processing-time.html,2,195,9.36,"Historique GSC : 2 clics, 195 impressions",KEEP
/en/czech-republic-visa-for-indonesian-citizens,en,www2/en/czech-republic-visa-for-indonesian-citizens.html,2,153,9.62,"Historique GSC : 2 clics, 153 impressions",KEEP
/en/czech-republic-visa-for-nigerian-citizens,en,www2/en/czech-republic-visa-for-nigerian-citizens.html,14,1040,7.49,"Historique GSC : 14 clics, 1040 impressions",KEEP
/en/czech-republic-visa-for-philippine-citizens,en,www2/en/czech-republic-visa-for-philippine-citizens.html,3,715,9.27,"Historique GSC : 3 clics, 715 impressions",KEEP
/en/czech-republic-visa-for-south-african-citizens,en,www2/en/czech-republic-visa-for-south-african-citizens.html,3,928,8.54,"Historique GSC : 3 clics, 928 impressions",KEEP
/en/denmark-visa-fees,en,www2/en/denmark-visa-fees.html,1,904,10.31,"Historique GSC : 1 clics, 904 impressions",KEEP
/en/denmark-visa-for-nigerian-citizens,en,www2/en/denmark-visa-for-nigerian-citizens.html,18,1905,7.31,"Historique GSC : 18 clics, 1905 impressions",KEEP
/en/denmark-visa-for-singaporean-citizens,en,www2/en/denmark-visa-for-singaporean-citizens.html,4,176,9.02,"Historique GSC : 4 clics, 176 impressions",KEEP
/en/denmark-visa-for-us-citizens,en,www2/en/denmark-visa-for-us-citizens.html,3,337,10.78,"Historique GSC : 3 clics, 337 impressions",KEEP
/en/expat-guide-argentina,en,www2/en/expat-guide-argentina.html,0,0,0,Hub destination ou guide expat : socle du corpus,KEEP
/en/expat-guide-brazil,en,www2/en/expat-guide-brazil.html,0,0,0,Hub destination ou guide expat : socle du corpus,KEEP
/en/expat-guide-cambodia,en,www2/en/expat-guide-cambodia.html,0,0,0,Hub destination ou guide expat : socle du corpus,KEEP
/en/expat-guide-colombia,en,www2/en/expat-guide-colombia.html,0,0,0,Hub destination ou guide expat : socle du corpus,KEEP
/en/expat-guide-costa-rica,en,www2/en/expat-guide-costa-rica.html,0,0,0,Hub destination ou guide expat : socle du corpus,KEEP
/en/expat-guide-croatia,en,www2/en/expat-guide-croatia.html,0,0,0,Hub destination ou guide expat : socle du corpus,KEEP
/en/expat-guide-cyprus,en,www2/en/expat-guide-cyprus.html,0,0,0,Hub destination ou guide expat : socle du corpus,KEEP
/en/expat-guide-ecuador,en,www2/en/expat-guide-ecuador.html,0,0,0,Hub destination ou guide expat : socle du corpus,KEEP
/en/expat-guide-estonia,en,www2/en/expat-guide-estonia.html,0,0,0,Hub destination ou guide expat : socle du corpus,KEEP
/en/expat-guide-france,en,www2/en/expat-guide-france.html,0,0,0,Hub destination ou guide expat : socle du corpus,KEEP
/en/expat-guide-georgia,en,www2/en/expat-guide-georgia.html,0,0,0,Hub destination ou guide expat : socle du corpus,KEEP
/en/expat-guide-germany,en,www2/en/expat-guide-germany.html,0,0,0,Hub destination ou guide expat : socle du corpus,KEEP
/en/expat-guide-greece,en,www2/en/expat-guide-greece.html,0,0,0,Hub destination ou guide expat : socle du corpus,KEEP
/en/expat-guide-indonesia,en,www2/en/expat-guide-indonesia.html,0,0,0,Hub destination ou guide expat : socle du corpus,KEEP
/en/expat-guide-italy,en,www2/en/expat-guide-italy.html,0,0,0,Hub destination ou guide expat : socle du corpus,KEEP
/en/expat-guide-japan,en,www2/en/expat-guide-japan.html,0,0,0,Hub destination ou guide expat : socle du corpus,KEEP
/en/expat-guide-laos,en,www2/en/expat-guide-laos.html,0,0,0,Hub destination ou guide expat : socle du corpus,KEEP
/en/expat-guide-malaysia,en,www2/en/expat-guide-malaysia.html,0,0,0,Hub destination ou guide expat : socle du corpus,KEEP
/en/expat-guide-malta,en,www2/en/expat-guide-malta.html,0,0,0,Hub destination ou guide expat : socle du corpus,KEEP
/en/expat-guide-mauritius,en,www2/en/expat-guide-mauritius.html,0,0,0,Hub destination ou guide expat : socle du corpus,KEEP
/en/expat-guide-mexico,en,www2/en/expat-guide-mexico.html,0,0,0,Hub destination ou guide expat : socle du corpus,KEEP
/en/expat-guide-panama,en,www2/en/expat-guide-panama.html,0,0,0,Hub destination ou guide expat : socle du corpus,KEEP
/en/expat-guide-paraguay,en,www2/en/expat-guide-paraguay.html,0,0,0,Hub destination ou guide expat : socle du corpus,KEEP
/en/expat-guide-philippines,en,www2/en/expat-guide-philippines.html,0,0,0,Hub destination ou guide expat : socle du corpus,KEEP
/en/expat-guide-portugal,en,www2/en/expat-guide-portugal.html,0,0,0,Hub destination ou guide expat : socle du corpus,KEEP
/en/expat-guide-singapore,en,www2/en/expat-guide-singapore.html,0,0,0,Hub destination ou guide expat : socle du corpus,KEEP
/en/expat-guide-south-korea,en,www2/en/expat-guide-south-korea.html,0,0,0,Hub destination ou guide expat : socle du corpus,KEEP
/en/expat-guide-spain,en,www2/en/expat-guide-spain.html,0,0,0,Hub destination ou guide expat : socle du corpus,KEEP
/en/expat-guide-taiwan,en,www2/en/expat-guide-taiwan.html,0,0,0,Hub destination ou guide expat : socle du corpus,KEEP
/en/expat-guide-thailand,en,www2/en/expat-guide-thailand.html,0,0,0,Hub destination ou guide expat : socle du corpus,KEEP
/en/expat-guide-uae,en,www2/en/expat-guide-uae.html,0,0,0,Hub destination ou guide expat : socle du corpus,KEEP
/en/expat-guide-vietnam,en,www2/en/expat-guide-vietnam.html,0,0,0,Hub destination ou guide expat : socle du corpus,KEEP
/en/france-visa-extension,en,www2/en/france-visa-extension.html,3,789,16.84,"Historique GSC : 3 clics, 789 impressions",KEEP
/en/france-visa-fees,en,www2/en/france-visa-fees.html,2,881,16.12,"Historique GSC : 2 clics, 881 impressions",KEEP
/en/france-visa-for-russian-citizens,en,www2/en/france-visa-for-russian-citizens.html,1,663,8.68,"Historique GSC : 1 clics, 663 impressions",KEEP
/en/france-visa-processing-time,en,www2/en/france-visa-processing-time.html,2,231,8.48,"Historique GSC : 2 clics, 231 impressions",KEEP
/en/france-visa-requirements,en,www2/en/france-visa-requirements.html,2,3271,12.43,"Historique GSC : 2 clics, 3271 impressions",KEEP
/en/germany-visa-for-russian-citizens,en,www2/en/germany-visa-for-russian-citizens.html,1,1067,9.78,"Historique GSC : 1 clics, 1067 impressions",KEEP
/en/germany-visa-for-singaporean-citizens,en,www2/en/germany-visa-for-singaporean-citizens.html,2,332,9.58,"Historique GSC : 2 clics, 332 impressions",KEEP
/en/greece-visa-for-brazilian-citizens,en,www2/en/greece-visa-for-brazilian-citizens.html,14,2263,6.55,"Historique GSC : 14 clics, 2263 impressions",KEEP
/en/greece-visa-for-chinese-citizens,en,www2/en/greece-visa-for-chinese-citizens.html,4,1044,7.56,"Historique GSC : 4 clics, 1044 impressions",KEEP
/en/greece-visa-for-german-citizens,en,www2/en/greece-visa-for-german-citizens.html,2,166,7.37,"Historique GSC : 2 clics, 166 impressions",KEEP
/en/greece-visa-for-japanese-citizens,en,www2/en/greece-visa-for-japanese-citizens.html,2,75,7.76,"Historique GSC : 2 clics, 75 impressions",KEEP
/en/greece-visa-for-nigerian-citizens,en,www2/en/greece-visa-for-nigerian-citizens.html,16,1308,6.94,"Historique GSC : 16 clics, 1308 impressions",KEEP
/en/greece-visa-for-russian-citizens,en,www2/en/greece-visa-for-russian-citizens.html,1,888,7.59,"Historique GSC : 1 clics, 888 impressions",KEEP
/en/greece-visa-for-turkish-citizens,en,www2/en/greece-visa-for-turkish-citizens.html,9,5403,6.8,"Historique GSC : 9 clics, 5403 impressions",KEEP
/en/hong-kong-visa-extension,en,www2/en/hong-kong-visa-extension.html,8,1792,13.8,"Historique GSC : 8 clics, 1792 impressions",KEEP
/en/hong-kong-visa-fees,en,www2/en/hong-kong-visa-fees.html,3,430,9.31,"Historique GSC : 3 clics, 430 impressions",KEEP
/en/hong-kong-visa-for-australian-citizens,en,www2/en/hong-kong-visa-for-australian-citizens.html,1,784,17.09,"Historique GSC : 1 clics, 784 impressions",KEEP
/en/hong-kong-visa-for-indonesian-citizens,en,www2/en/hong-kong-visa-for-indonesian-citizens.html,21,1974,8.94,"Historique GSC : 21 clics, 1974 impressions",KEEP
/en/hong-kong-visa-for-japanese-citizens,en,www2/en/hong-kong-visa-for-japanese-citizens.html,4,972,8.89,"Historique GSC : 4 clics, 972 impressions",KEEP
/en/hong-kong-visa-for-korean-citizens,en,www2/en/hong-kong-visa-for-korean-citizens.html,5,1240,8.06,"Historique GSC : 5 clics, 1240 impressions",KEEP
/en/hong-kong-visa-for-russian-citizens,en,www2/en/hong-kong-visa-for-russian-citizens.html,6,1570,6.82,"Historique GSC : 6 clics, 1570 impressions",KEEP
/en/hong-kong-visa-for-singaporean-citizens,en,www2/en/hong-kong-visa-for-singaporean-citizens.html,5,886,12.94,"Historique GSC : 5 clics, 886 impressions",KEEP
/en/hong-kong-visa-for-turkish-citizens,en,www2/en/hong-kong-visa-for-turkish-citizens.html,2,232,7.87,"Historique GSC : 2 clics, 232 impressions",KEEP
/en/hungary-visa-fees,en,www2/en/hungary-visa-fees.html,2,326,7.11,"Historique GSC : 2 clics, 326 impressions",KEEP
/en/hungary-visa-for-french-citizens,en,www2/en/hungary-visa-for-french-citizens.html,3,239,4.81,"Historique GSC : 3 clics, 239 impressions",KEEP
/en/hungary-visa-for-japanese-citizens,en,www2/en/hungary-visa-for-japanese-citizens.html,2,107,6.08,"Historique GSC : 2 clics, 107 impressions",KEEP
/en/hungary-visa-for-nigerian-citizens,en,www2/en/hungary-visa-for-nigerian-citizens.html,19,1356,6.36,"Historique GSC : 19 clics, 1356 impressions",KEEP
/en/hungary-visa-for-russian-citizens,en,www2/en/hungary-visa-for-russian-citizens.html,5,1802,6.79,"Historique GSC : 5 clics, 1802 impressions",KEEP
/en/hungary-visa-for-singaporean-citizens,en,www2/en/hungary-visa-for-singaporean-citizens.html,4,222,6.34,"Historique GSC : 4 clics, 222 impressions",KEEP
/en/hungary-visa-processing-time,en,www2/en/hungary-visa-processing-time.html,8,806,6.92,"Historique GSC : 8 clics, 806 impressions",KEEP
/en/india-visa-extension,en,www2/en/india-visa-extension.html,30,1755,11.95,"Historique GSC : 30 clics, 1755 impressions",KEEP
/en/india-visa-for-chinese-citizens,en,www2/en/india-visa-for-chinese-citizens.html,6,651,9.12,"Historique GSC : 6 clics, 651 impressions",KEEP
/en/india-visa-for-german-citizens,en,www2/en/india-visa-for-german-citizens.html,2,726,8.4,"Historique GSC : 2 clics, 726 impressions",KEEP
/en/indonesia-visa-fees,en,www2/en/indonesia-visa-fees.html,18,5432,12.09,"Historique GSC : 18 clics, 5432 impressions",KEEP
/en/indonesia-visa-for-chinese-citizens,en,www2/en/indonesia-visa-for-chinese-citizens.html,16,4873,7.44,"Historique GSC : 16 clics, 4873 impressions",KEEP
/en/indonesia-visa-for-french-citizens,en,www2/en/indonesia-visa-for-french-citizens.html,3,1173,6.16,"Historique GSC : 3 clics, 1173 impressions",KEEP
/en/indonesia-visa-for-nigerian-citizens,en,www2/en/indonesia-visa-for-nigerian-citizens.html,6,496,9.9,"Historique GSC : 6 clics, 496 impressions",KEEP
/en/indonesia-visa-processing-time,en,www2/en/indonesia-visa-processing-time.html,2,565,8.02,"Historique GSC : 2 clics, 565 impressions",KEEP
/en/indonesia-visa-requirements,en,www2/en/indonesia-visa-requirements.html,1,1402,23.1,"Historique GSC : 1 clics, 1402 impressions",KEEP
/en/ireland-visa-extension,en,www2/en/ireland-visa-extension.html,8,589,11.59,"Historique GSC : 8 clics, 589 impressions",KEEP
/en/ireland-visa-for-argentinian-citizens,en,www2/en/ireland-visa-for-argentinian-citizens.html,2,388,6.74,"Historique GSC : 2 clics, 388 impressions",KEEP
/en/ireland-visa-for-brazilian-citizens,en,www2/en/ireland-visa-for-brazilian-citizens.html,2,1023,8.25,"Historique GSC : 2 clics, 1023 impressions",KEEP
/en/ireland-visa-for-indonesian-citizens,en,www2/en/ireland-visa-for-indonesian-citizens.html,25,1498,8.16,"Historique GSC : 25 clics, 1498 impressions",KEEP
/en/ireland-visa-for-japanese-citizens,en,www2/en/ireland-visa-for-japanese-citizens.html,5,810,7.5,"Historique GSC : 5 clics, 810 impressions",KEEP
/en/ireland-visa-for-mexican-citizens,en,www2/en/ireland-visa-for-mexican-citizens.html,3,1667,8.43,"Historique GSC : 3 clics, 1667 impressions",KEEP
/en/ireland-visa-for-russian-citizens,en,www2/en/ireland-visa-for-russian-citizens.html,8,2294,7.94,"Historique GSC : 8 clics, 2294 impressions",KEEP
/en/ireland-visa-for-south-african-citizens,en,www2/en/ireland-visa-for-south-african-citizens.html,12,1658,12.08,"Historique GSC : 12 clics, 1658 impressions",KEEP
/en/ireland-visa-for-turkish-citizens,en,www2/en/ireland-visa-for-turkish-citizens.html,9,2690,7.9,"Historique GSC : 9 clics, 2690 impressions",KEEP
/en/ireland-visa-processing-time,en,www2/en/ireland-visa-processing-time.html,22,2137,10.06,"Historique GSC : 22 clics, 2137 impressions",KEEP
/en/italy-visa-extension,en,www2/en/italy-visa-extension.html,15,837,7.92,"Historique GSC : 15 clics, 837 impressions",KEEP
/en/italy-visa-for-indonesian-citizens,en,www2/en/italy-visa-for-indonesian-citizens.html,2,152,14.76,"Historique GSC : 2 clics, 152 impressions",KEEP
/en/italy-visa-for-nigerian-citizens,en,www2/en/italy-visa-for-nigerian-citizens.html,20,2518,8.27,"Historique GSC : 20 clics, 2518 impressions",KEEP
/en/italy-visa-for-russian-citizens,en,www2/en/italy-visa-for-russian-citizens.html,2,1519,8.0,"Historique GSC : 2 clics, 1519 impressions",KEEP
/en/japan-visa-extension,en,www2/en/japan-visa-extension.html,2,157,11.25,"Historique GSC : 2 clics, 157 impressions",KEEP
/en/japan-visa-for-nigerian-citizens,en,www2/en/japan-visa-for-nigerian-citizens.html,4,1033,9.36,"Historique GSC : 4 clics, 1033 impressions",KEEP
/en/japan-visa-for-russian-citizens,en,www2/en/japan-visa-for-russian-citizens.html,2,2411,8.39,"Historique GSC : 2 clics, 2411 impressions",KEEP
/en/japan-visa-for-south-african-citizens,en,www2/en/japan-visa-for-south-african-citizens.html,2,509,8.78,"Historique GSC : 2 clics, 509 impressions",KEEP
/en/japan-visa-for-turkish-citizens,en,www2/en/japan-visa-for-turkish-citizens.html,2,2198,7.42,"Historique GSC : 2 clics, 2198 impressions",KEEP
/en/jordan-visa-extension,en,www2/en/jordan-visa-extension.html,7,223,6.77,"Historique GSC : 7 clics, 223 impressions",KEEP
/en/jordan-visa-for-australian-citizens,en,www2/en/jordan-visa-for-australian-citizens.html,2,118,7.31,"Historique GSC : 2 clics, 118 impressions",KEEP
/en/jordan-visa-for-canadian-citizens,en,www2/en/jordan-visa-for-canadian-citizens.html,2,289,15.74,"Historique GSC : 2 clics, 289 impressions",KEEP
/en/jordan-visa-for-indonesian-citizens,en,www2/en/jordan-visa-for-indonesian-citizens.html,3,130,9.08,"Historique GSC : 3 clics, 130 impressions",KEEP
/en/jordan-visa-for-japanese-citizens,en,www2/en/jordan-visa-for-japanese-citizens.html,3,87,6.54,"Historique GSC : 3 clics, 87 impressions",KEEP
/en/jordan-visa-for-nigerian-citizens,en,www2/en/jordan-visa-for-nigerian-citizens.html,14,377,6.23,"Historique GSC : 14 clics, 377 impressions",KEEP
/en/jordan-visa-for-south-african-citizens,en,www2/en/jordan-visa-for-south-african-citizens.html,3,173,6.52,"Historique GSC : 3 clics, 173 impressions",KEEP
/en/jordan-visa-processing-time,en,www2/en/jordan-visa-processing-time.html,9,587,5.99,"Historique GSC : 9 clics, 587 impressions",KEEP
/en/legal-notice,en,www2/en/legal-notice.html,0,0,0,Page utilitaire a conserver en noindex,KEEP_NOINDEX
/en/machu-picchu-visa-requirements,en,www2/en/machu-picchu-visa-requirements.html,4,17163,7.31,"Historique GSC : 4 clics, 17163 impressions",KEEP
/en/malaysia-visa-extension,en,www2/en/malaysia-visa-extension.html,39,3241,7.68,"Historique GSC : 39 clics, 3241 impressions",KEEP
/en/malaysia-visa-for-indonesian-citizens,en,www2/en/malaysia-visa-for-indonesian-citizens.html,3,632,9.47,"Historique GSC : 3 clics, 632 impressions",KEEP
/en/malaysia-visa-for-nigerian-citizens,en,www2/en/malaysia-visa-for-nigerian-citizens.html,77,3244,6.4,"Historique GSC : 77 clics, 3244 impressions",KEEP
/en/malaysia-visa-for-us-citizens,en,www2/en/malaysia-visa-for-us-citizens.html,2,490,25.83,"Historique GSC : 2 clics, 490 impressions",KEEP
/en/maldives-visa-extension,en,www2/en/maldives-visa-extension.html,5,240,6.95,"Historique GSC : 5 clics, 240 impressions",KEEP
/en/maldives-visa-fees,en,www2/en/maldives-visa-fees.html,8,869,10.64,"Historique GSC : 8 clics, 869 impressions",KEEP
/en/maldives-visa-for-australian-citizens,en,www2/en/maldives-visa-for-australian-citizens.html,1,744,10.26,"Historique GSC : 1 clics, 744 impressions",KEEP
/en/maldives-visa-for-canadian-citizens,en,www2/en/maldives-visa-for-canadian-citizens.html,3,514,7.94,"Historique GSC : 3 clics, 514 impressions",KEEP
/en/maldives-visa-for-indonesian-citizens,en,www2/en/maldives-visa-for-indonesian-citizens.html,4,383,5.0,"Historique GSC : 4 clics, 383 impressions",KEEP
/en/maldives-visa-for-nigerian-citizens,en,www2/en/maldives-visa-for-nigerian-citizens.html,25,1899,5.51,"Historique GSC : 25 clics, 1899 impressions",KEEP
/en/maldives-visa-for-philippine-citizens,en,www2/en/maldives-visa-for-philippine-citizens.html,24,3225,6.16,"Historique GSC : 24 clics, 3225 impressions",KEEP
/en/maldives-visa-for-south-african-citizens,en,www2/en/maldives-visa-for-south-african-citizens.html,5,1170,5.84,"Historique GSC : 5 clics, 1170 impressions",KEEP
/en/maldives-visa-for-turkish-citizens,en,www2/en/maldives-visa-for-turkish-citizens.html,4,1372,6.89,"Historique GSC : 4 clics, 1372 impressions",KEEP
/en/maldives-visa-for-us-citizens,en,www2/en/maldives-visa-for-us-citizens.html,2,421,12.24,"Historique GSC : 2 clics, 421 impressions",KEEP
/en/mexico-visa-extension,en,www2/en/mexico-visa-extension.html,21,1047,8.65,"Historique GSC : 21 clics, 1047 impressions",KEEP
/en/mexico-visa-for-australian-citizens,en,www2/en/mexico-visa-for-australian-citizens.html,4,786,16.65,"Historique GSC : 4 clics, 786 impressions",KEEP
/en/mexico-visa-for-german-citizens,en,www2/en/mexico-visa-for-german-citizens.html,3,1295,8.33,"Historique GSC : 3 clics, 1295 impressions",KEEP
/en/mexico-visa-for-indonesian-citizens,en,www2/en/mexico-visa-for-indonesian-citizens.html,2,28,5.89,"Historique GSC : 2 clics, 28 impressions",KEEP
/en/mexico-visa-for-russian-citizens,en,www2/en/mexico-visa-for-russian-citizens.html,1,743,7.84,"Historique GSC : 1 clics, 743 impressions",KEEP
/en/mexico-visa-for-south-african-citizens,en,www2/en/mexico-visa-for-south-african-citizens.html,6,754,9.01,"Historique GSC : 6 clics, 754 impressions",KEEP
/en/mexico-visa-for-turkish-citizens,en,www2/en/mexico-visa-for-turkish-citizens.html,1,2152,8.56,"Historique GSC : 1 clics, 2152 impressions",KEEP
/en/nepal-evisa,en,www2/en/nepal-evisa.html,3,1086,39.27,"Historique GSC : 3 clics, 1086 impressions",KEEP
/en/nepal-visa-extension,en,www2/en/nepal-visa-extension.html,12,826,7.62,"Historique GSC : 12 clics, 826 impressions",KEEP
/en/nepal-visa-for-argentinian-citizens,en,www2/en/nepal-visa-for-argentinian-citizens.html,5,1394,6.51,"Historique GSC : 5 clics, 1394 impressions",KEEP
/en/nepal-visa-for-nigerian-citizens,en,www2/en/nepal-visa-for-nigerian-citizens.html,6,175,6.48,"Historique GSC : 6 clics, 175 impressions",KEEP
/en/netherlands-visa-for-indonesian-citizens,en,www2/en/netherlands-visa-for-indonesian-citizens.html,4,1023,10.0,"Historique GSC : 4 clics, 1023 impressions",KEEP
/en/netherlands-visa-for-nigerian-citizens,en,www2/en/netherlands-visa-for-nigerian-citizens.html,4,769,9.09,"Historique GSC : 4 clics, 769 impressions",KEEP
/en/new-zealand-visa-extension,en,www2/en/new-zealand-visa-extension.html,7,2334,30.13,"Historique GSC : 7 clics, 2334 impressions",KEEP
/en/new-zealand-visa-for-canadian-citizens,en,www2/en/new-zealand-visa-for-canadian-citizens.html,6,1114,22.25,"Historique GSC : 6 clics, 1114 impressions",KEEP
/en/new-zealand-visa-for-french-citizens,en,www2/en/new-zealand-visa-for-french-citizens.html,7,745,7.35,"Historique GSC : 7 clics, 745 impressions",KEEP
/en/new-zealand-visa-for-indian-citizens,en,www2/en/new-zealand-visa-for-indian-citizens.html,1,997,61.72,"Historique GSC : 1 clics, 997 impressions",KEEP
/en/new-zealand-visa-for-russian-citizens,en,www2/en/new-zealand-visa-for-russian-citizens.html,2,214,8.17,"Historique GSC : 2 clics, 214 impressions",KEEP
/en/norway-visa-extension,en,www2/en/norway-visa-extension.html,4,575,8.36,"Historique GSC : 4 clics, 575 impressions",KEEP
/en/norway-visa-for-indonesian-citizens,en,www2/en/norway-visa-for-indonesian-citizens.html,3,313,8.6,"Historique GSC : 3 clics, 313 impressions",KEEP
/en/norway-visa-for-nigerian-citizens,en,www2/en/norway-visa-for-nigerian-citizens.html,3,585,9.21,"Historique GSC : 3 clics, 585 impressions",KEEP
/en/norway-visa-for-singaporean-citizens,en,www2/en/norway-visa-for-singaporean-citizens.html,6,159,8.24,"Historique GSC : 6 clics, 159 impressions",KEEP
/en/norway-visa-processing-time,en,www2/en/norway-visa-processing-time.html,1,798,8.68,"Historique GSC : 1 clics, 798 impressions",KEEP
/en/philippines-visa-extension,en,www2/en/philippines-visa-extension.html,1,1806,9.43,"Historique GSC : 1 clics, 1806 impressions",KEEP
/en/philippines-visa-for-canadian-citizens,en,www2/en/philippines-visa-for-canadian-citizens.html,4,278,21.55,"Historique GSC : 4 clics, 278 impressions",KEEP
/en/philippines-visa-for-russian-citizens,en,www2/en/philippines-visa-for-russian-citizens.html,2,35,5.46,"Historique GSC : 2 clics, 35 impressions",KEEP
/en/philippines-visa-for-uk-citizens,en,www2/en/philippines-visa-for-uk-citizens.html,15,1941,14.13,"Historique GSC : 15 clics, 1941 impressions",KEEP
/en/poland-visa-for-nigerian-citizens,en,www2/en/poland-visa-for-nigerian-citizens.html,10,1912,7.65,"Historique GSC : 10 clics, 1912 impressions",KEEP
/en/poland-visa-for-russian-citizens,en,www2/en/poland-visa-for-russian-citizens.html,14,6532,7.76,"Historique GSC : 14 clics, 6532 impressions",KEEP
/en/poland-visa-processing-time,en,www2/en/poland-visa-processing-time.html,6,453,7.71,"Historique GSC : 6 clics, 453 impressions",KEEP
/en/portugal-visa-extension,en,www2/en/portugal-visa-extension.html,8,930,7.54,"Historique GSC : 8 clics, 930 impressions",KEEP
/en/portugal-visa-for-chinese-citizens,en,www2/en/portugal-visa-for-chinese-citizens.html,2,301,8.16,"Historique GSC : 2 clics, 301 impressions",KEEP
/en/portugal-visa-for-nigerian-citizens,en,www2/en/portugal-visa-for-nigerian-citizens.html,13,2194,7.93,"Historique GSC : 13 clics, 2194 impressions",KEEP
/en/portugal-visa-for-philippine-citizens,en,www2/en/portugal-visa-for-philippine-citizens.html,3,221,10.16,"Historique GSC : 3 clics, 221 impressions",KEEP
/en/portugal-visa-for-russian-citizens,en,www2/en/portugal-visa-for-russian-citizens.html,2,1233,7.36,"Historique GSC : 2 clics, 1233 impressions",KEEP
/en/portugal-visa-for-south-african-citizens,en,www2/en/portugal-visa-for-south-african-citizens.html,2,674,8.34,"Historique GSC : 2 clics, 674 impressions",KEEP
/en/portugal-visa-for-turkish-citizens,en,www2/en/portugal-visa-for-turkish-citizens.html,5,641,7.42,"Historique GSC : 5 clics, 641 impressions",KEEP
/en/privacy-policy,en,www2/en/privacy-policy.html,0,0,0,Page utilitaire a conserver en noindex,KEEP_NOINDEX
/en/qatar-visa-extension,en,www2/en/qatar-visa-extension.html,6,810,33.59,"Historique GSC : 6 clics, 810 impressions",KEEP
/en/qatar-visa-fees,en,www2/en/qatar-visa-fees.html,12,2871,19.36,"Historique GSC : 12 clics, 2871 impressions",KEEP
/en/qatar-visa-for-brazilian-citizens,en,www2/en/qatar-visa-for-brazilian-citizens.html,3,285,7.12,"Historique GSC : 3 clics, 285 impressions",KEEP
/en/qatar-visa-for-canadian-citizens,en,www2/en/qatar-visa-for-canadian-citizens.html,9,1089,13.74,"Historique GSC : 9 clics, 1089 impressions",KEEP
/en/qatar-visa-for-indian-citizens,en,www2/en/qatar-visa-for-indian-citizens.html,1,963,50.69,"Historique GSC : 1 clics, 963 impressions",KEEP
/en/qatar-visa-for-mexican-citizens,en,www2/en/qatar-visa-for-mexican-citizens.html,5,373,5.94,"Historique GSC : 5 clics, 373 impressions",KEEP
/en/qatar-visa-for-philippine-citizens,en,www2/en/qatar-visa-for-philippine-citizens.html,2,596,10.56,"Historique GSC : 2 clics, 596 impressions",KEEP
/en/qatar-visa-for-russian-citizens,en,www2/en/qatar-visa-for-russian-citizens.html,4,1512,6.36,"Historique GSC : 4 clics, 1512 impressions",KEEP
/en/qatar-visa-processing-time,en,www2/en/qatar-visa-processing-time.html,13,1224,7.53,"Historique GSC : 13 clics, 1224 impressions",KEEP
/en/retirement-visa-guide,en,www2/en/retirement-visa-guide.html,1,1032,28.63,"Historique GSC : 1 clics, 1032 impressions",KEEP
/en/romania-visa-for-indian-citizens,en,www2/en/romania-visa-for-indian-citizens.html,1,745,23.11,"Historique GSC : 1 clics, 745 impressions",KEEP
/en/romania-visa-for-indonesian-citizens,en,www2/en/romania-visa-for-indonesian-citizens.html,2,38,7.11,"Historique GSC : 2 clics, 38 impressions",KEEP
/en/romania-visa-for-nigerian-citizens,en,www2/en/romania-visa-for-nigerian-citizens.html,34,2950,7.56,"Historique GSC : 34 clics, 2950 impressions",KEEP
/en/romania-visa-for-philippine-citizens,en,www2/en/romania-visa-for-philippine-citizens.html,4,355,7.29,"Historique GSC : 4 clics, 355 impressions",KEEP
/en/romania-visa-for-russian-citizens,en,www2/en/romania-visa-for-russian-citizens.html,10,2813,6.87,"Historique GSC : 10 clics, 2813 impressions",KEEP
/en/romania-visa-for-south-african-citizens,en,www2/en/romania-visa-for-south-african-citizens.html,4,379,7.8,"Historique GSC : 4 clics, 379 impressions",KEEP
/en/romania-visa-processing-time,en,www2/en/romania-visa-processing-time.html,28,2653,6.71,"Historique GSC : 28 clics, 2653 impressions",KEEP
/en/romania-visa-requirements,en,www2/en/romania-visa-requirements.html,2,713,14.58,"Historique GSC : 2 clics, 713 impressions",KEEP
/en/singapore-visa-extension,en,www2/en/singapore-visa-extension.html,16,3576,13.06,"Historique GSC : 16 clics, 3576 impressions",KEEP
/en/singapore-visa-for-argentinian-citizens,en,www2/en/singapore-visa-for-argentinian-citizens.html,8,422,5.62,"Historique GSC : 8 clics, 422 impressions",KEEP
/en/singapore-visa-for-australian-citizens,en,www2/en/singapore-visa-for-australian-citizens.html,2,546,26.94,"Historique GSC : 2 clics, 546 impressions",KEEP
/en/singapore-visa-for-brazilian-citizens,en,www2/en/singapore-visa-for-brazilian-citizens.html,10,1897,6.6,"Historique GSC : 10 clics, 1897 impressions",KEEP
/en/singapore-visa-for-french-citizens,en,www2/en/singapore-visa-for-french-citizens.html,3,343,6.43,"Historique GSC : 3 clics, 343 impressions",KEEP
/en/singapore-visa-for-german-citizens,en,www2/en/singapore-visa-for-german-citizens.html,1,1232,7.81,"Historique GSC : 1 clics, 1232 impressions",KEEP
/en/singapore-visa-for-indonesian-citizens,en,www2/en/singapore-visa-for-indonesian-citizens.html,8,782,10.34,"Historique GSC : 8 clics, 782 impressions",KEEP
/en/singapore-visa-for-nigerian-citizens,en,www2/en/singapore-visa-for-nigerian-citizens.html,8,686,9.17,"Historique GSC : 8 clics, 686 impressions",KEEP
/en/singapore-visa-for-russian-citizens,en,www2/en/singapore-visa-for-russian-citizens.html,11,1945,8.14,"Historique GSC : 11 clics, 1945 impressions",KEEP
/en/singapore-visa-for-turkish-citizens,en,www2/en/singapore-visa-for-turkish-citizens.html,4,866,6.67,"Historique GSC : 4 clics, 866 impressions",KEEP
/en/spain-visa-fees,en,www2/en/spain-visa-fees.html,2,611,13.65,"Historique GSC : 2 clics, 611 impressions",KEEP
/en/spain-visa-for-nigerian-citizens,en,www2/en/spain-visa-for-nigerian-citizens.html,2,723,10.44,"Historique GSC : 2 clics, 723 impressions",KEEP
/en/spain-visa-for-russian-citizens,en,www2/en/spain-visa-for-russian-citizens.html,2,1706,7.76,"Historique GSC : 2 clics, 1706 impressions",KEEP
/en/spain-visa-requirements,en,www2/en/spain-visa-requirements.html,2,4053,19.24,"Historique GSC : 2 clics, 4053 impressions",KEEP
/en/sri-lanka-visa-extension,en,www2/en/sri-lanka-visa-extension.html,39,2594,8.66,"Historique GSC : 39 clics, 2594 impressions",KEEP
/en/sri-lanka-visa-for-brazilian-citizens,en,www2/en/sri-lanka-visa-for-brazilian-citizens.html,2,69,6.1,"Historique GSC : 2 clics, 69 impressions",KEEP
/en/sri-lanka-visa-for-canadian-citizens,en,www2/en/sri-lanka-visa-for-canadian-citizens.html,5,875,11.93,"Historique GSC : 5 clics, 875 impressions",KEEP
/en/sri-lanka-visa-for-french-citizens,en,www2/en/sri-lanka-visa-for-french-citizens.html,2,505,8.55,"Historique GSC : 2 clics, 505 impressions",KEEP
/en/sri-lanka-visa-for-german-citizens,en,www2/en/sri-lanka-visa-for-german-citizens.html,3,2068,11.26,"Historique GSC : 3 clics, 2068 impressions",KEEP
/en/sri-lanka-visa-for-indonesian-citizens,en,www2/en/sri-lanka-visa-for-indonesian-citizens.html,14,1327,8.71,"Historique GSC : 14 clics, 1327 impressions",KEEP
/en/sri-lanka-visa-for-japanese-citizens,en,www2/en/sri-lanka-visa-for-japanese-citizens.html,2,1156,8.3,"Historique GSC : 2 clics, 1156 impressions",KEEP
/en/sri-lanka-visa-for-nigerian-citizens,en,www2/en/sri-lanka-visa-for-nigerian-citizens.html,7,341,6.12,"Historique GSC : 7 clics, 341 impressions",KEEP
/en/sri-lanka-visa-for-singaporean-citizens,en,www2/en/sri-lanka-visa-for-singaporean-citizens.html,6,245,12.0,"Historique GSC : 6 clics, 245 impressions",KEEP
/en/sweden-visa-for-nigerian-citizens,en,www2/en/sweden-visa-for-nigerian-citizens.html,7,685,8.97,"Historique GSC : 7 clics, 685 impressions",KEEP
/en/sweden-visa-processing-time,en,www2/en/sweden-visa-processing-time.html,3,277,8.39,"Historique GSC : 3 clics, 277 impressions",KEEP
/en/switzerland-visa-extension,en,www2/en/switzerland-visa-extension.html,10,605,8.56,"Historique GSC : 10 clics, 605 impressions",KEEP
/en/switzerland-visa-for-chinese-citizens,en,www2/en/switzerland-visa-for-chinese-citizens.html,9,2284,7.9,"Historique GSC : 9 clics, 2284 impressions",KEEP
/en/switzerland-visa-for-korean-citizens,en,www2/en/switzerland-visa-for-korean-citizens.html,2,661,7.75,"Historique GSC : 2 clics, 661 impressions",KEEP
/en/switzerland-visa-for-russian-citizens,en,www2/en/switzerland-visa-for-russian-citizens.html,11,2038,8.08,"Historique GSC : 11 clics, 2038 impressions",KEEP
/en/switzerland-visa-for-singaporean-citizens,en,www2/en/switzerland-visa-for-singaporean-citizens.html,4,283,11.03,"Historique GSC : 4 clics, 283 impressions",KEEP
/en/taipei-visa-requirements,en,www2/en/taipei-visa-requirements.html,2,6587,12.44,"Historique GSC : 2 clics, 6587 impressions",KEEP
/en/taiwan-visa-extension,en,www2/en/taiwan-visa-extension.html,5,297,6.45,"Historique GSC : 5 clics, 297 impressions",KEEP
/en/taiwan-visa-fees,en,www2/en/taiwan-visa-fees.html,2,365,10.4,"Historique GSC : 2 clics, 365 impressions",KEEP
/en/taiwan-visa-for-argentinian-citizens,en,www2/en/taiwan-visa-for-argentinian-citizens.html,7,260,7.37,"Historique GSC : 7 clics, 260 impressions",KEEP
/en/taiwan-visa-for-brazilian-citizens,en,www2/en/taiwan-visa-for-brazilian-citizens.html,1,647,8.08,"Historique GSC : 1 clics, 647 impressions",KEEP
/en/taiwan-visa-for-mexican-citizens,en,www2/en/taiwan-visa-for-mexican-citizens.html,10,467,8.21,"Historique GSC : 10 clics, 467 impressions",KEEP
/en/taiwan-visa-for-nigerian-citizens,en,www2/en/taiwan-visa-for-nigerian-citizens.html,23,915,7.28,"Historique GSC : 23 clics, 915 impressions",KEEP
/en/taiwan-visa-for-russian-citizens,en,www2/en/taiwan-visa-for-russian-citizens.html,4,1842,6.77,"Historique GSC : 4 clics, 1842 impressions",KEEP
/en/taiwan-visa-for-singaporean-citizens,en,www2/en/taiwan-visa-for-singaporean-citizens.html,11,1918,10.95,"Historique GSC : 11 clics, 1918 impressions",KEEP
/en/taiwan-visa-for-south-african-citizens,en,www2/en/taiwan-visa-for-south-african-citizens.html,29,1851,7.47,"Historique GSC : 29 clics, 1851 impressions",KEEP
/en/taiwan-visa-requirements,en,www2/en/taiwan-visa-requirements.html,2,799,37.42,"Historique GSC : 2 clics, 799 impressions",KEEP
/en/terms-of-use,en,www2/en/terms-of-use.html,0,0,0,Page utilitaire a conserver en noindex,KEEP_NOINDEX
/en/thailand-visa-processing-time,en,www2/en/thailand-visa-processing-time.html,2,483,9.23,"Historique GSC : 2 clics, 483 impressions",KEEP
/en/turkey-visa-extension,en,www2/en/turkey-visa-extension.html,5,610,8.68,"Historique GSC : 5 clics, 610 impressions",KEEP
/en/turkey-visa-for-nigerian-citizens,en,www2/en/turkey-visa-for-nigerian-citizens.html,4,1361,10.8,"Historique GSC : 4 clics, 1361 impressions",KEEP
/en/turkey-visa-for-us-citizens,en,www2/en/turkey-visa-for-us-citizens.html,9,4556,17.54,"Historique GSC : 9 clics, 4556 impressions",KEEP
/en/united-kingdom-visa-for-new-zealand-citizens,en,www2/en/united-kingdom-visa-for-new-zealand-citizens.html,1,710,30.88,"Historique GSC : 1 clics, 710 impressions",KEEP
/en/united-kingdom-visa-processing-time,en,www2/en/united-kingdom-visa-processing-time.html,2,67,12.54,"Historique GSC : 2 clics, 67 impressions",KEEP
/en/usa-visa-for-chinese-citizens,en,www2/en/usa-visa-for-chinese-citizens.html,3,1258,9.09,"Historique GSC : 3 clics, 1258 impressions",KEEP
/en/usa-visa-for-indonesian-citizens,en,www2/en/usa-visa-for-indonesian-citizens.html,3,193,8.56,"Historique GSC : 3 clics, 193 impressions",KEEP
/en/usa-visa-for-turkish-citizens,en,www2/en/usa-visa-for-turkish-citizens.html,5,2564,8.19,"Historique GSC : 5 clics, 2564 impressions",KEEP
/en/visa-andorra,en,www2/en/visa-andorra.html,0,0,0,Hub destination ou guide expat : socle du corpus,KEEP
/en/visa-angola,en,www2/en/visa-angola.html,0,0,0,Hub destination ou guide expat : socle du corpus,KEEP
/en/visa-argentina,en,www2/en/visa-argentina.html,18,10697,12.8,"Historique GSC : 18 clics, 10697 impressions",KEEP
/en/visa-australia,en,www2/en/visa-australia.html,3,560,31.66,"Historique GSC : 3 clics, 560 impressions",KEEP
/en/visa-austria,en,www2/en/visa-austria.html,2,1293,19.93,"Historique GSC : 2 clics, 1293 impressions",KEEP
/en/visa-bahamas,en,www2/en/visa-bahamas.html,0,0,0,Hub destination ou guide expat : socle du corpus,KEEP
/en/visa-bahrain,en,www2/en/visa-bahrain.html,0,0,0,Hub destination ou guide expat : socle du corpus,KEEP
/en/visa-belgium,en,www2/en/visa-belgium.html,9,4455,18.91,"Historique GSC : 9 clics, 4455 impressions",KEEP
/en/visa-belize,en,www2/en/visa-belize.html,0,0,0,Hub destination ou guide expat : socle du corpus,KEEP
/en/visa-bermuda,en,www2/en/visa-bermuda.html,0,0,0,Hub destination ou guide expat : socle du corpus,KEEP
/en/visa-bhutan,en,www2/en/visa-bhutan.html,2,1358,21.92,"Historique GSC : 2 clics, 1358 impressions",KEEP
/en/visa-brazil,en,www2/en/visa-brazil.html,7,1509,23.09,"Historique GSC : 7 clics, 1509 impressions",KEEP
/en/visa-brunei,en,www2/en/visa-brunei.html,14,1366,10.52,"Historique GSC : 14 clics, 1366 impressions",KEEP
/en/visa-bulgaria,en,www2/en/visa-bulgaria.html,0,0,0,Hub destination ou guide expat : socle du corpus,KEEP
/en/visa-cambodia,en,www2/en/visa-cambodia.html,7,1114,21.04,"Historique GSC : 7 clics, 1114 impressions",KEEP
/en/visa-canada,en,www2/en/visa-canada.html,0,0,0,Hub destination ou guide expat : socle du corpus,KEEP
/en/visa-cape-verde,en,www2/en/visa-cape-verde.html,28,3835,11.27,"Historique GSC : 28 clics, 3835 impressions",KEEP
/en/visa-chile,en,www2/en/visa-chile.html,0,0,0,Hub destination ou guide expat : socle du corpus,KEEP
/en/visa-china,en,www2/en/visa-china.html,2,893,18.92,"Historique GSC : 2 clics, 893 impressions",KEEP
/en/visa-colombia,en,www2/en/visa-colombia.html,8,2077,22.76,"Historique GSC : 8 clics, 2077 impressions",KEEP
/en/visa-cook-islands,en,www2/en/visa-cook-islands.html,4,760,12.28,"Historique GSC : 4 clics, 760 impressions",KEEP
/en/visa-costa-rica,en,www2/en/visa-costa-rica.html,9,4164,19.67,"Historique GSC : 9 clics, 4164 impressions",KEEP
/en/visa-croatia,en,www2/en/visa-croatia.html,3,1905,13.37,"Historique GSC : 3 clics, 1905 impressions",KEEP
/en/visa-cyprus,en,www2/en/visa-cyprus.html,0,0,0,Hub destination ou guide expat : socle du corpus,KEEP
/en/visa-czech-republic,en,www2/en/visa-czech-republic.html,1,1276,16.01,"Historique GSC : 1 clics, 1276 impressions",KEEP
/en/visa-denmark,en,www2/en/visa-denmark.html,5,1477,18.88,"Historique GSC : 5 clics, 1477 impressions",KEEP
/en/visa-documents-checklist,en,www2/en/visa-documents-checklist.html,0,0,0,Hub destination ou guide expat : socle du corpus,KEEP
/en/visa-ecuador,en,www2/en/visa-ecuador.html,0,0,0,Hub destination ou guide expat : socle du corpus,KEEP
/en/visa-egypt,en,www2/en/visa-egypt.html,0,0,0,Hub destination ou guide expat : socle du corpus,KEEP
/en/visa-fiji,en,www2/en/visa-fiji.html,0,0,0,Hub destination ou guide expat : socle du corpus,KEEP
/en/visa-finland,en,www2/en/visa-finland.html,0,0,0,Hub destination ou guide expat : socle du corpus,KEEP
/en/visa-france,en,www2/en/visa-france.html,4,3537,10.85,"Historique GSC : 4 clics, 3537 impressions",KEEP
/en/visa-free-countries-australia-passport,en,www2/en/visa-free-countries-australia-passport.html,5,785,11.5,"Historique GSC : 5 clics, 785 impressions",KEEP
/en/visa-free-countries-brazil-passport,en,www2/en/visa-free-countries-brazil-passport.html,0,0,0,Hub destination ou guide expat : socle du corpus,KEEP
/en/visa-free-countries-canada-passport,en,www2/en/visa-free-countries-canada-passport.html,0,0,0,Hub destination ou guide expat : socle du corpus,KEEP
/en/visa-free-countries-china-passport,en,www2/en/visa-free-countries-china-passport.html,6,1871,17.66,"Historique GSC : 6 clics, 1871 impressions",KEEP
/en/visa-free-countries-eu-passport,en,www2/en/visa-free-countries-eu-passport.html,4,560,9.2,"Historique GSC : 4 clics, 560 impressions",KEEP
/en/visa-free-countries-india-passport,en,www2/en/visa-free-countries-india-passport.html,0,0,0,Hub destination ou guide expat : socle du corpus,KEEP
/en/visa-free-countries-japan-passport,en,www2/en/visa-free-countries-japan-passport.html,1,1328,11.38,"Historique GSC : 1 clics, 1328 impressions",KEEP
/en/visa-free-countries-uae-passport,en,www2/en/visa-free-countries-uae-passport.html,1,2518,8.84,"Historique GSC : 1 clics, 2518 impressions",KEEP
/en/visa-free-countries-uk-passport,en,www2/en/visa-free-countries-uk-passport.html,1,673,13.6,"Historique GSC : 1 clics, 673 impressions",KEEP
/en/visa-free-countries-us-passport,en,www2/en/visa-free-countries-us-passport.html,2,211,12.03,"Historique GSC : 2 clics, 211 impressions",KEEP
/en/visa-georgia,en,www2/en/visa-georgia.html,3,730,30.77,"Historique GSC : 3 clics, 730 impressions",KEEP
/en/visa-germany,en,www2/en/visa-germany.html,0,0,0,Hub destination ou guide expat : socle du corpus,KEEP
/en/visa-greece,en,www2/en/visa-greece.html,15,8600,11.18,"Historique GSC : 15 clics, 8600 impressions",KEEP
/en/visa-guatemala,en,www2/en/visa-guatemala.html,0,0,0,Hub destination ou guide expat : socle du corpus,KEEP
/en/visa-hong-kong,en,www2/en/visa-hong-kong.html,0,0,0,Hub destination ou guide expat : socle du corpus,KEEP
/en/visa-hungary,en,www2/en/visa-hungary.html,8,2013,13.63,"Historique GSC : 8 clics, 2013 impressions",KEEP
/en/visa-iceland,en,www2/en/visa-iceland.html,2,1231,29.51,"Historique GSC : 2 clics, 1231 impressions",KEEP
/en/visa-india,en,www2/en/visa-india.html,7,668,12.26,"Historique GSC : 7 clics, 668 impressions",KEEP
/en/visa-indonesia,en,www2/en/visa-indonesia.html,3,11685,14.44,"Historique GSC : 3 clics, 11685 impressions",KEEP
/en/visa-iran,en,www2/en/visa-iran.html,0,0,0,Hub destination ou guide expat : socle du corpus,KEEP
/en/visa-iraq,en,www2/en/visa-iraq.html,6,3679,15.32,"Historique GSC : 6 clics, 3679 impressions",KEEP
/en/visa-ireland,en,www2/en/visa-ireland.html,5,1540,23.36,"Historique GSC : 5 clics, 1540 impressions",KEEP
/en/visa-israel,en,www2/en/visa-israel.html,0,0,0,Hub destination ou guide expat : socle du corpus,KEEP
/en/visa-italy,en,www2/en/visa-italy.html,5,1324,13.27,"Historique GSC : 5 clics, 1324 impressions",KEEP
/en/visa-japan,en,www2/en/visa-japan.html,6,2264,15.09,"Historique GSC : 6 clics, 2264 impressions",KEEP
/en/visa-jordan,en,www2/en/visa-jordan.html,42,7659,12.85,"Historique GSC : 42 clics, 7659 impressions",KEEP
/en/visa-kuwait,en,www2/en/visa-kuwait.html,0,0,0,Hub destination ou guide expat : socle du corpus,KEEP
/en/visa-laos,en,www2/en/visa-laos.html,2,951,58.36,"Historique GSC : 2 clics, 951 impressions",KEEP
/en/visa-liechtenstein,en,www2/en/visa-liechtenstein.html,0,0,0,Hub destination ou guide expat : socle du corpus,KEEP
/en/visa-luxembourg,en,www2/en/visa-luxembourg.html,1,725,54.46,"Historique GSC : 1 clics, 725 impressions",KEEP
/en/visa-macau,en,www2/en/visa-macau.html,0,0,0,Hub destination ou guide expat : socle du corpus,KEEP
/en/visa-malaysia,en,www2/en/visa-malaysia.html,5,914,15.26,"Historique GSC : 5 clics, 914 impressions",KEEP
/en/visa-maldives,en,www2/en/visa-maldives.html,2,1267,12.64,"Historique GSC : 2 clics, 1267 impressions",KEEP
/en/visa-mexico,en,www2/en/visa-mexico.html,34,8633,15.46,"Historique GSC : 34 clics, 8633 impressions",KEEP
/en/visa-moldova,en,www2/en/visa-moldova.html,0,0,0,Hub destination ou guide expat : socle du corpus,KEEP
/en/visa-myanmar,en,www2/en/visa-myanmar.html,0,0,0,Hub destination ou guide expat : socle du corpus,KEEP
/en/visa-nepal,en,www2/en/visa-nepal.html,1,1192,19.64,"Historique GSC : 1 clics, 1192 impressions",KEEP
/en/visa-netherlands,en,www2/en/visa-netherlands.html,1,1106,21.38,"Historique GSC : 1 clics, 1106 impressions",KEEP
/en/visa-new-zealand,en,www2/en/visa-new-zealand.html,1,845,47.97,"Historique GSC : 1 clics, 845 impressions",KEEP
/en/visa-nicaragua,en,www2/en/visa-nicaragua.html,3,177,20.74,"Historique GSC : 3 clics, 177 impressions",KEEP
/en/visa-norway,en,www2/en/visa-norway.html,5,1868,16.76,"Historique GSC : 5 clics, 1868 impressions",KEEP
/en/visa-oman,en,www2/en/visa-oman.html,0,0,0,Hub destination ou guide expat : socle du corpus,KEEP
/en/visa-panama,en,www2/en/visa-panama.html,0,0,0,Hub destination ou guide expat : socle du corpus,KEEP
/en/visa-peru,en,www2/en/visa-peru.html,1,2316,17.97,"Historique GSC : 1 clics, 2316 impressions",KEEP
/en/visa-philippines,en,www2/en/visa-philippines.html,12,1985,27.03,"Historique GSC : 12 clics, 1985 impressions",KEEP
/en/visa-photo-requirements,en,www2/en/visa-photo-requirements.html,0,0,0,Hub destination ou guide expat : socle du corpus,KEEP
/en/visa-poland,en,www2/en/visa-poland.html,5,2643,16.82,"Historique GSC : 5 clics, 2643 impressions",KEEP
/en/visa-portugal,en,www2/en/visa-portugal.html,3,7132,14.05,"Historique GSC : 3 clics, 7132 impressions",KEEP
/en/visa-processing-times,en,www2/en/visa-processing-times.html,0,0,0,Hub destination ou guide expat : socle du corpus,KEEP
/en/visa-qatar,en,www2/en/visa-qatar.html,16,4796,34.83,"Historique GSC : 16 clics, 4796 impressions",KEEP
/en/visa-rejection-reasons,en,www2/en/visa-rejection-reasons.html,0,0,0,Hub destination ou guide expat : socle du corpus,KEEP
/en/visa-result,en,www2/en/visa-result.html,0,0,0,Hub destination ou guide expat : socle du corpus,KEEP
/en/visa-romania,en,www2/en/visa-romania.html,17,6728,11.26,"Historique GSC : 17 clics, 6728 impressions",KEEP
/en/visa-samoa,en,www2/en/visa-samoa.html,0,0,0,Hub destination ou guide expat : socle du corpus,KEEP
/en/visa-saudi-arabia,en,www2/en/visa-saudi-arabia.html,0,0,0,Hub destination ou guide expat : socle du corpus,KEEP
/en/visa-singapore,en,www2/en/visa-singapore.html,1,1935,50.13,"Historique GSC : 1 clics, 1935 impressions",KEEP
/en/visa-slovakia,en,www2/en/visa-slovakia.html,0,0,0,Hub destination ou guide expat : socle du corpus,KEEP
/en/visa-slovenia,en,www2/en/visa-slovenia.html,0,0,0,Hub destination ou guide expat : socle du corpus,KEEP
/en/visa-south-korea,en,www2/en/visa-south-korea.html,0,0,0,Hub destination ou guide expat : socle du corpus,KEEP
/en/visa-spain,en,www2/en/visa-spain.html,1,1127,36.39,"Historique GSC : 1 clics, 1127 impressions",KEEP
/en/visa-sri-lanka,en,www2/en/visa-sri-lanka.html,5,1923,18.4,"Historique GSC : 5 clics, 1923 impressions",KEEP
/en/visa-sweden,en,www2/en/visa-sweden.html,2,1506,20.17,"Historique GSC : 2 clics, 1506 impressions",KEEP
/en/visa-switzerland,en,www2/en/visa-switzerland.html,1,1052,17.91,"Historique GSC : 1 clics, 1052 impressions",KEEP
/en/visa-taiwan,en,www2/en/visa-taiwan.html,6,3428,14.91,"Historique GSC : 6 clics, 3428 impressions",KEEP
/en/visa-thailand,en,www2/en/visa-thailand.html,13,8329,11.86,"Historique GSC : 13 clics, 8329 impressions",KEEP
/en/visa-tonga,en,www2/en/visa-tonga.html,0,0,0,Hub destination ou guide expat : socle du corpus,KEEP
/en/visa-turkey,en,www2/en/visa-turkey.html,35,15455,11.24,"Historique GSC : 35 clics, 15455 impressions",KEEP
/en/visa-uae,en,www2/en/visa-uae.html,2,823,37.79,"Historique GSC : 2 clics, 823 impressions",KEEP
/en/visa-ukraine,en,www2/en/visa-ukraine.html,0,0,0,Hub destination ou guide expat : socle du corpus,KEEP
/en/visa-united-kingdom,en,www2/en/visa-united-kingdom.html,1,2492,13.29,"Historique GSC : 1 clics, 2492 impressions",KEEP
/en/visa-uruguay,en,www2/en/visa-uruguay.html,0,0,0,Hub destination ou guide expat : socle du corpus,KEEP
/en/visa-usa,en,www2/en/visa-usa.html,2,513,14.44,"Historique GSC : 2 clics, 513 impressions",KEEP
/en/visa-venezuela,en,www2/en/visa-venezuela.html,0,0,0,Hub destination ou guide expat : socle du corpus,KEEP
/en/visa-vietnam,en,www2/en/visa-vietnam.html,4,7385,9.86,"Historique GSC : 4 clics, 7385 impressions",KEEP
/es/australia-visa-processing-time,es,www2/es/australia-visa-processing-time.html,10,533,12.83,"Historique GSC : 10 clics, 533 impressions",KEEP
/es/austria-visa-processing-time,es,www2/es/austria-visa-processing-time.html,2,298,6.52,"Historique GSC : 2 clics, 298 impressions",KEEP
/es/aviso-legal,es,www2/es/aviso-legal.html,0,0,0,Page utilitaire a conserver en noindex,KEEP_NOINDEX
/es/brazil-visa-fees,es,www2/es/brazil-visa-fees.html,4,280,7.92,"Historique GSC : 4 clics, 280 impressions",KEEP
/es/brazil-visa-for-philippine-citizens,es,www2/es/brazil-visa-for-philippine-citizens.html,2,34,13.21,"Historique GSC : 2 clics, 34 impressions",KEEP
/es/canada-visa-for-chinese-citizens,es,www2/es/canada-visa-for-chinese-citizens.html,8,66,6.08,"Historique GSC : 8 clics, 66 impressions",KEEP
/es/canada-visa-for-russian-citizens,es,www2/es/canada-visa-for-russian-citizens.html,2,123,7.09,"Historique GSC : 2 clics, 123 impressions",KEEP
/es/china-visa-for-philippine-citizens,es,www2/es/china-visa-for-philippine-citizens.html,4,60,8.62,"Historique GSC : 4 clics, 60 impressions",KEEP
/es/china-visa-for-turkish-citizens,es,www2/es/china-visa-for-turkish-citizens.html,2,27,6.81,"Historique GSC : 2 clics, 27 impressions",KEEP
/es/china-visa-processing-time,es,www2/es/china-visa-processing-time.html,1,2154,4.08,"Historique GSC : 1 clics, 2154 impressions",KEEP
/es/costa-rica-visa-extension,es,www2/es/costa-rica-visa-extension.html,5,177,7.5,"Historique GSC : 5 clics, 177 impressions",KEEP
/es/costa-rica-visa-for-russian-citizens,es,www2/es/costa-rica-visa-for-russian-citizens.html,4,99,12.4,"Historique GSC : 4 clics, 99 impressions",KEEP
/es/czech-republic-visa-processing-time,es,www2/es/czech-republic-visa-processing-time.html,2,100,14.75,"Historique GSC : 2 clics, 100 impressions",KEEP
/es/expat-guide-argentina,es,www2/es/expat-guide-argentina.html,0,0,0,Hub destination ou guide expat : socle du corpus,KEEP
/es/expat-guide-brazil,es,www2/es/expat-guide-brazil.html,0,0,0,Hub destination ou guide expat : socle du corpus,KEEP
/es/expat-guide-cambodia,es,www2/es/expat-guide-cambodia.html,0,0,0,Hub destination ou guide expat : socle du corpus,KEEP
/es/expat-guide-colombia,es,www2/es/expat-guide-colombia.html,0,0,0,Hub destination ou guide expat : socle du corpus,KEEP
/es/expat-guide-costa-rica,es,www2/es/expat-guide-costa-rica.html,0,0,0,Hub destination ou guide expat : socle du corpus,KEEP
/es/expat-guide-croatia,es,www2/es/expat-guide-croatia.html,0,0,0,Hub destination ou guide expat : socle du corpus,KEEP
/es/expat-guide-cyprus,es,www2/es/expat-guide-cyprus.html,0,0,0,Hub destination ou guide expat : socle du corpus,KEEP
/es/expat-guide-ecuador,es,www2/es/expat-guide-ecuador.html,0,0,0,Hub destination ou guide expat : socle du corpus,KEEP
/es/expat-guide-estonia,es,www2/es/expat-guide-estonia.html,0,0,0,Hub destination ou guide expat : socle du corpus,KEEP
/es/expat-guide-france,es,www2/es/expat-guide-france.html,0,0,0,Hub destination ou guide expat : socle du corpus,KEEP
/es/expat-guide-georgia,es,www2/es/expat-guide-georgia.html,0,0,0,Hub destination ou guide expat : socle du corpus,KEEP
/es/expat-guide-germany,es,www2/es/expat-guide-germany.html,0,0,0,Hub destination ou guide expat : socle du corpus,KEEP
/es/expat-guide-greece,es,www2/es/expat-guide-greece.html,0,0,0,Hub destination ou guide expat : socle du corpus,KEEP
/es/expat-guide-indonesia,es,www2/es/expat-guide-indonesia.html,0,0,0,Hub destination ou guide expat : socle du corpus,KEEP
/es/expat-guide-italy,es,www2/es/expat-guide-italy.html,0,0,0,Hub destination ou guide expat : socle du corpus,KEEP
/es/expat-guide-japan,es,www2/es/expat-guide-japan.html,0,0,0,Hub destination ou guide expat : socle du corpus,KEEP
/es/expat-guide-laos,es,www2/es/expat-guide-laos.html,0,0,0,Hub destination ou guide expat : socle du corpus,KEEP
/es/expat-guide-malaysia,es,www2/es/expat-guide-malaysia.html,0,0,0,Hub destination ou guide expat : socle du corpus,KEEP
/es/expat-guide-malta,es,www2/es/expat-guide-malta.html,0,0,0,Hub destination ou guide expat : socle du corpus,KEEP
/es/expat-guide-mauritius,es,www2/es/expat-guide-mauritius.html,0,0,0,Hub destination ou guide expat : socle du corpus,KEEP
/es/expat-guide-mexico,es,www2/es/expat-guide-mexico.html,0,0,0,Hub destination ou guide expat : socle du corpus,KEEP
/es/expat-guide-panama,es,www2/es/expat-guide-panama.html,0,0,0,Hub destination ou guide expat : socle du corpus,KEEP
/es/expat-guide-paraguay,es,www2/es/expat-guide-paraguay.html,0,0,0,Hub destination ou guide expat : socle du corpus,KEEP
/es/expat-guide-philippines,es,www2/es/expat-guide-philippines.html,0,0,0,Hub destination ou guide expat : socle du corpus,KEEP
/es/expat-guide-portugal,es,www2/es/expat-guide-portugal.html,0,0,0,Hub destination ou guide expat : socle du corpus,KEEP
/es/expat-guide-singapore,es,www2/es/expat-guide-singapore.html,0,0,0,Hub destination ou guide expat : socle du corpus,KEEP
/es/expat-guide-south-korea,es,www2/es/expat-guide-south-korea.html,0,0,0,Hub destination ou guide expat : socle du corpus,KEEP
/es/expat-guide-spain,es,www2/es/expat-guide-spain.html,0,0,0,Hub destination ou guide expat : socle du corpus,KEEP
/es/expat-guide-taiwan,es,www2/es/expat-guide-taiwan.html,0,0,0,Hub destination ou guide expat : socle du corpus,KEEP
/es/expat-guide-thailand,es,www2/es/expat-guide-thailand.html,0,0,0,Hub destination ou guide expat : socle du corpus,KEEP
/es/expat-guide-uae,es,www2/es/expat-guide-uae.html,0,0,0,Hub destination ou guide expat : socle du corpus,KEEP
/es/expat-guide-vietnam,es,www2/es/expat-guide-vietnam.html,0,0,0,Hub destination ou guide expat : socle du corpus,KEEP
/es/france-visa-processing-time,es,www2/es/france-visa-processing-time.html,4,359,8.61,"Historique GSC : 4 clics, 359 impressions",KEEP
/es/germany-visa-processing-time,es,www2/es/germany-visa-processing-time.html,2,106,9.49,"Historique GSC : 2 clics, 106 impressions",KEEP
/es/hong-kong-visa-fees,es,www2/es/hong-kong-visa-fees.html,4,1044,11.73,"Historique GSC : 4 clics, 1044 impressions",KEEP
/es/ireland-visa-processing-time,es,www2/es/ireland-visa-processing-time.html,6,220,9.78,"Historique GSC : 6 clics, 220 impressions",KEEP
/es/italy-visa-for-canadian-citizens,es,www2/es/italy-visa-for-canadian-citizens.html,2,72,6.81,"Historique GSC : 2 clics, 72 impressions",KEEP
/es/japan-visa-for-chinese-citizens,es,www2/es/japan-visa-for-chinese-citizens.html,2,145,8.06,"Historique GSC : 2 clics, 145 impressions",KEEP
/es/japan-visa-for-russian-citizens,es,www2/es/japan-visa-for-russian-citizens.html,3,50,5.24,"Historique GSC : 3 clics, 50 impressions",KEEP
/es/mexico-visa-extension,es,www2/es/mexico-visa-extension.html,2,38,8.05,"Historique GSC : 2 clics, 38 impressions",KEEP
/es/mexico-visa-for-chinese-citizens,es,www2/es/mexico-visa-for-chinese-citizens.html,2,126,10.16,"Historique GSC : 2 clics, 126 impressions",KEEP
/es/nepal-visa-processing-time,es,www2/es/nepal-visa-processing-time.html,2,117,10.38,"Historique GSC : 2 clics, 117 impressions",KEEP
/es/poland-visa-fees,es,www2/es/poland-visa-fees.html,2,467,9.23,"Historique GSC : 2 clics, 467 impressions",KEEP
/es/poland-visa-for-mexican-citizens,es,www2/es/poland-visa-for-mexican-citizens.html,2,205,14.26,"Historique GSC : 2 clics, 205 impressions",KEEP
/es/romania-visa-for-mexican-citizens,es,www2/es/romania-visa-for-mexican-citizens.html,2,624,21.94,"Historique GSC : 2 clics, 624 impressions",KEEP
/es/schengen-visa-for-russian-citizens,es,www2/es/schengen-visa-for-russian-citizens.html,1,705,7.48,"Historique GSC : 1 clics, 705 impressions",KEEP
/es/singapore-visa-fees,es,www2/es/singapore-visa-fees.html,5,576,12.84,"Historique GSC : 5 clics, 576 impressions",KEEP
/es/spain-visa-for-brazilian-citizens,es,www2/es/spain-visa-for-brazilian-citizens.html,3,472,9.58,"Historique GSC : 3 clics, 472 impressions",KEEP
/es/spain-visa-for-canadian-citizens,es,www2/es/spain-visa-for-canadian-citizens.html,4,512,28.08,"Historique GSC : 4 clics, 512 impressions",KEEP
/es/spain-visa-for-korean-citizens,es,www2/es/spain-visa-for-korean-citizens.html,6,107,5.2,"Historique GSC : 6 clics, 107 impressions",KEEP
/es/spain-visa-for-south-african-citizens,es,www2/es/spain-visa-for-south-african-citizens.html,2,42,9.38,"Historique GSC : 2 clics, 42 impressions",KEEP
/es/taiwan-visa-extension,es,www2/es/taiwan-visa-extension.html,2,38,11.74,"Historique GSC : 2 clics, 38 impressions",KEEP
/es/taiwan-visa-processing-time,es,www2/es/taiwan-visa-processing-time.html,2,182,6.19,"Historique GSC : 2 clics, 182 impressions",KEEP
/es/thailand-visa-for-german-citizens,es,www2/es/thailand-visa-for-german-citizens.html,2,37,4.38,"Historique GSC : 2 clics, 37 impressions",KEEP
/es/thailand-visa-processing-time,es,www2/es/thailand-visa-processing-time.html,4,190,6.23,"Historique GSC : 4 clics, 190 impressions",KEEP
/es/united-kingdom-visa-for-chinese-citizens,es,www2/es/united-kingdom-visa-for-chinese-citizens.html,3,92,6.46,"Historique GSC : 3 clics, 92 impressions",KEEP
/es/united-kingdom-visa-for-russian-citizens,es,www2/es/united-kingdom-visa-for-russian-citizens.html,2,93,15.11,"Historique GSC : 2 clics, 93 impressions",KEEP
/es/visa-andorra,es,www2/es/visa-andorra.html,0,0,0,Hub destination ou guide expat : socle du corpus,KEEP
/es/visa-angola,es,www2/es/visa-angola.html,0,0,0,Hub destination ou guide expat : socle du corpus,KEEP
/es/visa-argentina,es,www2/es/visa-argentina.html,0,0,0,Hub destination ou guide expat : socle du corpus,KEEP
/es/visa-australia,es,www2/es/visa-australia.html,0,0,0,Hub destination ou guide expat : socle du corpus,KEEP
/es/visa-austria,es,www2/es/visa-austria.html,0,0,0,Hub destination ou guide expat : socle du corpus,KEEP
/es/visa-bahamas,es,www2/es/visa-bahamas.html,0,0,0,Hub destination ou guide expat : socle du corpus,KEEP
/es/visa-bahrain,es,www2/es/visa-bahrain.html,0,0,0,Hub destination ou guide expat : socle du corpus,KEEP
/es/visa-belgium,es,www2/es/visa-belgium.html,0,0,0,Hub destination ou guide expat : socle du corpus,KEEP
/es/visa-belize,es,www2/es/visa-belize.html,0,0,0,Hub destination ou guide expat : socle du corpus,KEEP
/es/visa-bermuda,es,www2/es/visa-bermuda.html,0,0,0,Hub destination ou guide expat : socle du corpus,KEEP
/es/visa-bhutan,es,www2/es/visa-bhutan.html,0,0,0,Hub destination ou guide expat : socle du corpus,KEEP
/es/visa-brazil,es,www2/es/visa-brazil.html,4,896,11.18,"Historique GSC : 4 clics, 896 impressions",KEEP
/es/visa-brunei,es,www2/es/visa-brunei.html,0,0,0,Hub destination ou guide expat : socle du corpus,KEEP
/es/visa-bulgaria,es,www2/es/visa-bulgaria.html,0,0,0,Hub destination ou guide expat : socle du corpus,KEEP
/es/visa-cambodia,es,www2/es/visa-cambodia.html,3,788,17.77,"Historique GSC : 3 clics, 788 impressions",KEEP
/es/visa-canada,es,www2/es/visa-canada.html,0,0,0,Hub destination ou guide expat : socle du corpus,KEEP
/es/visa-cape-verde,es,www2/es/visa-cape-verde.html,5,245,6.95,"Historique GSC : 5 clics, 245 impressions",KEEP
/es/visa-chile,es,www2/es/visa-chile.html,0,0,0,Hub destination ou guide expat : socle du corpus,KEEP
/es/visa-china,es,www2/es/visa-china.html,3,205,15.6,"Historique GSC : 3 clics, 205 impressions",KEEP
/es/visa-colombia,es,www2/es/visa-colombia.html,0,0,0,Hub destination ou guide expat : socle du corpus,KEEP
/es/visa-cook-islands,es,www2/es/visa-cook-islands.html,0,0,0,Hub destination ou guide expat : socle du corpus,KEEP
/es/visa-costa-rica,es,www2/es/visa-costa-rica.html,0,0,0,Hub destination ou guide expat : socle du corpus,KEEP
/es/visa-croatia,es,www2/es/visa-croatia.html,0,0,0,Hub destination ou guide expat : socle du corpus,KEEP
/es/visa-cyprus,es,www2/es/visa-cyprus.html,0,0,0,Hub destination ou guide expat : socle du corpus,KEEP
/es/visa-czech-republic,es,www2/es/visa-czech-republic.html,2,357,12.28,"Historique GSC : 2 clics, 357 impressions",KEEP
/es/visa-denmark,es,www2/es/visa-denmark.html,0,0,0,Hub destination ou guide expat : socle du corpus,KEEP
/es/visa-documents-checklist,es,www2/es/visa-documents-checklist.html,0,0,0,Hub destination ou guide expat : socle du corpus,KEEP
/es/visa-ecuador,es,www2/es/visa-ecuador.html,0,0,0,Hub destination ou guide expat : socle du corpus,KEEP
/es/visa-egypt,es,www2/es/visa-egypt.html,0,0,0,Hub destination ou guide expat : socle du corpus,KEEP
/es/visa-fiji,es,www2/es/visa-fiji.html,0,0,0,Hub destination ou guide expat : socle du corpus,KEEP
/es/visa-finland,es,www2/es/visa-finland.html,0,0,0,Hub destination ou guide expat : socle du corpus,KEEP
/es/visa-france,es,www2/es/visa-france.html,0,0,0,Hub destination ou guide expat : socle du corpus,KEEP
/es/visa-free-countries-australia-passport,es,www2/es/visa-free-countries-australia-passport.html,0,0,0,Hub destination ou guide expat : socle du corpus,KEEP
/es/visa-free-countries-brazil-passport,es,www2/es/visa-free-countries-brazil-passport.html,0,0,0,Hub destination ou guide expat : socle du corpus,KEEP
/es/visa-free-countries-canada-passport,es,www2/es/visa-free-countries-canada-passport.html,0,0,0,Hub destination ou guide expat : socle du corpus,KEEP
/es/visa-free-countries-china-passport,es,www2/es/visa-free-countries-china-passport.html,0,0,0,Hub destination ou guide expat : socle du corpus,KEEP
/es/visa-free-countries-eu-passport,es,www2/es/visa-free-countries-eu-passport.html,0,0,0,Hub destination ou guide expat : socle du corpus,KEEP
/es/visa-free-countries-india-passport,es,www2/es/visa-free-countries-india-passport.html,0,0,0,Hub destination ou guide expat : socle du corpus,KEEP
/es/visa-free-countries-japan-passport,es,www2/es/visa-free-countries-japan-passport.html,0,0,0,Hub destination ou guide expat : socle du corpus,KEEP
/es/visa-free-countries-uae-passport,es,www2/es/visa-free-countries-uae-passport.html,0,0,0,Hub destination ou guide expat : socle du corpus,KEEP
/es/visa-free-countries-uk-passport,es,www2/es/visa-free-countries-uk-passport.html,4,369,30.74,"Historique GSC : 4 clics, 369 impressions",KEEP
/es/visa-free-countries-us-passport,es,www2/es/visa-free-countries-us-passport.html,2,11,10.18,"Historique GSC : 2 clics, 11 impressions",KEEP
/es/visa-georgia,es,www2/es/visa-georgia.html,0,0,0,Hub destination ou guide expat : socle du corpus,KEEP
/es/visa-germany,es,www2/es/visa-germany.html,0,0,0,Hub destination ou guide expat : socle du corpus,KEEP
/es/visa-greece,es,www2/es/visa-greece.html,3,238,10.48,"Historique GSC : 3 clics, 238 impressions",KEEP
/es/visa-guatemala,es,www2/es/visa-guatemala.html,0,0,0,Hub destination ou guide expat : socle du corpus,KEEP
/es/visa-hong-kong,es,www2/es/visa-hong-kong.html,0,0,0,Hub destination ou guide expat : socle du corpus,KEEP
/es/visa-hungary,es,www2/es/visa-hungary.html,0,0,0,Hub destination ou guide expat : socle du corpus,KEEP
/es/visa-iceland,es,www2/es/visa-iceland.html,0,0,0,Hub destination ou guide expat : socle du corpus,KEEP
/es/visa-india,es,www2/es/visa-india.html,0,0,0,Hub destination ou guide expat : socle du corpus,KEEP
/es/visa-indonesia,es,www2/es/visa-indonesia.html,0,0,0,Hub destination ou guide expat : socle du corpus,KEEP
/es/visa-iran,es,www2/es/visa-iran.html,0,0,0,Hub destination ou guide expat : socle du corpus,KEEP
/es/visa-iraq,es,www2/es/visa-iraq.html,0,0,0,Hub destination ou guide expat : socle du corpus,KEEP
/es/visa-ireland,es,www2/es/visa-ireland.html,2,327,32.42,"Historique GSC : 2 clics, 327 impressions",KEEP
/es/visa-israel,es,www2/es/visa-israel.html,0,0,0,Hub destination ou guide expat : socle du corpus,KEEP
/es/visa-italy,es,www2/es/visa-italy.html,0,0,0,Hub destination ou guide expat : socle du corpus,KEEP
/es/visa-japan,es,www2/es/visa-japan.html,0,0,0,Hub destination ou guide expat : socle du corpus,KEEP
/es/visa-jordan,es,www2/es/visa-jordan.html,0,0,0,Hub destination ou guide expat : socle du corpus,KEEP
/es/visa-kuwait,es,www2/es/visa-kuwait.html,0,0,0,Hub destination ou guide expat : socle du corpus,KEEP
/es/visa-laos,es,www2/es/visa-laos.html,0,0,0,Hub destination ou guide expat : socle du corpus,KEEP
/es/visa-liechtenstein,es,www2/es/visa-liechtenstein.html,0,0,0,Hub destination ou guide expat : socle du corpus,KEEP
/es/visa-luxembourg,es,www2/es/visa-luxembourg.html,0,0,0,Hub destination ou guide expat : socle du corpus,KEEP
/es/visa-macau,es,www2/es/visa-macau.html,0,0,0,Hub destination ou guide expat : socle du corpus,KEEP
/es/visa-malaysia,es,www2/es/visa-malaysia.html,0,0,0,Hub destination ou guide expat : socle du corpus,KEEP
/es/visa-maldives,es,www2/es/visa-maldives.html,0,0,0,Hub destination ou guide expat : socle du corpus,KEEP
/es/visa-mexico,es,www2/es/visa-mexico.html,2,576,18.73,"Historique GSC : 2 clics, 576 impressions",KEEP
/es/visa-moldova,es,www2/es/visa-moldova.html,0,0,0,Hub destination ou guide expat : socle du corpus,KEEP
/es/visa-myanmar,es,www2/es/visa-myanmar.html,0,0,0,Hub destination ou guide expat : socle du corpus,KEEP
/es/visa-nepal,es,www2/es/visa-nepal.html,0,0,0,Hub destination ou guide expat : socle du corpus,KEEP
/es/visa-netherlands,es,www2/es/visa-netherlands.html,0,0,0,Hub destination ou guide expat : socle du corpus,KEEP
/es/visa-new-zealand,es,www2/es/visa-new-zealand.html,0,0,0,Hub destination ou guide expat : socle du corpus,KEEP
/es/visa-nicaragua,es,www2/es/visa-nicaragua.html,0,0,0,Hub destination ou guide expat : socle du corpus,KEEP
/es/visa-norway,es,www2/es/visa-norway.html,3,506,12.78,"Historique GSC : 3 clics, 506 impressions",KEEP
/es/visa-oman,es,www2/es/visa-oman.html,0,0,0,Hub destination ou guide expat : socle du corpus,KEEP
/es/visa-panama,es,www2/es/visa-panama.html,0,0,0,Hub destination ou guide expat : socle du corpus,KEEP
/es/visa-peru,es,www2/es/visa-peru.html,0,0,0,Hub destination ou guide expat : socle du corpus,KEEP
/es/visa-philippines,es,www2/es/visa-philippines.html,2,591,28.83,"Historique GSC : 2 clics, 591 impressions",KEEP
/es/visa-photo-requirements,es,www2/es/visa-photo-requirements.html,0,0,0,Hub destination ou guide expat : socle du corpus,KEEP
/es/visa-poland,es,www2/es/visa-poland.html,4,664,15.68,"Historique GSC : 4 clics, 664 impressions",KEEP
/es/visa-portugal,es,www2/es/visa-portugal.html,0,0,0,Hub destination ou guide expat : socle du corpus,KEEP
/es/visa-processing-times,es,www2/es/visa-processing-times.html,0,0,0,Hub destination ou guide expat : socle du corpus,KEEP
/es/visa-qatar,es,www2/es/visa-qatar.html,0,0,0,Hub destination ou guide expat : socle du corpus,KEEP
/es/visa-rejection-reasons,es,www2/es/visa-rejection-reasons.html,0,0,0,Hub destination ou guide expat : socle du corpus,KEEP
/es/visa-result,es,www2/es/visa-result.html,0,0,0,Hub destination ou guide expat : socle du corpus,KEEP
/es/visa-romania,es,www2/es/visa-romania.html,0,0,0,Hub destination ou guide expat : socle du corpus,KEEP
/es/visa-samoa,es,www2/es/visa-samoa.html,0,0,0,Hub destination ou guide expat : socle du corpus,KEEP
/es/visa-saudi-arabia,es,www2/es/visa-saudi-arabia.html,0,0,0,Hub destination ou guide expat : socle du corpus,KEEP
/es/visa-singapore,es,www2/es/visa-singapore.html,0,0,0,Hub destination ou guide expat : socle du corpus,KEEP
/es/visa-slovakia,es,www2/es/visa-slovakia.html,0,0,0,Hub destination ou guide expat : socle du corpus,KEEP
/es/visa-slovenia,es,www2/es/visa-slovenia.html,0,0,0,Hub destination ou guide expat : socle du corpus,KEEP
/es/visa-south-korea,es,www2/es/visa-south-korea.html,0,0,0,Hub destination ou guide expat : socle du corpus,KEEP
/es/visa-spain,es,www2/es/visa-spain.html,1,960,23.05,"Historique GSC : 1 clics, 960 impressions",KEEP
/es/visa-sri-lanka,es,www2/es/visa-sri-lanka.html,0,0,0,Hub destination ou guide expat : socle du corpus,KEEP
/es/visa-sweden,es,www2/es/visa-sweden.html,0,0,0,Hub destination ou guide expat : socle du corpus,KEEP
/es/visa-switzerland,es,www2/es/visa-switzerland.html,2,826,14.53,"Historique GSC : 2 clics, 826 impressions",KEEP
/es/visa-taiwan,es,www2/es/visa-taiwan.html,0,0,0,Hub destination ou guide expat : socle du corpus,KEEP
/es/visa-thailand,es,www2/es/visa-thailand.html,0,0,0,Hub destination ou guide expat : socle du corpus,KEEP
/es/visa-tonga,es,www2/es/visa-tonga.html,0,0,0,Hub destination ou guide expat : socle du corpus,KEEP
/es/visa-turkey,es,www2/es/visa-turkey.html,0,0,0,Hub destination ou guide expat : socle du corpus,KEEP
/es/visa-uae,es,www2/es/visa-uae.html,0,0,0,Hub destination ou guide expat : socle du corpus,KEEP
/es/visa-ukraine,es,www2/es/visa-ukraine.html,0,0,0,Hub destination ou guide expat : socle du corpus,KEEP
/es/visa-united-kingdom,es,www2/es/visa-united-kingdom.html,0,0,0,Hub destination ou guide expat : socle du corpus,KEEP
/es/visa-uruguay,es,www2/es/visa-uruguay.html,0,0,0,Hub destination ou guide expat : socle du corpus,KEEP
/es/visa-usa,es,www2/es/visa-usa.html,0,0,0,Hub destination ou guide expat : socle du corpus,KEEP
/es/visa-venezuela,es,www2/es/visa-venezuela.html,0,0,0,Hub destination ou guide expat : socle du corpus,KEEP
/es/visa-vietnam,es,www2/es/visa-vietnam.html,0,0,0,Hub destination ou guide expat : socle du corpus,KEEP
/fr/australia-visa-for-russian-citizens,fr,www2/fr/australia-visa-for-russian-citizens.html,4,38,4.16,"Historique GSC : 4 clics, 38 impressions",KEEP
/fr/belgium-visa-for-russian-citizens,fr,www2/fr/belgium-visa-for-russian-citizens.html,3,52,12.0,"Historique GSC : 3 clics, 52 impressions",KEEP
/fr/brazil-visa-fees,fr,www2/fr/brazil-visa-fees.html,2,190,8.07,"Historique GSC : 2 clics, 190 impressions",KEEP
/fr/brazil-visa-for-indian-citizens,fr,www2/fr/brazil-visa-for-indian-citizens.html,2,7,4.29,"Historique GSC : 2 clics, 7 impressions",KEEP
/fr/brazil-visa-for-mexican-citizens,fr,www2/fr/brazil-visa-for-mexican-citizens.html,2,21,6.52,"Historique GSC : 2 clics, 21 impressions",KEEP
/fr/brazil-visa-for-nigerian-citizens,fr,www2/fr/brazil-visa-for-nigerian-citizens.html,2,24,4.54,"Historique GSC : 2 clics, 24 impressions",KEEP
/fr/brazil-visa-for-russian-citizens,fr,www2/fr/brazil-visa-for-russian-citizens.html,2,44,4.95,"Historique GSC : 2 clics, 44 impressions",KEEP
/fr/china-visa-for-german-citizens,fr,www2/fr/china-visa-for-german-citizens.html,2,57,7.16,"Historique GSC : 2 clics, 57 impressions",KEEP
/fr/china-visa-for-turkish-citizens,fr,www2/fr/china-visa-for-turkish-citizens.html,6,51,7.78,"Historique GSC : 6 clics, 51 impressions",KEEP
/fr/china-visa-for-us-citizens,fr,www2/fr/china-visa-for-us-citizens.html,7,45,7.78,"Historique GSC : 7 clics, 45 impressions",KEEP
/fr/colombia-visa-processing-time,fr,www2/fr/colombia-visa-processing-time.html,10,383,8.03,"Historique GSC : 10 clics, 383 impressions",KEEP
/fr/conditions-utilisation,fr,www2/fr/conditions-utilisation.html,0,0,0,Page utilitaire a conserver en noindex,KEEP_NOINDEX
/fr/denmark-visa-for-indian-citizens,fr,www2/fr/denmark-visa-for-indian-citizens.html,2,4,4.75,"Historique GSC : 2 clics, 4 impressions",KEEP
/fr/expat-guide-argentina,fr,www2/fr/expat-guide-argentina.html,0,0,0,Hub destination ou guide expat : socle du corpus,KEEP
/fr/expat-guide-brazil,fr,www2/fr/expat-guide-brazil.html,0,0,0,Hub destination ou guide expat : socle du corpus,KEEP
/fr/expat-guide-cambodia,fr,www2/fr/expat-guide-cambodia.html,0,0,0,Hub destination ou guide expat : socle du corpus,KEEP
/fr/expat-guide-colombia,fr,www2/fr/expat-guide-colombia.html,0,0,0,Hub destination ou guide expat : socle du corpus,KEEP
/fr/expat-guide-costa-rica,fr,www2/fr/expat-guide-costa-rica.html,0,0,0,Hub destination ou guide expat : socle du corpus,KEEP
/fr/expat-guide-croatia,fr,www2/fr/expat-guide-croatia.html,0,0,0,Hub destination ou guide expat : socle du corpus,KEEP
/fr/expat-guide-cyprus,fr,www2/fr/expat-guide-cyprus.html,0,0,0,Hub destination ou guide expat : socle du corpus,KEEP
/fr/expat-guide-ecuador,fr,www2/fr/expat-guide-ecuador.html,0,0,0,Hub destination ou guide expat : socle du corpus,KEEP
/fr/expat-guide-estonia,fr,www2/fr/expat-guide-estonia.html,0,0,0,Hub destination ou guide expat : socle du corpus,KEEP
/fr/expat-guide-france,fr,www2/fr/expat-guide-france.html,0,0,0,Hub destination ou guide expat : socle du corpus,KEEP
/fr/expat-guide-georgia,fr,www2/fr/expat-guide-georgia.html,0,0,0,Hub destination ou guide expat : socle du corpus,KEEP
/fr/expat-guide-germany,fr,www2/fr/expat-guide-germany.html,0,0,0,Hub destination ou guide expat : socle du corpus,KEEP
/fr/expat-guide-greece,fr,www2/fr/expat-guide-greece.html,0,0,0,Hub destination ou guide expat : socle du corpus,KEEP
/fr/expat-guide-indonesia,fr,www2/fr/expat-guide-indonesia.html,0,0,0,Hub destination ou guide expat : socle du corpus,KEEP
/fr/expat-guide-italy,fr,www2/fr/expat-guide-italy.html,0,0,0,Hub destination ou guide expat : socle du corpus,KEEP
/fr/expat-guide-japan,fr,www2/fr/expat-guide-japan.html,0,0,0,Hub destination ou guide expat : socle du corpus,KEEP
/fr/expat-guide-laos,fr,www2/fr/expat-guide-laos.html,0,0,0,Hub destination ou guide expat : socle du corpus,KEEP
/fr/expat-guide-malaysia,fr,www2/fr/expat-guide-malaysia.html,0,0,0,Hub destination ou guide expat : socle du corpus,KEEP
/fr/expat-guide-malta,fr,www2/fr/expat-guide-malta.html,0,0,0,Hub destination ou guide expat : socle du corpus,KEEP
/fr/expat-guide-mauritius,fr,www2/fr/expat-guide-mauritius.html,0,0,0,Hub destination ou guide expat : socle du corpus,KEEP
/fr/expat-guide-mexico,fr,www2/fr/expat-guide-mexico.html,0,0,0,Hub destination ou guide expat : socle du corpus,KEEP
/fr/expat-guide-panama,fr,www2/fr/expat-guide-panama.html,0,0,0,Hub destination ou guide expat : socle du corpus,KEEP
/fr/expat-guide-paraguay,fr,www2/fr/expat-guide-paraguay.html,0,0,0,Hub destination ou guide expat : socle du corpus,KEEP
/fr/expat-guide-philippines,fr,www2/fr/expat-guide-philippines.html,0,0,0,Hub destination ou guide expat : socle du corpus,KEEP
/fr/expat-guide-portugal,fr,www2/fr/expat-guide-portugal.html,0,0,0,Hub destination ou guide expat : socle du corpus,KEEP
/fr/expat-guide-singapore,fr,www2/fr/expat-guide-singapore.html,0,0,0,Hub destination ou guide expat : socle du corpus,KEEP
/fr/expat-guide-south-korea,fr,www2/fr/expat-guide-south-korea.html,0,0,0,Hub destination ou guide expat : socle du corpus,KEEP
/fr/expat-guide-spain,fr,www2/fr/expat-guide-spain.html,0,0,0,Hub destination ou guide expat : socle du corpus,KEEP
/fr/expat-guide-taiwan,fr,www2/fr/expat-guide-taiwan.html,0,0,0,Hub destination ou guide expat : socle du corpus,KEEP
/fr/expat-guide-thailand,fr,www2/fr/expat-guide-thailand.html,0,0,0,Hub destination ou guide expat : socle du corpus,KEEP
/fr/expat-guide-uae,fr,www2/fr/expat-guide-uae.html,0,0,0,Hub destination ou guide expat : socle du corpus,KEEP
/fr/expat-guide-vietnam,fr,www2/fr/expat-guide-vietnam.html,0,0,0,Hub destination ou guide expat : socle du corpus,KEEP
/fr/france-visa-for-brazilian-citizens,fr,www2/fr/france-visa-for-brazilian-citizens.html,3,251,8.79,"Historique GSC : 3 clics, 251 impressions",KEEP
/fr/france-visa-for-canadian-citizens,fr,www2/fr/france-visa-for-canadian-citizens.html,4,146,29.76,"Historique GSC : 4 clics, 146 impressions",KEEP
/fr/france-visa-for-chinese-citizens,fr,www2/fr/france-visa-for-chinese-citizens.html,6,306,8.58,"Historique GSC : 6 clics, 306 impressions",KEEP
/fr/france-visa-for-indonesian-citizens,fr,www2/fr/france-visa-for-indonesian-citizens.html,4,164,8.12,"Historique GSC : 4 clics, 164 impressions",KEEP
/fr/france-visa-for-korean-citizens,fr,www2/fr/france-visa-for-korean-citizens.html,8,244,7.31,"Historique GSC : 8 clics, 244 impressions",KEEP
/fr/france-visa-for-mexican-citizens,fr,www2/fr/france-visa-for-mexican-citizens.html,8,639,6.99,"Historique GSC : 8 clics, 639 impressions",KEEP
/fr/france-visa-for-pakistani-citizens,fr,www2/fr/france-visa-for-pakistani-citizens.html,2,104,13.66,"Historique GSC : 2 clics, 104 impressions",KEEP
/fr/france-visa-for-philippine-citizens,fr,www2/fr/france-visa-for-philippine-citizens.html,3,324,16.51,"Historique GSC : 3 clics, 324 impressions",KEEP
/fr/france-visa-for-russian-citizens,fr,www2/fr/france-visa-for-russian-citizens.html,2,72,12.99,"Historique GSC : 2 clics, 72 impressions",KEEP
/fr/france-visa-for-south-african-citizens,fr,www2/fr/france-visa-for-south-african-citizens.html,2,112,7.11,"Historique GSC : 2 clics, 112 impressions",KEEP
/fr/france-visa-processing-time,fr,www2/fr/france-visa-processing-time.html,2,161,8.72,"Historique GSC : 2 clics, 161 impressions",KEEP
/fr/greece-visa-extension,fr,www2/fr/greece-visa-extension.html,2,13,5.77,"Historique GSC : 2 clics, 13 impressions",KEEP
/fr/greece-visa-for-chinese-citizens,fr,www2/fr/greece-visa-for-chinese-citizens.html,3,20,7.25,"Historique GSC : 3 clics, 20 impressions",KEEP
/fr/greece-visa-for-turkish-citizens,fr,www2/fr/greece-visa-for-turkish-citizens.html,8,165,5.3,"Historique GSC : 8 clics, 165 impressions",KEEP
/fr/hong-kong-visa-for-german-citizens,fr,www2/fr/hong-kong-visa-for-german-citizens.html,2,14,3.93,"Historique GSC : 2 clics, 14 impressions",KEEP
/fr/hungary-visa-for-chinese-citizens,fr,www2/fr/hungary-visa-for-chinese-citizens.html,2,3,3.33,"Historique GSC : 2 clics, 3 impressions",KEEP
/fr/hungary-visa-for-russian-citizens,fr,www2/fr/hungary-visa-for-russian-citizens.html,3,10,6.9,"Historique GSC : 3 clics, 10 impressions",KEEP
/fr/india-visa-for-chinese-citizens,fr,www2/fr/india-visa-for-chinese-citizens.html,4,30,6.63,"Historique GSC : 4 clics, 30 impressions",KEEP
/fr/india-visa-for-japanese-citizens,fr,www2/fr/india-visa-for-japanese-citizens.html,2,4,6.25,"Historique GSC : 2 clics, 4 impressions",KEEP
/fr/indonesia-visa-for-chinese-citizens,fr,www2/fr/indonesia-visa-for-chinese-citizens.html,2,24,5.83,"Historique GSC : 2 clics, 24 impressions",KEEP
/fr/ireland-visa-for-chinese-citizens,fr,www2/fr/ireland-visa-for-chinese-citizens.html,2,32,6.25,"Historique GSC : 2 clics, 32 impressions",KEEP
/fr/ireland-visa-processing-time,fr,www2/fr/ireland-visa-processing-time.html,5,405,12.37,"Historique GSC : 5 clics, 405 impressions",KEEP
/fr/italy-visa-processing-time,fr,www2/fr/italy-visa-processing-time.html,7,177,6.24,"Historique GSC : 7 clics, 177 impressions",KEEP
/fr/japan-visa-for-chinese-citizens,fr,www2/fr/japan-visa-for-chinese-citizens.html,10,209,8.26,"Historique GSC : 10 clics, 209 impressions",KEEP
/fr/japan-visa-for-german-citizens,fr,www2/fr/japan-visa-for-german-citizens.html,2,46,6.13,"Historique GSC : 2 clics, 46 impressions",KEEP
/fr/japan-visa-for-russian-citizens,fr,www2/fr/japan-visa-for-russian-citizens.html,3,55,4.64,"Historique GSC : 3 clics, 55 impressions",KEEP
/fr/japan-visa-for-turkish-citizens,fr,www2/fr/japan-visa-for-turkish-citizens.html,9,96,4.12,"Historique GSC : 9 clics, 96 impressions",KEEP
/fr/malaysia-visa-for-chinese-citizens,fr,www2/fr/malaysia-visa-for-chinese-citizens.html,2,23,7.3,"Historique GSC : 2 clics, 23 impressions",KEEP
/fr/malaysia-visa-for-nigerian-citizens,fr,www2/fr/malaysia-visa-for-nigerian-citizens.html,2,45,5.67,"Historique GSC : 2 clics, 45 impressions",KEEP
/fr/malaysia-visa-for-uk-citizens,fr,www2/fr/malaysia-visa-for-uk-citizens.html,2,12,7.08,"Historique GSC : 2 clics, 12 impressions",KEEP
/fr/mentions-legales,fr,www2/fr/mentions-legales.html,0,0,0,Page utilitaire a conserver en noindex,KEEP_NOINDEX
/fr/mexico-visa-extension,fr,www2/fr/mexico-visa-extension.html,4,98,8.57,"Historique GSC : 4 clics, 98 impressions",KEEP
/fr/mexico-visa-for-chinese-citizens,fr,www2/fr/mexico-visa-for-chinese-citizens.html,2,40,9.32,"Historique GSC : 2 clics, 40 impressions",KEEP
/fr/mexico-visa-for-indian-citizens,fr,www2/fr/mexico-visa-for-indian-citizens.html,2,5,5.0,"Historique GSC : 2 clics, 5 impressions",KEEP
/fr/mexico-visa-for-turkish-citizens,fr,www2/fr/mexico-visa-for-turkish-citizens.html,2,35,8.03,"Historique GSC : 2 clics, 35 impressions",KEEP
/fr/new-zealand-visa-requirements,fr,www2/fr/new-zealand-visa-requirements.html,1,730,19.39,"Historique GSC : 1 clics, 730 impressions",KEEP
/fr/norway-visa-fees,fr,www2/fr/norway-visa-fees.html,3,403,10.18,"Historique GSC : 3 clics, 403 impressions",KEEP
/fr/norway-visa-for-russian-citizens,fr,www2/fr/norway-visa-for-russian-citizens.html,2,25,6.4,"Historique GSC : 2 clics, 25 impressions",KEEP
/fr/politique-de-confidentialite,fr,www2/fr/politique-de-confidentialite.html,0,0,0,Page utilitaire a conserver en noindex,KEEP_NOINDEX
/fr/portugal-visa-for-indian-citizens,fr,www2/fr/portugal-visa-for-indian-citizens.html,3,14,16.93,"Historique GSC : 3 clics, 14 impressions",KEEP
/fr/portugal-visa-for-russian-citizens,fr,www2/fr/portugal-visa-for-russian-citizens.html,2,33,6.03,"Historique GSC : 2 clics, 33 impressions",KEEP
/fr/portugal-visa-for-turkish-citizens,fr,www2/fr/portugal-visa-for-turkish-citizens.html,3,27,5.44,"Historique GSC : 3 clics, 27 impressions",KEEP
/fr/qatar-hayya-visa,fr,www2/fr/qatar-hayya-visa.html,2,97,11.24,"Historique GSC : 2 clics, 97 impressions",KEEP
/fr/qatar-visa-extension,fr,www2/fr/qatar-visa-extension.html,6,204,5.94,"Historique GSC : 6 clics, 204 impressions",KEEP
/fr/retirement-visa-guide,fr,www2/fr/retirement-visa-guide.html,4,50,8.92,"Historique GSC : 4 clics, 50 impressions",KEEP
/fr/romania-visa-for-turkish-citizens,fr,www2/fr/romania-visa-for-turkish-citizens.html,3,13,4.08,"Historique GSC : 3 clics, 13 impressions",KEEP
/fr/romania-visa-processing-time,fr,www2/fr/romania-visa-processing-time.html,10,248,6.86,"Historique GSC : 10 clics, 248 impressions",KEEP
/fr/schengen-visa-for-indonesian-citizens,fr,www2/fr/schengen-visa-for-indonesian-citizens.html,7,53,7.58,"Historique GSC : 7 clics, 53 impressions",KEEP
/fr/singapore-visa-fees,fr,www2/fr/singapore-visa-fees.html,3,44,9.16,"Historique GSC : 3 clics, 44 impressions",KEEP
/fr/singapore-visa-for-chinese-citizens,fr,www2/fr/singapore-visa-for-chinese-citizens.html,3,32,5.06,"Historique GSC : 3 clics, 32 impressions",KEEP
/fr/singapore-visa-for-russian-citizens,fr,www2/fr/singapore-visa-for-russian-citizens.html,3,19,5.11,"Historique GSC : 3 clics, 19 impressions",KEEP
/fr/spain-visa-for-chinese-citizens,fr,www2/fr/spain-visa-for-chinese-citizens.html,2,58,7.48,"Historique GSC : 2 clics, 58 impressions",KEEP
/fr/spain-visa-for-japanese-citizens,fr,www2/fr/spain-visa-for-japanese-citizens.html,2,15,7.6,"Historique GSC : 2 clics, 15 impressions",KEEP
/fr/spain-visa-for-nigerian-citizens,fr,www2/fr/spain-visa-for-nigerian-citizens.html,3,276,6.78,"Historique GSC : 3 clics, 276 impressions",KEEP
/fr/spain-visa-for-philippine-citizens,fr,www2/fr/spain-visa-for-philippine-citizens.html,3,46,5.65,"Historique GSC : 3 clics, 46 impressions",KEEP
/fr/spain-visa-for-russian-citizens,fr,www2/fr/spain-visa-for-russian-citizens.html,2,69,6.67,"Historique GSC : 2 clics, 69 impressions",KEEP
/fr/spain-visa-for-turkish-citizens,fr,www2/fr/spain-visa-for-turkish-citizens.html,2,109,6.27,"Historique GSC : 2 clics, 109 impressions",KEEP
/fr/sri-lanka-visa-processing-time,fr,www2/fr/sri-lanka-visa-processing-time.html,2,76,8.25,"Historique GSC : 2 clics, 76 impressions",KEEP
/fr/sweden-visa-processing-time,fr,www2/fr/sweden-visa-processing-time.html,3,218,7.97,"Historique GSC : 3 clics, 218 impressions",KEEP
/fr/switzerland-visa-for-mexican-citizens,fr,www2/fr/switzerland-visa-for-mexican-citizens.html,2,38,8.21,"Historique GSC : 2 clics, 38 impressions",KEEP
/fr/switzerland-visa-for-russian-citizens,fr,www2/fr/switzerland-visa-for-russian-citizens.html,2,61,9.56,"Historique GSC : 2 clics, 61 impressions",KEEP
/fr/taiwan-visa-extension,fr,www2/fr/taiwan-visa-extension.html,2,21,8.24,"Historique GSC : 2 clics, 21 impressions",KEEP
/fr/taiwan-visa-for-chinese-citizens,fr,www2/fr/taiwan-visa-for-chinese-citizens.html,2,23,7.26,"Historique GSC : 2 clics, 23 impressions",KEEP
/fr/thailand-visa-for-german-citizens,fr,www2/fr/thailand-visa-for-german-citizens.html,2,19,4.89,"Historique GSC : 2 clics, 19 impressions",KEEP
/fr/thailand-visa-for-indian-citizens,fr,www2/fr/thailand-visa-for-indian-citizens.html,2,51,9.12,"Historique GSC : 2 clics, 51 impressions",KEEP
/fr/thailand-visa-for-russian-citizens,fr,www2/fr/thailand-visa-for-russian-citizens.html,2,44,5.05,"Historique GSC : 2 clics, 44 impressions",KEEP
/fr/turkey-visa-for-brazilian-citizens,fr,www2/fr/turkey-visa-for-brazilian-citizens.html,5,28,3.68,"Historique GSC : 5 clics, 28 impressions",KEEP
/fr/turkey-visa-for-canadian-citizens,fr,www2/fr/turkey-visa-for-canadian-citizens.html,2,55,18.91,"Historique GSC : 2 clics, 55 impressions",KEEP
/fr/turkey-visa-for-nigerian-citizens,fr,www2/fr/turkey-visa-for-nigerian-citizens.html,8,139,6.46,"Historique GSC : 8 clics, 139 impressions",KEEP
/fr/turkey-visa-for-russian-citizens,fr,www2/fr/turkey-visa-for-russian-citizens.html,4,150,5.19,"Historique GSC : 4 clics, 150 impressions",KEEP
/fr/turkey-visa-for-us-citizens,fr,www2/fr/turkey-visa-for-us-citizens.html,2,140,5.7,"Historique GSC : 2 clics, 140 impressions",KEEP
/fr/united-kingdom-visa-for-chinese-citizens,fr,www2/fr/united-kingdom-visa-for-chinese-citizens.html,2,65,9.77,"Historique GSC : 2 clics, 65 impressions",KEEP
/fr/united-kingdom-visa-for-indian-citizens,fr,www2/fr/united-kingdom-visa-for-indian-citizens.html,4,47,7.34,"Historique GSC : 4 clics, 47 impressions",KEEP
/fr/united-kingdom-visa-for-nigerian-citizens,fr,www2/fr/united-kingdom-visa-for-nigerian-citizens.html,2,36,6.33,"Historique GSC : 2 clics, 36 impressions",KEEP
/fr/united-kingdom-visa-for-philippine-citizens,fr,www2/fr/united-kingdom-visa-for-philippine-citizens.html,3,33,4.76,"Historique GSC : 3 clics, 33 impressions",KEEP
/fr/united-kingdom-visa-for-russian-citizens,fr,www2/fr/united-kingdom-visa-for-russian-citizens.html,2,48,9.67,"Historique GSC : 2 clics, 48 impressions",KEEP
/fr/united-kingdom-visa-for-turkish-citizens,fr,www2/fr/united-kingdom-visa-for-turkish-citizens.html,2,60,6.55,"Historique GSC : 2 clics, 60 impressions",KEEP
/fr/usa-visa-for-brazilian-citizens,fr,www2/fr/usa-visa-for-brazilian-citizens.html,5,207,7.69,"Historique GSC : 5 clics, 207 impressions",KEEP
/fr/usa-visa-for-mexican-citizens,fr,www2/fr/usa-visa-for-mexican-citizens.html,2,25,7.88,"Historique GSC : 2 clics, 25 impressions",KEEP
/fr/usa-visa-processing-time,fr,www2/fr/usa-visa-processing-time.html,5,103,7.87,"Historique GSC : 5 clics, 103 impressions",KEEP
/fr/visa-andorra,fr,www2/fr/visa-andorra.html,0,0,0,Hub destination ou guide expat : socle du corpus,KEEP
/fr/visa-angola,fr,www2/fr/visa-angola.html,0,0,0,Hub destination ou guide expat : socle du corpus,KEEP
/fr/visa-argentina,fr,www2/fr/visa-argentina.html,0,0,0,Hub destination ou guide expat : socle du corpus,KEEP
/fr/visa-australia,fr,www2/fr/visa-australia.html,0,0,0,Hub destination ou guide expat : socle du corpus,KEEP
/fr/visa-austria,fr,www2/fr/visa-austria.html,2,437,14.3,"Historique GSC : 2 clics, 437 impressions",KEEP
/fr/visa-bahamas,fr,www2/fr/visa-bahamas.html,4,73,7.99,"Historique GSC : 4 clics, 73 impressions",KEEP
/fr/visa-bahrain,fr,www2/fr/visa-bahrain.html,0,0,0,Hub destination ou guide expat : socle du corpus,KEEP
/fr/visa-belgium,fr,www2/fr/visa-belgium.html,2,311,10.42,"Historique GSC : 2 clics, 311 impressions",KEEP
/fr/visa-belize,fr,www2/fr/visa-belize.html,0,0,0,Hub destination ou guide expat : socle du corpus,KEEP
/fr/visa-bermuda,fr,www2/fr/visa-bermuda.html,2,71,7.28,"Historique GSC : 2 clics, 71 impressions",KEEP
/fr/visa-bhutan,fr,www2/fr/visa-bhutan.html,0,0,0,Hub destination ou guide expat : socle du corpus,KEEP
/fr/visa-brazil,fr,www2/fr/visa-brazil.html,14,2457,9.57,"Historique GSC : 14 clics, 2457 impressions",KEEP
/fr/visa-brunei,fr,www2/fr/visa-brunei.html,0,0,0,Hub destination ou guide expat : socle du corpus,KEEP
/fr/visa-bulgaria,fr,www2/fr/visa-bulgaria.html,0,0,0,Hub destination ou guide expat : socle du corpus,KEEP
/fr/visa-cambodia,fr,www2/fr/visa-cambodia.html,2,216,22.8,"Historique GSC : 2 clics, 216 impressions",KEEP
/fr/visa-canada,fr,www2/fr/visa-canada.html,0,0,0,Hub destination ou guide expat : socle du corpus,KEEP
/fr/visa-cape-verde,fr,www2/fr/visa-cape-verde.html,3,489,11.58,"Historique GSC : 3 clics, 489 impressions",KEEP
/fr/visa-chile,fr,www2/fr/visa-chile.html,0,0,0,Hub destination ou guide expat : socle du corpus,KEEP
/fr/visa-china,fr,www2/fr/visa-china.html,0,0,0,Hub destination ou guide expat : socle du corpus,KEEP
/fr/visa-colombia,fr,www2/fr/visa-colombia.html,0,0,0,Hub destination ou guide expat : socle du corpus,KEEP
/fr/visa-cook-islands,fr,www2/fr/visa-cook-islands.html,0,0,0,Hub destination ou guide expat : socle du corpus,KEEP
/fr/visa-costa-rica,fr,www2/fr/visa-costa-rica.html,2,473,22.75,"Historique GSC : 2 clics, 473 impressions",KEEP
/fr/visa-croatia,fr,www2/fr/visa-croatia.html,0,0,0,Hub destination ou guide expat : socle du corpus,KEEP
/fr/visa-cyprus,fr,www2/fr/visa-cyprus.html,0,0,0,Hub destination ou guide expat : socle du corpus,KEEP
/fr/visa-czech-republic,fr,www2/fr/visa-czech-republic.html,5,536,9.25,"Historique GSC : 5 clics, 536 impressions",KEEP
/fr/visa-denmark,fr,www2/fr/visa-denmark.html,2,293,10.88,"Historique GSC : 2 clics, 293 impressions",KEEP
/fr/visa-documents-checklist,fr,www2/fr/visa-documents-checklist.html,0,0,0,Hub destination ou guide expat : socle du corpus,KEEP
/fr/visa-ecuador,fr,www2/fr/visa-ecuador.html,0,0,0,Hub destination ou guide expat : socle du corpus,KEEP
/fr/visa-egypt,fr,www2/fr/visa-egypt.html,0,0,0,Hub destination ou guide expat : socle du corpus,KEEP
/fr/visa-fiji,fr,www2/fr/visa-fiji.html,0,0,0,Hub destination ou guide expat : socle du corpus,KEEP
/fr/visa-finland,fr,www2/fr/visa-finland.html,0,0,0,Hub destination ou guide expat : socle du corpus,KEEP
/fr/visa-france,fr,www2/fr/visa-france.html,0,0,0,Hub destination ou guide expat : socle du corpus,KEEP
/fr/visa-free-countries-australia-passport,fr,www2/fr/visa-free-countries-australia-passport.html,0,0,0,Hub destination ou guide expat : socle du corpus,KEEP
/fr/visa-free-countries-brazil-passport,fr,www2/fr/visa-free-countries-brazil-passport.html,1,720,13.34,"Historique GSC : 1 clics, 720 impressions",KEEP
/fr/visa-free-countries-canada-passport,fr,www2/fr/visa-free-countries-canada-passport.html,30,838,9.63,"Historique GSC : 30 clics, 838 impressions",KEEP
/fr/visa-free-countries-china-passport,fr,www2/fr/visa-free-countries-china-passport.html,0,0,0,Hub destination ou guide expat : socle du corpus,KEEP
/fr/visa-free-countries-eu-passport,fr,www2/fr/visa-free-countries-eu-passport.html,0,0,0,Hub destination ou guide expat : socle du corpus,KEEP
/fr/visa-free-countries-india-passport,fr,www2/fr/visa-free-countries-india-passport.html,0,0,0,Hub destination ou guide expat : socle du corpus,KEEP
/fr/visa-free-countries-japan-passport,fr,www2/fr/visa-free-countries-japan-passport.html,0,0,0,Hub destination ou guide expat : socle du corpus,KEEP
/fr/visa-free-countries-uae-passport,fr,www2/fr/visa-free-countries-uae-passport.html,0,0,0,Hub destination ou guide expat : socle du corpus,KEEP
/fr/visa-free-countries-uk-passport,fr,www2/fr/visa-free-countries-uk-passport.html,16,694,24.87,"Historique GSC : 16 clics, 694 impressions",KEEP
/fr/visa-free-countries-us-passport,fr,www2/fr/visa-free-countries-us-passport.html,0,0,0,Hub destination ou guide expat : socle du corpus,KEEP
/fr/visa-georgia,fr,www2/fr/visa-georgia.html,0,0,0,Hub destination ou guide expat : socle du corpus,KEEP
/fr/visa-germany,fr,www2/fr/visa-germany.html,0,0,0,Hub destination ou guide expat : socle du corpus,KEEP
/fr/visa-greece,fr,www2/fr/visa-greece.html,7,484,8.77,"Historique GSC : 7 clics, 484 impressions",KEEP
/fr/visa-guatemala,fr,www2/fr/visa-guatemala.html,0,0,0,Hub destination ou guide expat : socle du corpus,KEEP
/fr/visa-hong-kong,fr,www2/fr/visa-hong-kong.html,0,0,0,Hub destination ou guide expat : socle du corpus,KEEP
/fr/visa-hungary,fr,www2/fr/visa-hungary.html,5,1013,11.75,"Historique GSC : 5 clics, 1013 impressions",KEEP
/fr/visa-iceland,fr,www2/fr/visa-iceland.html,0,0,0,Hub destination ou guide expat : socle du corpus,KEEP
/fr/visa-india,fr,www2/fr/visa-india.html,0,0,0,Hub destination ou guide expat : socle du corpus,KEEP
/fr/visa-indonesia,fr,www2/fr/visa-indonesia.html,4,240,15.9,"Historique GSC : 4 clics, 240 impressions",KEEP
/fr/visa-iran,fr,www2/fr/visa-iran.html,0,0,0,Hub destination ou guide expat : socle du corpus,KEEP
/fr/visa-iraq,fr,www2/fr/visa-iraq.html,0,0,0,Hub destination ou guide expat : socle du corpus,KEEP
/fr/visa-ireland,fr,www2/fr/visa-ireland.html,3,1015,15.67,"Historique GSC : 3 clics, 1015 impressions",KEEP
/fr/visa-israel,fr,www2/fr/visa-israel.html,0,0,0,Hub destination ou guide expat : socle du corpus,KEEP
/fr/visa-italy,fr,www2/fr/visa-italy.html,8,1001,11.21,"Historique GSC : 8 clics, 1001 impressions",KEEP
/fr/visa-japan,fr,www2/fr/visa-japan.html,5,243,14.21,"Historique GSC : 5 clics, 243 impressions",KEEP
/fr/visa-jordan,fr,www2/fr/visa-jordan.html,2,585,21.61,"Historique GSC : 2 clics, 585 impressions",KEEP
/fr/visa-kuwait,fr,www2/fr/visa-kuwait.html,0,0,0,Hub destination ou guide expat : socle du corpus,KEEP
/fr/visa-laos,fr,www2/fr/visa-laos.html,0,0,0,Hub destination ou guide expat : socle du corpus,KEEP
/fr/visa-liechtenstein,fr,www2/fr/visa-liechtenstein.html,0,0,0,Hub destination ou guide expat : socle du corpus,KEEP
/fr/visa-luxembourg,fr,www2/fr/visa-luxembourg.html,0,0,0,Hub destination ou guide expat : socle du corpus,KEEP
/fr/visa-macau,fr,www2/fr/visa-macau.html,0,0,0,Hub destination ou guide expat : socle du corpus,KEEP
/fr/visa-malaysia,fr,www2/fr/visa-malaysia.html,7,485,9.13,"Historique GSC : 7 clics, 485 impressions",KEEP
/fr/visa-maldives,fr,www2/fr/visa-maldives.html,4,734,17.38,"Historique GSC : 4 clics, 734 impressions",KEEP
/fr/visa-mexico,fr,www2/fr/visa-mexico.html,15,3224,13.84,"Historique GSC : 15 clics, 3224 impressions",KEEP
/fr/visa-moldova,fr,www2/fr/visa-moldova.html,4,211,8.25,"Historique GSC : 4 clics, 211 impressions",KEEP
/fr/visa-myanmar,fr,www2/fr/visa-myanmar.html,0,0,0,Hub destination ou guide expat : socle du corpus,KEEP
/fr/visa-nepal,fr,www2/fr/visa-nepal.html,0,0,0,Hub destination ou guide expat : socle du corpus,KEEP
/fr/visa-netherlands,fr,www2/fr/visa-netherlands.html,0,0,0,Hub destination ou guide expat : socle du corpus,KEEP
/fr/visa-new-zealand,fr,www2/fr/visa-new-zealand.html,1,638,23.27,"Historique GSC : 1 clics, 638 impressions",KEEP
/fr/visa-nicaragua,fr,www2/fr/visa-nicaragua.html,3,76,10.68,"Historique GSC : 3 clics, 76 impressions",KEEP
/fr/visa-norway,fr,www2/fr/visa-norway.html,28,3030,9.62,"Historique GSC : 28 clics, 3030 impressions",KEEP
/fr/visa-oman,fr,www2/fr/visa-oman.html,0,0,0,Hub destination ou guide expat : socle du corpus,KEEP
/fr/visa-panama,fr,www2/fr/visa-panama.html,0,0,0,Hub destination ou guide expat : socle du corpus,KEEP
/fr/visa-peru,fr,www2/fr/visa-peru.html,0,0,0,Hub destination ou guide expat : socle du corpus,KEEP
/fr/visa-philippines,fr,www2/fr/visa-philippines.html,0,0,0,Hub destination ou guide expat : socle du corpus,KEEP
/fr/visa-photo-requirements,fr,www2/fr/visa-photo-requirements.html,0,0,0,Hub destination ou guide expat : socle du corpus,KEEP
/fr/visa-poland,fr,www2/fr/visa-poland.html,4,651,10.58,"Historique GSC : 4 clics, 651 impressions",KEEP
/fr/visa-portugal,fr,www2/fr/visa-portugal.html,5,322,12.15,"Historique GSC : 5 clics, 322 impressions",KEEP
/fr/visa-processing-times,fr,www2/fr/visa-processing-times.html,0,0,0,Hub destination ou guide expat : socle du corpus,KEEP
/fr/visa-qatar,fr,www2/fr/visa-qatar.html,6,1204,11.0,"Historique GSC : 6 clics, 1204 impressions",KEEP
/fr/visa-rejection-reasons,fr,www2/fr/visa-rejection-reasons.html,0,0,0,Hub destination ou guide expat : socle du corpus,KEEP
/fr/visa-result,fr,www2/fr/visa-result.html,0,0,0,Hub destination ou guide expat : socle du corpus,KEEP
/fr/visa-romania,fr,www2/fr/visa-romania.html,8,1474,12.0,"Historique GSC : 8 clics, 1474 impressions",KEEP
/fr/visa-samoa,fr,www2/fr/visa-samoa.html,0,0,0,Hub destination ou guide expat : socle du corpus,KEEP
/fr/visa-saudi-arabia,fr,www2/fr/visa-saudi-arabia.html,0,0,0,Hub destination ou guide expat : socle du corpus,KEEP
/fr/visa-singapore,fr,www2/fr/visa-singapore.html,0,0,0,Hub destination ou guide expat : socle du corpus,KEEP
/fr/visa-slovakia,fr,www2/fr/visa-slovakia.html,0,0,0,Hub destination ou guide expat : socle du corpus,KEEP
/fr/visa-slovenia,fr,www2/fr/visa-slovenia.html,0,0,0,Hub destination ou guide expat : socle du corpus,KEEP
/fr/visa-south-korea,fr,www2/fr/visa-south-korea.html,0,0,0,Hub destination ou guide expat : socle du corpus,KEEP
/fr/visa-spain,fr,www2/fr/visa-spain.html,20,1322,13.18,"Historique GSC : 20 clics, 1322 impressions",KEEP
/fr/visa-sri-lanka,fr,www2/fr/visa-sri-lanka.html,0,0,0,Hub destination ou guide expat : socle du corpus,KEEP
/fr/visa-sweden,fr,www2/fr/visa-sweden.html,2,201,14.72,"Historique GSC : 2 clics, 201 impressions",KEEP
/fr/visa-switzerland,fr,www2/fr/visa-switzerland.html,0,0,0,Hub destination ou guide expat : socle du corpus,KEEP
/fr/visa-taiwan,fr,www2/fr/visa-taiwan.html,0,0,0,Hub destination ou guide expat : socle du corpus,KEEP
/fr/visa-thailand,fr,www2/fr/visa-thailand.html,0,0,0,Hub destination ou guide expat : socle du corpus,KEEP
/fr/visa-tonga,fr,www2/fr/visa-tonga.html,0,0,0,Hub destination ou guide expat : socle du corpus,KEEP
/fr/visa-turkey,fr,www2/fr/visa-turkey.html,4,867,9.36,"Historique GSC : 4 clics, 867 impressions",KEEP
/fr/visa-uae,fr,www2/fr/visa-uae.html,6,461,12.73,"Historique GSC : 6 clics, 461 impressions",KEEP
/fr/visa-ukraine,fr,www2/fr/visa-ukraine.html,0,0,0,Hub destination ou guide expat : socle du corpus,KEEP
/fr/visa-united-kingdom,fr,www2/fr/visa-united-kingdom.html,0,0,0,Hub destination ou guide expat : socle du corpus,KEEP
/fr/visa-uruguay,fr,www2/fr/visa-uruguay.html,0,0,0,Hub destination ou guide expat : socle du corpus,KEEP
/fr/visa-usa,fr,www2/fr/visa-usa.html,0,0,0,Hub destination ou guide expat : socle du corpus,KEEP
/fr/visa-venezuela,fr,www2/fr/visa-venezuela.html,0,0,0,Hub destination ou guide expat : socle du corpus,KEEP
/fr/visa-vietnam,fr,www2/fr/visa-vietnam.html,0,0,0,Hub destination ou guide expat : socle du corpus,KEEP
/ja/australia-visa-processing-time,ja,www2/ja/australia-visa-processing-time.html,9,111,8.19,"Historique GSC : 9 clics, 111 impressions",KEEP
/ja/belgium-visa-fees,ja,www2/ja/belgium-visa-fees.html,5,59,5.97,"Historique GSC : 5 clics, 59 impressions",KEEP
/ja/belgium-visa-processing-time,ja,www2/ja/belgium-visa-processing-time.html,4,39,6.31,"Historique GSC : 4 clics, 39 impressions",KEEP
/ja/brazil-visa-processing-time,ja,www2/ja/brazil-visa-processing-time.html,5,43,7.81,"Historique GSC : 5 clics, 43 impressions",KEEP
/ja/cambodia-visa-extension,ja,www2/ja/cambodia-visa-extension.html,22,200,7.69,"Historique GSC : 22 clics, 200 impressions",KEEP
/ja/colombia-visa-processing-time,ja,www2/ja/colombia-visa-processing-time.html,5,288,11.73,"Historique GSC : 5 clics, 288 impressions",KEEP
/ja/croatia-visa-for-nigerian-citizens,ja,www2/ja/croatia-visa-for-nigerian-citizens.html,2,140,7.54,"Historique GSC : 2 clics, 140 impressions",KEEP
/ja/croatia-visa-processing-time,ja,www2/ja/croatia-visa-processing-time.html,2,57,6.49,"Historique GSC : 2 clics, 57 impressions",KEEP
/ja/czech-republic-visa-for-turkish-citizens,ja,www2/ja/czech-republic-visa-for-turkish-citizens.html,1,729,7.8,"Historique GSC : 1 clics, 729 impressions",KEEP
/ja/czech-republic-visa-processing-time,ja,www2/ja/czech-republic-visa-processing-time.html,8,35,4.89,"Historique GSC : 8 clics, 35 impressions",KEEP
/ja/denmark-visa-processing-time,ja,www2/ja/denmark-visa-processing-time.html,2,595,7.9,"Historique GSC : 2 clics, 595 impressions",KEEP
/ja/expat-guide-argentina,ja,www2/ja/expat-guide-argentina.html,0,0,0,Hub destination ou guide expat : socle du corpus,KEEP
/ja/expat-guide-brazil,ja,www2/ja/expat-guide-brazil.html,0,0,0,Hub destination ou guide expat : socle du corpus,KEEP
/ja/expat-guide-cambodia,ja,www2/ja/expat-guide-cambodia.html,0,0,0,Hub destination ou guide expat : socle du corpus,KEEP
/ja/expat-guide-colombia,ja,www2/ja/expat-guide-colombia.html,0,0,0,Hub destination ou guide expat : socle du corpus,KEEP
/ja/expat-guide-costa-rica,ja,www2/ja/expat-guide-costa-rica.html,0,0,0,Hub destination ou guide expat : socle du corpus,KEEP
/ja/expat-guide-croatia,ja,www2/ja/expat-guide-croatia.html,0,0,0,Hub destination ou guide expat : socle du corpus,KEEP
/ja/expat-guide-cyprus,ja,www2/ja/expat-guide-cyprus.html,0,0,0,Hub destination ou guide expat : socle du corpus,KEEP
/ja/expat-guide-ecuador,ja,www2/ja/expat-guide-ecuador.html,0,0,0,Hub destination ou guide expat : socle du corpus,KEEP
/ja/expat-guide-estonia,ja,www2/ja/expat-guide-estonia.html,0,0,0,Hub destination ou guide expat : socle du corpus,KEEP
/ja/expat-guide-france,ja,www2/ja/expat-guide-france.html,0,0,0,Hub destination ou guide expat : socle du corpus,KEEP
/ja/expat-guide-georgia,ja,www2/ja/expat-guide-georgia.html,0,0,0,Hub destination ou guide expat : socle du corpus,KEEP
/ja/expat-guide-germany,ja,www2/ja/expat-guide-germany.html,0,0,0,Hub destination ou guide expat : socle du corpus,KEEP
/ja/expat-guide-greece,ja,www2/ja/expat-guide-greece.html,0,0,0,Hub destination ou guide expat : socle du corpus,KEEP
/ja/expat-guide-indonesia,ja,www2/ja/expat-guide-indonesia.html,0,0,0,Hub destination ou guide expat : socle du corpus,KEEP
/ja/expat-guide-italy,ja,www2/ja/expat-guide-italy.html,0,0,0,Hub destination ou guide expat : socle du corpus,KEEP
/ja/expat-guide-japan,ja,www2/ja/expat-guide-japan.html,0,0,0,Hub destination ou guide expat : socle du corpus,KEEP
/ja/expat-guide-laos,ja,www2/ja/expat-guide-laos.html,0,0,0,Hub destination ou guide expat : socle du corpus,KEEP
/ja/expat-guide-malaysia,ja,www2/ja/expat-guide-malaysia.html,0,0,0,Hub destination ou guide expat : socle du corpus,KEEP
/ja/expat-guide-malta,ja,www2/ja/expat-guide-malta.html,0,0,0,Hub destination ou guide expat : socle du corpus,KEEP
/ja/expat-guide-mauritius,ja,www2/ja/expat-guide-mauritius.html,0,0,0,Hub destination ou guide expat : socle du corpus,KEEP
/ja/expat-guide-mexico,ja,www2/ja/expat-guide-mexico.html,0,0,0,Hub destination ou guide expat : socle du corpus,KEEP
/ja/expat-guide-panama,ja,www2/ja/expat-guide-panama.html,0,0,0,Hub destination ou guide expat : socle du corpus,KEEP
/ja/expat-guide-paraguay,ja,www2/ja/expat-guide-paraguay.html,0,0,0,Hub destination ou guide expat : socle du corpus,KEEP
/ja/expat-guide-philippines,ja,www2/ja/expat-guide-philippines.html,0,0,0,Hub destination ou guide expat : socle du corpus,KEEP
/ja/expat-guide-portugal,ja,www2/ja/expat-guide-portugal.html,0,0,0,Hub destination ou guide expat : socle du corpus,KEEP
/ja/expat-guide-singapore,ja,www2/ja/expat-guide-singapore.html,0,0,0,Hub destination ou guide expat : socle du corpus,KEEP
/ja/expat-guide-south-korea,ja,www2/ja/expat-guide-south-korea.html,0,0,0,Hub destination ou guide expat : socle du corpus,KEEP
/ja/expat-guide-spain,ja,www2/ja/expat-guide-spain.html,0,0,0,Hub destination ou guide expat : socle du corpus,KEEP
/ja/expat-guide-taiwan,ja,www2/ja/expat-guide-taiwan.html,0,0,0,Hub destination ou guide expat : socle du corpus,KEEP
/ja/expat-guide-thailand,ja,www2/ja/expat-guide-thailand.html,0,0,0,Hub destination ou guide expat : socle du corpus,KEEP
/ja/expat-guide-uae,ja,www2/ja/expat-guide-uae.html,0,0,0,Hub destination ou guide expat : socle du corpus,KEEP
/ja/expat-guide-vietnam,ja,www2/ja/expat-guide-vietnam.html,0,0,0,Hub destination ou guide expat : socle du corpus,KEEP
/ja/france-visa-fees,ja,www2/ja/france-visa-fees.html,5,112,7.81,"Historique GSC : 5 clics, 112 impressions",KEEP
/ja/france-visa-for-philippine-citizens,ja,www2/ja/france-visa-for-philippine-citizens.html,2,53,22.06,"Historique GSC : 2 clics, 53 impressions",KEEP
/ja/germany-visa-extension,ja,www2/ja/germany-visa-extension.html,2,8,8.38,"Historique GSC : 2 clics, 8 impressions",KEEP
/ja/germany-visa-processing-time,ja,www2/ja/germany-visa-processing-time.html,5,30,6.47,"Historique GSC : 5 clics, 30 impressions",KEEP
/ja/hungary-visa-fees,ja,www2/ja/hungary-visa-fees.html,5,16,3.69,"Historique GSC : 5 clics, 16 impressions",KEEP
/ja/india-visa-fees,ja,www2/ja/india-visa-fees.html,2,160,31.07,"Historique GSC : 2 clics, 160 impressions",KEEP
/ja/italy-visa-fees,ja,www2/ja/italy-visa-fees.html,4,104,8.29,"Historique GSC : 4 clics, 104 impressions",KEEP
/ja/italy-visa-for-russian-citizens,ja,www2/ja/italy-visa-for-russian-citizens.html,2,1714,7.7,"Historique GSC : 2 clics, 1714 impressions",KEEP
/ja/italy-visa-processing-time,ja,www2/ja/italy-visa-processing-time.html,5,77,5.88,"Historique GSC : 5 clics, 77 impressions",KEEP
/ja/japan-visa-for-mexican-citizens,ja,www2/ja/japan-visa-for-mexican-citizens.html,2,45,8.0,"Historique GSC : 2 clics, 45 impressions",KEEP
/ja/legal-notice,ja,www2/ja/legal-notice.html,0,0,0,Page utilitaire a conserver en noindex,KEEP_NOINDEX
/ja/malaysia-visa-extension,ja,www2/ja/malaysia-visa-extension.html,2,88,9.95,"Historique GSC : 2 clics, 88 impressions",KEEP
/ja/mexico-visa-processing-time,ja,www2/ja/mexico-visa-processing-time.html,2,85,7.91,"Historique GSC : 2 clics, 85 impressions",KEEP
/ja/nepal-evisa,ja,www2/ja/nepal-evisa.html,3,57,14.32,"Historique GSC : 3 clics, 57 impressions",KEEP
/ja/nepal-visa-requirements,ja,www2/ja/nepal-visa-requirements.html,2,74,19.34,"Historique GSC : 2 clics, 74 impressions",KEEP
/ja/poland-visa-processing-time,ja,www2/ja/poland-visa-processing-time.html,2,52,8.54,"Historique GSC : 2 clics, 52 impressions",KEEP
/ja/qatar-visa-for-russian-citizens,ja,www2/ja/qatar-visa-for-russian-citizens.html,2,582,7.25,"Historique GSC : 2 clics, 582 impressions",KEEP
/ja/qatar-visa-processing-time,ja,www2/ja/qatar-visa-processing-time.html,2,136,7.36,"Historique GSC : 2 clics, 136 impressions",KEEP
/ja/spain-visa-for-chinese-citizens,ja,www2/ja/spain-visa-for-chinese-citizens.html,2,50,10.06,"Historique GSC : 2 clics, 50 impressions",KEEP
/ja/spain-visa-processing-time,ja,www2/ja/spain-visa-processing-time.html,9,68,7.09,"Historique GSC : 9 clics, 68 impressions",KEEP
/ja/sri-lanka-visa-extension,ja,www2/ja/sri-lanka-visa-extension.html,5,56,9.21,"Historique GSC : 5 clics, 56 impressions",KEEP
/ja/sri-lanka-visa-for-japanese-citizens,ja,www2/ja/sri-lanka-visa-for-japanese-citizens.html,2,148,7.6,"Historique GSC : 2 clics, 148 impressions",KEEP
/ja/sri-lanka-visa-processing-time,ja,www2/ja/sri-lanka-visa-processing-time.html,2,8,21.5,"Historique GSC : 2 clics, 8 impressions",KEEP
/ja/sweden-visa-processing-time,ja,www2/ja/sweden-visa-processing-time.html,6,42,5.52,"Historique GSC : 6 clics, 42 impressions",KEEP
/ja/switzerland-visa-fees,ja,www2/ja/switzerland-visa-fees.html,2,84,16.0,"Historique GSC : 2 clics, 84 impressions",KEEP
/ja/taiwan-visa-for-argentinian-citizens,ja,www2/ja/taiwan-visa-for-argentinian-citizens.html,3,114,6.47,"Historique GSC : 3 clics, 114 impressions",KEEP
/ja/taiwan-visa-for-french-citizens,ja,www2/ja/taiwan-visa-for-french-citizens.html,2,57,6.75,"Historique GSC : 2 clics, 57 impressions",KEEP
/ja/taiwan-visa-for-indonesian-citizens,ja,www2/ja/taiwan-visa-for-indonesian-citizens.html,3,48,14.19,"Historique GSC : 3 clics, 48 impressions",KEEP
/ja/taiwan-visa-for-korean-citizens,ja,www2/ja/taiwan-visa-for-korean-citizens.html,2,157,5.15,"Historique GSC : 2 clics, 157 impressions",KEEP
/ja/taiwan-visa-for-mexican-citizens,ja,www2/ja/taiwan-visa-for-mexican-citizens.html,2,29,5.72,"Historique GSC : 2 clics, 29 impressions",KEEP
/ja/taiwan-visa-for-turkish-citizens,ja,www2/ja/taiwan-visa-for-turkish-citizens.html,2,385,9.16,"Historique GSC : 2 clics, 385 impressions",KEEP
/ja/thailand-visa-processing-time,ja,www2/ja/thailand-visa-processing-time.html,10,90,6.4,"Historique GSC : 10 clics, 90 impressions",KEEP
/ja/turkey-visa-extension,ja,www2/ja/turkey-visa-extension.html,2,38,30.0,"Historique GSC : 2 clics, 38 impressions",KEEP
/ja/united-kingdom-visa-fees,ja,www2/ja/united-kingdom-visa-fees.html,3,515,10.87,"Historique GSC : 3 clics, 515 impressions",KEEP
/ja/visa-andorra,ja,www2/ja/visa-andorra.html,0,0,0,Hub destination ou guide expat : socle du corpus,KEEP
/ja/visa-angola,ja,www2/ja/visa-angola.html,0,0,0,Hub destination ou guide expat : socle du corpus,KEEP
/ja/visa-argentina,ja,www2/ja/visa-argentina.html,0,0,0,Hub destination ou guide expat : socle du corpus,KEEP
/ja/visa-australia,ja,www2/ja/visa-australia.html,0,0,0,Hub destination ou guide expat : socle du corpus,KEEP
/ja/visa-austria,ja,www2/ja/visa-austria.html,0,0,0,Hub destination ou guide expat : socle du corpus,KEEP
/ja/visa-bahamas,ja,www2/ja/visa-bahamas.html,0,0,0,Hub destination ou guide expat : socle du corpus,KEEP
/ja/visa-bahrain,ja,www2/ja/visa-bahrain.html,0,0,0,Hub destination ou guide expat : socle du corpus,KEEP
/ja/visa-belgium,ja,www2/ja/visa-belgium.html,2,81,16.01,"Historique GSC : 2 clics, 81 impressions",KEEP
/ja/visa-belize,ja,www2/ja/visa-belize.html,0,0,0,Hub destination ou guide expat : socle du corpus,KEEP
/ja/visa-bermuda,ja,www2/ja/visa-bermuda.html,0,0,0,Hub destination ou guide expat : socle du corpus,KEEP
/ja/visa-bhutan,ja,www2/ja/visa-bhutan.html,0,0,0,Hub destination ou guide expat : socle du corpus,KEEP
/ja/visa-brazil,ja,www2/ja/visa-brazil.html,0,0,0,Hub destination ou guide expat : socle du corpus,KEEP
/ja/visa-brunei,ja,www2/ja/visa-brunei.html,0,0,0,Hub destination ou guide expat : socle du corpus,KEEP
/ja/visa-bulgaria,ja,www2/ja/visa-bulgaria.html,0,0,0,Hub destination ou guide expat : socle du corpus,KEEP
/ja/visa-cambodia,ja,www2/ja/visa-cambodia.html,2,171,26.56,"Historique GSC : 2 clics, 171 impressions",KEEP
/ja/visa-canada,ja,www2/ja/visa-canada.html,0,0,0,Hub destination ou guide expat : socle du corpus,KEEP
/ja/visa-cape-verde,ja,www2/ja/visa-cape-verde.html,0,0,0,Hub destination ou guide expat : socle du corpus,KEEP
/ja/visa-chile,ja,www2/ja/visa-chile.html,0,0,0,Hub destination ou guide expat : socle du corpus,KEEP
/ja/visa-china,ja,www2/ja/visa-china.html,0,0,0,Hub destination ou guide expat : socle du corpus,KEEP
/ja/visa-colombia,ja,www2/ja/visa-colombia.html,3,35,10.2,"Historique GSC : 3 clics, 35 impressions",KEEP
/ja/visa-cook-islands,ja,www2/ja/visa-cook-islands.html,0,0,0,Hub destination ou guide expat : socle du corpus,KEEP
/ja/visa-costa-rica,ja,www2/ja/visa-costa-rica.html,8,240,8.91,"Historique GSC : 8 clics, 240 impressions",KEEP
/ja/visa-croatia,ja,www2/ja/visa-croatia.html,0,0,0,Hub destination ou guide expat : socle du corpus,KEEP
/ja/visa-cyprus,ja,www2/ja/visa-cyprus.html,0,0,0,Hub destination ou guide expat : socle du corpus,KEEP
/ja/visa-czech-republic,ja,www2/ja/visa-czech-republic.html,0,0,0,Hub destination ou guide expat : socle du corpus,KEEP
/ja/visa-denmark,ja,www2/ja/visa-denmark.html,0,0,0,Hub destination ou guide expat : socle du corpus,KEEP
/ja/visa-documents-checklist,ja,www2/ja/visa-documents-checklist.html,0,0,0,Hub destination ou guide expat : socle du corpus,KEEP
/ja/visa-ecuador,ja,www2/ja/visa-ecuador.html,0,0,0,Hub destination ou guide expat : socle du corpus,KEEP
/ja/visa-egypt,ja,www2/ja/visa-egypt.html,0,0,0,Hub destination ou guide expat : socle du corpus,KEEP
/ja/visa-fiji,ja,www2/ja/visa-fiji.html,0,0,0,Hub destination ou guide expat : socle du corpus,KEEP
/ja/visa-finland,ja,www2/ja/visa-finland.html,0,0,0,Hub destination ou guide expat : socle du corpus,KEEP
/ja/visa-france,ja,www2/ja/visa-france.html,0,0,0,Hub destination ou guide expat : socle du corpus,KEEP
/ja/visa-free-countries-australia-passport,ja,www2/ja/visa-free-countries-australia-passport.html,0,0,0,Hub destination ou guide expat : socle du corpus,KEEP
/ja/visa-free-countries-brazil-passport,ja,www2/ja/visa-free-countries-brazil-passport.html,0,0,0,Hub destination ou guide expat : socle du corpus,KEEP
/ja/visa-free-countries-canada-passport,ja,www2/ja/visa-free-countries-canada-passport.html,0,0,0,Hub destination ou guide expat : socle du corpus,KEEP
/ja/visa-free-countries-china-passport,ja,www2/ja/visa-free-countries-china-passport.html,0,0,0,Hub destination ou guide expat : socle du corpus,KEEP
/ja/visa-free-countries-eu-passport,ja,www2/ja/visa-free-countries-eu-passport.html,0,0,0,Hub destination ou guide expat : socle du corpus,KEEP
/ja/visa-free-countries-india-passport,ja,www2/ja/visa-free-countries-india-passport.html,0,0,0,Hub destination ou guide expat : socle du corpus,KEEP
/ja/visa-free-countries-japan-passport,ja,www2/ja/visa-free-countries-japan-passport.html,0,0,0,Hub destination ou guide expat : socle du corpus,KEEP
/ja/visa-free-countries-uae-passport,ja,www2/ja/visa-free-countries-uae-passport.html,0,0,0,Hub destination ou guide expat : socle du corpus,KEEP
/ja/visa-free-countries-uk-passport,ja,www2/ja/visa-free-countries-uk-passport.html,0,0,0,Hub destination ou guide expat : socle du corpus,KEEP
/ja/visa-free-countries-us-passport,ja,www2/ja/visa-free-countries-us-passport.html,0,0,0,Hub destination ou guide expat : socle du corpus,KEEP
/ja/visa-georgia,ja,www2/ja/visa-georgia.html,0,0,0,Hub destination ou guide expat : socle du corpus,KEEP
/ja/visa-germany,ja,www2/ja/visa-germany.html,3,58,10.76,"Historique GSC : 3 clics, 58 impressions",KEEP
/ja/visa-greece,ja,www2/ja/visa-greece.html,0,0,0,Hub destination ou guide expat : socle du corpus,KEEP
/ja/visa-guatemala,ja,www2/ja/visa-guatemala.html,0,0,0,Hub destination ou guide expat : socle du corpus,KEEP
/ja/visa-hong-kong,ja,www2/ja/visa-hong-kong.html,0,0,0,Hub destination ou guide expat : socle du corpus,KEEP
/ja/visa-hungary,ja,www2/ja/visa-hungary.html,3,69,14.96,"Historique GSC : 3 clics, 69 impressions",KEEP
/ja/visa-iceland,ja,www2/ja/visa-iceland.html,0,0,0,Hub destination ou guide expat : socle du corpus,KEEP
/ja/visa-india,ja,www2/ja/visa-india.html,0,0,0,Hub destination ou guide expat : socle du corpus,KEEP
/ja/visa-indonesia,ja,www2/ja/visa-indonesia.html,1,1022,17.86,"Historique GSC : 1 clics, 1022 impressions",KEEP
/ja/visa-iran,ja,www2/ja/visa-iran.html,0,0,0,Hub destination ou guide expat : socle du corpus,KEEP
/ja/visa-iraq,ja,www2/ja/visa-iraq.html,0,0,0,Hub destination ou guide expat : socle du corpus,KEEP
/ja/visa-ireland,ja,www2/ja/visa-ireland.html,0,0,0,Hub destination ou guide expat : socle du corpus,KEEP
/ja/visa-israel,ja,www2/ja/visa-israel.html,0,0,0,Hub destination ou guide expat : socle du corpus,KEEP
/ja/visa-italy,ja,www2/ja/visa-italy.html,0,0,0,Hub destination ou guide expat : socle du corpus,KEEP
/ja/visa-japan,ja,www2/ja/visa-japan.html,0,0,0,Hub destination ou guide expat : socle du corpus,KEEP
/ja/visa-jordan,ja,www2/ja/visa-jordan.html,5,490,23.89,"Historique GSC : 5 clics, 490 impressions",KEEP
/ja/visa-kuwait,ja,www2/ja/visa-kuwait.html,0,0,0,Hub destination ou guide expat : socle du corpus,KEEP
/ja/visa-laos,ja,www2/ja/visa-laos.html,0,0,0,Hub destination ou guide expat : socle du corpus,KEEP
/ja/visa-liechtenstein,ja,www2/ja/visa-liechtenstein.html,0,0,0,Hub destination ou guide expat : socle du corpus,KEEP
/ja/visa-luxembourg,ja,www2/ja/visa-luxembourg.html,0,0,0,Hub destination ou guide expat : socle du corpus,KEEP
/ja/visa-macau,ja,www2/ja/visa-macau.html,0,0,0,Hub destination ou guide expat : socle du corpus,KEEP
/ja/visa-malaysia,ja,www2/ja/visa-malaysia.html,6,371,14.11,"Historique GSC : 6 clics, 371 impressions",KEEP
/ja/visa-maldives,ja,www2/ja/visa-maldives.html,0,0,0,Hub destination ou guide expat : socle du corpus,KEEP
/ja/visa-mexico,ja,www2/ja/visa-mexico.html,5,184,11.28,"Historique GSC : 5 clics, 184 impressions",KEEP
/ja/visa-moldova,ja,www2/ja/visa-moldova.html,0,0,0,Hub destination ou guide expat : socle du corpus,KEEP
/ja/visa-myanmar,ja,www2/ja/visa-myanmar.html,0,0,0,Hub destination ou guide expat : socle du corpus,KEEP
/ja/visa-nepal,ja,www2/ja/visa-nepal.html,0,0,0,Hub destination ou guide expat : socle du corpus,KEEP
/ja/visa-netherlands,ja,www2/ja/visa-netherlands.html,0,0,0,Hub destination ou guide expat : socle du corpus,KEEP
/ja/visa-new-zealand,ja,www2/ja/visa-new-zealand.html,0,0,0,Hub destination ou guide expat : socle du corpus,KEEP
/ja/visa-nicaragua,ja,www2/ja/visa-nicaragua.html,0,0,0,Hub destination ou guide expat : socle du corpus,KEEP
/ja/visa-norway,ja,www2/ja/visa-norway.html,0,0,0,Hub destination ou guide expat : socle du corpus,KEEP
/ja/visa-oman,ja,www2/ja/visa-oman.html,0,0,0,Hub destination ou guide expat : socle du corpus,KEEP
/ja/visa-panama,ja,www2/ja/visa-panama.html,0,0,0,Hub destination ou guide expat : socle du corpus,KEEP
/ja/visa-peru,ja,www2/ja/visa-peru.html,0,0,0,Hub destination ou guide expat : socle du corpus,KEEP
/ja/visa-philippines,ja,www2/ja/visa-philippines.html,0,0,0,Hub destination ou guide expat : socle du corpus,KEEP
/ja/visa-photo-requirements,ja,www2/ja/visa-photo-requirements.html,0,0,0,Hub destination ou guide expat : socle du corpus,KEEP
/ja/visa-poland,ja,www2/ja/visa-poland.html,2,186,20.7,"Historique GSC : 2 clics, 186 impressions",KEEP
/ja/visa-portugal,ja,www2/ja/visa-portugal.html,0,0,0,Hub destination ou guide expat : socle du corpus,KEEP
/ja/visa-processing-times,ja,www2/ja/visa-processing-times.html,0,0,0,Hub destination ou guide expat : socle du corpus,KEEP
/ja/visa-qatar,ja,www2/ja/visa-qatar.html,0,0,0,Hub destination ou guide expat : socle du corpus,KEEP
/ja/visa-rejection-reasons,ja,www2/ja/visa-rejection-reasons.html,0,0,0,Hub destination ou guide expat : socle du corpus,KEEP
/ja/visa-result,ja,www2/ja/visa-result.html,0,0,0,Hub destination ou guide expat : socle du corpus,KEEP
/ja/visa-romania,ja,www2/ja/visa-romania.html,0,0,0,Hub destination ou guide expat : socle du corpus,KEEP
/ja/visa-samoa,ja,www2/ja/visa-samoa.html,0,0,0,Hub destination ou guide expat : socle du corpus,KEEP
/ja/visa-saudi-arabia,ja,www2/ja/visa-saudi-arabia.html,0,0,0,Hub destination ou guide expat : socle du corpus,KEEP
/ja/visa-singapore,ja,www2/ja/visa-singapore.html,0,0,0,Hub destination ou guide expat : socle du corpus,KEEP
/ja/visa-slovakia,ja,www2/ja/visa-slovakia.html,0,0,0,Hub destination ou guide expat : socle du corpus,KEEP
/ja/visa-slovenia,ja,www2/ja/visa-slovenia.html,0,0,0,Hub destination ou guide expat : socle du corpus,KEEP
/ja/visa-south-korea,ja,www2/ja/visa-south-korea.html,0,0,0,Hub destination ou guide expat : socle du corpus,KEEP
/ja/visa-spain,ja,www2/ja/visa-spain.html,0,0,0,Hub destination ou guide expat : socle du corpus,KEEP
/ja/visa-sri-lanka,ja,www2/ja/visa-sri-lanka.html,0,0,0,Hub destination ou guide expat : socle du corpus,KEEP
/ja/visa-sweden,ja,www2/ja/visa-sweden.html,0,0,0,Hub destination ou guide expat : socle du corpus,KEEP
/ja/visa-switzerland,ja,www2/ja/visa-switzerland.html,0,0,0,Hub destination ou guide expat : socle du corpus,KEEP
/ja/visa-taiwan,ja,www2/ja/visa-taiwan.html,0,0,0,Hub destination ou guide expat : socle du corpus,KEEP
/ja/visa-thailand,ja,www2/ja/visa-thailand.html,0,0,0,Hub destination ou guide expat : socle du corpus,KEEP
/ja/visa-tonga,ja,www2/ja/visa-tonga.html,0,0,0,Hub destination ou guide expat : socle du corpus,KEEP
/ja/visa-turkey,ja,www2/ja/visa-turkey.html,0,0,0,Hub destination ou guide expat : socle du corpus,KEEP
/ja/visa-uae,ja,www2/ja/visa-uae.html,4,225,9.36,"Historique GSC : 4 clics, 225 impressions",KEEP
/ja/visa-ukraine,ja,www2/ja/visa-ukraine.html,0,0,0,Hub destination ou guide expat : socle du corpus,KEEP
/ja/visa-united-kingdom,ja,www2/ja/visa-united-kingdom.html,0,0,0,Hub destination ou guide expat : socle du corpus,KEEP
/ja/visa-uruguay,ja,www2/ja/visa-uruguay.html,0,0,0,Hub destination ou guide expat : socle du corpus,KEEP
/ja/visa-usa,ja,www2/ja/visa-usa.html,0,0,0,Hub destination ou guide expat : socle du corpus,KEEP
/ja/visa-venezuela,ja,www2/ja/visa-venezuela.html,0,0,0,Hub destination ou guide expat : socle du corpus,KEEP
/ja/visa-vietnam,ja,www2/ja/visa-vietnam.html,2,131,23.62,"Historique GSC : 2 clics, 131 impressions",KEEP
/ko/australia-visa-processing-time,ko,www2/ko/australia-visa-processing-time.html,5,260,27.36,"Historique GSC : 5 clics, 260 impressions",KEEP
/ko/austria-visa-for-chinese-citizens,ko,www2/ko/austria-visa-for-chinese-citizens.html,2,21,7.67,"Historique GSC : 2 clics, 21 impressions",KEEP
/ko/belgium-visa-fees,ko,www2/ko/belgium-visa-fees.html,5,51,7.73,"Historique GSC : 5 clics, 51 impressions",KEEP
/ko/belgium-visa-processing-time,ko,www2/ko/belgium-visa-processing-time.html,7,34,4.79,"Historique GSC : 7 clics, 34 impressions",KEEP
/ko/brazil-visa-extension,ko,www2/ko/brazil-visa-extension.html,2,129,14.88,"Historique GSC : 2 clics, 129 impressions",KEEP
/ko/brazil-visa-for-german-citizens,ko,www2/ko/brazil-visa-for-german-citizens.html,2,51,11.43,"Historique GSC : 2 clics, 51 impressions",KEEP
/ko/brazil-visa-processing-time,ko,www2/ko/brazil-visa-processing-time.html,4,107,7.12,"Historique GSC : 4 clics, 107 impressions",KEEP
/ko/brazil-visa-requirements,ko,www2/ko/brazil-visa-requirements.html,2,97,10.29,"Historique GSC : 2 clics, 97 impressions",KEEP
/ko/cambodia-visa-extension,ko,www2/ko/cambodia-visa-extension.html,5,86,14.06,"Historique GSC : 5 clics, 86 impressions",KEEP
/ko/canada-visa-processing-time,ko,www2/ko/canada-visa-processing-time.html,3,17,4.88,"Historique GSC : 3 clics, 17 impressions",KEEP
/ko/china-visa-for-philippine-citizens,ko,www2/ko/china-visa-for-philippine-citizens.html,2,40,11.25,"Historique GSC : 2 clics, 40 impressions",KEEP
/ko/colombia-visa-for-korean-citizens,ko,www2/ko/colombia-visa-for-korean-citizens.html,2,90,7.6,"Historique GSC : 2 clics, 90 impressions",KEEP
/ko/costa-rica-visa-processing-time,ko,www2/ko/costa-rica-visa-processing-time.html,3,71,6.27,"Historique GSC : 3 clics, 71 impressions",KEEP
/ko/expat-guide-argentina,ko,www2/ko/expat-guide-argentina.html,0,0,0,Hub destination ou guide expat : socle du corpus,KEEP
/ko/expat-guide-brazil,ko,www2/ko/expat-guide-brazil.html,0,0,0,Hub destination ou guide expat : socle du corpus,KEEP
/ko/expat-guide-cambodia,ko,www2/ko/expat-guide-cambodia.html,0,0,0,Hub destination ou guide expat : socle du corpus,KEEP
/ko/expat-guide-colombia,ko,www2/ko/expat-guide-colombia.html,0,0,0,Hub destination ou guide expat : socle du corpus,KEEP
/ko/expat-guide-costa-rica,ko,www2/ko/expat-guide-costa-rica.html,0,0,0,Hub destination ou guide expat : socle du corpus,KEEP
/ko/expat-guide-croatia,ko,www2/ko/expat-guide-croatia.html,0,0,0,Hub destination ou guide expat : socle du corpus,KEEP
/ko/expat-guide-cyprus,ko,www2/ko/expat-guide-cyprus.html,0,0,0,Hub destination ou guide expat : socle du corpus,KEEP
/ko/expat-guide-ecuador,ko,www2/ko/expat-guide-ecuador.html,0,0,0,Hub destination ou guide expat : socle du corpus,KEEP
/ko/expat-guide-estonia,ko,www2/ko/expat-guide-estonia.html,0,0,0,Hub destination ou guide expat : socle du corpus,KEEP
/ko/expat-guide-france,ko,www2/ko/expat-guide-france.html,0,0,0,Hub destination ou guide expat : socle du corpus,KEEP
/ko/expat-guide-georgia,ko,www2/ko/expat-guide-georgia.html,0,0,0,Hub destination ou guide expat : socle du corpus,KEEP
/ko/expat-guide-germany,ko,www2/ko/expat-guide-germany.html,0,0,0,Hub destination ou guide expat : socle du corpus,KEEP
/ko/expat-guide-greece,ko,www2/ko/expat-guide-greece.html,0,0,0,Hub destination ou guide expat : socle du corpus,KEEP
/ko/expat-guide-indonesia,ko,www2/ko/expat-guide-indonesia.html,0,0,0,Hub destination ou guide expat : socle du corpus,KEEP
/ko/expat-guide-italy,ko,www2/ko/expat-guide-italy.html,0,0,0,Hub destination ou guide expat : socle du corpus,KEEP
/ko/expat-guide-japan,ko,www2/ko/expat-guide-japan.html,0,0,0,Hub destination ou guide expat : socle du corpus,KEEP
/ko/expat-guide-laos,ko,www2/ko/expat-guide-laos.html,0,0,0,Hub destination ou guide expat : socle du corpus,KEEP
/ko/expat-guide-malaysia,ko,www2/ko/expat-guide-malaysia.html,0,0,0,Hub destination ou guide expat : socle du corpus,KEEP
/ko/expat-guide-malta,ko,www2/ko/expat-guide-malta.html,0,0,0,Hub destination ou guide expat : socle du corpus,KEEP
/ko/expat-guide-mauritius,ko,www2/ko/expat-guide-mauritius.html,0,0,0,Hub destination ou guide expat : socle du corpus,KEEP
/ko/expat-guide-mexico,ko,www2/ko/expat-guide-mexico.html,0,0,0,Hub destination ou guide expat : socle du corpus,KEEP
/ko/expat-guide-panama,ko,www2/ko/expat-guide-panama.html,0,0,0,Hub destination ou guide expat : socle du corpus,KEEP
/ko/expat-guide-paraguay,ko,www2/ko/expat-guide-paraguay.html,0,0,0,Hub destination ou guide expat : socle du corpus,KEEP
/ko/expat-guide-philippines,ko,www2/ko/expat-guide-philippines.html,0,0,0,Hub destination ou guide expat : socle du corpus,KEEP
/ko/expat-guide-portugal,ko,www2/ko/expat-guide-portugal.html,0,0,0,Hub destination ou guide expat : socle du corpus,KEEP
/ko/expat-guide-singapore,ko,www2/ko/expat-guide-singapore.html,0,0,0,Hub destination ou guide expat : socle du corpus,KEEP
/ko/expat-guide-south-korea,ko,www2/ko/expat-guide-south-korea.html,0,0,0,Hub destination ou guide expat : socle du corpus,KEEP
/ko/expat-guide-spain,ko,www2/ko/expat-guide-spain.html,0,0,0,Hub destination ou guide expat : socle du corpus,KEEP
/ko/expat-guide-taiwan,ko,www2/ko/expat-guide-taiwan.html,0,0,0,Hub destination ou guide expat : socle du corpus,KEEP
/ko/expat-guide-thailand,ko,www2/ko/expat-guide-thailand.html,0,0,0,Hub destination ou guide expat : socle du corpus,KEEP
/ko/expat-guide-uae,ko,www2/ko/expat-guide-uae.html,0,0,0,Hub destination ou guide expat : socle du corpus,KEEP
/ko/expat-guide-vietnam,ko,www2/ko/expat-guide-vietnam.html,0,0,0,Hub destination ou guide expat : socle du corpus,KEEP
/ko/france-visa-fees,ko,www2/ko/france-visa-fees.html,4,44,11.05,"Historique GSC : 4 clics, 44 impressions",KEEP
/ko/germany-visa-processing-time,ko,www2/ko/germany-visa-processing-time.html,3,16,8.25,"Historique GSC : 3 clics, 16 impressions",KEEP
/ko/greece-visa-for-south-african-citizens,ko,www2/ko/greece-visa-for-south-african-citizens.html,2,119,11.98,"Historique GSC : 2 clics, 119 impressions",KEEP
/ko/hong-kong-visa-for-mexican-citizens,ko,www2/ko/hong-kong-visa-for-mexican-citizens.html,2,196,8.2,"Historique GSC : 2 clics, 196 impressions",KEEP
/ko/hungary-visa-fees,ko,www2/ko/hungary-visa-fees.html,2,10,4.0,"Historique GSC : 2 clics, 10 impressions",KEEP
/ko/india-visa-fees,ko,www2/ko/india-visa-fees.html,14,294,7.29,"Historique GSC : 14 clics, 294 impressions",KEEP
/ko/india-visa-for-korean-citizens,ko,www2/ko/india-visa-for-korean-citizens.html,2,211,10.99,"Historique GSC : 2 clics, 211 impressions",KEEP
/ko/india-visa-for-turkish-citizens,ko,www2/ko/india-visa-for-turkish-citizens.html,3,575,7.68,"Historique GSC : 3 clics, 575 impressions",KEEP
/ko/india-visa-requirements,ko,www2/ko/india-visa-requirements.html,3,212,10.67,"Historique GSC : 3 clics, 212 impressions",KEEP
/ko/indonesia-visa-fees,ko,www2/ko/indonesia-visa-fees.html,8,291,8.26,"Historique GSC : 8 clics, 291 impressions",KEEP
/ko/indonesia-visa-for-french-citizens,ko,www2/ko/indonesia-visa-for-french-citizens.html,3,668,8.19,"Historique GSC : 3 clics, 668 impressions",KEEP
/ko/ireland-visa-for-chinese-citizens,ko,www2/ko/ireland-visa-for-chinese-citizens.html,2,529,8.47,"Historique GSC : 2 clics, 529 impressions",KEEP
/ko/italy-visa-for-us-citizens,ko,www2/ko/italy-visa-for-us-citizens.html,2,32,5.97,"Historique GSC : 2 clics, 32 impressions",KEEP
/ko/japan-visa-extension,ko,www2/ko/japan-visa-extension.html,4,113,7.39,"Historique GSC : 4 clics, 113 impressions",KEEP
/ko/japan-visa-for-canadian-citizens,ko,www2/ko/japan-visa-for-canadian-citizens.html,3,129,5.09,"Historique GSC : 3 clics, 129 impressions",KEEP
/ko/japan-visa-for-russian-citizens,ko,www2/ko/japan-visa-for-russian-citizens.html,8,142,6.39,"Historique GSC : 8 clics, 142 impressions",KEEP
/ko/japan-visa-for-south-african-citizens,ko,www2/ko/japan-visa-for-south-african-citizens.html,3,159,9.75,"Historique GSC : 3 clics, 159 impressions",KEEP
/ko/jordan-visa-extension,ko,www2/ko/jordan-visa-extension.html,4,177,7.03,"Historique GSC : 4 clics, 177 impressions",KEEP
/ko/jordan-visa-fees,ko,www2/ko/jordan-visa-fees.html,2,117,7.14,"Historique GSC : 2 clics, 117 impressions",KEEP
/ko/jordan-visa-for-japanese-citizens,ko,www2/ko/jordan-visa-for-japanese-citizens.html,4,54,7.54,"Historique GSC : 4 clics, 54 impressions",KEEP
/ko/laos-visa-requirements,ko,www2/ko/laos-visa-requirements.html,2,136,14.29,"Historique GSC : 2 clics, 136 impressions",KEEP
/ko/legal-notice,ko,www2/ko/legal-notice.html,0,0,0,Page utilitaire a conserver en noindex,KEEP_NOINDEX
/ko/maldives-visa-for-nigerian-citizens,ko,www2/ko/maldives-visa-for-nigerian-citizens.html,2,53,8.17,"Historique GSC : 2 clics, 53 impressions",KEEP
/ko/maldives-visa-for-philippine-citizens,ko,www2/ko/maldives-visa-for-philippine-citizens.html,4,189,5.26,"Historique GSC : 4 clics, 189 impressions",KEEP
/ko/mexico-visa-fees,ko,www2/ko/mexico-visa-fees.html,4,102,21.19,"Historique GSC : 4 clics, 102 impressions",KEEP
/ko/new-zealand-visa-for-german-citizens,ko,www2/ko/new-zealand-visa-for-german-citizens.html,2,70,14.3,"Historique GSC : 2 clics, 70 impressions",KEEP
/ko/philippines-visa-extension,ko,www2/ko/philippines-visa-extension.html,24,872,9.02,"Historique GSC : 24 clics, 872 impressions",KEEP
/ko/philippines-visa-processing-time,ko,www2/ko/philippines-visa-processing-time.html,4,49,14.88,"Historique GSC : 4 clics, 49 impressions",KEEP
/ko/poland-visa-requirements,ko,www2/ko/poland-visa-requirements.html,2,115,12.71,"Historique GSC : 2 clics, 115 impressions",KEEP
/ko/portugal-visa-extension,ko,www2/ko/portugal-visa-extension.html,2,51,9.1,"Historique GSC : 2 clics, 51 impressions",KEEP
/ko/portugal-visa-requirements,ko,www2/ko/portugal-visa-requirements.html,4,89,6.38,"Historique GSC : 4 clics, 89 impressions",KEEP
/ko/singapore-visa-extension,ko,www2/ko/singapore-visa-extension.html,5,286,9.87,"Historique GSC : 5 clics, 286 impressions",KEEP
/ko/singapore-visa-for-russian-citizens,ko,www2/ko/singapore-visa-for-russian-citizens.html,8,1510,8.01,"Historique GSC : 8 clics, 1510 impressions",KEEP
/ko/singapore-visa-for-turkish-citizens,ko,www2/ko/singapore-visa-for-turkish-citizens.html,3,249,6.82,"Historique GSC : 3 clics, 249 impressions",KEEP
/ko/singapore-visa-processing-time,ko,www2/ko/singapore-visa-processing-time.html,2,25,7.32,"Historique GSC : 2 clics, 25 impressions",KEEP
/ko/sri-lanka-visa-fees,ko,www2/ko/sri-lanka-visa-fees.html,2,46,8.17,"Historique GSC : 2 clics, 46 impressions",KEEP
/ko/sweden-visa-processing-time,ko,www2/ko/sweden-visa-processing-time.html,2,18,7.61,"Historique GSC : 2 clics, 18 impressions",KEEP
/ko/taiwan-visa-extension,ko,www2/ko/taiwan-visa-extension.html,3,96,6.75,"Historique GSC : 3 clics, 96 impressions",KEEP
/ko/taiwan-visa-for-mexican-citizens,ko,www2/ko/taiwan-visa-for-mexican-citizens.html,4,129,8.82,"Historique GSC : 4 clics, 129 impressions",KEEP
/ko/turkey-visa-fees,ko,www2/ko/turkey-visa-fees.html,2,38,6.05,"Historique GSC : 2 clics, 38 impressions",KEEP
/ko/usa-visa-processing-time,ko,www2/ko/usa-visa-processing-time.html,10,179,7.95,"Historique GSC : 10 clics, 179 impressions",KEEP
/ko/visa-andorra,ko,www2/ko/visa-andorra.html,0,0,0,Hub destination ou guide expat : socle du corpus,KEEP
/ko/visa-angola,ko,www2/ko/visa-angola.html,0,0,0,Hub destination ou guide expat : socle du corpus,KEEP
/ko/visa-argentina,ko,www2/ko/visa-argentina.html,0,0,0,Hub destination ou guide expat : socle du corpus,KEEP
/ko/visa-australia,ko,www2/ko/visa-australia.html,0,0,0,Hub destination ou guide expat : socle du corpus,KEEP
/ko/visa-austria,ko,www2/ko/visa-austria.html,2,158,14.88,"Historique GSC : 2 clics, 158 impressions",KEEP
/ko/visa-bahamas,ko,www2/ko/visa-bahamas.html,0,0,0,Hub destination ou guide expat : socle du corpus,KEEP
/ko/visa-bahrain,ko,www2/ko/visa-bahrain.html,0,0,0,Hub destination ou guide expat : socle du corpus,KEEP
/ko/visa-belgium,ko,www2/ko/visa-belgium.html,4,232,8.44,"Historique GSC : 4 clics, 232 impressions",KEEP
/ko/visa-belize,ko,www2/ko/visa-belize.html,0,0,0,Hub destination ou guide expat : socle du corpus,KEEP
/ko/visa-bermuda,ko,www2/ko/visa-bermuda.html,0,0,0,Hub destination ou guide expat : socle du corpus,KEEP
/ko/visa-bhutan,ko,www2/ko/visa-bhutan.html,0,0,0,Hub destination ou guide expat : socle du corpus,KEEP
/ko/visa-brazil,ko,www2/ko/visa-brazil.html,0,0,0,Hub destination ou guide expat : socle du corpus,KEEP
/ko/visa-brunei,ko,www2/ko/visa-brunei.html,0,0,0,Hub destination ou guide expat : socle du corpus,KEEP
/ko/visa-bulgaria,ko,www2/ko/visa-bulgaria.html,0,0,0,Hub destination ou guide expat : socle du corpus,KEEP
/ko/visa-cambodia,ko,www2/ko/visa-cambodia.html,0,0,0,Hub destination ou guide expat : socle du corpus,KEEP
/ko/visa-canada,ko,www2/ko/visa-canada.html,0,0,0,Hub destination ou guide expat : socle du corpus,KEEP
/ko/visa-cape-verde,ko,www2/ko/visa-cape-verde.html,0,0,0,Hub destination ou guide expat : socle du corpus,KEEP
/ko/visa-chile,ko,www2/ko/visa-chile.html,0,0,0,Hub destination ou guide expat : socle du corpus,KEEP
/ko/visa-china,ko,www2/ko/visa-china.html,0,0,0,Hub destination ou guide expat : socle du corpus,KEEP
/ko/visa-colombia,ko,www2/ko/visa-colombia.html,0,0,0,Hub destination ou guide expat : socle du corpus,KEEP
/ko/visa-cook-islands,ko,www2/ko/visa-cook-islands.html,0,0,0,Hub destination ou guide expat : socle du corpus,KEEP
/ko/visa-costa-rica,ko,www2/ko/visa-costa-rica.html,0,0,0,Hub destination ou guide expat : socle du corpus,KEEP
/ko/visa-croatia,ko,www2/ko/visa-croatia.html,2,160,12.15,"Historique GSC : 2 clics, 160 impressions",KEEP
/ko/visa-cyprus,ko,www2/ko/visa-cyprus.html,0,0,0,Hub destination ou guide expat : socle du corpus,KEEP
/ko/visa-czech-republic,ko,www2/ko/visa-czech-republic.html,2,315,9.9,"Historique GSC : 2 clics, 315 impressions",KEEP
/ko/visa-denmark,ko,www2/ko/visa-denmark.html,0,0,0,Hub destination ou guide expat : socle du corpus,KEEP
/ko/visa-documents-checklist,ko,www2/ko/visa-documents-checklist.html,0,0,0,Hub destination ou guide expat : socle du corpus,KEEP
/ko/visa-ecuador,ko,www2/ko/visa-ecuador.html,0,0,0,Hub destination ou guide expat : socle du corpus,KEEP
/ko/visa-egypt,ko,www2/ko/visa-egypt.html,0,0,0,Hub destination ou guide expat : socle du corpus,KEEP
/ko/visa-fiji,ko,www2/ko/visa-fiji.html,0,0,0,Hub destination ou guide expat : socle du corpus,KEEP
/ko/visa-finland,ko,www2/ko/visa-finland.html,0,0,0,Hub destination ou guide expat : socle du corpus,KEEP
/ko/visa-france,ko,www2/ko/visa-france.html,0,0,0,Hub destination ou guide expat : socle du corpus,KEEP
/ko/visa-free-countries-australia-passport,ko,www2/ko/visa-free-countries-australia-passport.html,0,0,0,Hub destination ou guide expat : socle du corpus,KEEP
/ko/visa-free-countries-brazil-passport,ko,www2/ko/visa-free-countries-brazil-passport.html,0,0,0,Hub destination ou guide expat : socle du corpus,KEEP
/ko/visa-free-countries-canada-passport,ko,www2/ko/visa-free-countries-canada-passport.html,0,0,0,Hub destination ou guide expat : socle du corpus,KEEP
/ko/visa-free-countries-china-passport,ko,www2/ko/visa-free-countries-china-passport.html,0,0,0,Hub destination ou guide expat : socle du corpus,KEEP
/ko/visa-free-countries-eu-passport,ko,www2/ko/visa-free-countries-eu-passport.html,0,0,0,Hub destination ou guide expat : socle du corpus,KEEP
/ko/visa-free-countries-india-passport,ko,www2/ko/visa-free-countries-india-passport.html,0,0,0,Hub destination ou guide expat : socle du corpus,KEEP
/ko/visa-free-countries-japan-passport,ko,www2/ko/visa-free-countries-japan-passport.html,3,2246,10.75,"Historique GSC : 3 clics, 2246 impressions",KEEP
/ko/visa-free-countries-uae-passport,ko,www2/ko/visa-free-countries-uae-passport.html,0,0,0,Hub destination ou guide expat : socle du corpus,KEEP
/ko/visa-free-countries-uk-passport,ko,www2/ko/visa-free-countries-uk-passport.html,0,0,0,Hub destination ou guide expat : socle du corpus,KEEP
/ko/visa-free-countries-us-passport,ko,www2/ko/visa-free-countries-us-passport.html,0,0,0,Hub destination ou guide expat : socle du corpus,KEEP
/ko/visa-georgia,ko,www2/ko/visa-georgia.html,0,0,0,Hub destination ou guide expat : socle du corpus,KEEP
/ko/visa-germany,ko,www2/ko/visa-germany.html,0,0,0,Hub destination ou guide expat : socle du corpus,KEEP
/ko/visa-greece,ko,www2/ko/visa-greece.html,0,0,0,Hub destination ou guide expat : socle du corpus,KEEP
/ko/visa-guatemala,ko,www2/ko/visa-guatemala.html,4,58,7.22,"Historique GSC : 4 clics, 58 impressions",KEEP
/ko/visa-hong-kong,ko,www2/ko/visa-hong-kong.html,2,204,29.89,"Historique GSC : 2 clics, 204 impressions",KEEP
/ko/visa-hungary,ko,www2/ko/visa-hungary.html,5,273,9.33,"Historique GSC : 5 clics, 273 impressions",KEEP
/ko/visa-iceland,ko,www2/ko/visa-iceland.html,0,0,0,Hub destination ou guide expat : socle du corpus,KEEP
/ko/visa-india,ko,www2/ko/visa-india.html,7,400,12.88,"Historique GSC : 7 clics, 400 impressions",KEEP
/ko/visa-indonesia,ko,www2/ko/visa-indonesia.html,0,0,0,Hub destination ou guide expat : socle du corpus,KEEP
/ko/visa-iran,ko,www2/ko/visa-iran.html,0,0,0,Hub destination ou guide expat : socle du corpus,KEEP
/ko/visa-iraq,ko,www2/ko/visa-iraq.html,2,14,5.36,"Historique GSC : 2 clics, 14 impressions",KEEP
/ko/visa-ireland,ko,www2/ko/visa-ireland.html,0,0,0,Hub destination ou guide expat : socle du corpus,KEEP
/ko/visa-israel,ko,www2/ko/visa-israel.html,0,0,0,Hub destination ou guide expat : socle du corpus,KEEP
/ko/visa-italy,ko,www2/ko/visa-italy.html,3,330,9.29,"Historique GSC : 3 clics, 330 impressions",KEEP
/ko/visa-japan,ko,www2/ko/visa-japan.html,2,213,29.0,"Historique GSC : 2 clics, 213 impressions",KEEP
/ko/visa-jordan,ko,www2/ko/visa-jordan.html,1,663,29.32,"Historique GSC : 1 clics, 663 impressions",KEEP
/ko/visa-kuwait,ko,www2/ko/visa-kuwait.html,0,0,0,Hub destination ou guide expat : socle du corpus,KEEP
/ko/visa-laos,ko,www2/ko/visa-laos.html,0,0,0,Hub destination ou guide expat : socle du corpus,KEEP
/ko/visa-liechtenstein,ko,www2/ko/visa-liechtenstein.html,0,0,0,Hub destination ou guide expat : socle du corpus,KEEP
/ko/visa-luxembourg,ko,www2/ko/visa-luxembourg.html,0,0,0,Hub destination ou guide expat : socle du corpus,KEEP
/ko/visa-macau,ko,www2/ko/visa-macau.html,0,0,0,Hub destination ou guide expat : socle du corpus,KEEP
/ko/visa-malaysia,ko,www2/ko/visa-malaysia.html,8,714,8.63,"Historique GSC : 8 clics, 714 impressions",KEEP
/ko/visa-maldives,ko,www2/ko/visa-maldives.html,0,0,0,Hub destination ou guide expat : socle du corpus,KEEP
/ko/visa-mexico,ko,www2/ko/visa-mexico.html,4,173,9.06,"Historique GSC : 4 clics, 173 impressions",KEEP
/ko/visa-moldova,ko,www2/ko/visa-moldova.html,0,0,0,Hub destination ou guide expat : socle du corpus,KEEP
/ko/visa-myanmar,ko,www2/ko/visa-myanmar.html,0,0,0,Hub destination ou guide expat : socle du corpus,KEEP
/ko/visa-nepal,ko,www2/ko/visa-nepal.html,0,0,0,Hub destination ou guide expat : socle du corpus,KEEP
/ko/visa-netherlands,ko,www2/ko/visa-netherlands.html,0,0,0,Hub destination ou guide expat : socle du corpus,KEEP
/ko/visa-new-zealand,ko,www2/ko/visa-new-zealand.html,0,0,0,Hub destination ou guide expat : socle du corpus,KEEP
/ko/visa-nicaragua,ko,www2/ko/visa-nicaragua.html,0,0,0,Hub destination ou guide expat : socle du corpus,KEEP
/ko/visa-norway,ko,www2/ko/visa-norway.html,0,0,0,Hub destination ou guide expat : socle du corpus,KEEP
/ko/visa-oman,ko,www2/ko/visa-oman.html,0,0,0,Hub destination ou guide expat : socle du corpus,KEEP
/ko/visa-panama,ko,www2/ko/visa-panama.html,0,0,0,Hub destination ou guide expat : socle du corpus,KEEP
/ko/visa-peru,ko,www2/ko/visa-peru.html,0,0,0,Hub destination ou guide expat : socle du corpus,KEEP
/ko/visa-philippines,ko,www2/ko/visa-philippines.html,0,0,0,Hub destination ou guide expat : socle du corpus,KEEP
/ko/visa-photo-requirements,ko,www2/ko/visa-photo-requirements.html,0,0,0,Hub destination ou guide expat : socle du corpus,KEEP
/ko/visa-poland,ko,www2/ko/visa-poland.html,0,0,0,Hub destination ou guide expat : socle du corpus,KEEP
/ko/visa-portugal,ko,www2/ko/visa-portugal.html,5,572,9.04,"Historique GSC : 5 clics, 572 impressions",KEEP
/ko/visa-processing-times,ko,www2/ko/visa-processing-times.html,0,0,0,Hub destination ou guide expat : socle du corpus,KEEP
/ko/visa-qatar,ko,www2/ko/visa-qatar.html,2,143,7.76,"Historique GSC : 2 clics, 143 impressions",KEEP
/ko/visa-rejection-reasons,ko,www2/ko/visa-rejection-reasons.html,0,0,0,Hub destination ou guide expat : socle du corpus,KEEP
/ko/visa-result,ko,www2/ko/visa-result.html,0,0,0,Hub destination ou guide expat : socle du corpus,KEEP
/ko/visa-romania,ko,www2/ko/visa-romania.html,3,162,29.8,"Historique GSC : 3 clics, 162 impressions",KEEP
/ko/visa-samoa,ko,www2/ko/visa-samoa.html,0,0,0,Hub destination ou guide expat : socle du corpus,KEEP
/ko/visa-saudi-arabia,ko,www2/ko/visa-saudi-arabia.html,0,0,0,Hub destination ou guide expat : socle du corpus,KEEP
/ko/visa-singapore,ko,www2/ko/visa-singapore.html,0,0,0,Hub destination ou guide expat : socle du corpus,KEEP
/ko/visa-slovakia,ko,www2/ko/visa-slovakia.html,0,0,0,Hub destination ou guide expat : socle du corpus,KEEP
/ko/visa-slovenia,ko,www2/ko/visa-slovenia.html,0,0,0,Hub destination ou guide expat : socle du corpus,KEEP
/ko/visa-south-korea,ko,www2/ko/visa-south-korea.html,0,0,0,Hub destination ou guide expat : socle du corpus,KEEP
/ko/visa-spain,ko,www2/ko/visa-spain.html,2,191,15.69,"Historique GSC : 2 clics, 191 impressions",KEEP
/ko/visa-sri-lanka,ko,www2/ko/visa-sri-lanka.html,2,114,11.86,"Historique GSC : 2 clics, 114 impressions",KEEP
/ko/visa-sweden,ko,www2/ko/visa-sweden.html,2,175,11.37,"Historique GSC : 2 clics, 175 impressions",KEEP
/ko/visa-switzerland,ko,www2/ko/visa-switzerland.html,0,0,0,Hub destination ou guide expat : socle du corpus,KEEP
/ko/visa-taiwan,ko,www2/ko/visa-taiwan.html,0,0,0,Hub destination ou guide expat : socle du corpus,KEEP
/ko/visa-thailand,ko,www2/ko/visa-thailand.html,5,407,14.36,"Historique GSC : 5 clics, 407 impressions",KEEP
/ko/visa-tonga,ko,www2/ko/visa-tonga.html,0,0,0,Hub destination ou guide expat : socle du corpus,KEEP
/ko/visa-turkey,ko,www2/ko/visa-turkey.html,0,0,0,Hub destination ou guide expat : socle du corpus,KEEP
/ko/visa-uae,ko,www2/ko/visa-uae.html,2,256,9.22,"Historique GSC : 2 clics, 256 impressions",KEEP
/ko/visa-ukraine,ko,www2/ko/visa-ukraine.html,0,0,0,Hub destination ou guide expat : socle du corpus,KEEP
/ko/visa-united-kingdom,ko,www2/ko/visa-united-kingdom.html,0,0,0,Hub destination ou guide expat : socle du corpus,KEEP
/ko/visa-uruguay,ko,www2/ko/visa-uruguay.html,0,0,0,Hub destination ou guide expat : socle du corpus,KEEP
/ko/visa-usa,ko,www2/ko/visa-usa.html,0,0,0,Hub destination ou guide expat : socle du corpus,KEEP
/ko/visa-venezuela,ko,www2/ko/visa-venezuela.html,0,0,0,Hub destination ou guide expat : socle du corpus,KEEP
/ko/visa-vietnam,ko,www2/ko/visa-vietnam.html,0,0,0,Hub destination ou guide expat : socle du corpus,KEEP
/pt/argentina-visa-for-chinese-citizens,pt,www2/pt/argentina-visa-for-chinese-citizens.html,4,73,6.22,"Historique GSC : 4 clics, 73 impressions",KEEP
/pt/argentina-visa-for-indonesian-citizens,pt,www2/pt/argentina-visa-for-indonesian-citizens.html,2,5,38.0,"Historique GSC : 2 clics, 5 impressions",KEEP
/pt/aviso-legal,pt,www2/pt/aviso-legal.html,0,0,0,Page utilitaire a conserver en noindex,KEEP_NOINDEX
/pt/belgium-visa-processing-time,pt,www2/pt/belgium-visa-processing-time.html,2,94,10.01,"Historique GSC : 2 clics, 94 impressions",KEEP
/pt/brazil-visa-extension,pt,www2/pt/brazil-visa-extension.html,3,177,8.85,"Historique GSC : 3 clics, 177 impressions",KEEP
/pt/brazil-visa-for-german-citizens,pt,www2/pt/brazil-visa-for-german-citizens.html,4,135,6.63,"Historique GSC : 4 clics, 135 impressions",KEEP
/pt/brazil-visa-for-philippine-citizens,pt,www2/pt/brazil-visa-for-philippine-citizens.html,2,94,7.71,"Historique GSC : 2 clics, 94 impressions",KEEP
/pt/brazil-visa-for-russian-citizens,pt,www2/pt/brazil-visa-for-russian-citizens.html,2,181,9.32,"Historique GSC : 2 clics, 181 impressions",KEEP
/pt/brazil-visa-for-turkish-citizens,pt,www2/pt/brazil-visa-for-turkish-citizens.html,2,163,6.4,"Historique GSC : 2 clics, 163 impressions",KEEP
/pt/china-visa-for-argentinian-citizens,pt,www2/pt/china-visa-for-argentinian-citizens.html,2,13,6.46,"Historique GSC : 2 clics, 13 impressions",KEEP
/pt/colombia-visa-for-french-citizens,pt,www2/pt/colombia-visa-for-french-citizens.html,2,11,3.73,"Historique GSC : 2 clics, 11 impressions",KEEP
/pt/colombia-visa-processing-time,pt,www2/pt/colombia-visa-processing-time.html,2,23,11.43,"Historique GSC : 2 clics, 23 impressions",KEEP
/pt/croatia-visa-processing-time,pt,www2/pt/croatia-visa-processing-time.html,2,145,14.76,"Historique GSC : 2 clics, 145 impressions",KEEP
/pt/expat-guide-argentina,pt,www2/pt/expat-guide-argentina.html,0,0,0,Hub destination ou guide expat : socle du corpus,KEEP
/pt/expat-guide-brazil,pt,www2/pt/expat-guide-brazil.html,0,0,0,Hub destination ou guide expat : socle du corpus,KEEP
/pt/expat-guide-cambodia,pt,www2/pt/expat-guide-cambodia.html,0,0,0,Hub destination ou guide expat : socle du corpus,KEEP
/pt/expat-guide-colombia,pt,www2/pt/expat-guide-colombia.html,0,0,0,Hub destination ou guide expat : socle du corpus,KEEP
/pt/expat-guide-costa-rica,pt,www2/pt/expat-guide-costa-rica.html,0,0,0,Hub destination ou guide expat : socle du corpus,KEEP
/pt/expat-guide-croatia,pt,www2/pt/expat-guide-croatia.html,0,0,0,Hub destination ou guide expat : socle du corpus,KEEP
/pt/expat-guide-cyprus,pt,www2/pt/expat-guide-cyprus.html,0,0,0,Hub destination ou guide expat : socle du corpus,KEEP
/pt/expat-guide-ecuador,pt,www2/pt/expat-guide-ecuador.html,0,0,0,Hub destination ou guide expat : socle du corpus,KEEP
/pt/expat-guide-estonia,pt,www2/pt/expat-guide-estonia.html,0,0,0,Hub destination ou guide expat : socle du corpus,KEEP
/pt/expat-guide-france,pt,www2/pt/expat-guide-france.html,0,0,0,Hub destination ou guide expat : socle du corpus,KEEP
/pt/expat-guide-georgia,pt,www2/pt/expat-guide-georgia.html,0,0,0,Hub destination ou guide expat : socle du corpus,KEEP
/pt/expat-guide-germany,pt,www2/pt/expat-guide-germany.html,0,0,0,Hub destination ou guide expat : socle du corpus,KEEP
/pt/expat-guide-greece,pt,www2/pt/expat-guide-greece.html,0,0,0,Hub destination ou guide expat : socle du corpus,KEEP
/pt/expat-guide-indonesia,pt,www2/pt/expat-guide-indonesia.html,0,0,0,Hub destination ou guide expat : socle du corpus,KEEP
/pt/expat-guide-italy,pt,www2/pt/expat-guide-italy.html,0,0,0,Hub destination ou guide expat : socle du corpus,KEEP
/pt/expat-guide-japan,pt,www2/pt/expat-guide-japan.html,0,0,0,Hub destination ou guide expat : socle du corpus,KEEP
/pt/expat-guide-laos,pt,www2/pt/expat-guide-laos.html,0,0,0,Hub destination ou guide expat : socle du corpus,KEEP
/pt/expat-guide-malaysia,pt,www2/pt/expat-guide-malaysia.html,0,0,0,Hub destination ou guide expat : socle du corpus,KEEP
/pt/expat-guide-malta,pt,www2/pt/expat-guide-malta.html,0,0,0,Hub destination ou guide expat : socle du corpus,KEEP
/pt/expat-guide-mauritius,pt,www2/pt/expat-guide-mauritius.html,0,0,0,Hub destination ou guide expat : socle du corpus,KEEP
/pt/expat-guide-mexico,pt,www2/pt/expat-guide-mexico.html,0,0,0,Hub destination ou guide expat : socle du corpus,KEEP
/pt/expat-guide-panama,pt,www2/pt/expat-guide-panama.html,0,0,0,Hub destination ou guide expat : socle du corpus,KEEP
/pt/expat-guide-paraguay,pt,www2/pt/expat-guide-paraguay.html,0,0,0,Hub destination ou guide expat : socle du corpus,KEEP
/pt/expat-guide-philippines,pt,www2/pt/expat-guide-philippines.html,0,0,0,Hub destination ou guide expat : socle du corpus,KEEP
/pt/expat-guide-portugal,pt,www2/pt/expat-guide-portugal.html,0,0,0,Hub destination ou guide expat : socle du corpus,KEEP
/pt/expat-guide-singapore,pt,www2/pt/expat-guide-singapore.html,0,0,0,Hub destination ou guide expat : socle du corpus,KEEP
/pt/expat-guide-south-korea,pt,www2/pt/expat-guide-south-korea.html,0,0,0,Hub destination ou guide expat : socle du corpus,KEEP
/pt/expat-guide-spain,pt,www2/pt/expat-guide-spain.html,0,0,0,Hub destination ou guide expat : socle du corpus,KEEP
/pt/expat-guide-taiwan,pt,www2/pt/expat-guide-taiwan.html,0,0,0,Hub destination ou guide expat : socle du corpus,KEEP
/pt/expat-guide-thailand,pt,www2/pt/expat-guide-thailand.html,0,0,0,Hub destination ou guide expat : socle du corpus,KEEP
/pt/expat-guide-uae,pt,www2/pt/expat-guide-uae.html,0,0,0,Hub destination ou guide expat : socle du corpus,KEEP
/pt/expat-guide-vietnam,pt,www2/pt/expat-guide-vietnam.html,0,0,0,Hub destination ou guide expat : socle du corpus,KEEP
/pt/france-visa-extension,pt,www2/pt/france-visa-extension.html,6,70,9.13,"Historique GSC : 6 clics, 70 impressions",KEEP
/pt/hungary-visa-processing-time,pt,www2/pt/hungary-visa-processing-time.html,2,390,9.22,"Historique GSC : 2 clics, 390 impressions",KEEP
/pt/indonesia-visa-processing-time,pt,www2/pt/indonesia-visa-processing-time.html,2,137,8.23,"Historique GSC : 2 clics, 137 impressions",KEEP
/pt/ireland-visa-for-indian-citizens,pt,www2/pt/ireland-visa-for-indian-citizens.html,2,20,9.75,"Historique GSC : 2 clics, 20 impressions",KEEP
/pt/ireland-visa-for-us-citizens,pt,www2/pt/ireland-visa-for-us-citizens.html,2,20,15.8,"Historique GSC : 2 clics, 20 impressions",KEEP
/pt/maldives-visa-fees,pt,www2/pt/maldives-visa-fees.html,3,630,10.87,"Historique GSC : 3 clics, 630 impressions",KEEP
/pt/mexico-visa-for-german-citizens,pt,www2/pt/mexico-visa-for-german-citizens.html,2,40,6.1,"Historique GSC : 2 clics, 40 impressions",KEEP
/pt/mexico-visa-processing-time,pt,www2/pt/mexico-visa-processing-time.html,3,119,8.48,"Historique GSC : 3 clics, 119 impressions",KEEP
/pt/portugal-visa-for-indian-citizens,pt,www2/pt/portugal-visa-for-indian-citizens.html,2,57,7.77,"Historique GSC : 2 clics, 57 impressions",KEEP
/pt/portugal-visa-for-russian-citizens,pt,www2/pt/portugal-visa-for-russian-citizens.html,2,93,5.6,"Historique GSC : 2 clics, 93 impressions",KEEP
/pt/portugal-visa-processing-time,pt,www2/pt/portugal-visa-processing-time.html,4,163,21.44,"Historique GSC : 4 clics, 163 impressions",KEEP
/pt/qatar-visa-for-brazilian-citizens,pt,www2/pt/qatar-visa-for-brazilian-citizens.html,2,215,11.67,"Historique GSC : 2 clics, 215 impressions",KEEP
/pt/spain-visa-for-canadian-citizens,pt,www2/pt/spain-visa-for-canadian-citizens.html,2,28,6.18,"Historique GSC : 2 clics, 28 impressions",KEEP
/pt/spain-visa-for-indian-citizens,pt,www2/pt/spain-visa-for-indian-citizens.html,2,18,3.28,"Historique GSC : 2 clics, 18 impressions",KEEP
/pt/turkey-visa-for-french-citizens,pt,www2/pt/turkey-visa-for-french-citizens.html,2,14,6.5,"Historique GSC : 2 clics, 14 impressions",KEEP
/pt/visa-andorra,pt,www2/pt/visa-andorra.html,0,0,0,Hub destination ou guide expat : socle du corpus,KEEP
/pt/visa-angola,pt,www2/pt/visa-angola.html,2,25,8.12,"Historique GSC : 2 clics, 25 impressions",KEEP
/pt/visa-argentina,pt,www2/pt/visa-argentina.html,0,0,0,Hub destination ou guide expat : socle du corpus,KEEP
/pt/visa-australia,pt,www2/pt/visa-australia.html,0,0,0,Hub destination ou guide expat : socle du corpus,KEEP
/pt/visa-austria,pt,www2/pt/visa-austria.html,0,0,0,Hub destination ou guide expat : socle du corpus,KEEP
/pt/visa-bahamas,pt,www2/pt/visa-bahamas.html,0,0,0,Hub destination ou guide expat : socle du corpus,KEEP
/pt/visa-bahrain,pt,www2/pt/visa-bahrain.html,0,0,0,Hub destination ou guide expat : socle du corpus,KEEP
/pt/visa-belgium,pt,www2/pt/visa-belgium.html,3,368,8.86,"Historique GSC : 3 clics, 368 impressions",KEEP
/pt/visa-belize,pt,www2/pt/visa-belize.html,0,0,0,Hub destination ou guide expat : socle du corpus,KEEP
/pt/visa-bermuda,pt,www2/pt/visa-bermuda.html,0,0,0,Hub destination ou guide expat : socle du corpus,KEEP
/pt/visa-bhutan,pt,www2/pt/visa-bhutan.html,0,0,0,Hub destination ou guide expat : socle du corpus,KEEP
/pt/visa-brazil,pt,www2/pt/visa-brazil.html,3,569,9.88,"Historique GSC : 3 clics, 569 impressions",KEEP
/pt/visa-brunei,pt,www2/pt/visa-brunei.html,0,0,0,Hub destination ou guide expat : socle du corpus,KEEP
/pt/visa-bulgaria,pt,www2/pt/visa-bulgaria.html,0,0,0,Hub destination ou guide expat : socle du corpus,KEEP
/pt/visa-cambodia,pt,www2/pt/visa-cambodia.html,3,126,11.15,"Historique GSC : 3 clics, 126 impressions",KEEP
/pt/visa-canada,pt,www2/pt/visa-canada.html,0,0,0,Hub destination ou guide expat : socle du corpus,KEEP
/pt/visa-cape-verde,pt,www2/pt/visa-cape-verde.html,0,0,0,Hub destination ou guide expat : socle du corpus,KEEP
/pt/visa-chile,pt,www2/pt/visa-chile.html,0,0,0,Hub destination ou guide expat : socle du corpus,KEEP
/pt/visa-china,pt,www2/pt/visa-china.html,0,0,0,Hub destination ou guide expat : socle du corpus,KEEP
/pt/visa-colombia,pt,www2/pt/visa-colombia.html,0,0,0,Hub destination ou guide expat : socle du corpus,KEEP
/pt/visa-cook-islands,pt,www2/pt/visa-cook-islands.html,0,0,0,Hub destination ou guide expat : socle du corpus,KEEP
/pt/visa-costa-rica,pt,www2/pt/visa-costa-rica.html,3,194,13.07,"Historique GSC : 3 clics, 194 impressions",KEEP
/pt/visa-croatia,pt,www2/pt/visa-croatia.html,0,0,0,Hub destination ou guide expat : socle du corpus,KEEP
/pt/visa-cyprus,pt,www2/pt/visa-cyprus.html,0,0,0,Hub destination ou guide expat : socle du corpus,KEEP
/pt/visa-czech-republic,pt,www2/pt/visa-czech-republic.html,2,170,13.39,"Historique GSC : 2 clics, 170 impressions",KEEP
/pt/visa-denmark,pt,www2/pt/visa-denmark.html,0,0,0,Hub destination ou guide expat : socle du corpus,KEEP
/pt/visa-documents-checklist,pt,www2/pt/visa-documents-checklist.html,0,0,0,Hub destination ou guide expat : socle du corpus,KEEP
/pt/visa-ecuador,pt,www2/pt/visa-ecuador.html,0,0,0,Hub destination ou guide expat : socle du corpus,KEEP
/pt/visa-egypt,pt,www2/pt/visa-egypt.html,0,0,0,Hub destination ou guide expat : socle du corpus,KEEP
/pt/visa-fiji,pt,www2/pt/visa-fiji.html,0,0,0,Hub destination ou guide expat : socle du corpus,KEEP
/pt/visa-finland,pt,www2/pt/visa-finland.html,0,0,0,Hub destination ou guide expat : socle du corpus,KEEP
/pt/visa-france,pt,www2/pt/visa-france.html,0,0,0,Hub destination ou guide expat : socle du corpus,KEEP
/pt/visa-free-countries-australia-passport,pt,www2/pt/visa-free-countries-australia-passport.html,0,0,0,Hub destination ou guide expat : socle du corpus,KEEP
/pt/visa-free-countries-brazil-passport,pt,www2/pt/visa-free-countries-brazil-passport.html,0,0,0,Hub destination ou guide expat : socle du corpus,KEEP
/pt/visa-free-countries-canada-passport,pt,www2/pt/visa-free-countries-canada-passport.html,3,137,7.25,"Historique GSC : 3 clics, 137 impressions",KEEP
/pt/visa-free-countries-china-passport,pt,www2/pt/visa-free-countries-china-passport.html,0,0,0,Hub destination ou guide expat : socle du corpus,KEEP
/pt/visa-free-countries-eu-passport,pt,www2/pt/visa-free-countries-eu-passport.html,0,0,0,Hub destination ou guide expat : socle du corpus,KEEP
/pt/visa-free-countries-india-passport,pt,www2/pt/visa-free-countries-india-passport.html,0,0,0,Hub destination ou guide expat : socle du corpus,KEEP
/pt/visa-free-countries-japan-passport,pt,www2/pt/visa-free-countries-japan-passport.html,0,0,0,Hub destination ou guide expat : socle du corpus,KEEP
/pt/visa-free-countries-uae-passport,pt,www2/pt/visa-free-countries-uae-passport.html,0,0,0,Hub destination ou guide expat : socle du corpus,KEEP
/pt/visa-free-countries-uk-passport,pt,www2/pt/visa-free-countries-uk-passport.html,0,0,0,Hub destination ou guide expat : socle du corpus,KEEP
/pt/visa-free-countries-us-passport,pt,www2/pt/visa-free-countries-us-passport.html,0,0,0,Hub destination ou guide expat : socle du corpus,KEEP
/pt/visa-georgia,pt,www2/pt/visa-georgia.html,0,0,0,Hub destination ou guide expat : socle du corpus,KEEP
/pt/visa-germany,pt,www2/pt/visa-germany.html,0,0,0,Hub destination ou guide expat : socle du corpus,KEEP
/pt/visa-greece,pt,www2/pt/visa-greece.html,0,0,0,Hub destination ou guide expat : socle du corpus,KEEP
/pt/visa-guatemala,pt,www2/pt/visa-guatemala.html,0,0,0,Hub destination ou guide expat : socle du corpus,KEEP
/pt/visa-hong-kong,pt,www2/pt/visa-hong-kong.html,0,0,0,Hub destination ou guide expat : socle du corpus,KEEP
/pt/visa-hungary,pt,www2/pt/visa-hungary.html,8,474,8.03,"Historique GSC : 8 clics, 474 impressions",KEEP
/pt/visa-iceland,pt,www2/pt/visa-iceland.html,0,0,0,Hub destination ou guide expat : socle du corpus,KEEP
/pt/visa-india,pt,www2/pt/visa-india.html,0,0,0,Hub destination ou guide expat : socle du corpus,KEEP
/pt/visa-indonesia,pt,www2/pt/visa-indonesia.html,0,0,0,Hub destination ou guide expat : socle du corpus,KEEP
/pt/visa-iran,pt,www2/pt/visa-iran.html,0,0,0,Hub destination ou guide expat : socle du corpus,KEEP
/pt/visa-iraq,pt,www2/pt/visa-iraq.html,0,0,0,Hub destination ou guide expat : socle du corpus,KEEP
/pt/visa-ireland,pt,www2/pt/visa-ireland.html,0,0,0,Hub destination ou guide expat : socle du corpus,KEEP
/pt/visa-israel,pt,www2/pt/visa-israel.html,0,0,0,Hub destination ou guide expat : socle du corpus,KEEP
/pt/visa-italy,pt,www2/pt/visa-italy.html,0,0,0,Hub destination ou guide expat : socle du corpus,KEEP
/pt/visa-japan,pt,www2/pt/visa-japan.html,0,0,0,Hub destination ou guide expat : socle du corpus,KEEP
/pt/visa-jordan,pt,www2/pt/visa-jordan.html,0,0,0,Hub destination ou guide expat : socle du corpus,KEEP
/pt/visa-kuwait,pt,www2/pt/visa-kuwait.html,0,0,0,Hub destination ou guide expat : socle du corpus,KEEP
/pt/visa-laos,pt,www2/pt/visa-laos.html,0,0,0,Hub destination ou guide expat : socle du corpus,KEEP
/pt/visa-liechtenstein,pt,www2/pt/visa-liechtenstein.html,0,0,0,Hub destination ou guide expat : socle du corpus,KEEP
/pt/visa-luxembourg,pt,www2/pt/visa-luxembourg.html,0,0,0,Hub destination ou guide expat : socle du corpus,KEEP
/pt/visa-macau,pt,www2/pt/visa-macau.html,0,0,0,Hub destination ou guide expat : socle du corpus,KEEP
/pt/visa-malaysia,pt,www2/pt/visa-malaysia.html,1,817,9.12,"Historique GSC : 1 clics, 817 impressions",KEEP
/pt/visa-maldives,pt,www2/pt/visa-maldives.html,5,305,9.52,"Historique GSC : 5 clics, 305 impressions",KEEP
/pt/visa-mexico,pt,www2/pt/visa-mexico.html,0,0,0,Hub destination ou guide expat : socle du corpus,KEEP
/pt/visa-moldova,pt,www2/pt/visa-moldova.html,0,0,0,Hub destination ou guide expat : socle du corpus,KEEP
/pt/visa-myanmar,pt,www2/pt/visa-myanmar.html,0,0,0,Hub destination ou guide expat : socle du corpus,KEEP
/pt/visa-nepal,pt,www2/pt/visa-nepal.html,0,0,0,Hub destination ou guide expat : socle du corpus,KEEP
/pt/visa-netherlands,pt,www2/pt/visa-netherlands.html,0,0,0,Hub destination ou guide expat : socle du corpus,KEEP
/pt/visa-new-zealand,pt,www2/pt/visa-new-zealand.html,2,525,24.31,"Historique GSC : 2 clics, 525 impressions",KEEP
/pt/visa-nicaragua,pt,www2/pt/visa-nicaragua.html,0,0,0,Hub destination ou guide expat : socle du corpus,KEEP
/pt/visa-norway,pt,www2/pt/visa-norway.html,4,175,8.38,"Historique GSC : 4 clics, 175 impressions",KEEP
/pt/visa-oman,pt,www2/pt/visa-oman.html,0,0,0,Hub destination ou guide expat : socle du corpus,KEEP
/pt/visa-panama,pt,www2/pt/visa-panama.html,0,0,0,Hub destination ou guide expat : socle du corpus,KEEP
/pt/visa-peru,pt,www2/pt/visa-peru.html,0,0,0,Hub destination ou guide expat : socle du corpus,KEEP
/pt/visa-philippines,pt,www2/pt/visa-philippines.html,0,0,0,Hub destination ou guide expat : socle du corpus,KEEP
/pt/visa-photo-requirements,pt,www2/pt/visa-photo-requirements.html,0,0,0,Hub destination ou guide expat : socle du corpus,KEEP
/pt/visa-poland,pt,www2/pt/visa-poland.html,0,0,0,Hub destination ou guide expat : socle du corpus,KEEP
/pt/visa-portugal,pt,www2/pt/visa-portugal.html,0,0,0,Hub destination ou guide expat : socle du corpus,KEEP
/pt/visa-processing-times,pt,www2/pt/visa-processing-times.html,0,0,0,Hub destination ou guide expat : socle du corpus,KEEP
/pt/visa-qatar,pt,www2/pt/visa-qatar.html,0,0,0,Hub destination ou guide expat : socle du corpus,KEEP
/pt/visa-rejection-reasons,pt,www2/pt/visa-rejection-reasons.html,0,0,0,Hub destination ou guide expat : socle du corpus,KEEP
/pt/visa-result,pt,www2/pt/visa-result.html,0,0,0,Hub destination ou guide expat : socle du corpus,KEEP
/pt/visa-romania,pt,www2/pt/visa-romania.html,0,0,0,Hub destination ou guide expat : socle du corpus,KEEP
/pt/visa-samoa,pt,www2/pt/visa-samoa.html,0,0,0,Hub destination ou guide expat : socle du corpus,KEEP
/pt/visa-saudi-arabia,pt,www2/pt/visa-saudi-arabia.html,0,0,0,Hub destination ou guide expat : socle du corpus,KEEP
/pt/visa-singapore,pt,www2/pt/visa-singapore.html,0,0,0,Hub destination ou guide expat : socle du corpus,KEEP
/pt/visa-slovakia,pt,www2/pt/visa-slovakia.html,0,0,0,Hub destination ou guide expat : socle du corpus,KEEP
/pt/visa-slovenia,pt,www2/pt/visa-slovenia.html,0,0,0,Hub destination ou guide expat : socle du corpus,KEEP
/pt/visa-south-korea,pt,www2/pt/visa-south-korea.html,0,0,0,Hub destination ou guide expat : socle du corpus,KEEP
/pt/visa-spain,pt,www2/pt/visa-spain.html,10,502,12.52,"Historique GSC : 10 clics, 502 impressions",KEEP
/pt/visa-sri-lanka,pt,www2/pt/visa-sri-lanka.html,7,267,11.77,"Historique GSC : 7 clics, 267 impressions",KEEP
/pt/visa-sweden,pt,www2/pt/visa-sweden.html,0,0,0,Hub destination ou guide expat : socle du corpus,KEEP
/pt/visa-switzerland,pt,www2/pt/visa-switzerland.html,0,0,0,Hub destination ou guide expat : socle du corpus,KEEP
/pt/visa-taiwan,pt,www2/pt/visa-taiwan.html,0,0,0,Hub destination ou guide expat : socle du corpus,KEEP
/pt/visa-thailand,pt,www2/pt/visa-thailand.html,0,0,0,Hub destination ou guide expat : socle du corpus,KEEP
/pt/visa-tonga,pt,www2/pt/visa-tonga.html,0,0,0,Hub destination ou guide expat : socle du corpus,KEEP
/pt/visa-turkey,pt,www2/pt/visa-turkey.html,0,0,0,Hub destination ou guide expat : socle du corpus,KEEP
/pt/visa-uae,pt,www2/pt/visa-uae.html,3,290,17.53,"Historique GSC : 3 clics, 290 impressions",KEEP
/pt/visa-ukraine,pt,www2/pt/visa-ukraine.html,0,0,0,Hub destination ou guide expat : socle du corpus,KEEP
/pt/visa-united-kingdom,pt,www2/pt/visa-united-kingdom.html,0,0,0,Hub destination ou guide expat : socle du corpus,KEEP
/pt/visa-uruguay,pt,www2/pt/visa-uruguay.html,0,0,0,Hub destination ou guide expat : socle du corpus,KEEP
/pt/visa-usa,pt,www2/pt/visa-usa.html,0,0,0,Hub destination ou guide expat : socle du corpus,KEEP
/pt/visa-venezuela,pt,www2/pt/visa-venezuela.html,0,0,0,Hub destination ou guide expat : socle du corpus,KEEP
/pt/visa-vietnam,pt,www2/pt/visa-vietnam.html,0,0,0,Hub destination ou guide expat : socle du corpus,KEEP
/ru/argentina-visa-fees,ru,www2/ru/argentina-visa-fees.html,3,209,7.04,"Historique GSC : 3 clics, 209 impressions",KEEP
/ru/australia-visa-for-turkish-citizens,ru,www2/ru/australia-visa-for-turkish-citizens.html,2,158,9.15,"Historique GSC : 2 clics, 158 impressions",KEEP
/ru/belgium-visa-fees,ru,www2/ru/belgium-visa-fees.html,3,36,5.56,"Historique GSC : 3 clics, 36 impressions",KEEP
/ru/brazil-visa-processing-time,ru,www2/ru/brazil-visa-processing-time.html,3,79,9.91,"Historique GSC : 3 clics, 79 impressions",KEEP
/ru/cambodia-visa-extension,ru,www2/ru/cambodia-visa-extension.html,6,132,10.08,"Historique GSC : 6 clics, 132 impressions",KEEP
/ru/canada-visa-for-russian-citizens,ru,www2/ru/canada-visa-for-russian-citizens.html,4,368,7.63,"Historique GSC : 4 clics, 368 impressions",KEEP
/ru/cappadocia-visa-requirements,ru,www2/ru/cappadocia-visa-requirements.html,2,21,13.62,"Historique GSC : 2 clics, 21 impressions",KEEP
/ru/china-visa-for-french-citizens,ru,www2/ru/china-visa-for-french-citizens.html,2,48,3.08,"Historique GSC : 2 clics, 48 impressions",KEEP
/ru/colombia-visa-processing-time,ru,www2/ru/colombia-visa-processing-time.html,2,52,7.75,"Historique GSC : 2 clics, 52 impressions",KEEP
/ru/costa-rica-visa-extension,ru,www2/ru/costa-rica-visa-extension.html,2,8,2.38,"Historique GSC : 2 clics, 8 impressions",KEEP
/ru/denmark-visa-processing-time,ru,www2/ru/denmark-visa-processing-time.html,2,425,8.16,"Historique GSC : 2 clics, 425 impressions",KEEP
/ru/expat-guide-argentina,ru,www2/ru/expat-guide-argentina.html,0,0,0,Hub destination ou guide expat : socle du corpus,KEEP
/ru/expat-guide-brazil,ru,www2/ru/expat-guide-brazil.html,0,0,0,Hub destination ou guide expat : socle du corpus,KEEP
/ru/expat-guide-cambodia,ru,www2/ru/expat-guide-cambodia.html,0,0,0,Hub destination ou guide expat : socle du corpus,KEEP
/ru/expat-guide-colombia,ru,www2/ru/expat-guide-colombia.html,0,0,0,Hub destination ou guide expat : socle du corpus,KEEP
/ru/expat-guide-costa-rica,ru,www2/ru/expat-guide-costa-rica.html,0,0,0,Hub destination ou guide expat : socle du corpus,KEEP
/ru/expat-guide-croatia,ru,www2/ru/expat-guide-croatia.html,0,0,0,Hub destination ou guide expat : socle du corpus,KEEP
/ru/expat-guide-cyprus,ru,www2/ru/expat-guide-cyprus.html,0,0,0,Hub destination ou guide expat : socle du corpus,KEEP
/ru/expat-guide-ecuador,ru,www2/ru/expat-guide-ecuador.html,0,0,0,Hub destination ou guide expat : socle du corpus,KEEP
/ru/expat-guide-estonia,ru,www2/ru/expat-guide-estonia.html,0,0,0,Hub destination ou guide expat : socle du corpus,KEEP
/ru/expat-guide-france,ru,www2/ru/expat-guide-france.html,0,0,0,Hub destination ou guide expat : socle du corpus,KEEP
/ru/expat-guide-georgia,ru,www2/ru/expat-guide-georgia.html,0,0,0,Hub destination ou guide expat : socle du corpus,KEEP
/ru/expat-guide-germany,ru,www2/ru/expat-guide-germany.html,0,0,0,Hub destination ou guide expat : socle du corpus,KEEP
/ru/expat-guide-greece,ru,www2/ru/expat-guide-greece.html,0,0,0,Hub destination ou guide expat : socle du corpus,KEEP
/ru/expat-guide-indonesia,ru,www2/ru/expat-guide-indonesia.html,0,0,0,Hub destination ou guide expat : socle du corpus,KEEP
/ru/expat-guide-italy,ru,www2/ru/expat-guide-italy.html,0,0,0,Hub destination ou guide expat : socle du corpus,KEEP
/ru/expat-guide-japan,ru,www2/ru/expat-guide-japan.html,0,0,0,Hub destination ou guide expat : socle du corpus,KEEP
/ru/expat-guide-laos,ru,www2/ru/expat-guide-laos.html,0,0,0,Hub destination ou guide expat : socle du corpus,KEEP
/ru/expat-guide-malaysia,ru,www2/ru/expat-guide-malaysia.html,0,0,0,Hub destination ou guide expat : socle du corpus,KEEP
/ru/expat-guide-malta,ru,www2/ru/expat-guide-malta.html,0,0,0,Hub destination ou guide expat : socle du corpus,KEEP
/ru/expat-guide-mauritius,ru,www2/ru/expat-guide-mauritius.html,0,0,0,Hub destination ou guide expat : socle du corpus,KEEP
/ru/expat-guide-mexico,ru,www2/ru/expat-guide-mexico.html,0,0,0,Hub destination ou guide expat : socle du corpus,KEEP
/ru/expat-guide-panama,ru,www2/ru/expat-guide-panama.html,0,0,0,Hub destination ou guide expat : socle du corpus,KEEP
/ru/expat-guide-paraguay,ru,www2/ru/expat-guide-paraguay.html,0,0,0,Hub destination ou guide expat : socle du corpus,KEEP
/ru/expat-guide-philippines,ru,www2/ru/expat-guide-philippines.html,0,0,0,Hub destination ou guide expat : socle du corpus,KEEP
/ru/expat-guide-portugal,ru,www2/ru/expat-guide-portugal.html,0,0,0,Hub destination ou guide expat : socle du corpus,KEEP
/ru/expat-guide-singapore,ru,www2/ru/expat-guide-singapore.html,0,0,0,Hub destination ou guide expat : socle du corpus,KEEP
/ru/expat-guide-south-korea,ru,www2/ru/expat-guide-south-korea.html,0,0,0,Hub destination ou guide expat : socle du corpus,KEEP
/ru/expat-guide-spain,ru,www2/ru/expat-guide-spain.html,0,0,0,Hub destination ou guide expat : socle du corpus,KEEP
/ru/expat-guide-taiwan,ru,www2/ru/expat-guide-taiwan.html,0,0,0,Hub destination ou guide expat : socle du corpus,KEEP
/ru/expat-guide-thailand,ru,www2/ru/expat-guide-thailand.html,0,0,0,Hub destination ou guide expat : socle du corpus,KEEP
/ru/expat-guide-uae,ru,www2/ru/expat-guide-uae.html,0,0,0,Hub destination ou guide expat : socle du corpus,KEEP
/ru/expat-guide-vietnam,ru,www2/ru/expat-guide-vietnam.html,0,0,0,Hub destination ou guide expat : socle du corpus,KEEP
/ru/germany-visa-extension,ru,www2/ru/germany-visa-extension.html,5,544,27.62,"Historique GSC : 5 clics, 544 impressions",KEEP
/ru/greece-visa-for-turkish-citizens,ru,www2/ru/greece-visa-for-turkish-citizens.html,6,263,6.8,"Historique GSC : 6 clics, 263 impressions",KEEP
/ru/greece-visa-processing-time,ru,www2/ru/greece-visa-processing-time.html,8,243,15.23,"Historique GSC : 8 clics, 243 impressions",KEEP
/ru/hong-kong-visa-extension,ru,www2/ru/hong-kong-visa-extension.html,4,87,6.6,"Historique GSC : 4 clics, 87 impressions",KEEP
/ru/hong-kong-visa-fees,ru,www2/ru/hong-kong-visa-fees.html,2,50,7.9,"Historique GSC : 2 clics, 50 impressions",KEEP
/ru/hong-kong-visa-for-french-citizens,ru,www2/ru/hong-kong-visa-for-french-citizens.html,2,246,10.51,"Historique GSC : 2 clics, 246 impressions",KEEP
/ru/hong-kong-visa-for-russian-citizens,ru,www2/ru/hong-kong-visa-for-russian-citizens.html,2,555,7.8,"Historique GSC : 2 clics, 555 impressions",KEEP
/ru/hong-kong-visa-for-turkish-citizens,ru,www2/ru/hong-kong-visa-for-turkish-citizens.html,3,447,7.58,"Historique GSC : 3 clics, 447 impressions",KEEP
/ru/hong-kong-visa-processing-time,ru,www2/ru/hong-kong-visa-processing-time.html,3,1202,7.76,"Historique GSC : 3 clics, 1202 impressions",KEEP
/ru/india-visa-for-turkish-citizens,ru,www2/ru/india-visa-for-turkish-citizens.html,2,58,4.76,"Historique GSC : 2 clics, 58 impressions",KEEP
/ru/italy-visa-for-korean-citizens,ru,www2/ru/italy-visa-for-korean-citizens.html,2,497,7.69,"Historique GSC : 2 clics, 497 impressions",KEEP
/ru/italy-visa-for-russian-citizens,ru,www2/ru/italy-visa-for-russian-citizens.html,2,93,41.49,"Historique GSC : 2 clics, 93 impressions",KEEP
/ru/japan-visa-extension,ru,www2/ru/japan-visa-extension.html,2,94,7.2,"Historique GSC : 2 clics, 94 impressions",KEEP
/ru/japan-visa-for-brazilian-citizens,ru,www2/ru/japan-visa-for-brazilian-citizens.html,4,201,5.11,"Historique GSC : 4 clics, 201 impressions",KEEP
/ru/japan-visa-for-us-citizens,ru,www2/ru/japan-visa-for-us-citizens.html,2,144,3.83,"Historique GSC : 2 clics, 144 impressions",KEEP
/ru/legal-notice,ru,www2/ru/legal-notice.html,0,0,0,Page utilitaire a conserver en noindex,KEEP_NOINDEX
/ru/machu-picchu-visa-requirements,ru,www2/ru/machu-picchu-visa-requirements.html,1,1177,6.83,"Historique GSC : 1 clics, 1177 impressions",KEEP
/ru/malaysia-visa-extension,ru,www2/ru/malaysia-visa-extension.html,15,244,5.7,"Historique GSC : 15 clics, 244 impressions",KEEP
/ru/malaysia-visa-for-french-citizens,ru,www2/ru/malaysia-visa-for-french-citizens.html,1,879,8.67,"Historique GSC : 1 clics, 879 impressions",KEEP
/ru/mexico-visa-for-french-citizens,ru,www2/ru/mexico-visa-for-french-citizens.html,2,17,5.12,"Historique GSC : 2 clics, 17 impressions",KEEP
/ru/mexico-visa-for-russian-citizens,ru,www2/ru/mexico-visa-for-russian-citizens.html,1,651,14.86,"Historique GSC : 1 clics, 651 impressions",KEEP
/ru/norway-visa-fees,ru,www2/ru/norway-visa-fees.html,3,147,16.61,"Historique GSC : 3 clics, 147 impressions",KEEP
/ru/norway-visa-processing-time,ru,www2/ru/norway-visa-processing-time.html,3,492,8.58,"Historique GSC : 3 clics, 492 impressions",KEEP
/ru/philippines-visa-for-indonesian-citizens,ru,www2/ru/philippines-visa-for-indonesian-citizens.html,2,231,9.74,"Historique GSC : 2 clics, 231 impressions",KEEP
/ru/poland-visa-for-canadian-citizens,ru,www2/ru/poland-visa-for-canadian-citizens.html,4,174,5.82,"Historique GSC : 4 clics, 174 impressions",KEEP
/ru/poland-visa-for-south-african-citizens,ru,www2/ru/poland-visa-for-south-african-citizens.html,2,38,13.79,"Historique GSC : 2 clics, 38 impressions",KEEP
/ru/poland-visa-for-us-citizens,ru,www2/ru/poland-visa-for-us-citizens.html,8,205,6.67,"Historique GSC : 8 clics, 205 impressions",KEEP
/ru/portugal-visa-extension,ru,www2/ru/portugal-visa-extension.html,5,46,13.57,"Historique GSC : 5 clics, 46 impressions",KEEP
/ru/portugal-visa-for-brazilian-citizens,ru,www2/ru/portugal-visa-for-brazilian-citizens.html,2,89,8.38,"Historique GSC : 2 clics, 89 impressions",KEEP
/ru/romania-visa-processing-time,ru,www2/ru/romania-visa-processing-time.html,2,59,7.71,"Historique GSC : 2 clics, 59 impressions",KEEP
/ru/spain-visa-for-turkish-citizens,ru,www2/ru/spain-visa-for-turkish-citizens.html,4,183,4.59,"Historique GSC : 4 clics, 183 impressions",KEEP
/ru/taiwan-visa-for-australian-citizens,ru,www2/ru/taiwan-visa-for-australian-citizens.html,2,561,14.49,"Historique GSC : 2 clics, 561 impressions",KEEP
/ru/taiwan-visa-for-mexican-citizens,ru,www2/ru/taiwan-visa-for-mexican-citizens.html,8,405,11.48,"Historique GSC : 8 clics, 405 impressions",KEEP
/ru/taiwan-visa-for-russian-citizens,ru,www2/ru/taiwan-visa-for-russian-citizens.html,17,627,7.39,"Historique GSC : 17 clics, 627 impressions",KEEP
/ru/thailand-visa-for-french-citizens,ru,www2/ru/thailand-visa-for-french-citizens.html,3,52,5.75,"Historique GSC : 3 clics, 52 impressions",KEEP
/ru/thailand-visa-for-german-citizens,ru,www2/ru/thailand-visa-for-german-citizens.html,6,237,3.73,"Historique GSC : 6 clics, 237 impressions",KEEP
/ru/thailand-visa-for-mexican-citizens,ru,www2/ru/thailand-visa-for-mexican-citizens.html,2,36,5.28,"Historique GSC : 2 clics, 36 impressions",KEEP
/ru/turkey-visa-for-canadian-citizens,ru,www2/ru/turkey-visa-for-canadian-citizens.html,2,54,8.22,"Historique GSC : 2 clics, 54 impressions",KEEP
/ru/turkey-visa-for-south-african-citizens,ru,www2/ru/turkey-visa-for-south-african-citizens.html,2,212,11.49,"Historique GSC : 2 clics, 212 impressions",KEEP
/ru/turkey-visa-requirements,ru,www2/ru/turkey-visa-requirements.html,2,102,9.26,"Historique GSC : 2 clics, 102 impressions",KEEP
/ru/uae-visa-for-turkish-citizens,ru,www2/ru/uae-visa-for-turkish-citizens.html,2,142,9.19,"Historique GSC : 2 clics, 142 impressions",KEEP
/ru/united-kingdom-visa-extension,ru,www2/ru/united-kingdom-visa-extension.html,8,285,7.33,"Historique GSC : 8 clics, 285 impressions",KEEP
/ru/united-kingdom-visa-for-brazilian-citizens,ru,www2/ru/united-kingdom-visa-for-brazilian-citizens.html,3,123,11.04,"Historique GSC : 3 clics, 123 impressions",KEEP
/ru/united-kingdom-visa-for-mexican-citizens,ru,www2/ru/united-kingdom-visa-for-mexican-citizens.html,3,72,3.42,"Historique GSC : 3 clics, 72 impressions",KEEP
/ru/united-kingdom-visa-for-russian-citizens,ru,www2/ru/united-kingdom-visa-for-russian-citizens.html,1,928,14.25,"Historique GSC : 1 clics, 928 impressions",KEEP
/ru/visa-andorra,ru,www2/ru/visa-andorra.html,3,147,14.37,"Historique GSC : 3 clics, 147 impressions",KEEP
/ru/visa-angola,ru,www2/ru/visa-angola.html,0,0,0,Hub destination ou guide expat : socle du corpus,KEEP
/ru/visa-argentina,ru,www2/ru/visa-argentina.html,0,0,0,Hub destination ou guide expat : socle du corpus,KEEP
/ru/visa-australia,ru,www2/ru/visa-australia.html,0,0,0,Hub destination ou guide expat : socle du corpus,KEEP
/ru/visa-austria,ru,www2/ru/visa-austria.html,0,0,0,Hub destination ou guide expat : socle du corpus,KEEP
/ru/visa-bahamas,ru,www2/ru/visa-bahamas.html,0,0,0,Hub destination ou guide expat : socle du corpus,KEEP
/ru/visa-bahrain,ru,www2/ru/visa-bahrain.html,0,0,0,Hub destination ou guide expat : socle du corpus,KEEP
/ru/visa-belgium,ru,www2/ru/visa-belgium.html,0,0,0,Hub destination ou guide expat : socle du corpus,KEEP
/ru/visa-belize,ru,www2/ru/visa-belize.html,0,0,0,Hub destination ou guide expat : socle du corpus,KEEP
/ru/visa-bermuda,ru,www2/ru/visa-bermuda.html,0,0,0,Hub destination ou guide expat : socle du corpus,KEEP
/ru/visa-bhutan,ru,www2/ru/visa-bhutan.html,0,0,0,Hub destination ou guide expat : socle du corpus,KEEP
/ru/visa-brazil,ru,www2/ru/visa-brazil.html,0,0,0,Hub destination ou guide expat : socle du corpus,KEEP
/ru/visa-brunei,ru,www2/ru/visa-brunei.html,0,0,0,Hub destination ou guide expat : socle du corpus,KEEP
/ru/visa-bulgaria,ru,www2/ru/visa-bulgaria.html,0,0,0,Hub destination ou guide expat : socle du corpus,KEEP
/ru/visa-cambodia,ru,www2/ru/visa-cambodia.html,0,0,0,Hub destination ou guide expat : socle du corpus,KEEP
/ru/visa-canada,ru,www2/ru/visa-canada.html,2,160,17.41,"Historique GSC : 2 clics, 160 impressions",KEEP
/ru/visa-cape-verde,ru,www2/ru/visa-cape-verde.html,0,0,0,Hub destination ou guide expat : socle du corpus,KEEP
/ru/visa-chile,ru,www2/ru/visa-chile.html,3,164,13.33,"Historique GSC : 3 clics, 164 impressions",KEEP
/ru/visa-china,ru,www2/ru/visa-china.html,0,0,0,Hub destination ou guide expat : socle du corpus,KEEP
/ru/visa-colombia,ru,www2/ru/visa-colombia.html,0,0,0,Hub destination ou guide expat : socle du corpus,KEEP
/ru/visa-cook-islands,ru,www2/ru/visa-cook-islands.html,0,0,0,Hub destination ou guide expat : socle du corpus,KEEP
/ru/visa-costa-rica,ru,www2/ru/visa-costa-rica.html,5,886,10.87,"Historique GSC : 5 clics, 886 impressions",KEEP
/ru/visa-croatia,ru,www2/ru/visa-croatia.html,0,0,0,Hub destination ou guide expat : socle du corpus,KEEP
/ru/visa-cyprus,ru,www2/ru/visa-cyprus.html,0,0,0,Hub destination ou guide expat : socle du corpus,KEEP
/ru/visa-czech-republic,ru,www2/ru/visa-czech-republic.html,0,0,0,Hub destination ou guide expat : socle du corpus,KEEP
/ru/visa-denmark,ru,www2/ru/visa-denmark.html,0,0,0,Hub destination ou guide expat : socle du corpus,KEEP
/ru/visa-documents-checklist,ru,www2/ru/visa-documents-checklist.html,0,0,0,Hub destination ou guide expat : socle du corpus,KEEP
/ru/visa-ecuador,ru,www2/ru/visa-ecuador.html,0,0,0,Hub destination ou guide expat : socle du corpus,KEEP
/ru/visa-egypt,ru,www2/ru/visa-egypt.html,0,0,0,Hub destination ou guide expat : socle du corpus,KEEP
/ru/visa-fiji,ru,www2/ru/visa-fiji.html,0,0,0,Hub destination ou guide expat : socle du corpus,KEEP
/ru/visa-finland,ru,www2/ru/visa-finland.html,0,0,0,Hub destination ou guide expat : socle du corpus,KEEP
/ru/visa-france,ru,www2/ru/visa-france.html,0,0,0,Hub destination ou guide expat : socle du corpus,KEEP
/ru/visa-free-countries-australia-passport,ru,www2/ru/visa-free-countries-australia-passport.html,0,0,0,Hub destination ou guide expat : socle du corpus,KEEP
/ru/visa-free-countries-brazil-passport,ru,www2/ru/visa-free-countries-brazil-passport.html,0,0,0,Hub destination ou guide expat : socle du corpus,KEEP
/ru/visa-free-countries-canada-passport,ru,www2/ru/visa-free-countries-canada-passport.html,0,0,0,Hub destination ou guide expat : socle du corpus,KEEP
/ru/visa-free-countries-china-passport,ru,www2/ru/visa-free-countries-china-passport.html,0,0,0,Hub destination ou guide expat : socle du corpus,KEEP
/ru/visa-free-countries-eu-passport,ru,www2/ru/visa-free-countries-eu-passport.html,3,196,11.54,"Historique GSC : 3 clics, 196 impressions",KEEP
/ru/visa-free-countries-india-passport,ru,www2/ru/visa-free-countries-india-passport.html,0,0,0,Hub destination ou guide expat : socle du corpus,KEEP
/ru/visa-free-countries-japan-passport,ru,www2/ru/visa-free-countries-japan-passport.html,0,0,0,Hub destination ou guide expat : socle du corpus,KEEP
/ru/visa-free-countries-uae-passport,ru,www2/ru/visa-free-countries-uae-passport.html,0,0,0,Hub destination ou guide expat : socle du corpus,KEEP
/ru/visa-free-countries-uk-passport,ru,www2/ru/visa-free-countries-uk-passport.html,0,0,0,Hub destination ou guide expat : socle du corpus,KEEP
/ru/visa-free-countries-us-passport,ru,www2/ru/visa-free-countries-us-passport.html,6,244,9.53,"Historique GSC : 6 clics, 244 impressions",KEEP
/ru/visa-georgia,ru,www2/ru/visa-georgia.html,0,0,0,Hub destination ou guide expat : socle du corpus,KEEP
/ru/visa-germany,ru,www2/ru/visa-germany.html,0,0,0,Hub destination ou guide expat : socle du corpus,KEEP
/ru/visa-greece,ru,www2/ru/visa-greece.html,0,0,0,Hub destination ou guide expat : socle du corpus,KEEP
/ru/visa-guatemala,ru,www2/ru/visa-guatemala.html,0,0,0,Hub destination ou guide expat : socle du corpus,KEEP
/ru/visa-hong-kong,ru,www2/ru/visa-hong-kong.html,0,0,0,Hub destination ou guide expat : socle du corpus,KEEP
/ru/visa-hungary,ru,www2/ru/visa-hungary.html,0,0,0,Hub destination ou guide expat : socle du corpus,KEEP
/ru/visa-iceland,ru,www2/ru/visa-iceland.html,0,0,0,Hub destination ou guide expat : socle du corpus,KEEP
/ru/visa-india,ru,www2/ru/visa-india.html,0,0,0,Hub destination ou guide expat : socle du corpus,KEEP
/ru/visa-indonesia,ru,www2/ru/visa-indonesia.html,0,0,0,Hub destination ou guide expat : socle du corpus,KEEP
/ru/visa-iran,ru,www2/ru/visa-iran.html,0,0,0,Hub destination ou guide expat : socle du corpus,KEEP
/ru/visa-iraq,ru,www2/ru/visa-iraq.html,0,0,0,Hub destination ou guide expat : socle du corpus,KEEP
/ru/visa-ireland,ru,www2/ru/visa-ireland.html,0,0,0,Hub destination ou guide expat : socle du corpus,KEEP
/ru/visa-israel,ru,www2/ru/visa-israel.html,0,0,0,Hub destination ou guide expat : socle du corpus,KEEP
/ru/visa-italy,ru,www2/ru/visa-italy.html,0,0,0,Hub destination ou guide expat : socle du corpus,KEEP
/ru/visa-japan,ru,www2/ru/visa-japan.html,5,346,9.99,"Historique GSC : 5 clics, 346 impressions",KEEP
/ru/visa-jordan,ru,www2/ru/visa-jordan.html,5,414,26.78,"Historique GSC : 5 clics, 414 impressions",KEEP
/ru/visa-kuwait,ru,www2/ru/visa-kuwait.html,0,0,0,Hub destination ou guide expat : socle du corpus,KEEP
/ru/visa-laos,ru,www2/ru/visa-laos.html,1,750,30.99,"Historique GSC : 1 clics, 750 impressions",KEEP
/ru/visa-liechtenstein,ru,www2/ru/visa-liechtenstein.html,0,0,0,Hub destination ou guide expat : socle du corpus,KEEP
/ru/visa-luxembourg,ru,www2/ru/visa-luxembourg.html,0,0,0,Hub destination ou guide expat : socle du corpus,KEEP
/ru/visa-macau,ru,www2/ru/visa-macau.html,2,294,8.46,"Historique GSC : 2 clics, 294 impressions",KEEP
/ru/visa-malaysia,ru,www2/ru/visa-malaysia.html,0,0,0,Hub destination ou guide expat : socle du corpus,KEEP
/ru/visa-maldives,ru,www2/ru/visa-maldives.html,0,0,0,Hub destination ou guide expat : socle du corpus,KEEP
/ru/visa-mexico,ru,www2/ru/visa-mexico.html,4,630,24.99,"Historique GSC : 4 clics, 630 impressions",KEEP
/ru/visa-moldova,ru,www2/ru/visa-moldova.html,2,152,15.25,"Historique GSC : 2 clics, 152 impressions",KEEP
/ru/visa-myanmar,ru,www2/ru/visa-myanmar.html,2,492,14.39,"Historique GSC : 2 clics, 492 impressions",KEEP
/ru/visa-nepal,ru,www2/ru/visa-nepal.html,2,102,14.97,"Historique GSC : 2 clics, 102 impressions",KEEP
/ru/visa-netherlands,ru,www2/ru/visa-netherlands.html,3,319,24.58,"Historique GSC : 3 clics, 319 impressions",KEEP
/ru/visa-new-zealand,ru,www2/ru/visa-new-zealand.html,0,0,0,Hub destination ou guide expat : socle du corpus,KEEP
/ru/visa-nicaragua,ru,www2/ru/visa-nicaragua.html,0,0,0,Hub destination ou guide expat : socle du corpus,KEEP
/ru/visa-norway,ru,www2/ru/visa-norway.html,2,567,10.51,"Historique GSC : 2 clics, 567 impressions",KEEP
/ru/visa-oman,ru,www2/ru/visa-oman.html,0,0,0,Hub destination ou guide expat : socle du corpus,KEEP
/ru/visa-panama,ru,www2/ru/visa-panama.html,0,0,0,Hub destination ou guide expat : socle du corpus,KEEP
/ru/visa-peru,ru,www2/ru/visa-peru.html,2,121,14.02,"Historique GSC : 2 clics, 121 impressions",KEEP
/ru/visa-philippines,ru,www2/ru/visa-philippines.html,5,520,19.53,"Historique GSC : 5 clics, 520 impressions",KEEP
/ru/visa-photo-requirements,ru,www2/ru/visa-photo-requirements.html,0,0,0,Hub destination ou guide expat : socle du corpus,KEEP
/ru/visa-poland,ru,www2/ru/visa-poland.html,0,0,0,Hub destination ou guide expat : socle du corpus,KEEP
/ru/visa-portugal,ru,www2/ru/visa-portugal.html,0,0,0,Hub destination ou guide expat : socle du corpus,KEEP
/ru/visa-processing-times,ru,www2/ru/visa-processing-times.html,0,0,0,Hub destination ou guide expat : socle du corpus,KEEP
/ru/visa-qatar,ru,www2/ru/visa-qatar.html,0,0,0,Hub destination ou guide expat : socle du corpus,KEEP
/ru/visa-rejection-reasons,ru,www2/ru/visa-rejection-reasons.html,0,0,0,Hub destination ou guide expat : socle du corpus,KEEP
/ru/visa-result,ru,www2/ru/visa-result.html,0,0,0,Hub destination ou guide expat : socle du corpus,KEEP
/ru/visa-romania,ru,www2/ru/visa-romania.html,0,0,0,Hub destination ou guide expat : socle du corpus,KEEP
/ru/visa-samoa,ru,www2/ru/visa-samoa.html,0,0,0,Hub destination ou guide expat : socle du corpus,KEEP
/ru/visa-saudi-arabia,ru,www2/ru/visa-saudi-arabia.html,0,0,0,Hub destination ou guide expat : socle du corpus,KEEP
/ru/visa-singapore,ru,www2/ru/visa-singapore.html,0,0,0,Hub destination ou guide expat : socle du corpus,KEEP
/ru/visa-slovakia,ru,www2/ru/visa-slovakia.html,0,0,0,Hub destination ou guide expat : socle du corpus,KEEP
/ru/visa-slovenia,ru,www2/ru/visa-slovenia.html,0,0,0,Hub destination ou guide expat : socle du corpus,KEEP
/ru/visa-south-korea,ru,www2/ru/visa-south-korea.html,0,0,0,Hub destination ou guide expat : socle du corpus,KEEP
/ru/visa-spain,ru,www2/ru/visa-spain.html,3,435,14.31,"Historique GSC : 3 clics, 435 impressions",KEEP
/ru/visa-sri-lanka,ru,www2/ru/visa-sri-lanka.html,0,0,0,Hub destination ou guide expat : socle du corpus,KEEP
/ru/visa-sweden,ru,www2/ru/visa-sweden.html,0,0,0,Hub destination ou guide expat : socle du corpus,KEEP
/ru/visa-switzerland,ru,www2/ru/visa-switzerland.html,3,963,17.27,"Historique GSC : 3 clics, 963 impressions",KEEP
/ru/visa-taiwan,ru,www2/ru/visa-taiwan.html,8,539,10.55,"Historique GSC : 8 clics, 539 impressions",KEEP
/ru/visa-thailand,ru,www2/ru/visa-thailand.html,4,285,8.82,"Historique GSC : 4 clics, 285 impressions",KEEP
/ru/visa-tonga,ru,www2/ru/visa-tonga.html,0,0,0,Hub destination ou guide expat : socle du corpus,KEEP
/ru/visa-turkey,ru,www2/ru/visa-turkey.html,4,366,8.8,"Historique GSC : 4 clics, 366 impressions",KEEP
/ru/visa-uae,ru,www2/ru/visa-uae.html,0,0,0,Hub destination ou guide expat : socle du corpus,KEEP
/ru/visa-ukraine,ru,www2/ru/visa-ukraine.html,0,0,0,Hub destination ou guide expat : socle du corpus,KEEP
/ru/visa-united-kingdom,ru,www2/ru/visa-united-kingdom.html,0,0,0,Hub destination ou guide expat : socle du corpus,KEEP
/ru/visa-uruguay,ru,www2/ru/visa-uruguay.html,0,0,0,Hub destination ou guide expat : socle du corpus,KEEP
/ru/visa-usa,ru,www2/ru/visa-usa.html,0,0,0,Hub destination ou guide expat : socle du corpus,KEEP
/ru/visa-venezuela,ru,www2/ru/visa-venezuela.html,0,0,0,Hub destination ou guide expat : socle du corpus,KEEP
/ru/visa-vietnam,ru,www2/ru/visa-vietnam.html,0,0,0,Hub destination ou guide expat : socle du corpus,KEEP
/th/belgium-visa-processing-time,th,www2/th/belgium-visa-processing-time.html,4,54,7.37,"Historique GSC : 4 clics, 54 impressions",KEEP
/th/canada-visa-processing-time,th,www2/th/canada-visa-processing-time.html,2,39,13.51,"Historique GSC : 2 clics, 39 impressions",KEEP
/th/colombia-visa-fees,th,www2/th/colombia-visa-fees.html,3,205,6.98,"Historique GSC : 3 clics, 205 impressions",KEEP
/th/colombia-visa-processing-time,th,www2/th/colombia-visa-processing-time.html,2,21,8.57,"Historique GSC : 2 clics, 21 impressions",KEEP
/th/czech-republic-visa-for-russian-citizens,th,www2/th/czech-republic-visa-for-russian-citizens.html,3,656,8.25,"Historique GSC : 3 clics, 656 impressions",KEEP
/th/expat-guide-argentina,th,www2/th/expat-guide-argentina.html,0,0,0,Hub destination ou guide expat : socle du corpus,KEEP
/th/expat-guide-brazil,th,www2/th/expat-guide-brazil.html,0,0,0,Hub destination ou guide expat : socle du corpus,KEEP
/th/expat-guide-cambodia,th,www2/th/expat-guide-cambodia.html,0,0,0,Hub destination ou guide expat : socle du corpus,KEEP
/th/expat-guide-colombia,th,www2/th/expat-guide-colombia.html,0,0,0,Hub destination ou guide expat : socle du corpus,KEEP
/th/expat-guide-costa-rica,th,www2/th/expat-guide-costa-rica.html,0,0,0,Hub destination ou guide expat : socle du corpus,KEEP
/th/expat-guide-croatia,th,www2/th/expat-guide-croatia.html,0,0,0,Hub destination ou guide expat : socle du corpus,KEEP
/th/expat-guide-cyprus,th,www2/th/expat-guide-cyprus.html,0,0,0,Hub destination ou guide expat : socle du corpus,KEEP
/th/expat-guide-ecuador,th,www2/th/expat-guide-ecuador.html,0,0,0,Hub destination ou guide expat : socle du corpus,KEEP
/th/expat-guide-estonia,th,www2/th/expat-guide-estonia.html,0,0,0,Hub destination ou guide expat : socle du corpus,KEEP
/th/expat-guide-france,th,www2/th/expat-guide-france.html,0,0,0,Hub destination ou guide expat : socle du corpus,KEEP
/th/expat-guide-georgia,th,www2/th/expat-guide-georgia.html,0,0,0,Hub destination ou guide expat : socle du corpus,KEEP
/th/expat-guide-germany,th,www2/th/expat-guide-germany.html,0,0,0,Hub destination ou guide expat : socle du corpus,KEEP
/th/expat-guide-greece,th,www2/th/expat-guide-greece.html,0,0,0,Hub destination ou guide expat : socle du corpus,KEEP
/th/expat-guide-indonesia,th,www2/th/expat-guide-indonesia.html,0,0,0,Hub destination ou guide expat : socle du corpus,KEEP
/th/expat-guide-italy,th,www2/th/expat-guide-italy.html,0,0,0,Hub destination ou guide expat : socle du corpus,KEEP
/th/expat-guide-japan,th,www2/th/expat-guide-japan.html,0,0,0,Hub destination ou guide expat : socle du corpus,KEEP
/th/expat-guide-laos,th,www2/th/expat-guide-laos.html,2,41,11.44,"Historique GSC : 2 clics, 41 impressions",KEEP
/th/expat-guide-malaysia,th,www2/th/expat-guide-malaysia.html,0,0,0,Hub destination ou guide expat : socle du corpus,KEEP
/th/expat-guide-malta,th,www2/th/expat-guide-malta.html,0,0,0,Hub destination ou guide expat : socle du corpus,KEEP
/th/expat-guide-mauritius,th,www2/th/expat-guide-mauritius.html,0,0,0,Hub destination ou guide expat : socle du corpus,KEEP
/th/expat-guide-mexico,th,www2/th/expat-guide-mexico.html,0,0,0,Hub destination ou guide expat : socle du corpus,KEEP
/th/expat-guide-panama,th,www2/th/expat-guide-panama.html,0,0,0,Hub destination ou guide expat : socle du corpus,KEEP
/th/expat-guide-paraguay,th,www2/th/expat-guide-paraguay.html,0,0,0,Hub destination ou guide expat : socle du corpus,KEEP
/th/expat-guide-philippines,th,www2/th/expat-guide-philippines.html,0,0,0,Hub destination ou guide expat : socle du corpus,KEEP
/th/expat-guide-portugal,th,www2/th/expat-guide-portugal.html,0,0,0,Hub destination ou guide expat : socle du corpus,KEEP
/th/expat-guide-singapore,th,www2/th/expat-guide-singapore.html,0,0,0,Hub destination ou guide expat : socle du corpus,KEEP
/th/expat-guide-south-korea,th,www2/th/expat-guide-south-korea.html,0,0,0,Hub destination ou guide expat : socle du corpus,KEEP
/th/expat-guide-spain,th,www2/th/expat-guide-spain.html,0,0,0,Hub destination ou guide expat : socle du corpus,KEEP
/th/expat-guide-taiwan,th,www2/th/expat-guide-taiwan.html,0,0,0,Hub destination ou guide expat : socle du corpus,KEEP
/th/expat-guide-thailand,th,www2/th/expat-guide-thailand.html,0,0,0,Hub destination ou guide expat : socle du corpus,KEEP
/th/expat-guide-uae,th,www2/th/expat-guide-uae.html,0,0,0,Hub destination ou guide expat : socle du corpus,KEEP
/th/expat-guide-vietnam,th,www2/th/expat-guide-vietnam.html,0,0,0,Hub destination ou guide expat : socle du corpus,KEEP
/th/france-visa-for-indonesian-citizens,th,www2/th/france-visa-for-indonesian-citizens.html,2,108,10.81,"Historique GSC : 2 clics, 108 impressions",KEEP
/th/greece-visa-processing-time,th,www2/th/greece-visa-processing-time.html,2,52,7.94,"Historique GSC : 2 clics, 52 impressions",KEEP
/th/hungary-visa-fees,th,www2/th/hungary-visa-fees.html,7,351,8.86,"Historique GSC : 7 clics, 351 impressions",KEEP
/th/india-visa-requirements,th,www2/th/india-visa-requirements.html,2,85,12.41,"Historique GSC : 2 clics, 85 impressions",KEEP
/th/italy-visa-requirements,th,www2/th/italy-visa-requirements.html,3,65,27.08,"Historique GSC : 3 clics, 65 impressions",KEEP
/th/japan-visa-for-chinese-citizens,th,www2/th/japan-visa-for-chinese-citizens.html,2,250,9.39,"Historique GSC : 2 clics, 250 impressions",KEEP
/th/japan-visa-for-nigerian-citizens,th,www2/th/japan-visa-for-nigerian-citizens.html,2,34,11.29,"Historique GSC : 2 clics, 34 impressions",KEEP
/th/japan-visa-for-russian-citizens,th,www2/th/japan-visa-for-russian-citizens.html,2,584,7.62,"Historique GSC : 2 clics, 584 impressions",KEEP
/th/jordan-visa-fees,th,www2/th/jordan-visa-fees.html,2,325,8.06,"Historique GSC : 2 clics, 325 impressions",KEEP
/th/jordan-visa-processing-time,th,www2/th/jordan-visa-processing-time.html,3,271,6.32,"Historique GSC : 3 clics, 271 impressions",KEEP
/th/legal-notice,th,www2/th/legal-notice.html,0,0,0,Page utilitaire a conserver en noindex,KEEP_NOINDEX
/th/maldives-visa-extension,th,www2/th/maldives-visa-extension.html,9,196,6.63,"Historique GSC : 9 clics, 196 impressions",KEEP
/th/maldives-visa-for-nigerian-citizens,th,www2/th/maldives-visa-for-nigerian-citizens.html,3,224,5.55,"Historique GSC : 3 clics, 224 impressions",KEEP
/th/maldives-visa-for-south-african-citizens,th,www2/th/maldives-visa-for-south-african-citizens.html,3,361,5.25,"Historique GSC : 3 clics, 361 impressions",KEEP
/th/nepal-visa-for-indonesian-citizens,th,www2/th/nepal-visa-for-indonesian-citizens.html,2,102,6.42,"Historique GSC : 2 clics, 102 impressions",KEEP
/th/philippines-visa-for-mexican-citizens,th,www2/th/philippines-visa-for-mexican-citizens.html,2,81,8.02,"Historique GSC : 2 clics, 81 impressions",KEEP
/th/qatar-visa-for-uk-citizens,th,www2/th/qatar-visa-for-uk-citizens.html,2,59,7.49,"Historique GSC : 2 clics, 59 impressions",KEEP
/th/singapore-visa-extension,th,www2/th/singapore-visa-extension.html,2,101,7.81,"Historique GSC : 2 clics, 101 impressions",KEEP
/th/taiwan-visa-extension,th,www2/th/taiwan-visa-extension.html,2,85,6.39,"Historique GSC : 2 clics, 85 impressions",KEEP
/th/turkey-visa-extension,th,www2/th/turkey-visa-extension.html,5,679,8.5,"Historique GSC : 5 clics, 679 impressions",KEEP
/th/usa-visa-for-french-citizens,th,www2/th/usa-visa-for-french-citizens.html,2,81,8.41,"Historique GSC : 2 clics, 81 impressions",KEEP
/th/vietnam-visa-fees,th,www2/th/vietnam-visa-fees.html,2,1027,53.76,"Historique GSC : 2 clics, 1027 impressions",KEEP
/th/visa-andorra,th,www2/th/visa-andorra.html,2,83,24.2,"Historique GSC : 2 clics, 83 impressions",KEEP
/th/visa-angola,th,www2/th/visa-angola.html,0,0,0,Hub destination ou guide expat : socle du corpus,KEEP
/th/visa-argentina,th,www2/th/visa-argentina.html,0,0,0,Hub destination ou guide expat : socle du corpus,KEEP
/th/visa-australia,th,www2/th/visa-australia.html,0,0,0,Hub destination ou guide expat : socle du corpus,KEEP
/th/visa-austria,th,www2/th/visa-austria.html,0,0,0,Hub destination ou guide expat : socle du corpus,KEEP
/th/visa-bahamas,th,www2/th/visa-bahamas.html,0,0,0,Hub destination ou guide expat : socle du corpus,KEEP
/th/visa-bahrain,th,www2/th/visa-bahrain.html,0,0,0,Hub destination ou guide expat : socle du corpus,KEEP
/th/visa-belgium,th,www2/th/visa-belgium.html,0,0,0,Hub destination ou guide expat : socle du corpus,KEEP
/th/visa-belize,th,www2/th/visa-belize.html,0,0,0,Hub destination ou guide expat : socle du corpus,KEEP
/th/visa-bermuda,th,www2/th/visa-bermuda.html,0,0,0,Hub destination ou guide expat : socle du corpus,KEEP
/th/visa-bhutan,th,www2/th/visa-bhutan.html,0,0,0,Hub destination ou guide expat : socle du corpus,KEEP
/th/visa-brazil,th,www2/th/visa-brazil.html,0,0,0,Hub destination ou guide expat : socle du corpus,KEEP
/th/visa-brunei,th,www2/th/visa-brunei.html,0,0,0,Hub destination ou guide expat : socle du corpus,KEEP
/th/visa-bulgaria,th,www2/th/visa-bulgaria.html,0,0,0,Hub destination ou guide expat : socle du corpus,KEEP
/th/visa-cambodia,th,www2/th/visa-cambodia.html,0,0,0,Hub destination ou guide expat : socle du corpus,KEEP
/th/visa-canada,th,www2/th/visa-canada.html,0,0,0,Hub destination ou guide expat : socle du corpus,KEEP
/th/visa-cape-verde,th,www2/th/visa-cape-verde.html,0,0,0,Hub destination ou guide expat : socle du corpus,KEEP
/th/visa-chile,th,www2/th/visa-chile.html,0,0,0,Hub destination ou guide expat : socle du corpus,KEEP
/th/visa-china,th,www2/th/visa-china.html,0,0,0,Hub destination ou guide expat : socle du corpus,KEEP
/th/visa-colombia,th,www2/th/visa-colombia.html,0,0,0,Hub destination ou guide expat : socle du corpus,KEEP
/th/visa-cook-islands,th,www2/th/visa-cook-islands.html,0,0,0,Hub destination ou guide expat : socle du corpus,KEEP
/th/visa-costa-rica,th,www2/th/visa-costa-rica.html,0,0,0,Hub destination ou guide expat : socle du corpus,KEEP
/th/visa-croatia,th,www2/th/visa-croatia.html,0,0,0,Hub destination ou guide expat : socle du corpus,KEEP
/th/visa-cyprus,th,www2/th/visa-cyprus.html,0,0,0,Hub destination ou guide expat : socle du corpus,KEEP
/th/visa-czech-republic,th,www2/th/visa-czech-republic.html,0,0,0,Hub destination ou guide expat : socle du corpus,KEEP
/th/visa-denmark,th,www2/th/visa-denmark.html,0,0,0,Hub destination ou guide expat : socle du corpus,KEEP
/th/visa-documents-checklist,th,www2/th/visa-documents-checklist.html,0,0,0,Hub destination ou guide expat : socle du corpus,KEEP
/th/visa-ecuador,th,www2/th/visa-ecuador.html,0,0,0,Hub destination ou guide expat : socle du corpus,KEEP
/th/visa-egypt,th,www2/th/visa-egypt.html,0,0,0,Hub destination ou guide expat : socle du corpus,KEEP
/th/visa-fiji,th,www2/th/visa-fiji.html,0,0,0,Hub destination ou guide expat : socle du corpus,KEEP
/th/visa-finland,th,www2/th/visa-finland.html,0,0,0,Hub destination ou guide expat : socle du corpus,KEEP
/th/visa-france,th,www2/th/visa-france.html,0,0,0,Hub destination ou guide expat : socle du corpus,KEEP
/th/visa-free-countries-australia-passport,th,www2/th/visa-free-countries-australia-passport.html,0,0,0,Hub destination ou guide expat : socle du corpus,KEEP
/th/visa-free-countries-brazil-passport,th,www2/th/visa-free-countries-brazil-passport.html,0,0,0,Hub destination ou guide expat : socle du corpus,KEEP
/th/visa-free-countries-canada-passport,th,www2/th/visa-free-countries-canada-passport.html,0,0,0,Hub destination ou guide expat : socle du corpus,KEEP
/th/visa-free-countries-china-passport,th,www2/th/visa-free-countries-china-passport.html,0,0,0,Hub destination ou guide expat : socle du corpus,KEEP
/th/visa-free-countries-eu-passport,th,www2/th/visa-free-countries-eu-passport.html,0,0,0,Hub destination ou guide expat : socle du corpus,KEEP
/th/visa-free-countries-india-passport,th,www2/th/visa-free-countries-india-passport.html,0,0,0,Hub destination ou guide expat : socle du corpus,KEEP
/th/visa-free-countries-japan-passport,th,www2/th/visa-free-countries-japan-passport.html,7,968,9.18,"Historique GSC : 7 clics, 968 impressions",KEEP
/th/visa-free-countries-uae-passport,th,www2/th/visa-free-countries-uae-passport.html,0,0,0,Hub destination ou guide expat : socle du corpus,KEEP
/th/visa-free-countries-uk-passport,th,www2/th/visa-free-countries-uk-passport.html,0,0,0,Hub destination ou guide expat : socle du corpus,KEEP
/th/visa-free-countries-us-passport,th,www2/th/visa-free-countries-us-passport.html,0,0,0,Hub destination ou guide expat : socle du corpus,KEEP
/th/visa-georgia,th,www2/th/visa-georgia.html,0,0,0,Hub destination ou guide expat : socle du corpus,KEEP
/th/visa-germany,th,www2/th/visa-germany.html,0,0,0,Hub destination ou guide expat : socle du corpus,KEEP
/th/visa-greece,th,www2/th/visa-greece.html,0,0,0,Hub destination ou guide expat : socle du corpus,KEEP
/th/visa-guatemala,th,www2/th/visa-guatemala.html,0,0,0,Hub destination ou guide expat : socle du corpus,KEEP
/th/visa-hong-kong,th,www2/th/visa-hong-kong.html,0,0,0,Hub destination ou guide expat : socle du corpus,KEEP
/th/visa-hungary,th,www2/th/visa-hungary.html,0,0,0,Hub destination ou guide expat : socle du corpus,KEEP
/th/visa-iceland,th,www2/th/visa-iceland.html,0,0,0,Hub destination ou guide expat : socle du corpus,KEEP
/th/visa-india,th,www2/th/visa-india.html,0,0,0,Hub destination ou guide expat : socle du corpus,KEEP
/th/visa-indonesia,th,www2/th/visa-indonesia.html,0,0,0,Hub destination ou guide expat : socle du corpus,KEEP
/th/visa-iran,th,www2/th/visa-iran.html,0,0,0,Hub destination ou guide expat : socle du corpus,KEEP
/th/visa-iraq,th,www2/th/visa-iraq.html,0,0,0,Hub destination ou guide expat : socle du corpus,KEEP
/th/visa-ireland,th,www2/th/visa-ireland.html,0,0,0,Hub destination ou guide expat : socle du corpus,KEEP
/th/visa-israel,th,www2/th/visa-israel.html,0,0,0,Hub destination ou guide expat : socle du corpus,KEEP
/th/visa-italy,th,www2/th/visa-italy.html,0,0,0,Hub destination ou guide expat : socle du corpus,KEEP
/th/visa-japan,th,www2/th/visa-japan.html,0,0,0,Hub destination ou guide expat : socle du corpus,KEEP
/th/visa-jordan,th,www2/th/visa-jordan.html,0,0,0,Hub destination ou guide expat : socle du corpus,KEEP
/th/visa-kuwait,th,www2/th/visa-kuwait.html,0,0,0,Hub destination ou guide expat : socle du corpus,KEEP
/th/visa-laos,th,www2/th/visa-laos.html,2,1797,22.36,"Historique GSC : 2 clics, 1797 impressions",KEEP
/th/visa-liechtenstein,th,www2/th/visa-liechtenstein.html,0,0,0,Hub destination ou guide expat : socle du corpus,KEEP
/th/visa-luxembourg,th,www2/th/visa-luxembourg.html,0,0,0,Hub destination ou guide expat : socle du corpus,KEEP
/th/visa-macau,th,www2/th/visa-macau.html,0,0,0,Hub destination ou guide expat : socle du corpus,KEEP
/th/visa-malaysia,th,www2/th/visa-malaysia.html,0,0,0,Hub destination ou guide expat : socle du corpus,KEEP
/th/visa-maldives,th,www2/th/visa-maldives.html,0,0,0,Hub destination ou guide expat : socle du corpus,KEEP
/th/visa-mexico,th,www2/th/visa-mexico.html,0,0,0,Hub destination ou guide expat : socle du corpus,KEEP
/th/visa-moldova,th,www2/th/visa-moldova.html,0,0,0,Hub destination ou guide expat : socle du corpus,KEEP
/th/visa-myanmar,th,www2/th/visa-myanmar.html,0,0,0,Hub destination ou guide expat : socle du corpus,KEEP
/th/visa-nepal,th,www2/th/visa-nepal.html,0,0,0,Hub destination ou guide expat : socle du corpus,KEEP
/th/visa-netherlands,th,www2/th/visa-netherlands.html,0,0,0,Hub destination ou guide expat : socle du corpus,KEEP
/th/visa-new-zealand,th,www2/th/visa-new-zealand.html,0,0,0,Hub destination ou guide expat : socle du corpus,KEEP
/th/visa-nicaragua,th,www2/th/visa-nicaragua.html,0,0,0,Hub destination ou guide expat : socle du corpus,KEEP
/th/visa-norway,th,www2/th/visa-norway.html,0,0,0,Hub destination ou guide expat : socle du corpus,KEEP
/th/visa-oman,th,www2/th/visa-oman.html,0,0,0,Hub destination ou guide expat : socle du corpus,KEEP
/th/visa-panama,th,www2/th/visa-panama.html,0,0,0,Hub destination ou guide expat : socle du corpus,KEEP
/th/visa-peru,th,www2/th/visa-peru.html,0,0,0,Hub destination ou guide expat : socle du corpus,KEEP
/th/visa-philippines,th,www2/th/visa-philippines.html,0,0,0,Hub destination ou guide expat : socle du corpus,KEEP
/th/visa-photo-requirements,th,www2/th/visa-photo-requirements.html,0,0,0,Hub destination ou guide expat : socle du corpus,KEEP
/th/visa-poland,th,www2/th/visa-poland.html,0,0,0,Hub destination ou guide expat : socle du corpus,KEEP
/th/visa-portugal,th,www2/th/visa-portugal.html,0,0,0,Hub destination ou guide expat : socle du corpus,KEEP
/th/visa-processing-times,th,www2/th/visa-processing-times.html,0,0,0,Hub destination ou guide expat : socle du corpus,KEEP
/th/visa-qatar,th,www2/th/visa-qatar.html,0,0,0,Hub destination ou guide expat : socle du corpus,KEEP
/th/visa-rejection-reasons,th,www2/th/visa-rejection-reasons.html,0,0,0,Hub destination ou guide expat : socle du corpus,KEEP
/th/visa-result,th,www2/th/visa-result.html,0,0,0,Hub destination ou guide expat : socle du corpus,KEEP
/th/visa-romania,th,www2/th/visa-romania.html,0,0,0,Hub destination ou guide expat : socle du corpus,KEEP
/th/visa-samoa,th,www2/th/visa-samoa.html,0,0,0,Hub destination ou guide expat : socle du corpus,KEEP
/th/visa-saudi-arabia,th,www2/th/visa-saudi-arabia.html,0,0,0,Hub destination ou guide expat : socle du corpus,KEEP
/th/visa-singapore,th,www2/th/visa-singapore.html,0,0,0,Hub destination ou guide expat : socle du corpus,KEEP
/th/visa-slovakia,th,www2/th/visa-slovakia.html,0,0,0,Hub destination ou guide expat : socle du corpus,KEEP
/th/visa-slovenia,th,www2/th/visa-slovenia.html,0,0,0,Hub destination ou guide expat : socle du corpus,KEEP
/th/visa-south-korea,th,www2/th/visa-south-korea.html,0,0,0,Hub destination ou guide expat : socle du corpus,KEEP
/th/visa-spain,th,www2/th/visa-spain.html,0,0,0,Hub destination ou guide expat : socle du corpus,KEEP
/th/visa-sri-lanka,th,www2/th/visa-sri-lanka.html,0,0,0,Hub destination ou guide expat : socle du corpus,KEEP
/th/visa-sweden,th,www2/th/visa-sweden.html,0,0,0,Hub destination ou guide expat : socle du corpus,KEEP
/th/visa-switzerland,th,www2/th/visa-switzerland.html,0,0,0,Hub destination ou guide expat : socle du corpus,KEEP
/th/visa-taiwan,th,www2/th/visa-taiwan.html,0,0,0,Hub destination ou guide expat : socle du corpus,KEEP
/th/visa-thailand,th,www2/th/visa-thailand.html,0,0,0,Hub destination ou guide expat : socle du corpus,KEEP
/th/visa-tonga,th,www2/th/visa-tonga.html,0,0,0,Hub destination ou guide expat : socle du corpus,KEEP
/th/visa-turkey,th,www2/th/visa-turkey.html,0,0,0,Hub destination ou guide expat : socle du corpus,KEEP
/th/visa-uae,th,www2/th/visa-uae.html,0,0,0,Hub destination ou guide expat : socle du corpus,KEEP
/th/visa-ukraine,th,www2/th/visa-ukraine.html,0,0,0,Hub destination ou guide expat : socle du corpus,KEEP
/th/visa-united-kingdom,th,www2/th/visa-united-kingdom.html,0,0,0,Hub destination ou guide expat : socle du corpus,KEEP
/th/visa-uruguay,th,www2/th/visa-uruguay.html,0,0,0,Hub destination ou guide expat : socle du corpus,KEEP
/th/visa-usa,th,www2/th/visa-usa.html,0,0,0,Hub destination ou guide expat : socle du corpus,KEEP
/th/visa-venezuela,th,www2/th/visa-venezuela.html,0,0,0,Hub destination ou guide expat : socle du corpus,KEEP
/th/visa-vietnam,th,www2/th/visa-vietnam.html,0,0,0,Hub destination ou guide expat : socle du corpus,KEEP
/zh/australia-visa-for-argentinian-citizens,zh,www2/zh/australia-visa-for-argentinian-citizens.html,2,120,8.56,"Historique GSC : 2 clics, 120 impressions",KEEP
/zh/australia-visa-for-singaporean-citizens,zh,www2/zh/australia-visa-for-singaporean-citizens.html,2,15,7.67,"Historique GSC : 2 clics, 15 impressions",KEEP
/zh/australia-visa-for-us-citizens,zh,www2/zh/australia-visa-for-us-citizens.html,2,84,7.04,"Historique GSC : 2 clics, 84 impressions",KEEP
/zh/belgium-visa-fees,zh,www2/zh/belgium-visa-fees.html,2,47,6.06,"Historique GSC : 2 clics, 47 impressions",KEEP
/zh/belgium-visa-for-chinese-citizens,zh,www2/zh/belgium-visa-for-chinese-citizens.html,2,133,9.26,"Historique GSC : 2 clics, 133 impressions",KEEP
/zh/belgium-visa-processing-time,zh,www2/zh/belgium-visa-processing-time.html,2,69,5.23,"Historique GSC : 2 clics, 69 impressions",KEEP
/zh/cambodia-visa-extension,zh,www2/zh/cambodia-visa-extension.html,4,71,7.65,"Historique GSC : 4 clics, 71 impressions",KEEP
/zh/cambodia-visa-requirements,zh,www2/zh/cambodia-visa-requirements.html,3,38,16.05,"Historique GSC : 3 clics, 38 impressions",KEEP
/zh/canada-visa-processing-time,zh,www2/zh/canada-visa-processing-time.html,4,114,10.14,"Historique GSC : 4 clics, 114 impressions",KEEP
/zh/china-visa-extension,zh,www2/zh/china-visa-extension.html,3,186,7.57,"Historique GSC : 3 clics, 186 impressions",KEEP
/zh/colombia-visa-extension,zh,www2/zh/colombia-visa-extension.html,2,38,11.61,"Historique GSC : 2 clics, 38 impressions",KEEP
/zh/costa-rica-visa-for-russian-citizens,zh,www2/zh/costa-rica-visa-for-russian-citizens.html,3,518,8.0,"Historique GSC : 3 clics, 518 impressions",KEEP
/zh/croatia-visa-for-indonesian-citizens,zh,www2/zh/croatia-visa-for-indonesian-citizens.html,2,77,10.62,"Historique GSC : 2 clics, 77 impressions",KEEP
/zh/expat-guide-argentina,zh,www2/zh/expat-guide-argentina.html,0,0,0,Hub destination ou guide expat : socle du corpus,KEEP
/zh/expat-guide-brazil,zh,www2/zh/expat-guide-brazil.html,0,0,0,Hub destination ou guide expat : socle du corpus,KEEP
/zh/expat-guide-cambodia,zh,www2/zh/expat-guide-cambodia.html,0,0,0,Hub destination ou guide expat : socle du corpus,KEEP
/zh/expat-guide-colombia,zh,www2/zh/expat-guide-colombia.html,0,0,0,Hub destination ou guide expat : socle du corpus,KEEP
/zh/expat-guide-costa-rica,zh,www2/zh/expat-guide-costa-rica.html,0,0,0,Hub destination ou guide expat : socle du corpus,KEEP
/zh/expat-guide-croatia,zh,www2/zh/expat-guide-croatia.html,0,0,0,Hub destination ou guide expat : socle du corpus,KEEP
/zh/expat-guide-cyprus,zh,www2/zh/expat-guide-cyprus.html,0,0,0,Hub destination ou guide expat : socle du corpus,KEEP
/zh/expat-guide-ecuador,zh,www2/zh/expat-guide-ecuador.html,0,0,0,Hub destination ou guide expat : socle du corpus,KEEP
/zh/expat-guide-estonia,zh,www2/zh/expat-guide-estonia.html,0,0,0,Hub destination ou guide expat : socle du corpus,KEEP
/zh/expat-guide-france,zh,www2/zh/expat-guide-france.html,0,0,0,Hub destination ou guide expat : socle du corpus,KEEP
/zh/expat-guide-georgia,zh,www2/zh/expat-guide-georgia.html,0,0,0,Hub destination ou guide expat : socle du corpus,KEEP
/zh/expat-guide-germany,zh,www2/zh/expat-guide-germany.html,0,0,0,Hub destination ou guide expat : socle du corpus,KEEP
/zh/expat-guide-greece,zh,www2/zh/expat-guide-greece.html,0,0,0,Hub destination ou guide expat : socle du corpus,KEEP
/zh/expat-guide-indonesia,zh,www2/zh/expat-guide-indonesia.html,0,0,0,Hub destination ou guide expat : socle du corpus,KEEP
/zh/expat-guide-italy,zh,www2/zh/expat-guide-italy.html,0,0,0,Hub destination ou guide expat : socle du corpus,KEEP
/zh/expat-guide-japan,zh,www2/zh/expat-guide-japan.html,0,0,0,Hub destination ou guide expat : socle du corpus,KEEP
/zh/expat-guide-laos,zh,www2/zh/expat-guide-laos.html,0,0,0,Hub destination ou guide expat : socle du corpus,KEEP
/zh/expat-guide-malaysia,zh,www2/zh/expat-guide-malaysia.html,0,0,0,Hub destination ou guide expat : socle du corpus,KEEP
/zh/expat-guide-malta,zh,www2/zh/expat-guide-malta.html,0,0,0,Hub destination ou guide expat : socle du corpus,KEEP
/zh/expat-guide-mauritius,zh,www2/zh/expat-guide-mauritius.html,0,0,0,Hub destination ou guide expat : socle du corpus,KEEP
/zh/expat-guide-mexico,zh,www2/zh/expat-guide-mexico.html,0,0,0,Hub destination ou guide expat : socle du corpus,KEEP
/zh/expat-guide-panama,zh,www2/zh/expat-guide-panama.html,0,0,0,Hub destination ou guide expat : socle du corpus,KEEP
/zh/expat-guide-paraguay,zh,www2/zh/expat-guide-paraguay.html,0,0,0,Hub destination ou guide expat : socle du corpus,KEEP
/zh/expat-guide-philippines,zh,www2/zh/expat-guide-philippines.html,0,0,0,Hub destination ou guide expat : socle du corpus,KEEP
/zh/expat-guide-portugal,zh,www2/zh/expat-guide-portugal.html,0,0,0,Hub destination ou guide expat : socle du corpus,KEEP
/zh/expat-guide-singapore,zh,www2/zh/expat-guide-singapore.html,0,0,0,Hub destination ou guide expat : socle du corpus,KEEP
/zh/expat-guide-south-korea,zh,www2/zh/expat-guide-south-korea.html,0,0,0,Hub destination ou guide expat : socle du corpus,KEEP
/zh/expat-guide-spain,zh,www2/zh/expat-guide-spain.html,0,0,0,Hub destination ou guide expat : socle du corpus,KEEP
/zh/expat-guide-taiwan,zh,www2/zh/expat-guide-taiwan.html,0,0,0,Hub destination ou guide expat : socle du corpus,KEEP
/zh/expat-guide-thailand,zh,www2/zh/expat-guide-thailand.html,0,0,0,Hub destination ou guide expat : socle du corpus,KEEP
/zh/expat-guide-uae,zh,www2/zh/expat-guide-uae.html,0,0,0,Hub destination ou guide expat : socle du corpus,KEEP
/zh/expat-guide-vietnam,zh,www2/zh/expat-guide-vietnam.html,0,0,0,Hub destination ou guide expat : socle du corpus,KEEP
/zh/france-visa-for-russian-citizens,zh,www2/zh/france-visa-for-russian-citizens.html,2,166,7.27,"Historique GSC : 2 clics, 166 impressions",KEEP
/zh/france-visa-for-turkish-citizens,zh,www2/zh/france-visa-for-turkish-citizens.html,2,543,8.58,"Historique GSC : 2 clics, 543 impressions",KEEP
/zh/germany-visa-fees,zh,www2/zh/germany-visa-fees.html,1,646,18.27,"Historique GSC : 1 clics, 646 impressions",KEEP
/zh/greece-visa-requirements,zh,www2/zh/greece-visa-requirements.html,2,80,11.78,"Historique GSC : 2 clics, 80 impressions",KEEP
/zh/hong-kong-visa-for-canadian-citizens,zh,www2/zh/hong-kong-visa-for-canadian-citizens.html,2,234,33.69,"Historique GSC : 2 clics, 234 impressions",KEEP
/zh/hong-kong-visa-for-mexican-citizens,zh,www2/zh/hong-kong-visa-for-mexican-citizens.html,2,81,7.06,"Historique GSC : 2 clics, 81 impressions",KEEP
/zh/hong-kong-visa-for-philippine-citizens,zh,www2/zh/hong-kong-visa-for-philippine-citizens.html,2,208,10.62,"Historique GSC : 2 clics, 208 impressions",KEEP
/zh/hong-kong-visa-for-south-african-citizens,zh,www2/zh/hong-kong-visa-for-south-african-citizens.html,2,32,5.88,"Historique GSC : 2 clics, 32 impressions",KEEP
/zh/hungary-visa-extension,zh,www2/zh/hungary-visa-extension.html,6,318,7.76,"Historique GSC : 6 clics, 318 impressions",KEEP
/zh/hungary-visa-fees,zh,www2/zh/hungary-visa-fees.html,2,27,6.11,"Historique GSC : 2 clics, 27 impressions",KEEP
/zh/india-visa-extension,zh,www2/zh/india-visa-extension.html,2,147,15.05,"Historique GSC : 2 clics, 147 impressions",KEEP
/zh/indonesia-visa-for-turkish-citizens,zh,www2/zh/indonesia-visa-for-turkish-citizens.html,2,328,7.95,"Historique GSC : 2 clics, 328 impressions",KEEP
/zh/ireland-visa-processing-time,zh,www2/zh/ireland-visa-processing-time.html,3,238,9.74,"Historique GSC : 3 clics, 238 impressions",KEEP
/zh/italy-visa-fees,zh,www2/zh/italy-visa-fees.html,3,390,8.64,"Historique GSC : 3 clics, 390 impressions",KEEP
/zh/italy-visa-for-uk-citizens,zh,www2/zh/italy-visa-for-uk-citizens.html,2,36,7.42,"Historique GSC : 2 clics, 36 impressions",KEEP
/zh/japan-visa-extension,zh,www2/zh/japan-visa-extension.html,3,98,6.89,"Historique GSC : 3 clics, 98 impressions",KEEP
/zh/japan-visa-for-philippine-citizens,zh,www2/zh/japan-visa-for-philippine-citizens.html,3,191,6.72,"Historique GSC : 3 clics, 191 impressions",KEEP
/zh/japan-visa-for-russian-citizens,zh,www2/zh/japan-visa-for-russian-citizens.html,3,30,6.83,"Historique GSC : 3 clics, 30 impressions",KEEP
/zh/japan-visa-processing-time,zh,www2/zh/japan-visa-processing-time.html,3,378,8.01,"Historique GSC : 3 clics, 378 impressions",KEEP
/zh/jordan-visa-for-nigerian-citizens,zh,www2/zh/jordan-visa-for-nigerian-citizens.html,2,44,5.95,"Historique GSC : 2 clics, 44 impressions",KEEP
/zh/jordan-visa-requirements,zh,www2/zh/jordan-visa-requirements.html,2,32,12.03,"Historique GSC : 2 clics, 32 impressions",KEEP
/zh/legal-notice,zh,www2/zh/legal-notice.html,0,0,0,Page utilitaire a conserver en noindex,KEEP_NOINDEX
/zh/malaysia-visa-for-indonesian-citizens,zh,www2/zh/malaysia-visa-for-indonesian-citizens.html,6,104,5.39,"Historique GSC : 6 clics, 104 impressions",KEEP
/zh/maldives-visa-for-philippine-citizens,zh,www2/zh/maldives-visa-for-philippine-citizens.html,4,138,4.67,"Historique GSC : 4 clics, 138 impressions",KEEP
/zh/maldives-visa-for-south-african-citizens,zh,www2/zh/maldives-visa-for-south-african-citizens.html,6,297,8.65,"Historique GSC : 6 clics, 297 impressions",KEEP
/zh/mexico-visa-extension,zh,www2/zh/mexico-visa-extension.html,3,116,6.54,"Historique GSC : 3 clics, 116 impressions",KEEP
/zh/new-zealand-visa-processing-time,zh,www2/zh/new-zealand-visa-processing-time.html,2,42,7.43,"Historique GSC : 2 clics, 42 impressions",KEEP
/zh/norway-visa-extension,zh,www2/zh/norway-visa-extension.html,4,199,7.34,"Historique GSC : 4 clics, 199 impressions",KEEP
/zh/norway-visa-for-us-citizens,zh,www2/zh/norway-visa-for-us-citizens.html,3,83,5.08,"Historique GSC : 3 clics, 83 impressions",KEEP
/zh/philippines-visa-for-us-citizens,zh,www2/zh/philippines-visa-for-us-citizens.html,2,30,7.9,"Historique GSC : 2 clics, 30 impressions",KEEP
/zh/poland-visa-for-turkish-citizens,zh,www2/zh/poland-visa-for-turkish-citizens.html,4,711,7.15,"Historique GSC : 4 clics, 711 impressions",KEEP
/zh/qatar-hayya-visa,zh,www2/zh/qatar-hayya-visa.html,3,1501,35.8,"Historique GSC : 3 clics, 1501 impressions",KEEP
/zh/qatar-visa-for-south-african-citizens,zh,www2/zh/qatar-visa-for-south-african-citizens.html,2,184,7.47,"Historique GSC : 2 clics, 184 impressions",KEEP
/zh/romania-visa-processing-time,zh,www2/zh/romania-visa-processing-time.html,5,412,8.42,"Historique GSC : 5 clics, 412 impressions",KEEP
/zh/romania-visa-requirements,zh,www2/zh/romania-visa-requirements.html,4,129,10.02,"Historique GSC : 4 clics, 129 impressions",KEEP
/zh/spain-visa-for-russian-citizens,zh,www2/zh/spain-visa-for-russian-citizens.html,2,8,4.25,"Historique GSC : 2 clics, 8 impressions",KEEP
/zh/sri-lanka-visa-for-us-citizens,zh,www2/zh/sri-lanka-visa-for-us-citizens.html,4,39,4.85,"Historique GSC : 4 clics, 39 impressions",KEEP
/zh/sri-lanka-visa-requirements,zh,www2/zh/sri-lanka-visa-requirements.html,2,234,29.67,"Historique GSC : 2 clics, 234 impressions",KEEP
/zh/switzerland-visa-for-canadian-citizens,zh,www2/zh/switzerland-visa-for-canadian-citizens.html,5,83,5.07,"Historique GSC : 5 clics, 83 impressions",KEEP
/zh/taiwan-visa-for-argentinian-citizens,zh,www2/zh/taiwan-visa-for-argentinian-citizens.html,12,184,6.09,"Historique GSC : 12 clics, 184 impressions",KEEP
/zh/taiwan-visa-for-australian-citizens,zh,www2/zh/taiwan-visa-for-australian-citizens.html,2,61,22.9,"Historique GSC : 2 clics, 61 impressions",KEEP
/zh/taiwan-visa-for-brazilian-citizens,zh,www2/zh/taiwan-visa-for-brazilian-citizens.html,20,1552,7.28,"Historique GSC : 20 clics, 1552 impressions",KEEP
/zh/taiwan-visa-for-korean-citizens,zh,www2/zh/taiwan-visa-for-korean-citizens.html,2,792,7.04,"Historique GSC : 2 clics, 792 impressions",KEEP
/zh/taiwan-visa-for-mexican-citizens,zh,www2/zh/taiwan-visa-for-mexican-citizens.html,21,389,7.28,"Historique GSC : 21 clics, 389 impressions",KEEP
/zh/taiwan-visa-for-russian-citizens,zh,www2/zh/taiwan-visa-for-russian-citizens.html,3,118,6.05,"Historique GSC : 3 clics, 118 impressions",KEEP
/zh/taiwan-visa-for-south-african-citizens,zh,www2/zh/taiwan-visa-for-south-african-citizens.html,3,110,6.48,"Historique GSC : 3 clics, 110 impressions",KEEP
/zh/thailand-visa-extension,zh,www2/zh/thailand-visa-extension.html,2,87,8.34,"Historique GSC : 2 clics, 87 impressions",KEEP
/zh/thailand-visa-for-bangladeshi-citizens,zh,www2/zh/thailand-visa-for-bangladeshi-citizens.html,3,14,3.71,"Historique GSC : 3 clics, 14 impressions",KEEP
/zh/thailand-visa-for-french-citizens,zh,www2/zh/thailand-visa-for-french-citizens.html,3,33,6.91,"Historique GSC : 3 clics, 33 impressions",KEEP
/zh/turkey-visa-for-french-citizens,zh,www2/zh/turkey-visa-for-french-citizens.html,2,425,9.16,"Historique GSC : 2 clics, 425 impressions",KEEP
/zh/turkey-visa-for-german-citizens,zh,www2/zh/turkey-visa-for-german-citizens.html,2,24,7.42,"Historique GSC : 2 clics, 24 impressions",KEEP
/zh/turkey-visa-requirements,zh,www2/zh/turkey-visa-requirements.html,2,226,30.08,"Historique GSC : 2 clics, 226 impressions",KEEP
/zh/visa-andorra,zh,www2/zh/visa-andorra.html,0,0,0,Hub destination ou guide expat : socle du corpus,KEEP
/zh/visa-angola,zh,www2/zh/visa-angola.html,0,0,0,Hub destination ou guide expat : socle du corpus,KEEP
/zh/visa-argentina,zh,www2/zh/visa-argentina.html,0,0,0,Hub destination ou guide expat : socle du corpus,KEEP
/zh/visa-australia,zh,www2/zh/visa-australia.html,0,0,0,Hub destination ou guide expat : socle du corpus,KEEP
/zh/visa-austria,zh,www2/zh/visa-austria.html,0,0,0,Hub destination ou guide expat : socle du corpus,KEEP
/zh/visa-bahamas,zh,www2/zh/visa-bahamas.html,0,0,0,Hub destination ou guide expat : socle du corpus,KEEP
/zh/visa-bahrain,zh,www2/zh/visa-bahrain.html,0,0,0,Hub destination ou guide expat : socle du corpus,KEEP
/zh/visa-belgium,zh,www2/zh/visa-belgium.html,0,0,0,Hub destination ou guide expat : socle du corpus,KEEP
/zh/visa-belize,zh,www2/zh/visa-belize.html,0,0,0,Hub destination ou guide expat : socle du corpus,KEEP
/zh/visa-bermuda,zh,www2/zh/visa-bermuda.html,0,0,0,Hub destination ou guide expat : socle du corpus,KEEP
/zh/visa-bhutan,zh,www2/zh/visa-bhutan.html,0,0,0,Hub destination ou guide expat : socle du corpus,KEEP
/zh/visa-brazil,zh,www2/zh/visa-brazil.html,0,0,0,Hub destination ou guide expat : socle du corpus,KEEP
/zh/visa-brunei,zh,www2/zh/visa-brunei.html,0,0,0,Hub destination ou guide expat : socle du corpus,KEEP
/zh/visa-bulgaria,zh,www2/zh/visa-bulgaria.html,0,0,0,Hub destination ou guide expat : socle du corpus,KEEP
/zh/visa-cambodia,zh,www2/zh/visa-cambodia.html,0,0,0,Hub destination ou guide expat : socle du corpus,KEEP
/zh/visa-canada,zh,www2/zh/visa-canada.html,0,0,0,Hub destination ou guide expat : socle du corpus,KEEP
/zh/visa-cape-verde,zh,www2/zh/visa-cape-verde.html,0,0,0,Hub destination ou guide expat : socle du corpus,KEEP
/zh/visa-chile,zh,www2/zh/visa-chile.html,2,131,33.02,"Historique GSC : 2 clics, 131 impressions",KEEP
/zh/visa-china,zh,www2/zh/visa-china.html,0,0,0,Hub destination ou guide expat : socle du corpus,KEEP
/zh/visa-colombia,zh,www2/zh/visa-colombia.html,0,0,0,Hub destination ou guide expat : socle du corpus,KEEP
/zh/visa-cook-islands,zh,www2/zh/visa-cook-islands.html,0,0,0,Hub destination ou guide expat : socle du corpus,KEEP
/zh/visa-costa-rica,zh,www2/zh/visa-costa-rica.html,0,0,0,Hub destination ou guide expat : socle du corpus,KEEP
/zh/visa-croatia,zh,www2/zh/visa-croatia.html,0,0,0,Hub destination ou guide expat : socle du corpus,KEEP
/zh/visa-cyprus,zh,www2/zh/visa-cyprus.html,2,171,13.86,"Historique GSC : 2 clics, 171 impressions",KEEP
/zh/visa-czech-republic,zh,www2/zh/visa-czech-republic.html,0,0,0,Hub destination ou guide expat : socle du corpus,KEEP
/zh/visa-denmark,zh,www2/zh/visa-denmark.html,0,0,0,Hub destination ou guide expat : socle du corpus,KEEP
/zh/visa-documents-checklist,zh,www2/zh/visa-documents-checklist.html,0,0,0,Hub destination ou guide expat : socle du corpus,KEEP
/zh/visa-ecuador,zh,www2/zh/visa-ecuador.html,0,0,0,Hub destination ou guide expat : socle du corpus,KEEP
/zh/visa-egypt,zh,www2/zh/visa-egypt.html,0,0,0,Hub destination ou guide expat : socle du corpus,KEEP
/zh/visa-fiji,zh,www2/zh/visa-fiji.html,0,0,0,Hub destination ou guide expat : socle du corpus,KEEP
/zh/visa-finland,zh,www2/zh/visa-finland.html,0,0,0,Hub destination ou guide expat : socle du corpus,KEEP
/zh/visa-france,zh,www2/zh/visa-france.html,0,0,0,Hub destination ou guide expat : socle du corpus,KEEP
/zh/visa-free-countries-australia-passport,zh,www2/zh/visa-free-countries-australia-passport.html,0,0,0,Hub destination ou guide expat : socle du corpus,KEEP
/zh/visa-free-countries-brazil-passport,zh,www2/zh/visa-free-countries-brazil-passport.html,0,0,0,Hub destination ou guide expat : socle du corpus,KEEP
/zh/visa-free-countries-canada-passport,zh,www2/zh/visa-free-countries-canada-passport.html,0,0,0,Hub destination ou guide expat : socle du corpus,KEEP
/zh/visa-free-countries-china-passport,zh,www2/zh/visa-free-countries-china-passport.html,0,0,0,Hub destination ou guide expat : socle du corpus,KEEP
/zh/visa-free-countries-eu-passport,zh,www2/zh/visa-free-countries-eu-passport.html,0,0,0,Hub destination ou guide expat : socle du corpus,KEEP
/zh/visa-free-countries-india-passport,zh,www2/zh/visa-free-countries-india-passport.html,0,0,0,Hub destination ou guide expat : socle du corpus,KEEP
/zh/visa-free-countries-japan-passport,zh,www2/zh/visa-free-countries-japan-passport.html,0,0,0,Hub destination ou guide expat : socle du corpus,KEEP
/zh/visa-free-countries-uae-passport,zh,www2/zh/visa-free-countries-uae-passport.html,0,0,0,Hub destination ou guide expat : socle du corpus,KEEP
/zh/visa-free-countries-uk-passport,zh,www2/zh/visa-free-countries-uk-passport.html,2,63,6.37,"Historique GSC : 2 clics, 63 impressions",KEEP
/zh/visa-free-countries-us-passport,zh,www2/zh/visa-free-countries-us-passport.html,0,0,0,Hub destination ou guide expat : socle du corpus,KEEP
/zh/visa-georgia,zh,www2/zh/visa-georgia.html,0,0,0,Hub destination ou guide expat : socle du corpus,KEEP
/zh/visa-germany,zh,www2/zh/visa-germany.html,0,0,0,Hub destination ou guide expat : socle du corpus,KEEP
/zh/visa-greece,zh,www2/zh/visa-greece.html,0,0,0,Hub destination ou guide expat : socle du corpus,KEEP
/zh/visa-guatemala,zh,www2/zh/visa-guatemala.html,3,119,10.49,"Historique GSC : 3 clics, 119 impressions",KEEP
/zh/visa-hong-kong,zh,www2/zh/visa-hong-kong.html,0,0,0,Hub destination ou guide expat : socle du corpus,KEEP
/zh/visa-hungary,zh,www2/zh/visa-hungary.html,0,0,0,Hub destination ou guide expat : socle du corpus,KEEP
/zh/visa-iceland,zh,www2/zh/visa-iceland.html,0,0,0,Hub destination ou guide expat : socle du corpus,KEEP
/zh/visa-india,zh,www2/zh/visa-india.html,2,133,11.38,"Historique GSC : 2 clics, 133 impressions",KEEP
/zh/visa-indonesia,zh,www2/zh/visa-indonesia.html,0,0,0,Hub destination ou guide expat : socle du corpus,KEEP
/zh/visa-iran,zh,www2/zh/visa-iran.html,0,0,0,Hub destination ou guide expat : socle du corpus,KEEP
/zh/visa-iraq,zh,www2/zh/visa-iraq.html,0,0,0,Hub destination ou guide expat : socle du corpus,KEEP
/zh/visa-ireland,zh,www2/zh/visa-ireland.html,0,0,0,Hub destination ou guide expat : socle du corpus,KEEP
/zh/visa-israel,zh,www2/zh/visa-israel.html,0,0,0,Hub destination ou guide expat : socle du corpus,KEEP
/zh/visa-italy,zh,www2/zh/visa-italy.html,0,0,0,Hub destination ou guide expat : socle du corpus,KEEP
/zh/visa-japan,zh,www2/zh/visa-japan.html,0,0,0,Hub destination ou guide expat : socle du corpus,KEEP
/zh/visa-jordan,zh,www2/zh/visa-jordan.html,1,641,62.19,"Historique GSC : 1 clics, 641 impressions",KEEP
/zh/visa-kuwait,zh,www2/zh/visa-kuwait.html,0,0,0,Hub destination ou guide expat : socle du corpus,KEEP
/zh/visa-laos,zh,www2/zh/visa-laos.html,2,2719,23.42,"Historique GSC : 2 clics, 2719 impressions",KEEP
/zh/visa-liechtenstein,zh,www2/zh/visa-liechtenstein.html,0,0,0,Hub destination ou guide expat : socle du corpus,KEEP
/zh/visa-luxembourg,zh,www2/zh/visa-luxembourg.html,0,0,0,Hub destination ou guide expat : socle du corpus,KEEP
/zh/visa-macau,zh,www2/zh/visa-macau.html,2,681,10.94,"Historique GSC : 2 clics, 681 impressions",KEEP
/zh/visa-malaysia,zh,www2/zh/visa-malaysia.html,0,0,0,Hub destination ou guide expat : socle du corpus,KEEP
/zh/visa-maldives,zh,www2/zh/visa-maldives.html,0,0,0,Hub destination ou guide expat : socle du corpus,KEEP
/zh/visa-mexico,zh,www2/zh/visa-mexico.html,0,0,0,Hub destination ou guide expat : socle du corpus,KEEP
/zh/visa-moldova,zh,www2/zh/visa-moldova.html,0,0,0,Hub destination ou guide expat : socle du corpus,KEEP
/zh/visa-myanmar,zh,www2/zh/visa-myanmar.html,0,0,0,Hub destination ou guide expat : socle du corpus,KEEP
/zh/visa-nepal,zh,www2/zh/visa-nepal.html,0,0,0,Hub destination ou guide expat : socle du corpus,KEEP
/zh/visa-netherlands,zh,www2/zh/visa-netherlands.html,0,0,0,Hub destination ou guide expat : socle du corpus,KEEP
/zh/visa-new-zealand,zh,www2/zh/visa-new-zealand.html,0,0,0,Hub destination ou guide expat : socle du corpus,KEEP
/zh/visa-nicaragua,zh,www2/zh/visa-nicaragua.html,0,0,0,Hub destination ou guide expat : socle du corpus,KEEP
/zh/visa-norway,zh,www2/zh/visa-norway.html,0,0,0,Hub destination ou guide expat : socle du corpus,KEEP
/zh/visa-oman,zh,www2/zh/visa-oman.html,0,0,0,Hub destination ou guide expat : socle du corpus,KEEP
/zh/visa-panama,zh,www2/zh/visa-panama.html,0,0,0,Hub destination ou guide expat : socle du corpus,KEEP
/zh/visa-peru,zh,www2/zh/visa-peru.html,0,0,0,Hub destination ou guide expat : socle du corpus,KEEP
/zh/visa-philippines,zh,www2/zh/visa-philippines.html,0,0,0,Hub destination ou guide expat : socle du corpus,KEEP
/zh/visa-photo-requirements,zh,www2/zh/visa-photo-requirements.html,0,0,0,Hub destination ou guide expat : socle du corpus,KEEP
/zh/visa-poland,zh,www2/zh/visa-poland.html,0,0,0,Hub destination ou guide expat : socle du corpus,KEEP
/zh/visa-portugal,zh,www2/zh/visa-portugal.html,0,0,0,Hub destination ou guide expat : socle du corpus,KEEP
/zh/visa-processing-times,zh,www2/zh/visa-processing-times.html,0,0,0,Hub destination ou guide expat : socle du corpus,KEEP
/zh/visa-qatar,zh,www2/zh/visa-qatar.html,0,0,0,Hub destination ou guide expat : socle du corpus,KEEP
/zh/visa-rejection-reasons,zh,www2/zh/visa-rejection-reasons.html,0,0,0,Hub destination ou guide expat : socle du corpus,KEEP
/zh/visa-result,zh,www2/zh/visa-result.html,0,0,0,Hub destination ou guide expat : socle du corpus,KEEP
/zh/visa-romania,zh,www2/zh/visa-romania.html,0,0,0,Hub destination ou guide expat : socle du corpus,KEEP
/zh/visa-samoa,zh,www2/zh/visa-samoa.html,0,0,0,Hub destination ou guide expat : socle du corpus,KEEP
/zh/visa-saudi-arabia,zh,www2/zh/visa-saudi-arabia.html,0,0,0,Hub destination ou guide expat : socle du corpus,KEEP
/zh/visa-singapore,zh,www2/zh/visa-singapore.html,0,0,0,Hub destination ou guide expat : socle du corpus,KEEP
/zh/visa-slovakia,zh,www2/zh/visa-slovakia.html,0,0,0,Hub destination ou guide expat : socle du corpus,KEEP
/zh/visa-slovenia,zh,www2/zh/visa-slovenia.html,0,0,0,Hub destination ou guide expat : socle du corpus,KEEP
/zh/visa-south-korea,zh,www2/zh/visa-south-korea.html,0,0,0,Hub destination ou guide expat : socle du corpus,KEEP
/zh/visa-spain,zh,www2/zh/visa-spain.html,0,0,0,Hub destination ou guide expat : socle du corpus,KEEP
/zh/visa-sri-lanka,zh,www2/zh/visa-sri-lanka.html,0,0,0,Hub destination ou guide expat : socle du corpus,KEEP
/zh/visa-sweden,zh,www2/zh/visa-sweden.html,0,0,0,Hub destination ou guide expat : socle du corpus,KEEP
/zh/visa-switzerland,zh,www2/zh/visa-switzerland.html,0,0,0,Hub destination ou guide expat : socle du corpus,KEEP
/zh/visa-taiwan,zh,www2/zh/visa-taiwan.html,0,0,0,Hub destination ou guide expat : socle du corpus,KEEP
/zh/visa-thailand,zh,www2/zh/visa-thailand.html,0,0,0,Hub destination ou guide expat : socle du corpus,KEEP
/zh/visa-tonga,zh,www2/zh/visa-tonga.html,0,0,0,Hub destination ou guide expat : socle du corpus,KEEP
/zh/visa-turkey,zh,www2/zh/visa-turkey.html,0,0,0,Hub destination ou guide expat : socle du corpus,KEEP
/zh/visa-uae,zh,www2/zh/visa-uae.html,2,75,15.65,"Historique GSC : 2 clics, 75 impressions",KEEP
/zh/visa-ukraine,zh,www2/zh/visa-ukraine.html,0,0,0,Hub destination ou guide expat : socle du corpus,KEEP
/zh/visa-united-kingdom,zh,www2/zh/visa-united-kingdom.html,0,0,0,Hub destination ou guide expat : socle du corpus,KEEP
/zh/visa-uruguay,zh,www2/zh/visa-uruguay.html,0,0,0,Hub destination ou guide expat : socle du corpus,KEEP
/zh/visa-usa,zh,www2/zh/visa-usa.html,0,0,0,Hub destination ou guide expat : socle du corpus,KEEP
/zh/visa-venezuela,zh,www2/zh/visa-venezuela.html,0,0,0,Hub destination ou guide expat : socle du corpus,KEEP
/zh/visa-vietnam,zh,www2/zh/visa-vietnam.html,0,0,0,Hub destination ou guide expat : socle du corpus,KEEP
