locale,file,url,destination,nationality,indexable,canonical,word_count_main,unique_content_ratio,similarity_to_same_destination_pages,historical_clicks,historical_impressions,historical_best_position,external_backlinks_if_known,visa_rule_specific_to_nationality,unique_search_intent,recommended_action,target_url,reason
en,www2/en/cambodia-visa-for-argentinian-citizens.html,/en/cambodia-visa-for-argentinian-citizens,cambodia,argentinian,yes,https://www.evisa-card.com/en/cambodia-visa-for-argentinian-citizens,371,0.1188,0.8812,0,0,0.0,,no,no,MERGE_301,/en/visa-cambodia,"Contenu tres proche du groupe (unicite 11.9%), 0 impression"
en,www2/en/cambodia-visa-for-brazilian-citizens.html,/en/cambodia-visa-for-brazilian-citizens,cambodia,brazilian,yes,https://www.evisa-card.com/en/cambodia-visa-for-brazilian-citizens,371,0.1188,0.8812,0,0,0.0,,no,no,MERGE_301,/en/visa-cambodia,"Contenu tres proche du groupe (unicite 11.9%), 0 impression"
en,www2/en/cambodia-visa-for-canadian-citizens.html,/en/cambodia-visa-for-canadian-citizens,cambodia,canadian,yes,https://www.evisa-card.com/en/cambodia-visa-for-canadian-citizens,371,0.1188,0.8812,0,0,0.0,,no,no,MERGE_301,/en/visa-cambodia,"Contenu tres proche du groupe (unicite 11.9%), 0 impression"
en,www2/en/cambodia-visa-for-chinese-citizens.html,/en/cambodia-visa-for-chinese-citizens,cambodia,chinese,yes,https://www.evisa-card.com/en/cambodia-visa-for-chinese-citizens,385,0.1199,0.8801,0,0,0.0,,no,no,MERGE_301,/en/visa-cambodia,"Contenu tres proche du groupe (unicite 12.0%), 0 impression"
en,www2/en/cambodia-visa-for-french-citizens.html,/en/cambodia-visa-for-french-citizens,cambodia,french,yes,https://www.evisa-card.com/en/cambodia-visa-for-french-citizens,371,0.1188,0.8812,0,0,0.0,,no,no,MERGE_301,/en/visa-cambodia,"Contenu tres proche du groupe (unicite 11.9%), 0 impression"
en,www2/en/cambodia-visa-for-german-citizens.html,/en/cambodia-visa-for-german-citizens,cambodia,german,yes,https://www.evisa-card.com/en/cambodia-visa-for-german-citizens,371,0.1188,0.8812,0,0,0.0,,no,no,MERGE_301,/en/visa-cambodia,"Contenu tres proche du groupe (unicite 11.9%), 0 impression"
en,www2/en/cambodia-visa-for-indian-citizens.html,/en/cambodia-visa-for-indian-citizens,cambodia,indian,yes,https://www.evisa-card.com/en/cambodia-visa-for-indian-citizens,377,0.1047,0.8953,0,0,0.0,,no,no,MERGE_301,/en/visa-cambodia,"Contenu tres proche du groupe (unicite 10.5%), 0 impression"
en,www2/en/cambodia-visa-for-japanese-citizens.html,/en/cambodia-visa-for-japanese-citizens,cambodia,japanese,yes,https://www.evisa-card.com/en/cambodia-visa-for-japanese-citizens,371,0.1188,0.8812,0,0,0.0,,no,no,MERGE_301,/en/visa-cambodia,"Contenu tres proche du groupe (unicite 11.9%), 0 impression"
en,www2/en/cambodia-visa-for-korean-citizens.html,/en/cambodia-visa-for-korean-citizens,cambodia,korean,yes,https://www.evisa-card.com/en/cambodia-visa-for-korean-citizens,371,0.1188,0.8812,0,0,0.0,,no,no,MERGE_301,/en/visa-cambodia,"Contenu tres proche du groupe (unicite 11.9%), 0 impression"
en,www2/en/cambodia-visa-for-mexican-citizens.html,/en/cambodia-visa-for-mexican-citizens,cambodia,mexican,yes,https://www.evisa-card.com/en/cambodia-visa-for-mexican-citizens,371,0.1188,0.8812,0,0,0.0,,no,no,MERGE_301,/en/visa-cambodia,"Contenu tres proche du groupe (unicite 11.9%), 0 impression"
en,www2/en/cambodia-visa-for-nigerian-citizens.html,/en/cambodia-visa-for-nigerian-citizens,cambodia,nigerian,yes,https://www.evisa-card.com/en/cambodia-visa-for-nigerian-citizens,385,0.1196,0.8804,0,0,0.0,,no,no,MERGE_301,/en/visa-cambodia,"Contenu tres proche du groupe (unicite 12.0%), 0 impression"
en,www2/en/cambodia-visa-for-russian-citizens.html,/en/cambodia-visa-for-russian-citizens,cambodia,russian,yes,https://www.evisa-card.com/en/cambodia-visa-for-russian-citizens,371,0.1188,0.8812,0,0,0.0,,no,no,MERGE_301,/en/visa-cambodia,"Contenu tres proche du groupe (unicite 11.9%), 0 impression"
en,www2/en/cambodia-visa-for-south-african-citizens.html,/en/cambodia-visa-for-south-african-citizens,cambodia,south-african,yes,https://www.evisa-card.com/en/cambodia-visa-for-south-african-citizens,376,0.1188,0.8812,0,0,0.0,,no,no,MERGE_301,/en/visa-cambodia,"Contenu tres proche du groupe (unicite 11.9%), 0 impression"
en,www2/en/cambodia-visa-for-turkish-citizens.html,/en/cambodia-visa-for-turkish-citizens,cambodia,turkish,yes,https://www.evisa-card.com/en/cambodia-visa-for-turkish-citizens,371,0.1188,0.8812,0,0,0.0,,no,no,MERGE_301,/en/visa-cambodia,"Contenu tres proche du groupe (unicite 11.9%), 0 impression"
en,www2/en/cambodia-visa-for-uk-citizens.html,/en/cambodia-visa-for-uk-citizens,cambodia,uk,yes,https://www.evisa-card.com/en/cambodia-visa-for-uk-citizens,371,0.124,0.876,0,0,0.0,,no,no,MERGE_301,/en/visa-cambodia,"Contenu tres proche du groupe (unicite 12.4%), 0 impression"
en,www2/en/greece-visa-for-argentinian-citizens.html,/en/greece-visa-for-argentinian-citizens,greece,argentinian,yes,https://www.evisa-card.com/en/greece-visa-for-argentinian-citizens,297,0.1189,0.8811,0,0,0.0,,no,no,MERGE_301,/en/visa-greece,"Contenu tres proche du groupe (unicite 11.9%), 0 impression"
en,www2/en/greece-visa-for-canadian-citizens.html,/en/greece-visa-for-canadian-citizens,greece,canadian,yes,https://www.evisa-card.com/en/greece-visa-for-canadian-citizens,297,0.1189,0.8811,0,0,0.0,,no,no,MERGE_301,/en/visa-greece,"Contenu tres proche du groupe (unicite 11.9%), 0 impression"
en,www2/en/greece-visa-for-mexican-citizens.html,/en/greece-visa-for-mexican-citizens,greece,mexican,yes,https://www.evisa-card.com/en/greece-visa-for-mexican-citizens,297,0.1189,0.8811,0,0,0.0,,no,no,MERGE_301,/en/visa-greece,"Contenu tres proche du groupe (unicite 11.9%), 0 impression"
en,www2/en/greece-visa-for-singaporean-citizens.html,/en/greece-visa-for-singaporean-citizens,greece,singaporean,yes,https://www.evisa-card.com/en/greece-visa-for-singaporean-citizens,297,0.1189,0.8811,0,0,0.0,,no,no,MERGE_301,/en/visa-greece,"Contenu tres proche du groupe (unicite 11.9%), 0 impression"
en,www2/en/greece-visa-for-uk-citizens.html,/en/greece-visa-for-uk-citizens,greece,uk,yes,https://www.evisa-card.com/en/greece-visa-for-uk-citizens,297,0.1189,0.8811,0,0,0.0,,no,no,MERGE_301,/en/visa-greece,"Contenu tres proche du groupe (unicite 11.9%), 0 impression"
en,www2/en/greece-visa-for-us-citizens.html,/en/greece-visa-for-us-citizens,greece,us,yes,https://www.evisa-card.com/en/greece-visa-for-us-citizens,297,0.1254,0.8746,0,0,0.0,,no,no,MERGE_301,/en/visa-greece,"Contenu tres proche du groupe (unicite 12.5%), 0 impression"
en,www2/en/india-visa-for-argentinian-citizens.html,/en/india-visa-for-argentinian-citizens,india,argentinian,yes,https://www.evisa-card.com/en/india-visa-for-argentinian-citizens,449,0.0,1.0,0,0,0.0,,no,no,MERGE_301,/en/visa-india,"Contenu quasi identique au groupe (unicite 0.0%), aucune regle propre, 0 impressions"
en,www2/en/india-visa-for-australian-citizens.html,/en/india-visa-for-australian-citizens,india,australian,yes,https://www.evisa-card.com/en/india-visa-for-australian-citizens,449,0.0,1.0,0,0,0.0,,no,no,MERGE_301,/en/visa-india,"Contenu quasi identique au groupe (unicite 0.0%), aucune regle propre, 0 impressions"
en,www2/en/india-visa-for-brazilian-citizens.html,/en/india-visa-for-brazilian-citizens,india,brazilian,yes,https://www.evisa-card.com/en/india-visa-for-brazilian-citizens,449,0.0,1.0,0,0,0.0,,no,no,MERGE_301,/en/visa-india,"Contenu quasi identique au groupe (unicite 0.0%), aucune regle propre, 0 impressions"
en,www2/en/india-visa-for-canadian-citizens.html,/en/india-visa-for-canadian-citizens,india,canadian,yes,https://www.evisa-card.com/en/india-visa-for-canadian-citizens,449,0.0,1.0,0,0,0.0,,no,no,MERGE_301,/en/visa-india,"Contenu quasi identique au groupe (unicite 0.0%), aucune regle propre, 0 impressions"
en,www2/en/india-visa-for-french-citizens.html,/en/india-visa-for-french-citizens,india,french,yes,https://www.evisa-card.com/en/india-visa-for-french-citizens,449,0.0,1.0,0,0,0.0,,no,no,MERGE_301,/en/visa-india,"Contenu quasi identique au groupe (unicite 0.0%), aucune regle propre, 0 impressions"
en,www2/en/india-visa-for-indonesian-citizens.html,/en/india-visa-for-indonesian-citizens,india,indonesian,yes,https://www.evisa-card.com/en/india-visa-for-indonesian-citizens,449,0.0,1.0,0,0,0.0,,no,no,MERGE_301,/en/visa-india,"Contenu quasi identique au groupe (unicite 0.0%), aucune regle propre, 0 impressions"
en,www2/en/india-visa-for-japanese-citizens.html,/en/india-visa-for-japanese-citizens,india,japanese,yes,https://www.evisa-card.com/en/india-visa-for-japanese-citizens,449,0.0,1.0,0,0,0.0,,no,no,MERGE_301,/en/visa-india,"Contenu quasi identique au groupe (unicite 0.0%), aucune regle propre, 0 impressions"
en,www2/en/india-visa-for-korean-citizens.html,/en/india-visa-for-korean-citizens,india,korean,yes,https://www.evisa-card.com/en/india-visa-for-korean-citizens,449,0.0,1.0,0,0,0.0,,no,no,MERGE_301,/en/visa-india,"Contenu quasi identique au groupe (unicite 0.0%), aucune regle propre, 0 impressions"
en,www2/en/india-visa-for-mexican-citizens.html,/en/india-visa-for-mexican-citizens,india,mexican,yes,https://www.evisa-card.com/en/india-visa-for-mexican-citizens,449,0.0,1.0,0,0,0.0,,no,no,MERGE_301,/en/visa-india,"Contenu quasi identique au groupe (unicite 0.0%), aucune regle propre, 0 impressions"
en,www2/en/india-visa-for-nigerian-citizens.html,/en/india-visa-for-nigerian-citizens,india,nigerian,yes,https://www.evisa-card.com/en/india-visa-for-nigerian-citizens,449,0.0,1.0,0,0,0.0,,no,no,MERGE_301,/en/visa-india,"Contenu quasi identique au groupe (unicite 0.0%), aucune regle propre, 0 impressions"
en,www2/en/india-visa-for-philippine-citizens.html,/en/india-visa-for-philippine-citizens,india,philippine,yes,https://www.evisa-card.com/en/india-visa-for-philippine-citizens,449,0.0,1.0,0,0,0.0,,no,no,MERGE_301,/en/visa-india,"Contenu quasi identique au groupe (unicite 0.0%), aucune regle propre, 0 impressions"
en,www2/en/india-visa-for-russian-citizens.html,/en/india-visa-for-russian-citizens,india,russian,yes,https://www.evisa-card.com/en/india-visa-for-russian-citizens,449,0.0,1.0,0,0,0.0,,no,no,MERGE_301,/en/visa-india,"Contenu quasi identique au groupe (unicite 0.0%), aucune regle propre, 0 impressions"
en,www2/en/india-visa-for-singaporean-citizens.html,/en/india-visa-for-singaporean-citizens,india,singaporean,yes,https://www.evisa-card.com/en/india-visa-for-singaporean-citizens,449,0.0,1.0,0,0,0.0,,no,no,MERGE_301,/en/visa-india,"Contenu quasi identique au groupe (unicite 0.0%), aucune regle propre, 0 impressions"
en,www2/en/india-visa-for-south-african-citizens.html,/en/india-visa-for-south-african-citizens,india,south-african,yes,https://www.evisa-card.com/en/india-visa-for-south-african-citizens,454,0.0,1.0,0,0,0.0,,no,no,MERGE_301,/en/visa-india,"Contenu quasi identique au groupe (unicite 0.0%), aucune regle propre, 0 impressions"
en,www2/en/india-visa-for-turkish-citizens.html,/en/india-visa-for-turkish-citizens,india,turkish,yes,https://www.evisa-card.com/en/india-visa-for-turkish-citizens,449,0.0,1.0,0,0,0.0,,no,no,MERGE_301,/en/visa-india,"Contenu quasi identique au groupe (unicite 0.0%), aucune regle propre, 0 impressions"
en,www2/en/india-visa-for-uk-citizens.html,/en/india-visa-for-uk-citizens,india,uk,yes,https://www.evisa-card.com/en/india-visa-for-uk-citizens,449,0.0,1.0,0,0,0.0,,no,no,MERGE_301,/en/visa-india,"Contenu quasi identique au groupe (unicite 0.0%), aucune regle propre, 0 impressions"
en,www2/en/india-visa-for-us-citizens.html,/en/india-visa-for-us-citizens,india,us,yes,https://www.evisa-card.com/en/india-visa-for-us-citizens,449,0.0304,0.9696,0,0,0.0,,no,no,MERGE_301,/en/visa-india,"Contenu quasi identique au groupe (unicite 3.0%), aucune regle propre, 0 impressions"
en,www2/en/indonesia-visa-for-argentinian-citizens.html,/en/indonesia-visa-for-argentinian-citizens,indonesia,argentinian,yes,https://www.evisa-card.com/en/indonesia-visa-for-argentinian-citizens,310,0.1349,0.8651,0,0,0.0,,no,no,MERGE_301,/en/visa-indonesia,"Contenu tres proche du groupe (unicite 13.5%), 0 impression"
en,www2/en/indonesia-visa-for-australian-citizens.html,/en/indonesia-visa-for-australian-citizens,indonesia,australian,yes,https://www.evisa-card.com/en/indonesia-visa-for-australian-citizens,310,0.1349,0.8651,0,0,0.0,,no,no,MERGE_301,/en/visa-indonesia,"Contenu tres proche du groupe (unicite 13.5%), 0 impression"
en,www2/en/indonesia-visa-for-canadian-citizens.html,/en/indonesia-visa-for-canadian-citizens,indonesia,canadian,yes,https://www.evisa-card.com/en/indonesia-visa-for-canadian-citizens,310,0.1349,0.8651,0,0,0.0,,no,no,MERGE_301,/en/visa-indonesia,"Contenu tres proche du groupe (unicite 13.5%), 0 impression"
en,www2/en/indonesia-visa-for-indian-citizens.html,/en/indonesia-visa-for-indian-citizens,indonesia,indian,yes,https://www.evisa-card.com/en/indonesia-visa-for-indian-citizens,312,0.1039,0.8961,0,0,0.0,,no,no,MERGE_301,/en/visa-indonesia,"Contenu tres proche du groupe (unicite 10.4%), 0 impression"
en,www2/en/indonesia-visa-for-japanese-citizens.html,/en/indonesia-visa-for-japanese-citizens,indonesia,japanese,yes,https://www.evisa-card.com/en/indonesia-visa-for-japanese-citizens,310,0.1349,0.8651,0,0,0.0,,no,no,MERGE_301,/en/visa-indonesia,"Contenu tres proche du groupe (unicite 13.5%), 0 impression"
en,www2/en/indonesia-visa-for-mexican-citizens.html,/en/indonesia-visa-for-mexican-citizens,indonesia,mexican,yes,https://www.evisa-card.com/en/indonesia-visa-for-mexican-citizens,310,0.1349,0.8651,0,0,0.0,,no,no,MERGE_301,/en/visa-indonesia,"Contenu tres proche du groupe (unicite 13.5%), 0 impression"
en,www2/en/indonesia-visa-for-uk-citizens.html,/en/indonesia-visa-for-uk-citizens,indonesia,uk,yes,https://www.evisa-card.com/en/indonesia-visa-for-uk-citizens,310,0.1377,0.8623,0,0,0.0,,no,no,MERGE_301,/en/visa-indonesia,"Contenu tres proche du groupe (unicite 13.8%), 0 impression"
en,www2/en/jordan-visa-for-argentinian-citizens.html,/en/jordan-visa-for-argentinian-citizens,jordan,argentinian,yes,https://www.evisa-card.com/en/jordan-visa-for-argentinian-citizens,397,0.0,1.0,0,0,0.0,,no,no,MERGE_301,/en/visa-jordan,"Contenu quasi identique au groupe (unicite 0.0%), aucune regle propre, 0 impressions"
en,www2/en/jordan-visa-for-brazilian-citizens.html,/en/jordan-visa-for-brazilian-citizens,jordan,brazilian,yes,https://www.evisa-card.com/en/jordan-visa-for-brazilian-citizens,525,0.08,0.92,0,0,0.0,,no,no,MERGE_301,/en/visa-jordan,"Contenu quasi identique au groupe (unicite 8.0%), aucune regle propre, 0 impressions"
en,www2/en/jordan-visa-for-french-citizens.html,/en/jordan-visa-for-french-citizens,jordan,french,yes,https://www.evisa-card.com/en/jordan-visa-for-french-citizens,397,0.0,1.0,0,0,0.0,,no,no,MERGE_301,/en/visa-jordan,"Contenu quasi identique au groupe (unicite 0.0%), aucune regle propre, 0 impressions"
en,www2/en/jordan-visa-for-german-citizens.html,/en/jordan-visa-for-german-citizens,jordan,german,yes,https://www.evisa-card.com/en/jordan-visa-for-german-citizens,525,0.08,0.92,0,0,0.0,,no,no,MERGE_301,/en/visa-jordan,"Contenu quasi identique au groupe (unicite 8.0%), aucune regle propre, 0 impressions"
en,www2/en/jordan-visa-for-korean-citizens.html,/en/jordan-visa-for-korean-citizens,jordan,korean,yes,https://www.evisa-card.com/en/jordan-visa-for-korean-citizens,403,0.0155,0.9845,0,0,0.0,,no,no,MERGE_301,/en/visa-jordan,"Contenu quasi identique au groupe (unicite 1.6%), aucune regle propre, 0 impressions"
en,www2/en/jordan-visa-for-mexican-citizens.html,/en/jordan-visa-for-mexican-citizens,jordan,mexican,yes,https://www.evisa-card.com/en/jordan-visa-for-mexican-citizens,397,0.0,1.0,0,0,0.0,,no,no,MERGE_301,/en/visa-jordan,"Contenu quasi identique au groupe (unicite 0.0%), aucune regle propre, 0 impressions"
en,www2/en/jordan-visa-for-philippine-citizens.html,/en/jordan-visa-for-philippine-citizens,jordan,philippine,yes,https://www.evisa-card.com/en/jordan-visa-for-philippine-citizens,397,0.0,1.0,0,0,0.0,,no,no,MERGE_301,/en/visa-jordan,"Contenu quasi identique au groupe (unicite 0.0%), aucune regle propre, 0 impressions"
en,www2/en/jordan-visa-for-russian-citizens.html,/en/jordan-visa-for-russian-citizens,jordan,russian,yes,https://www.evisa-card.com/en/jordan-visa-for-russian-citizens,397,0.0,1.0,0,0,0.0,,no,no,MERGE_301,/en/visa-jordan,"Contenu quasi identique au groupe (unicite 0.0%), aucune regle propre, 0 impressions"
en,www2/en/jordan-visa-for-singaporean-citizens.html,/en/jordan-visa-for-singaporean-citizens,jordan,singaporean,yes,https://www.evisa-card.com/en/jordan-visa-for-singaporean-citizens,397,0.0,1.0,0,0,0.0,,no,no,MERGE_301,/en/visa-jordan,"Contenu quasi identique au groupe (unicite 0.0%), aucune regle propre, 0 impressions"
en,www2/en/jordan-visa-for-turkish-citizens.html,/en/jordan-visa-for-turkish-citizens,jordan,turkish,yes,https://www.evisa-card.com/en/jordan-visa-for-turkish-citizens,397,0.0,1.0,0,0,0.0,,no,no,MERGE_301,/en/visa-jordan,"Contenu quasi identique au groupe (unicite 0.0%), aucune regle propre, 0 impressions"
en,www2/en/jordan-visa-for-uk-citizens.html,/en/jordan-visa-for-uk-citizens,jordan,uk,yes,https://www.evisa-card.com/en/jordan-visa-for-uk-citizens,397,0.0155,0.9845,0,0,0.0,,no,no,MERGE_301,/en/visa-jordan,"Contenu quasi identique au groupe (unicite 1.6%), aucune regle propre, 0 impressions"
en,www2/en/jordan-visa-for-us-citizens.html,/en/jordan-visa-for-us-citizens,jordan,us,yes,https://www.evisa-card.com/en/jordan-visa-for-us-citizens,397,0.0259,0.9741,0,0,0.0,,no,no,MERGE_301,/en/visa-jordan,"Contenu quasi identique au groupe (unicite 2.6%), aucune regle propre, 0 impressions"
en,www2/en/maldives-visa-for-argentinian-citizens.html,/en/maldives-visa-for-argentinian-citizens,maldives,argentinian,yes,https://www.evisa-card.com/en/maldives-visa-for-argentinian-citizens,360,0.0,1.0,0,0,0.0,,no,no,MERGE_301,/en/visa-maldives,"Contenu quasi identique au groupe (unicite 0.0%), aucune regle propre, 0 impressions"
en,www2/en/maldives-visa-for-brazilian-citizens.html,/en/maldives-visa-for-brazilian-citizens,maldives,brazilian,yes,https://www.evisa-card.com/en/maldives-visa-for-brazilian-citizens,360,0.0,1.0,0,0,0.0,,no,no,MERGE_301,/en/visa-maldives,"Contenu quasi identique au groupe (unicite 0.0%), aucune regle propre, 0 impressions"
en,www2/en/maldives-visa-for-chinese-citizens.html,/en/maldives-visa-for-chinese-citizens,maldives,chinese,yes,https://www.evisa-card.com/en/maldives-visa-for-chinese-citizens,360,0.0,1.0,0,0,0.0,,no,no,MERGE_301,/en/visa-maldives,"Contenu quasi identique au groupe (unicite 0.0%), aucune regle propre, 0 impressions"
en,www2/en/maldives-visa-for-french-citizens.html,/en/maldives-visa-for-french-citizens,maldives,french,yes,https://www.evisa-card.com/en/maldives-visa-for-french-citizens,360,0.0,1.0,0,0,0.0,,no,no,MERGE_301,/en/visa-maldives,"Contenu quasi identique au groupe (unicite 0.0%), aucune regle propre, 0 impressions"
en,www2/en/maldives-visa-for-german-citizens.html,/en/maldives-visa-for-german-citizens,maldives,german,yes,https://www.evisa-card.com/en/maldives-visa-for-german-citizens,360,0.0,1.0,0,0,0.0,,no,no,MERGE_301,/en/visa-maldives,"Contenu quasi identique au groupe (unicite 0.0%), aucune regle propre, 0 impressions"
en,www2/en/maldives-visa-for-indian-citizens.html,/en/maldives-visa-for-indian-citizens,maldives,indian,yes,https://www.evisa-card.com/en/maldives-visa-for-indian-citizens,360,0.0,1.0,0,0,0.0,,no,no,MERGE_301,/en/visa-maldives,"Contenu quasi identique au groupe (unicite 0.0%), aucune regle propre, 0 impressions"
en,www2/en/maldives-visa-for-japanese-citizens.html,/en/maldives-visa-for-japanese-citizens,maldives,japanese,yes,https://www.evisa-card.com/en/maldives-visa-for-japanese-citizens,360,0.0,1.0,0,0,0.0,,no,no,MERGE_301,/en/visa-maldives,"Contenu quasi identique au groupe (unicite 0.0%), aucune regle propre, 0 impressions"
en,www2/en/maldives-visa-for-korean-citizens.html,/en/maldives-visa-for-korean-citizens,maldives,korean,yes,https://www.evisa-card.com/en/maldives-visa-for-korean-citizens,362,0.0059,0.9941,0,0,0.0,,no,no,MERGE_301,/en/visa-maldives,"Contenu quasi identique au groupe (unicite 0.6%), aucune regle propre, 0 impressions"
en,www2/en/maldives-visa-for-mexican-citizens.html,/en/maldives-visa-for-mexican-citizens,maldives,mexican,yes,https://www.evisa-card.com/en/maldives-visa-for-mexican-citizens,360,0.0,1.0,0,0,0.0,,no,no,MERGE_301,/en/visa-maldives,"Contenu quasi identique au groupe (unicite 0.0%), aucune regle propre, 0 impressions"
en,www2/en/maldives-visa-for-russian-citizens.html,/en/maldives-visa-for-russian-citizens,maldives,russian,yes,https://www.evisa-card.com/en/maldives-visa-for-russian-citizens,360,0.0,1.0,0,0,0.0,,no,no,MERGE_301,/en/visa-maldives,"Contenu quasi identique au groupe (unicite 0.0%), aucune regle propre, 0 impressions"
en,www2/en/maldives-visa-for-singaporean-citizens.html,/en/maldives-visa-for-singaporean-citizens,maldives,singaporean,yes,https://www.evisa-card.com/en/maldives-visa-for-singaporean-citizens,360,0.0,1.0,0,0,0.0,,no,no,MERGE_301,/en/visa-maldives,"Contenu quasi identique au groupe (unicite 0.0%), aucune regle propre, 0 impressions"
en,www2/en/maldives-visa-for-uk-citizens.html,/en/maldives-visa-for-uk-citizens,maldives,uk,yes,https://www.evisa-card.com/en/maldives-visa-for-uk-citizens,360,0.0059,0.9941,0,0,0.0,,no,no,MERGE_301,/en/visa-maldives,"Contenu quasi identique au groupe (unicite 0.6%), aucune regle propre, 0 impressions"
en,www2/en/nepal-visa-for-australian-citizens.html,/en/nepal-visa-for-australian-citizens,nepal,australian,yes,https://www.evisa-card.com/en/nepal-visa-for-australian-citizens,413,0.0025,0.9975,0,0,0.0,,no,no,MERGE_301,/en/visa-nepal,"Contenu quasi identique au groupe (unicite 0.2%), aucune regle propre, 0 impressions"
en,www2/en/nepal-visa-for-brazilian-citizens.html,/en/nepal-visa-for-brazilian-citizens,nepal,brazilian,yes,https://www.evisa-card.com/en/nepal-visa-for-brazilian-citizens,413,0.0025,0.9975,0,0,0.0,,no,no,MERGE_301,/en/visa-nepal,"Contenu quasi identique au groupe (unicite 0.2%), aucune regle propre, 0 impressions"
en,www2/en/nepal-visa-for-canadian-citizens.html,/en/nepal-visa-for-canadian-citizens,nepal,canadian,yes,https://www.evisa-card.com/en/nepal-visa-for-canadian-citizens,546,0.0822,0.9178,0,0,0.0,,no,no,MERGE_301,/en/visa-nepal,"Contenu quasi identique au groupe (unicite 8.2%), aucune regle propre, 0 impressions"
en,www2/en/nepal-visa-for-chinese-citizens.html,/en/nepal-visa-for-chinese-citizens,nepal,chinese,yes,https://www.evisa-card.com/en/nepal-visa-for-chinese-citizens,413,0.0025,0.9975,0,0,0.0,,no,no,MERGE_301,/en/visa-nepal,"Contenu quasi identique au groupe (unicite 0.2%), aucune regle propre, 0 impressions"
en,www2/en/nepal-visa-for-french-citizens.html,/en/nepal-visa-for-french-citizens,nepal,french,yes,https://www.evisa-card.com/en/nepal-visa-for-french-citizens,413,0.0025,0.9975,0,0,0.0,,no,no,MERGE_301,/en/visa-nepal,"Contenu quasi identique au groupe (unicite 0.2%), aucune regle propre, 0 impressions"
en,www2/en/nepal-visa-for-german-citizens.html,/en/nepal-visa-for-german-citizens,nepal,german,yes,https://www.evisa-card.com/en/nepal-visa-for-german-citizens,413,0.0025,0.9975,0,0,0.0,,no,no,MERGE_301,/en/visa-nepal,"Contenu quasi identique au groupe (unicite 0.2%), aucune regle propre, 0 impressions"
en,www2/en/nepal-visa-for-indonesian-citizens.html,/en/nepal-visa-for-indonesian-citizens,nepal,indonesian,yes,https://www.evisa-card.com/en/nepal-visa-for-indonesian-citizens,413,0.0025,0.9975,0,0,0.0,,no,no,MERGE_301,/en/visa-nepal,"Contenu quasi identique au groupe (unicite 0.2%), aucune regle propre, 0 impressions"
en,www2/en/nepal-visa-for-japanese-citizens.html,/en/nepal-visa-for-japanese-citizens,nepal,japanese,yes,https://www.evisa-card.com/en/nepal-visa-for-japanese-citizens,546,0.0822,0.9178,0,0,0.0,,no,no,MERGE_301,/en/visa-nepal,"Contenu quasi identique au groupe (unicite 8.2%), aucune regle propre, 0 impressions"
en,www2/en/nepal-visa-for-korean-citizens.html,/en/nepal-visa-for-korean-citizens,nepal,korean,yes,https://www.evisa-card.com/en/nepal-visa-for-korean-citizens,416,0.01,0.99,0,0,0.0,,no,no,MERGE_301,/en/visa-nepal,"Contenu quasi identique au groupe (unicite 1.0%), aucune regle propre, 0 impressions"
en,www2/en/nepal-visa-for-mexican-citizens.html,/en/nepal-visa-for-mexican-citizens,nepal,mexican,yes,https://www.evisa-card.com/en/nepal-visa-for-mexican-citizens,413,0.0025,0.9975,0,0,0.0,,no,no,MERGE_301,/en/visa-nepal,"Contenu quasi identique au groupe (unicite 0.2%), aucune regle propre, 0 impressions"
en,www2/en/nepal-visa-for-philippine-citizens.html,/en/nepal-visa-for-philippine-citizens,nepal,philippine,yes,https://www.evisa-card.com/en/nepal-visa-for-philippine-citizens,547,0.0821,0.9179,0,0,0.0,,no,no,MERGE_301,/en/visa-nepal,"Contenu quasi identique au groupe (unicite 8.2%), aucune regle propre, 0 impressions"
en,www2/en/nepal-visa-for-russian-citizens.html,/en/nepal-visa-for-russian-citizens,nepal,russian,yes,https://www.evisa-card.com/en/nepal-visa-for-russian-citizens,413,0.0025,0.9975,0,0,0.0,,no,no,MERGE_301,/en/visa-nepal,"Contenu quasi identique au groupe (unicite 0.2%), aucune regle propre, 0 impressions"
en,www2/en/nepal-visa-for-singaporean-citizens.html,/en/nepal-visa-for-singaporean-citizens,nepal,singaporean,yes,https://www.evisa-card.com/en/nepal-visa-for-singaporean-citizens,413,0.0025,0.9975,0,0,0.0,,no,no,MERGE_301,/en/visa-nepal,"Contenu quasi identique au groupe (unicite 0.2%), aucune regle propre, 0 impressions"
en,www2/en/nepal-visa-for-south-african-citizens.html,/en/nepal-visa-for-south-african-citizens,nepal,south-african,yes,https://www.evisa-card.com/en/nepal-visa-for-south-african-citizens,420,0.005,0.995,0,0,0.0,,no,no,MERGE_301,/en/visa-nepal,"Contenu quasi identique au groupe (unicite 0.5%), aucune regle propre, 0 impressions"
en,www2/en/nepal-visa-for-turkish-citizens.html,/en/nepal-visa-for-turkish-citizens,nepal,turkish,yes,https://www.evisa-card.com/en/nepal-visa-for-turkish-citizens,413,0.0025,0.9975,0,0,0.0,,no,no,MERGE_301,/en/visa-nepal,"Contenu quasi identique au groupe (unicite 0.2%), aucune regle propre, 0 impressions"
en,www2/en/nepal-visa-for-uk-citizens.html,/en/nepal-visa-for-uk-citizens,nepal,uk,yes,https://www.evisa-card.com/en/nepal-visa-for-uk-citizens,415,0.005,0.995,0,0,0.0,,no,no,MERGE_301,/en/visa-nepal,"Contenu quasi identique au groupe (unicite 0.5%), aucune regle propre, 0 impressions"
en,www2/en/nepal-visa-for-us-citizens.html,/en/nepal-visa-for-us-citizens,nepal,us,yes,https://www.evisa-card.com/en/nepal-visa-for-us-citizens,415,0.0323,0.9677,0,0,0.0,,no,no,MERGE_301,/en/visa-nepal,"Contenu quasi identique au groupe (unicite 3.2%), aucune regle propre, 0 impressions"
en,www2/en/norway-visa-for-argentinian-citizens.html,/en/norway-visa-for-argentinian-citizens,norway,argentinian,yes,https://www.evisa-card.com/en/norway-visa-for-argentinian-citizens,124,0.1385,0.8615,0,0,0.0,,no,no,MERGE_301,/en/visa-norway,"Contenu tres proche du groupe (unicite 13.9%), 0 impression"
en,www2/en/norway-visa-for-australian-citizens.html,/en/norway-visa-for-australian-citizens,norway,australian,yes,https://www.evisa-card.com/en/norway-visa-for-australian-citizens,124,0.1385,0.8615,0,0,0.0,,no,no,MERGE_301,/en/visa-norway,"Contenu tres proche du groupe (unicite 13.9%), 0 impression"
en,www2/en/norway-visa-for-brazilian-citizens.html,/en/norway-visa-for-brazilian-citizens,norway,brazilian,yes,https://www.evisa-card.com/en/norway-visa-for-brazilian-citizens,124,0.1385,0.8615,0,0,0.0,,no,no,MERGE_301,/en/visa-norway,"Contenu tres proche du groupe (unicite 13.9%), 0 impression"
en,www2/en/norway-visa-for-canadian-citizens.html,/en/norway-visa-for-canadian-citizens,norway,canadian,yes,https://www.evisa-card.com/en/norway-visa-for-canadian-citizens,124,0.1385,0.8615,0,0,0.0,,no,no,MERGE_301,/en/visa-norway,"Contenu tres proche du groupe (unicite 13.9%), 0 impression"
en,www2/en/norway-visa-for-japanese-citizens.html,/en/norway-visa-for-japanese-citizens,norway,japanese,yes,https://www.evisa-card.com/en/norway-visa-for-japanese-citizens,124,0.1385,0.8615,0,0,0.0,,no,no,MERGE_301,/en/visa-norway,"Contenu tres proche du groupe (unicite 13.9%), 0 impression"
en,www2/en/norway-visa-for-korean-citizens.html,/en/norway-visa-for-korean-citizens,norway,korean,yes,https://www.evisa-card.com/en/norway-visa-for-korean-citizens,124,0.1385,0.8615,0,0,0.0,,no,no,MERGE_301,/en/visa-norway,"Contenu tres proche du groupe (unicite 13.9%), 0 impression"
en,www2/en/norway-visa-for-mexican-citizens.html,/en/norway-visa-for-mexican-citizens,norway,mexican,yes,https://www.evisa-card.com/en/norway-visa-for-mexican-citizens,124,0.1385,0.8615,0,0,0.0,,no,no,MERGE_301,/en/visa-norway,"Contenu tres proche du groupe (unicite 13.9%), 0 impression"
en,www2/en/norway-visa-for-us-citizens.html,/en/norway-visa-for-us-citizens,norway,us,yes,https://www.evisa-card.com/en/norway-visa-for-us-citizens,124,0.1385,0.8615,0,0,0.0,,no,no,MERGE_301,/en/visa-norway,"Contenu tres proche du groupe (unicite 13.9%), 0 impression"
en,www2/en/portugal-visa-for-argentinian-citizens.html,/en/portugal-visa-for-argentinian-citizens,portugal,argentinian,yes,https://www.evisa-card.com/en/portugal-visa-for-argentinian-citizens,379,0.1355,0.8645,0,0,0.0,,no,no,MERGE_301,/en/visa-portugal,"Contenu tres proche du groupe (unicite 13.6%), 0 impression"
en,www2/en/portugal-visa-for-australian-citizens.html,/en/portugal-visa-for-australian-citizens,portugal,australian,yes,https://www.evisa-card.com/en/portugal-visa-for-australian-citizens,379,0.1355,0.8645,0,0,0.0,,no,no,MERGE_301,/en/visa-portugal,"Contenu tres proche du groupe (unicite 13.6%), 0 impression"
en,www2/en/portugal-visa-for-brazilian-citizens.html,/en/portugal-visa-for-brazilian-citizens,portugal,brazilian,yes,https://www.evisa-card.com/en/portugal-visa-for-brazilian-citizens,379,0.1355,0.8645,0,0,0.0,,no,no,MERGE_301,/en/visa-portugal,"Contenu tres proche du groupe (unicite 13.6%), 0 impression"
en,www2/en/portugal-visa-for-canadian-citizens.html,/en/portugal-visa-for-canadian-citizens,portugal,canadian,yes,https://www.evisa-card.com/en/portugal-visa-for-canadian-citizens,379,0.1355,0.8645,0,0,0.0,,no,no,MERGE_301,/en/visa-portugal,"Contenu tres proche du groupe (unicite 13.6%), 0 impression"
en,www2/en/portugal-visa-for-japanese-citizens.html,/en/portugal-visa-for-japanese-citizens,portugal,japanese,yes,https://www.evisa-card.com/en/portugal-visa-for-japanese-citizens,379,0.1355,0.8645,0,0,0.0,,no,no,MERGE_301,/en/visa-portugal,"Contenu tres proche du groupe (unicite 13.6%), 0 impression"
en,www2/en/portugal-visa-for-korean-citizens.html,/en/portugal-visa-for-korean-citizens,portugal,korean,yes,https://www.evisa-card.com/en/portugal-visa-for-korean-citizens,381,0.1402,0.8598,0,0,0.0,,no,no,MERGE_301,/en/visa-portugal,"Contenu tres proche du groupe (unicite 14.0%), 0 impression"
en,www2/en/portugal-visa-for-mexican-citizens.html,/en/portugal-visa-for-mexican-citizens,portugal,mexican,yes,https://www.evisa-card.com/en/portugal-visa-for-mexican-citizens,379,0.1355,0.8645,0,0,0.0,,no,no,MERGE_301,/en/visa-portugal,"Contenu tres proche du groupe (unicite 13.6%), 0 impression"
en,www2/en/portugal-visa-for-uk-citizens.html,/en/portugal-visa-for-uk-citizens,portugal,uk,yes,https://www.evisa-card.com/en/portugal-visa-for-uk-citizens,379,0.1355,0.8645,0,0,0.0,,no,no,MERGE_301,/en/visa-portugal,"Contenu tres proche du groupe (unicite 13.6%), 0 impression"
en,www2/en/portugal-visa-for-us-citizens.html,/en/portugal-visa-for-us-citizens,portugal,us,yes,https://www.evisa-card.com/en/portugal-visa-for-us-citizens,379,0.1456,0.8544,0,0,0.0,,no,no,MERGE_301,/en/visa-portugal,"Contenu tres proche du groupe (unicite 14.6%), 0 impression"
en,www2/en/sri-lanka-visa-for-argentinian-citizens.html,/en/sri-lanka-visa-for-argentinian-citizens,sri-lanka,argentinian,yes,https://www.evisa-card.com/en/sri-lanka-visa-for-argentinian-citizens,349,0.0,1.0,0,0,0.0,,no,no,MERGE_301,/en/visa-sri-lanka,"Contenu quasi identique au groupe (unicite 0.0%), aucune regle propre, 0 impressions"
en,www2/en/sri-lanka-visa-for-australian-citizens.html,/en/sri-lanka-visa-for-australian-citizens,sri-lanka,australian,yes,https://www.evisa-card.com/en/sri-lanka-visa-for-australian-citizens,465,0.0932,0.9068,0,0,0.0,,no,no,MERGE_301,/en/visa-sri-lanka,"Contenu quasi identique au groupe (unicite 9.3%), aucune regle propre, 0 impressions"
en,www2/en/sri-lanka-visa-for-korean-citizens.html,/en/sri-lanka-visa-for-korean-citizens,sri-lanka,korean,yes,https://www.evisa-card.com/en/sri-lanka-visa-for-korean-citizens,350,0.0031,0.9969,0,0,0.0,,no,no,MERGE_301,/en/visa-sri-lanka,"Contenu quasi identique au groupe (unicite 0.3%), aucune regle propre, 0 impressions"
en,www2/en/sri-lanka-visa-for-mexican-citizens.html,/en/sri-lanka-visa-for-mexican-citizens,sri-lanka,mexican,yes,https://www.evisa-card.com/en/sri-lanka-visa-for-mexican-citizens,349,0.0,1.0,0,0,0.0,,no,no,MERGE_301,/en/visa-sri-lanka,"Contenu quasi identique au groupe (unicite 0.0%), aucune regle propre, 0 impressions"
en,www2/en/sri-lanka-visa-for-russian-citizens.html,/en/sri-lanka-visa-for-russian-citizens,sri-lanka,russian,yes,https://www.evisa-card.com/en/sri-lanka-visa-for-russian-citizens,349,0.0,1.0,0,0,0.0,,no,no,MERGE_301,/en/visa-sri-lanka,"Contenu quasi identique au groupe (unicite 0.0%), aucune regle propre, 0 impressions"
en,www2/en/sri-lanka-visa-for-south-african-citizens.html,/en/sri-lanka-visa-for-south-african-citizens,sri-lanka,south-african,yes,https://www.evisa-card.com/en/sri-lanka-visa-for-south-african-citizens,473,0.0932,0.9068,0,0,0.0,,no,no,MERGE_301,/en/visa-sri-lanka,"Contenu quasi identique au groupe (unicite 9.3%), aucune regle propre, 0 impressions"
en,www2/en/sri-lanka-visa-for-turkish-citizens.html,/en/sri-lanka-visa-for-turkish-citizens,sri-lanka,turkish,yes,https://www.evisa-card.com/en/sri-lanka-visa-for-turkish-citizens,349,0.0,1.0,0,0,0.0,,no,no,MERGE_301,/en/visa-sri-lanka,"Contenu quasi identique au groupe (unicite 0.0%), aucune regle propre, 0 impressions"
en,www2/en/sri-lanka-visa-for-uk-citizens.html,/en/sri-lanka-visa-for-uk-citizens,sri-lanka,uk,yes,https://www.evisa-card.com/en/sri-lanka-visa-for-uk-citizens,349,0.0031,0.9969,0,0,0.0,,no,no,MERGE_301,/en/visa-sri-lanka,"Contenu quasi identique au groupe (unicite 0.3%), aucune regle propre, 0 impressions"
en,www2/en/sri-lanka-visa-for-us-citizens.html,/en/sri-lanka-visa-for-us-citizens,sri-lanka,us,yes,https://www.evisa-card.com/en/sri-lanka-visa-for-us-citizens,465,0.1494,0.8506,0,0,0.0,,no,no,MERGE_301,/en/visa-sri-lanka,"Contenu tres proche du groupe (unicite 14.9%), 0 impression"
en,www2/en/thailand-visa-for-australian-citizens.html,/en/thailand-visa-for-australian-citizens,thailand,australian,yes,https://www.evisa-card.com/en/thailand-visa-for-australian-citizens,367,0.0364,0.9636,0,0,0.0,,no,no,MERGE_301,/en/visa-thailand,"Contenu quasi identique au groupe (unicite 3.6%), aucune regle propre, 0 impressions"
en,www2/en/thailand-visa-for-bangladeshi-citizens.html,/en/thailand-visa-for-bangladeshi-citizens,thailand,bangladeshi,yes,https://www.evisa-card.com/en/thailand-visa-for-bangladeshi-citizens,354,0.1311,0.8689,0,0,0.0,,no,no,MERGE_301,/en/visa-thailand,"Contenu tres proche du groupe (unicite 13.1%), 0 impression"
en,www2/en/thailand-visa-for-brazilian-citizens.html,/en/thailand-visa-for-brazilian-citizens,thailand,brazilian,yes,https://www.evisa-card.com/en/thailand-visa-for-brazilian-citizens,480,0.1239,0.8761,0,0,0.0,,no,no,MERGE_301,/en/visa-thailand,"Contenu tres proche du groupe (unicite 12.4%), 0 impression"
en,www2/en/thailand-visa-for-canadian-citizens.html,/en/thailand-visa-for-canadian-citizens,thailand,canadian,yes,https://www.evisa-card.com/en/thailand-visa-for-canadian-citizens,367,0.0364,0.9636,0,0,0.0,,no,no,MERGE_301,/en/visa-thailand,"Contenu quasi identique au groupe (unicite 3.6%), aucune regle propre, 0 impressions"
en,www2/en/thailand-visa-for-chinese-citizens.html,/en/thailand-visa-for-chinese-citizens,thailand,chinese,yes,https://www.evisa-card.com/en/thailand-visa-for-chinese-citizens,336,0.0031,0.9969,0,0,0.0,,no,no,MERGE_301,/en/visa-thailand,"Contenu quasi identique au groupe (unicite 0.3%), aucune regle propre, 0 impressions"
en,www2/en/thailand-visa-for-french-citizens.html,/en/thailand-visa-for-french-citizens,thailand,french,yes,https://www.evisa-card.com/en/thailand-visa-for-french-citizens,524,0.127,0.873,0,0,0.0,,no,no,MERGE_301,/en/visa-thailand,"Contenu tres proche du groupe (unicite 12.7%), 0 impression"
en,www2/en/thailand-visa-for-german-citizens.html,/en/thailand-visa-for-german-citizens,thailand,german,yes,https://www.evisa-card.com/en/thailand-visa-for-german-citizens,480,0.1261,0.8739,0,0,0.0,,no,no,MERGE_301,/en/visa-thailand,"Contenu tres proche du groupe (unicite 12.6%), 0 impression"
en,www2/en/thailand-visa-for-indian-citizens.html,/en/thailand-visa-for-indian-citizens,thailand,indian,yes,https://www.evisa-card.com/en/thailand-visa-for-indian-citizens,364,0.116,0.884,0,0,0.0,,no,no,MERGE_301,/en/visa-thailand,"Contenu tres proche du groupe (unicite 11.6%), 0 impression"
en,www2/en/thailand-visa-for-indonesian-citizens.html,/en/thailand-visa-for-indonesian-citizens,thailand,indonesian,yes,https://www.evisa-card.com/en/thailand-visa-for-indonesian-citizens,449,0.1051,0.8949,0,0,0.0,,no,no,MERGE_301,/en/visa-thailand,"Contenu tres proche du groupe (unicite 10.5%), 0 impression"
en,www2/en/thailand-visa-for-japanese-citizens.html,/en/thailand-visa-for-japanese-citizens,thailand,japanese,yes,https://www.evisa-card.com/en/thailand-visa-for-japanese-citizens,480,0.1239,0.8761,0,0,0.0,,no,no,MERGE_301,/en/visa-thailand,"Contenu tres proche du groupe (unicite 12.4%), 0 impression"
en,www2/en/thailand-visa-for-korean-citizens.html,/en/thailand-visa-for-korean-citizens,thailand,korean,yes,https://www.evisa-card.com/en/thailand-visa-for-korean-citizens,482,0.1277,0.8723,0,0,0.0,,no,no,MERGE_301,/en/visa-thailand,"Contenu tres proche du groupe (unicite 12.8%), 0 impression"
en,www2/en/thailand-visa-for-mexican-citizens.html,/en/thailand-visa-for-mexican-citizens,thailand,mexican,yes,https://www.evisa-card.com/en/thailand-visa-for-mexican-citizens,449,0.1051,0.8949,0,0,0.0,,no,no,MERGE_301,/en/visa-thailand,"Contenu tres proche du groupe (unicite 10.5%), 0 impression"
en,www2/en/thailand-visa-for-nigerian-citizens.html,/en/thailand-visa-for-nigerian-citizens,thailand,nigerian,yes,https://www.evisa-card.com/en/thailand-visa-for-nigerian-citizens,364,0.116,0.884,0,0,0.0,,no,no,MERGE_301,/en/visa-thailand,"Contenu tres proche du groupe (unicite 11.6%), 0 impression"
en,www2/en/thailand-visa-for-philippine-citizens.html,/en/thailand-visa-for-philippine-citizens,thailand,philippine,yes,https://www.evisa-card.com/en/thailand-visa-for-philippine-citizens,449,0.1093,0.8907,0,0,0.0,,no,no,MERGE_301,/en/visa-thailand,"Contenu tres proche du groupe (unicite 10.9%), 0 impression"
en,www2/en/thailand-visa-for-russian-citizens.html,/en/thailand-visa-for-russian-citizens,thailand,russian,yes,https://www.evisa-card.com/en/thailand-visa-for-russian-citizens,336,0.0031,0.9969,0,0,0.0,,no,no,MERGE_301,/en/visa-thailand,"Contenu quasi identique au groupe (unicite 0.3%), aucune regle propre, 0 impressions"
en,www2/en/thailand-visa-for-singaporean-citizens.html,/en/thailand-visa-for-singaporean-citizens,thailand,singaporean,yes,https://www.evisa-card.com/en/thailand-visa-for-singaporean-citizens,367,0.0364,0.9636,0,0,0.0,,no,no,MERGE_301,/en/visa-thailand,"Contenu quasi identique au groupe (unicite 3.6%), aucune regle propre, 0 impressions"
en,www2/en/thailand-visa-for-south-african-citizens.html,/en/thailand-visa-for-south-african-citizens,thailand,south-african,yes,https://www.evisa-card.com/en/thailand-visa-for-south-african-citizens,342,0.0031,0.9969,0,0,0.0,,no,no,MERGE_301,/en/visa-thailand,"Contenu quasi identique au groupe (unicite 0.3%), aucune regle propre, 0 impressions"
en,www2/en/thailand-visa-for-uk-citizens.html,/en/thailand-visa-for-uk-citizens,thailand,uk,yes,https://www.evisa-card.com/en/thailand-visa-for-uk-citizens,367,0.0419,0.9581,0,0,0.0,,no,no,MERGE_301,/en/visa-thailand,"Contenu quasi identique au groupe (unicite 4.2%), aucune regle propre, 0 impressions"
en,www2/en/thailand-visa-for-us-citizens.html,/en/thailand-visa-for-us-citizens,thailand,us,yes,https://www.evisa-card.com/en/thailand-visa-for-us-citizens,367,0.0526,0.9474,0,0,0.0,,no,no,MERGE_301,/en/visa-thailand,"Contenu quasi identique au groupe (unicite 5.3%), aucune regle propre, 0 impressions"
en,www2/en/turkey-visa-for-argentinian-citizens.html,/en/turkey-visa-for-argentinian-citizens,turkey,argentinian,yes,https://www.evisa-card.com/en/turkey-visa-for-argentinian-citizens,318,0.0489,0.9511,0,0,0.0,,no,no,MERGE_301,/en/visa-turkey,"Contenu quasi identique au groupe (unicite 4.9%), aucune regle propre, 0 impressions"
en,www2/en/turkey-visa-for-australian-citizens.html,/en/turkey-visa-for-australian-citizens,turkey,australian,yes,https://www.evisa-card.com/en/turkey-visa-for-australian-citizens,318,0.0489,0.9511,0,0,0.0,,no,no,MERGE_301,/en/visa-turkey,"Contenu quasi identique au groupe (unicite 4.9%), aucune regle propre, 0 impressions"
en,www2/en/turkey-visa-for-brazilian-citizens.html,/en/turkey-visa-for-brazilian-citizens,turkey,brazilian,yes,https://www.evisa-card.com/en/turkey-visa-for-brazilian-citizens,437,0.1405,0.8595,0,0,0.0,,no,no,MERGE_301,/en/visa-turkey,"Contenu tres proche du groupe (unicite 14.1%), 0 impression"
en,www2/en/turkey-visa-for-canadian-citizens.html,/en/turkey-visa-for-canadian-citizens,turkey,canadian,yes,https://www.evisa-card.com/en/turkey-visa-for-canadian-citizens,437,0.1405,0.8595,0,0,0.0,,no,no,MERGE_301,/en/visa-turkey,"Contenu tres proche du groupe (unicite 14.1%), 0 impression"
en,www2/en/turkey-visa-for-chinese-citizens.html,/en/turkey-visa-for-chinese-citizens,turkey,chinese,yes,https://www.evisa-card.com/en/turkey-visa-for-chinese-citizens,318,0.0489,0.9511,0,0,0.0,,no,no,MERGE_301,/en/visa-turkey,"Contenu quasi identique au groupe (unicite 4.9%), aucune regle propre, 0 impressions"
en,www2/en/turkey-visa-for-indonesian-citizens.html,/en/turkey-visa-for-indonesian-citizens,turkey,indonesian,yes,https://www.evisa-card.com/en/turkey-visa-for-indonesian-citizens,437,0.1405,0.8595,0,0,0.0,,no,no,MERGE_301,/en/visa-turkey,"Contenu tres proche du groupe (unicite 14.1%), 0 impression"
en,www2/en/turkey-visa-for-japanese-citizens.html,/en/turkey-visa-for-japanese-citizens,turkey,japanese,yes,https://www.evisa-card.com/en/turkey-visa-for-japanese-citizens,437,0.1405,0.8595,0,0,0.0,,no,no,MERGE_301,/en/visa-turkey,"Contenu tres proche du groupe (unicite 14.1%), 0 impression"
en,www2/en/turkey-visa-for-mexican-citizens.html,/en/turkey-visa-for-mexican-citizens,turkey,mexican,yes,https://www.evisa-card.com/en/turkey-visa-for-mexican-citizens,318,0.0489,0.9511,0,0,0.0,,no,no,MERGE_301,/en/visa-turkey,"Contenu quasi identique au groupe (unicite 4.9%), aucune regle propre, 0 impressions"
en,www2/en/turkey-visa-for-philippine-citizens.html,/en/turkey-visa-for-philippine-citizens,turkey,philippine,yes,https://www.evisa-card.com/en/turkey-visa-for-philippine-citizens,318,0.0489,0.9511,0,0,0.0,,no,no,MERGE_301,/en/visa-turkey,"Contenu quasi identique au groupe (unicite 4.9%), aucune regle propre, 0 impressions"
en,www2/en/turkey-visa-for-russian-citizens.html,/en/turkey-visa-for-russian-citizens,turkey,russian,yes,https://www.evisa-card.com/en/turkey-visa-for-russian-citizens,437,0.1405,0.8595,0,0,0.0,,no,no,MERGE_301,/en/visa-turkey,"Contenu tres proche du groupe (unicite 14.1%), 0 impression"
en,www2/en/turkey-visa-for-singaporean-citizens.html,/en/turkey-visa-for-singaporean-citizens,turkey,singaporean,yes,https://www.evisa-card.com/en/turkey-visa-for-singaporean-citizens,437,0.1405,0.8595,0,0,0.0,,no,no,MERGE_301,/en/visa-turkey,"Contenu tres proche du groupe (unicite 14.1%), 0 impression"
en,www2/en/turkey-visa-for-south-african-citizens.html,/en/turkey-visa-for-south-african-citizens,turkey,south-african,yes,https://www.evisa-card.com/en/turkey-visa-for-south-african-citizens,448,0.1405,0.8595,0,0,0.0,,no,no,MERGE_301,/en/visa-turkey,"Contenu tres proche du groupe (unicite 14.1%), 0 impression"
en,www2/en/turkey-visa-for-uk-citizens.html,/en/turkey-visa-for-uk-citizens,turkey,uk,yes,https://www.evisa-card.com/en/turkey-visa-for-uk-citizens,318,0.0489,0.9511,0,0,0.0,,no,no,MERGE_301,/en/visa-turkey,"Contenu quasi identique au groupe (unicite 4.9%), aucune regle propre, 0 impressions"
fr,www2/fr/cambodia-visa-for-argentinian-citizens.html,/fr/cambodia-visa-for-argentinian-citizens,cambodia,argentinian,yes,https://www.evisa-card.com/fr/cambodia-visa-for-argentinian-citizens,454,0.1196,0.8804,0,0,0.0,,no,no,MERGE_301,/fr/visa-cambodia,"Contenu tres proche du groupe (unicite 12.0%), 0 impression"
fr,www2/fr/cambodia-visa-for-australian-citizens.html,/fr/cambodia-visa-for-australian-citizens,cambodia,australian,yes,https://www.evisa-card.com/fr/cambodia-visa-for-australian-citizens,455,0.1194,0.8806,0,0,0.0,,no,no,MERGE_301,/fr/visa-cambodia,"Contenu tres proche du groupe (unicite 11.9%), 0 impression"
fr,www2/fr/cambodia-visa-for-brazilian-citizens.html,/fr/cambodia-visa-for-brazilian-citizens,cambodia,brazilian,yes,https://www.evisa-card.com/fr/cambodia-visa-for-brazilian-citizens,455,0.1279,0.8721,0,0,0.0,,no,no,MERGE_301,/fr/visa-cambodia,"Contenu tres proche du groupe (unicite 12.8%), 0 impression"
fr,www2/fr/cambodia-visa-for-canadian-citizens.html,/fr/cambodia-visa-for-canadian-citizens,cambodia,canadian,yes,https://www.evisa-card.com/fr/cambodia-visa-for-canadian-citizens,455,0.1174,0.8826,0,0,0.0,,no,no,MERGE_301,/fr/visa-cambodia,"Contenu tres proche du groupe (unicite 11.7%), 0 impression"
fr,www2/fr/cambodia-visa-for-chinese-citizens.html,/fr/cambodia-visa-for-chinese-citizens,cambodia,chinese,yes,https://www.evisa-card.com/fr/cambodia-visa-for-chinese-citizens,455,0.1142,0.8858,0,0,0.0,,no,no,MERGE_301,/fr/visa-cambodia,"Contenu tres proche du groupe (unicite 11.4%), 0 impression"
fr,www2/fr/cambodia-visa-for-french-citizens.html,/fr/cambodia-visa-for-french-citizens,cambodia,french,yes,https://www.evisa-card.com/fr/cambodia-visa-for-french-citizens,452,0.1248,0.8752,0,0,0.0,,no,no,MERGE_301,/fr/visa-cambodia,"Contenu tres proche du groupe (unicite 12.5%), 0 impression"
fr,www2/fr/cambodia-visa-for-german-citizens.html,/fr/cambodia-visa-for-german-citizens,cambodia,german,yes,https://www.evisa-card.com/fr/cambodia-visa-for-german-citizens,452,0.1179,0.8821,0,0,0.0,,no,no,MERGE_301,/fr/visa-cambodia,"Contenu tres proche du groupe (unicite 11.8%), 0 impression"
fr,www2/fr/cambodia-visa-for-indian-citizens.html,/fr/cambodia-visa-for-indian-citizens,cambodia,indian,yes,https://www.evisa-card.com/fr/cambodia-visa-for-indian-citizens,442,0.1102,0.8898,0,0,0.0,,no,no,MERGE_301,/fr/visa-cambodia,"Contenu tres proche du groupe (unicite 11.0%), 0 impression"
fr,www2/fr/cambodia-visa-for-japanese-citizens.html,/fr/cambodia-visa-for-japanese-citizens,cambodia,japanese,yes,https://www.evisa-card.com/fr/cambodia-visa-for-japanese-citizens,454,0.1157,0.8843,0,0,0.0,,no,no,MERGE_301,/fr/visa-cambodia,"Contenu tres proche du groupe (unicite 11.6%), 0 impression"
fr,www2/fr/cambodia-visa-for-korean-citizens.html,/fr/cambodia-visa-for-korean-citizens,cambodia,korean,yes,https://www.evisa-card.com/fr/cambodia-visa-for-korean-citizens,453,0.1265,0.8735,0,0,0.0,,no,no,MERGE_301,/fr/visa-cambodia,"Contenu tres proche du groupe (unicite 12.7%), 0 impression"
fr,www2/fr/cambodia-visa-for-mexican-citizens.html,/fr/cambodia-visa-for-mexican-citizens,cambodia,mexican,yes,https://www.evisa-card.com/fr/cambodia-visa-for-mexican-citizens,454,0.1196,0.8804,0,0,0.0,,no,no,MERGE_301,/fr/visa-cambodia,"Contenu tres proche du groupe (unicite 12.0%), 0 impression"
fr,www2/fr/cambodia-visa-for-nigerian-citizens.html,/fr/cambodia-visa-for-nigerian-citizens,cambodia,nigerian,yes,https://www.evisa-card.com/fr/cambodia-visa-for-nigerian-citizens,455,0.1329,0.8671,0,0,0.0,,no,no,MERGE_301,/fr/visa-cambodia,"Contenu tres proche du groupe (unicite 13.3%), 0 impression"
fr,www2/fr/cambodia-visa-for-russian-citizens.html,/fr/cambodia-visa-for-russian-citizens,cambodia,russian,yes,https://www.evisa-card.com/fr/cambodia-visa-for-russian-citizens,455,0.1194,0.8806,0,0,0.0,,no,no,MERGE_301,/fr/visa-cambodia,"Contenu tres proche du groupe (unicite 11.9%), 0 impression"
fr,www2/fr/cambodia-visa-for-south-african-citizens.html,/fr/cambodia-visa-for-south-african-citizens,cambodia,south-african,yes,https://www.evisa-card.com/fr/cambodia-visa-for-south-african-citizens,453,0.1265,0.8735,0,0,0.0,,no,no,MERGE_301,/fr/visa-cambodia,"Contenu tres proche du groupe (unicite 12.7%), 0 impression"
fr,www2/fr/cambodia-visa-for-turkish-citizens.html,/fr/cambodia-visa-for-turkish-citizens,cambodia,turkish,yes,https://www.evisa-card.com/fr/cambodia-visa-for-turkish-citizens,455,0.1174,0.8826,0,0,0.0,,no,no,MERGE_301,/fr/visa-cambodia,"Contenu tres proche du groupe (unicite 11.7%), 0 impression"
fr,www2/fr/cambodia-visa-for-uk-citizens.html,/fr/cambodia-visa-for-uk-citizens,cambodia,uk,yes,https://www.evisa-card.com/fr/cambodia-visa-for-uk-citizens,453,0.1194,0.8806,0,0,0.0,,no,no,MERGE_301,/fr/visa-cambodia,"Contenu tres proche du groupe (unicite 11.9%), 0 impression"
fr,www2/fr/cambodia-visa-for-us-citizens.html,/fr/cambodia-visa-for-us-citizens,cambodia,us,yes,https://www.evisa-card.com/fr/cambodia-visa-for-us-citizens,453,0.132,0.868,0,0,0.0,,no,no,MERGE_301,/fr/visa-cambodia,"Contenu tres proche du groupe (unicite 13.2%), 0 impression"
fr,www2/fr/china-visa-for-argentinian-citizens.html,/fr/china-visa-for-argentinian-citizens,china,argentinian,yes,https://www.evisa-card.com/fr/china-visa-for-argentinian-citizens,324,0.1466,0.8534,0,0,0.0,,no,no,MERGE_301,/fr/visa-china,"Contenu tres proche du groupe (unicite 14.7%), 0 impression"
fr,www2/fr/china-visa-for-russian-citizens.html,/fr/china-visa-for-russian-citizens,china,russian,yes,https://www.evisa-card.com/fr/china-visa-for-russian-citizens,325,0.1466,0.8534,0,0,0.0,,no,no,MERGE_301,/fr/visa-china,"Contenu tres proche du groupe (unicite 14.7%), 0 impression"
fr,www2/fr/china-visa-for-singaporean-citizens.html,/fr/china-visa-for-singaporean-citizens,china,singaporean,yes,https://www.evisa-card.com/fr/china-visa-for-singaporean-citizens,325,0.1466,0.8534,0,0,0.0,,no,no,MERGE_301,/fr/visa-china,"Contenu tres proche du groupe (unicite 14.7%), 0 impression"
fr,www2/fr/greece-visa-for-argentinian-citizens.html,/fr/greece-visa-for-argentinian-citizens,greece,argentinian,yes,https://www.evisa-card.com/fr/greece-visa-for-argentinian-citizens,377,0.1313,0.8687,0,0,0.0,,no,no,MERGE_301,/fr/visa-greece,"Contenu tres proche du groupe (unicite 13.1%), 0 impression"
fr,www2/fr/greece-visa-for-brazilian-citizens.html,/fr/greece-visa-for-brazilian-citizens,greece,brazilian,yes,https://www.evisa-card.com/fr/greece-visa-for-brazilian-citizens,377,0.1418,0.8582,0,0,0.0,,no,no,MERGE_301,/fr/visa-greece,"Contenu tres proche du groupe (unicite 14.2%), 0 impression"
fr,www2/fr/greece-visa-for-canadian-citizens.html,/fr/greece-visa-for-canadian-citizens,greece,canadian,yes,https://www.evisa-card.com/fr/greece-visa-for-canadian-citizens,378,0.1313,0.8687,0,0,0.0,,no,no,MERGE_301,/fr/visa-greece,"Contenu tres proche du groupe (unicite 13.1%), 0 impression"
fr,www2/fr/greece-visa-for-japanese-citizens.html,/fr/greece-visa-for-japanese-citizens,greece,japanese,yes,https://www.evisa-card.com/fr/greece-visa-for-japanese-citizens,377,0.1313,0.8687,0,0,0.0,,no,no,MERGE_301,/fr/visa-greece,"Contenu tres proche du groupe (unicite 13.1%), 0 impression"
fr,www2/fr/greece-visa-for-mexican-citizens.html,/fr/greece-visa-for-mexican-citizens,greece,mexican,yes,https://www.evisa-card.com/fr/greece-visa-for-mexican-citizens,377,0.1316,0.8684,0,0,0.0,,no,no,MERGE_301,/fr/visa-greece,"Contenu tres proche du groupe (unicite 13.2%), 0 impression"
fr,www2/fr/greece-visa-for-singaporean-citizens.html,/fr/greece-visa-for-singaporean-citizens,greece,singaporean,yes,https://www.evisa-card.com/fr/greece-visa-for-singaporean-citizens,377,0.1313,0.8687,0,0,0.0,,no,no,MERGE_301,/fr/visa-greece,"Contenu tres proche du groupe (unicite 13.1%), 0 impression"
fr,www2/fr/greece-visa-for-uk-citizens.html,/fr/greece-visa-for-uk-citizens,greece,uk,yes,https://www.evisa-card.com/fr/greece-visa-for-uk-citizens,377,0.1316,0.8684,0,0,0.0,,no,no,MERGE_301,/fr/visa-greece,"Contenu tres proche du groupe (unicite 13.2%), 0 impression"
fr,www2/fr/greece-visa-for-us-citizens.html,/fr/greece-visa-for-us-citizens,greece,us,yes,https://www.evisa-card.com/fr/greece-visa-for-us-citizens,377,0.1459,0.8541,0,0,0.0,,no,no,MERGE_301,/fr/visa-greece,"Contenu tres proche du groupe (unicite 14.6%), 0 impression"
fr,www2/fr/india-visa-for-argentinian-citizens.html,/fr/india-visa-for-argentinian-citizens,india,argentinian,yes,https://www.evisa-card.com/fr/india-visa-for-argentinian-citizens,536,0.0097,0.9903,0,0,0.0,,no,no,MERGE_301,/fr/visa-india,"Contenu quasi identique au groupe (unicite 1.0%), aucune regle propre, 0 impressions"
fr,www2/fr/india-visa-for-australian-citizens.html,/fr/india-visa-for-australian-citizens,india,australian,yes,https://www.evisa-card.com/fr/india-visa-for-australian-citizens,536,0.0081,0.9919,0,0,0.0,,no,no,MERGE_301,/fr/visa-india,"Contenu quasi identique au groupe (unicite 0.8%), aucune regle propre, 0 impressions"
fr,www2/fr/india-visa-for-brazilian-citizens.html,/fr/india-visa-for-brazilian-citizens,india,brazilian,yes,https://www.evisa-card.com/fr/india-visa-for-brazilian-citizens,536,0.0161,0.9839,0,0,0.0,,no,no,MERGE_301,/fr/visa-india,"Contenu quasi identique au groupe (unicite 1.6%), aucune regle propre, 0 impressions"
fr,www2/fr/india-visa-for-canadian-citizens.html,/fr/india-visa-for-canadian-citizens,india,canadian,yes,https://www.evisa-card.com/fr/india-visa-for-canadian-citizens,536,0.0081,0.9919,0,0,0.0,,no,no,MERGE_301,/fr/visa-india,"Contenu quasi identique au groupe (unicite 0.8%), aucune regle propre, 0 impressions"
fr,www2/fr/india-visa-for-french-citizens.html,/fr/india-visa-for-french-citizens,india,french,yes,https://www.evisa-card.com/fr/india-visa-for-french-citizens,533,0.0162,0.9838,0,0,0.0,,no,no,MERGE_301,/fr/visa-india,"Contenu quasi identique au groupe (unicite 1.6%), aucune regle propre, 0 impressions"
fr,www2/fr/india-visa-for-german-citizens.html,/fr/india-visa-for-german-citizens,india,german,yes,https://www.evisa-card.com/fr/india-visa-for-german-citizens,536,0.0097,0.9903,0,0,0.0,,no,no,MERGE_301,/fr/visa-india,"Contenu quasi identique au groupe (unicite 1.0%), aucune regle propre, 0 impressions"
fr,www2/fr/india-visa-for-indonesian-citizens.html,/fr/india-visa-for-indonesian-citizens,india,indonesian,yes,https://www.evisa-card.com/fr/india-visa-for-indonesian-citizens,536,0.0161,0.9839,0,0,0.0,,no,no,MERGE_301,/fr/visa-india,"Contenu quasi identique au groupe (unicite 1.6%), aucune regle propre, 0 impressions"
fr,www2/fr/india-visa-for-korean-citizens.html,/fr/india-visa-for-korean-citizens,india,korean,yes,https://www.evisa-card.com/fr/india-visa-for-korean-citizens,536,0.0161,0.9839,0,0,0.0,,no,no,MERGE_301,/fr/visa-india,"Contenu quasi identique au groupe (unicite 1.6%), aucune regle propre, 0 impressions"
fr,www2/fr/india-visa-for-mexican-citizens.html,/fr/india-visa-for-mexican-citizens,india,mexican,yes,https://www.evisa-card.com/fr/india-visa-for-mexican-citizens,536,0.0081,0.9919,0,0,0.0,,no,no,MERGE_301,/fr/visa-india,"Contenu quasi identique au groupe (unicite 0.8%), aucune regle propre, 0 impressions"
fr,www2/fr/india-visa-for-nigerian-citizens.html,/fr/india-visa-for-nigerian-citizens,india,nigerian,yes,https://www.evisa-card.com/fr/india-visa-for-nigerian-citizens,536,0.0161,0.9839,0,0,0.0,,no,no,MERGE_301,/fr/visa-india,"Contenu quasi identique au groupe (unicite 1.6%), aucune regle propre, 0 impressions"
fr,www2/fr/india-visa-for-philippine-citizens.html,/fr/india-visa-for-philippine-citizens,india,philippine,yes,https://www.evisa-card.com/fr/india-visa-for-philippine-citizens,536,0.0081,0.9919,0,0,0.0,,no,no,MERGE_301,/fr/visa-india,"Contenu quasi identique au groupe (unicite 0.8%), aucune regle propre, 0 impressions"
fr,www2/fr/india-visa-for-russian-citizens.html,/fr/india-visa-for-russian-citizens,india,russian,yes,https://www.evisa-card.com/fr/india-visa-for-russian-citizens,536,0.0081,0.9919,0,0,0.0,,no,no,MERGE_301,/fr/visa-india,"Contenu quasi identique au groupe (unicite 0.8%), aucune regle propre, 0 impressions"
fr,www2/fr/india-visa-for-singaporean-citizens.html,/fr/india-visa-for-singaporean-citizens,india,singaporean,yes,https://www.evisa-card.com/fr/india-visa-for-singaporean-citizens,536,0.0097,0.9903,0,0,0.0,,no,no,MERGE_301,/fr/visa-india,"Contenu quasi identique au groupe (unicite 1.0%), aucune regle propre, 0 impressions"
fr,www2/fr/india-visa-for-south-african-citizens.html,/fr/india-visa-for-south-african-citizens,india,south-african,yes,https://www.evisa-card.com/fr/india-visa-for-south-african-citizens,536,0.0177,0.9823,0,0,0.0,,no,no,MERGE_301,/fr/visa-india,"Contenu quasi identique au groupe (unicite 1.8%), aucune regle propre, 0 impressions"
fr,www2/fr/india-visa-for-turkish-citizens.html,/fr/india-visa-for-turkish-citizens,india,turkish,yes,https://www.evisa-card.com/fr/india-visa-for-turkish-citizens,536,0.0081,0.9919,0,0,0.0,,no,no,MERGE_301,/fr/visa-india,"Contenu quasi identique au groupe (unicite 0.8%), aucune regle propre, 0 impressions"
fr,www2/fr/india-visa-for-uk-citizens.html,/fr/india-visa-for-uk-citizens,india,uk,yes,https://www.evisa-card.com/fr/india-visa-for-uk-citizens,537,0.0097,0.9903,0,0,0.0,,no,no,MERGE_301,/fr/visa-india,"Contenu quasi identique au groupe (unicite 1.0%), aucune regle propre, 0 impressions"
fr,www2/fr/india-visa-for-us-citizens.html,/fr/india-visa-for-us-citizens,india,us,yes,https://www.evisa-card.com/fr/india-visa-for-us-citizens,536,0.0256,0.9744,0,0,0.0,,no,no,MERGE_301,/fr/visa-india,"Contenu quasi identique au groupe (unicite 2.6%), aucune regle propre, 0 impressions"
fr,www2/fr/indonesia-visa-for-argentinian-citizens.html,/fr/indonesia-visa-for-argentinian-citizens,indonesia,argentinian,yes,https://www.evisa-card.com/fr/indonesia-visa-for-argentinian-citizens,358,0.1268,0.8732,0,0,0.0,,no,no,MERGE_301,/fr/visa-indonesia,"Contenu tres proche du groupe (unicite 12.7%), 0 impression"
fr,www2/fr/indonesia-visa-for-australian-citizens.html,/fr/indonesia-visa-for-australian-citizens,indonesia,australian,yes,https://www.evisa-card.com/fr/indonesia-visa-for-australian-citizens,358,0.1265,0.8735,0,0,0.0,,no,no,MERGE_301,/fr/visa-indonesia,"Contenu tres proche du groupe (unicite 12.7%), 0 impression"
fr,www2/fr/indonesia-visa-for-canadian-citizens.html,/fr/indonesia-visa-for-canadian-citizens,indonesia,canadian,yes,https://www.evisa-card.com/fr/indonesia-visa-for-canadian-citizens,358,0.1268,0.8732,0,0,0.0,,no,no,MERGE_301,/fr/visa-indonesia,"Contenu tres proche du groupe (unicite 12.7%), 0 impression"
fr,www2/fr/indonesia-visa-for-indian-citizens.html,/fr/indonesia-visa-for-indian-citizens,indonesia,indian,yes,https://www.evisa-card.com/fr/indonesia-visa-for-indian-citizens,353,0.0905,0.9095,0,0,0.0,,no,no,MERGE_301,/fr/visa-indonesia,"Contenu quasi identique au groupe (unicite 9.0%), aucune regle propre, 0 impressions"
fr,www2/fr/indonesia-visa-for-japanese-citizens.html,/fr/indonesia-visa-for-japanese-citizens,indonesia,japanese,yes,https://www.evisa-card.com/fr/indonesia-visa-for-japanese-citizens,358,0.1268,0.8732,0,0,0.0,,no,no,MERGE_301,/fr/visa-indonesia,"Contenu tres proche du groupe (unicite 12.7%), 0 impression"
fr,www2/fr/indonesia-visa-for-mexican-citizens.html,/fr/indonesia-visa-for-mexican-citizens,indonesia,mexican,yes,https://www.evisa-card.com/fr/indonesia-visa-for-mexican-citizens,358,0.1271,0.8729,0,0,0.0,,no,no,MERGE_301,/fr/visa-indonesia,"Contenu tres proche du groupe (unicite 12.7%), 0 impression"
fr,www2/fr/indonesia-visa-for-uk-citizens.html,/fr/indonesia-visa-for-uk-citizens,indonesia,uk,yes,https://www.evisa-card.com/fr/indonesia-visa-for-uk-citizens,359,0.1286,0.8714,0,0,0.0,,no,no,MERGE_301,/fr/visa-indonesia,"Contenu tres proche du groupe (unicite 12.9%), 0 impression"
fr,www2/fr/indonesia-visa-for-us-citizens.html,/fr/indonesia-visa-for-us-citizens,indonesia,us,yes,https://www.evisa-card.com/fr/indonesia-visa-for-us-citizens,358,0.1394,0.8606,0,0,0.0,,no,no,MERGE_301,/fr/visa-indonesia,"Contenu tres proche du groupe (unicite 13.9%), 0 impression"
fr,www2/fr/jordan-visa-for-argentinian-citizens.html,/fr/jordan-visa-for-argentinian-citizens,jordan,argentinian,yes,https://www.evisa-card.com/fr/jordan-visa-for-argentinian-citizens,455,0.014,0.986,0,0,0.0,,no,no,MERGE_301,/fr/visa-jordan,"Contenu quasi identique au groupe (unicite 1.4%), aucune regle propre, 0 impressions"
fr,www2/fr/jordan-visa-for-australian-citizens.html,/fr/jordan-visa-for-australian-citizens,jordan,australian,yes,https://www.evisa-card.com/fr/jordan-visa-for-australian-citizens,457,0.014,0.986,0,0,0.0,,no,no,MERGE_301,/fr/visa-jordan,"Contenu quasi identique au groupe (unicite 1.4%), aucune regle propre, 0 impressions"
fr,www2/fr/jordan-visa-for-brazilian-citizens.html,/fr/jordan-visa-for-brazilian-citizens,jordan,brazilian,yes,https://www.evisa-card.com/fr/jordan-visa-for-brazilian-citizens,594,0.09,0.91,0,0,0.0,,no,no,MERGE_301,/fr/visa-jordan,"Contenu quasi identique au groupe (unicite 9.0%), aucune regle propre, 0 impressions"
fr,www2/fr/jordan-visa-for-canadian-citizens.html,/fr/jordan-visa-for-canadian-citizens,jordan,canadian,yes,https://www.evisa-card.com/fr/jordan-visa-for-canadian-citizens,456,0.014,0.986,0,0,0.0,,no,no,MERGE_301,/fr/visa-jordan,"Contenu quasi identique au groupe (unicite 1.4%), aucune regle propre, 0 impressions"
fr,www2/fr/jordan-visa-for-french-citizens.html,/fr/jordan-visa-for-french-citizens,jordan,french,yes,https://www.evisa-card.com/fr/jordan-visa-for-french-citizens,453,0.0238,0.9762,0,0,0.0,,no,no,MERGE_301,/fr/visa-jordan,"Contenu quasi identique au groupe (unicite 2.4%), aucune regle propre, 0 impressions"
fr,www2/fr/jordan-visa-for-german-citizens.html,/fr/jordan-visa-for-german-citizens,jordan,german,yes,https://www.evisa-card.com/fr/jordan-visa-for-german-citizens,592,0.0777,0.9223,0,0,0.0,,no,no,MERGE_301,/fr/visa-jordan,"Contenu quasi identique au groupe (unicite 7.8%), aucune regle propre, 0 impressions"
fr,www2/fr/jordan-visa-for-indonesian-citizens.html,/fr/jordan-visa-for-indonesian-citizens,jordan,indonesian,yes,https://www.evisa-card.com/fr/jordan-visa-for-indonesian-citizens,455,0.0257,0.9743,0,0,0.0,,no,no,MERGE_301,/fr/visa-jordan,"Contenu quasi identique au groupe (unicite 2.6%), aucune regle propre, 0 impressions"
fr,www2/fr/jordan-visa-for-japanese-citizens.html,/fr/jordan-visa-for-japanese-citizens,jordan,japanese,yes,https://www.evisa-card.com/fr/jordan-visa-for-japanese-citizens,455,0.012,0.988,0,0,0.0,,no,no,MERGE_301,/fr/visa-jordan,"Contenu quasi identique au groupe (unicite 1.2%), aucune regle propre, 0 impressions"
fr,www2/fr/jordan-visa-for-korean-citizens.html,/fr/jordan-visa-for-korean-citizens,jordan,korean,yes,https://www.evisa-card.com/fr/jordan-visa-for-korean-citizens,458,0.035,0.965,0,0,0.0,,no,no,MERGE_301,/fr/visa-jordan,"Contenu quasi identique au groupe (unicite 3.5%), aucune regle propre, 0 impressions"
fr,www2/fr/jordan-visa-for-mexican-citizens.html,/fr/jordan-visa-for-mexican-citizens,jordan,mexican,yes,https://www.evisa-card.com/fr/jordan-visa-for-mexican-citizens,456,0.014,0.986,0,0,0.0,,no,no,MERGE_301,/fr/visa-jordan,"Contenu quasi identique au groupe (unicite 1.4%), aucune regle propre, 0 impressions"
fr,www2/fr/jordan-visa-for-philippine-citizens.html,/fr/jordan-visa-for-philippine-citizens,jordan,philippine,yes,https://www.evisa-card.com/fr/jordan-visa-for-philippine-citizens,456,0.012,0.988,0,0,0.0,,no,no,MERGE_301,/fr/visa-jordan,"Contenu quasi identique au groupe (unicite 1.2%), aucune regle propre, 0 impressions"
fr,www2/fr/jordan-visa-for-russian-citizens.html,/fr/jordan-visa-for-russian-citizens,jordan,russian,yes,https://www.evisa-card.com/fr/jordan-visa-for-russian-citizens,456,0.014,0.986,0,0,0.0,,no,no,MERGE_301,/fr/visa-jordan,"Contenu quasi identique au groupe (unicite 1.4%), aucune regle propre, 0 impressions"
fr,www2/fr/jordan-visa-for-singaporean-citizens.html,/fr/jordan-visa-for-singaporean-citizens,jordan,singaporean,yes,https://www.evisa-card.com/fr/jordan-visa-for-singaporean-citizens,455,0.014,0.986,0,0,0.0,,no,no,MERGE_301,/fr/visa-jordan,"Contenu quasi identique au groupe (unicite 1.4%), aucune regle propre, 0 impressions"
fr,www2/fr/jordan-visa-for-south-african-citizens.html,/fr/jordan-visa-for-south-african-citizens,jordan,south-african,yes,https://www.evisa-card.com/fr/jordan-visa-for-south-african-citizens,594,0.09,0.91,0,0,0.0,,no,no,MERGE_301,/fr/visa-jordan,"Contenu quasi identique au groupe (unicite 9.0%), aucune regle propre, 0 impressions"
fr,www2/fr/jordan-visa-for-turkish-citizens.html,/fr/jordan-visa-for-turkish-citizens,jordan,turkish,yes,https://www.evisa-card.com/fr/jordan-visa-for-turkish-citizens,456,0.012,0.988,0,0,0.0,,no,no,MERGE_301,/fr/visa-jordan,"Contenu quasi identique au groupe (unicite 1.2%), aucune regle propre, 0 impressions"
fr,www2/fr/jordan-visa-for-uk-citizens.html,/fr/jordan-visa-for-uk-citizens,jordan,uk,yes,https://www.evisa-card.com/fr/jordan-visa-for-uk-citizens,456,0.014,0.986,0,0,0.0,,no,no,MERGE_301,/fr/visa-jordan,"Contenu quasi identique au groupe (unicite 1.4%), aucune regle propre, 0 impressions"
fr,www2/fr/jordan-visa-for-us-citizens.html,/fr/jordan-visa-for-us-citizens,jordan,us,yes,https://www.evisa-card.com/fr/jordan-visa-for-us-citizens,456,0.0315,0.9685,0,0,0.0,,no,no,MERGE_301,/fr/visa-jordan,"Contenu quasi identique au groupe (unicite 3.1%), aucune regle propre, 0 impressions"
fr,www2/fr/maldives-visa-for-argentinian-citizens.html,/fr/maldives-visa-for-argentinian-citizens,maldives,argentinian,yes,https://www.evisa-card.com/fr/maldives-visa-for-argentinian-citizens,409,0.0173,0.9827,0,0,0.0,,no,no,MERGE_301,/fr/visa-maldives,"Contenu quasi identique au groupe (unicite 1.7%), aucune regle propre, 0 impressions"
fr,www2/fr/maldives-visa-for-australian-citizens.html,/fr/maldives-visa-for-australian-citizens,maldives,australian,yes,https://www.evisa-card.com/fr/maldives-visa-for-australian-citizens,409,0.0173,0.9827,0,0,0.0,,no,no,MERGE_301,/fr/visa-maldives,"Contenu quasi identique au groupe (unicite 1.7%), aucune regle propre, 0 impressions"
fr,www2/fr/maldives-visa-for-brazilian-citizens.html,/fr/maldives-visa-for-brazilian-citizens,maldives,brazilian,yes,https://www.evisa-card.com/fr/maldives-visa-for-brazilian-citizens,409,0.0321,0.9679,0,0,0.0,,no,no,MERGE_301,/fr/visa-maldives,"Contenu quasi identique au groupe (unicite 3.2%), aucune regle propre, 0 impressions"
fr,www2/fr/maldives-visa-for-canadian-citizens.html,/fr/maldives-visa-for-canadian-citizens,maldives,canadian,yes,https://www.evisa-card.com/fr/maldives-visa-for-canadian-citizens,409,0.0173,0.9827,0,0,0.0,,no,no,MERGE_301,/fr/visa-maldives,"Contenu quasi identique au groupe (unicite 1.7%), aucune regle propre, 0 impressions"
fr,www2/fr/maldives-visa-for-chinese-citizens.html,/fr/maldives-visa-for-chinese-citizens,maldives,chinese,yes,https://www.evisa-card.com/fr/maldives-visa-for-chinese-citizens,407,0.0174,0.9826,0,0,0.0,,no,no,MERGE_301,/fr/visa-maldives,"Contenu quasi identique au groupe (unicite 1.7%), aucune regle propre, 0 impressions"
fr,www2/fr/maldives-visa-for-french-citizens.html,/fr/maldives-visa-for-french-citizens,maldives,french,yes,https://www.evisa-card.com/fr/maldives-visa-for-french-citizens,409,0.0321,0.9679,0,0,0.0,,no,no,MERGE_301,/fr/visa-maldives,"Contenu quasi identique au groupe (unicite 3.2%), aucune regle propre, 0 impressions"
fr,www2/fr/maldives-visa-for-german-citizens.html,/fr/maldives-visa-for-german-citizens,maldives,german,yes,https://www.evisa-card.com/fr/maldives-visa-for-german-citizens,409,0.0174,0.9826,0,0,0.0,,no,no,MERGE_301,/fr/visa-maldives,"Contenu quasi identique au groupe (unicite 1.7%), aucune regle propre, 0 impressions"
fr,www2/fr/maldives-visa-for-indian-citizens.html,/fr/maldives-visa-for-indian-citizens,maldives,indian,yes,https://www.evisa-card.com/fr/maldives-visa-for-indian-citizens,409,0.0173,0.9827,0,0,0.0,,no,no,MERGE_301,/fr/visa-maldives,"Contenu quasi identique au groupe (unicite 1.7%), aucune regle propre, 0 impressions"
fr,www2/fr/maldives-visa-for-indonesian-citizens.html,/fr/maldives-visa-for-indonesian-citizens,maldives,indonesian,yes,https://www.evisa-card.com/fr/maldives-visa-for-indonesian-citizens,409,0.0321,0.9679,0,0,0.0,,no,no,MERGE_301,/fr/visa-maldives,"Contenu quasi identique au groupe (unicite 3.2%), aucune regle propre, 0 impressions"
fr,www2/fr/maldives-visa-for-japanese-citizens.html,/fr/maldives-visa-for-japanese-citizens,maldives,japanese,yes,https://www.evisa-card.com/fr/maldives-visa-for-japanese-citizens,409,0.0173,0.9827,0,0,0.0,,no,no,MERGE_301,/fr/visa-maldives,"Contenu quasi identique au groupe (unicite 1.7%), aucune regle propre, 0 impressions"
fr,www2/fr/maldives-visa-for-korean-citizens.html,/fr/maldives-visa-for-korean-citizens,maldives,korean,yes,https://www.evisa-card.com/fr/maldives-visa-for-korean-citizens,409,0.0361,0.9639,0,0,0.0,,no,no,MERGE_301,/fr/visa-maldives,"Contenu quasi identique au groupe (unicite 3.6%), aucune regle propre, 0 impressions"
fr,www2/fr/maldives-visa-for-mexican-citizens.html,/fr/maldives-visa-for-mexican-citizens,maldives,mexican,yes,https://www.evisa-card.com/fr/maldives-visa-for-mexican-citizens,409,0.0173,0.9827,0,0,0.0,,no,no,MERGE_301,/fr/visa-maldives,"Contenu quasi identique au groupe (unicite 1.7%), aucune regle propre, 0 impressions"
fr,www2/fr/maldives-visa-for-nigerian-citizens.html,/fr/maldives-visa-for-nigerian-citizens,maldives,nigerian,yes,https://www.evisa-card.com/fr/maldives-visa-for-nigerian-citizens,409,0.0321,0.9679,0,0,0.0,,no,no,MERGE_301,/fr/visa-maldives,"Contenu quasi identique au groupe (unicite 3.2%), aucune regle propre, 0 impressions"
fr,www2/fr/maldives-visa-for-philippine-citizens.html,/fr/maldives-visa-for-philippine-citizens,maldives,philippine,yes,https://www.evisa-card.com/fr/maldives-visa-for-philippine-citizens,408,0.0174,0.9826,0,0,0.0,,no,no,MERGE_301,/fr/visa-maldives,"Contenu quasi identique au groupe (unicite 1.7%), aucune regle propre, 0 impressions"
fr,www2/fr/maldives-visa-for-russian-citizens.html,/fr/maldives-visa-for-russian-citizens,maldives,russian,yes,https://www.evisa-card.com/fr/maldives-visa-for-russian-citizens,409,0.0174,0.9826,0,0,0.0,,no,no,MERGE_301,/fr/visa-maldives,"Contenu quasi identique au groupe (unicite 1.7%), aucune regle propre, 0 impressions"
fr,www2/fr/maldives-visa-for-singaporean-citizens.html,/fr/maldives-visa-for-singaporean-citizens,maldives,singaporean,yes,https://www.evisa-card.com/fr/maldives-visa-for-singaporean-citizens,409,0.0173,0.9827,0,0,0.0,,no,no,MERGE_301,/fr/visa-maldives,"Contenu quasi identique au groupe (unicite 1.7%), aucune regle propre, 0 impressions"
fr,www2/fr/maldives-visa-for-south-african-citizens.html,/fr/maldives-visa-for-south-african-citizens,maldives,south-african,yes,https://www.evisa-card.com/fr/maldives-visa-for-south-african-citizens,529,0.0911,0.9089,0,0,0.0,,no,no,MERGE_301,/fr/visa-maldives,"Contenu quasi identique au groupe (unicite 9.1%), aucune regle propre, 0 impressions"
fr,www2/fr/maldives-visa-for-turkish-citizens.html,/fr/maldives-visa-for-turkish-citizens,maldives,turkish,yes,https://www.evisa-card.com/fr/maldives-visa-for-turkish-citizens,409,0.0174,0.9826,0,0,0.0,,no,no,MERGE_301,/fr/visa-maldives,"Contenu quasi identique au groupe (unicite 1.7%), aucune regle propre, 0 impressions"
fr,www2/fr/maldives-visa-for-uk-citizens.html,/fr/maldives-visa-for-uk-citizens,maldives,uk,yes,https://www.evisa-card.com/fr/maldives-visa-for-uk-citizens,409,0.0174,0.9826,0,0,0.0,,no,no,MERGE_301,/fr/visa-maldives,"Contenu quasi identique au groupe (unicite 1.7%), aucune regle propre, 0 impressions"
fr,www2/fr/maldives-visa-for-us-citizens.html,/fr/maldives-visa-for-us-citizens,maldives,us,yes,https://www.evisa-card.com/fr/maldives-visa-for-us-citizens,409,0.0213,0.9787,0,0,0.0,,no,no,MERGE_301,/fr/visa-maldives,"Contenu quasi identique au groupe (unicite 2.1%), aucune regle propre, 0 impressions"
fr,www2/fr/nepal-visa-for-argentinian-citizens.html,/fr/nepal-visa-for-argentinian-citizens,nepal,argentinian,yes,https://www.evisa-card.com/fr/nepal-visa-for-argentinian-citizens,479,0.0164,0.9836,0,0,0.0,,no,no,MERGE_301,/fr/visa-nepal,"Contenu quasi identique au groupe (unicite 1.6%), aucune regle propre, 0 impressions"
fr,www2/fr/nepal-visa-for-australian-citizens.html,/fr/nepal-visa-for-australian-citizens,nepal,australian,yes,https://www.evisa-card.com/fr/nepal-visa-for-australian-citizens,479,0.0147,0.9853,0,0,0.0,,no,no,MERGE_301,/fr/visa-nepal,"Contenu quasi identique au groupe (unicite 1.5%), aucune regle propre, 0 impressions"
fr,www2/fr/nepal-visa-for-brazilian-citizens.html,/fr/nepal-visa-for-brazilian-citizens,nepal,brazilian,yes,https://www.evisa-card.com/fr/nepal-visa-for-brazilian-citizens,479,0.0289,0.9711,0,0,0.0,,no,no,MERGE_301,/fr/visa-nepal,"Contenu quasi identique au groupe (unicite 2.9%), aucune regle propre, 0 impressions"
fr,www2/fr/nepal-visa-for-canadian-citizens.html,/fr/nepal-visa-for-canadian-citizens,nepal,canadian,yes,https://www.evisa-card.com/fr/nepal-visa-for-canadian-citizens,625,0.0725,0.9275,0,0,0.0,,no,no,MERGE_301,/fr/visa-nepal,"Contenu quasi identique au groupe (unicite 7.2%), aucune regle propre, 0 impressions"
fr,www2/fr/nepal-visa-for-chinese-citizens.html,/fr/nepal-visa-for-chinese-citizens,nepal,chinese,yes,https://www.evisa-card.com/fr/nepal-visa-for-chinese-citizens,479,0.0146,0.9854,0,0,0.0,,no,no,MERGE_301,/fr/visa-nepal,"Contenu quasi identique au groupe (unicite 1.5%), aucune regle propre, 0 impressions"
fr,www2/fr/nepal-visa-for-french-citizens.html,/fr/nepal-visa-for-french-citizens,nepal,french,yes,https://www.evisa-card.com/fr/nepal-visa-for-french-citizens,481,0.0252,0.9748,0,0,0.0,,no,no,MERGE_301,/fr/visa-nepal,"Contenu quasi identique au groupe (unicite 2.5%), aucune regle propre, 0 impressions"
fr,www2/fr/nepal-visa-for-german-citizens.html,/fr/nepal-visa-for-german-citizens,nepal,german,yes,https://www.evisa-card.com/fr/nepal-visa-for-german-citizens,479,0.0165,0.9835,0,0,0.0,,no,no,MERGE_301,/fr/visa-nepal,"Contenu quasi identique au groupe (unicite 1.7%), aucune regle propre, 0 impressions"
fr,www2/fr/nepal-visa-for-indonesian-citizens.html,/fr/nepal-visa-for-indonesian-citizens,nepal,indonesian,yes,https://www.evisa-card.com/fr/nepal-visa-for-indonesian-citizens,481,0.027,0.973,0,0,0.0,,no,no,MERGE_301,/fr/visa-nepal,"Contenu quasi identique au groupe (unicite 2.7%), aucune regle propre, 0 impressions"
fr,www2/fr/nepal-visa-for-japanese-citizens.html,/fr/nepal-visa-for-japanese-citizens,nepal,japanese,yes,https://www.evisa-card.com/fr/nepal-visa-for-japanese-citizens,619,0.0719,0.9281,0,0,0.0,,no,no,MERGE_301,/fr/visa-nepal,"Contenu quasi identique au groupe (unicite 7.2%), aucune regle propre, 0 impressions"
fr,www2/fr/nepal-visa-for-korean-citizens.html,/fr/nepal-visa-for-korean-citizens,nepal,korean,yes,https://www.evisa-card.com/fr/nepal-visa-for-korean-citizens,481,0.0287,0.9713,0,0,0.0,,no,no,MERGE_301,/fr/visa-nepal,"Contenu quasi identique au groupe (unicite 2.9%), aucune regle propre, 0 impressions"
fr,www2/fr/nepal-visa-for-mexican-citizens.html,/fr/nepal-visa-for-mexican-citizens,nepal,mexican,yes,https://www.evisa-card.com/fr/nepal-visa-for-mexican-citizens,479,0.0147,0.9853,0,0,0.0,,no,no,MERGE_301,/fr/visa-nepal,"Contenu quasi identique au groupe (unicite 1.5%), aucune regle propre, 0 impressions"
fr,www2/fr/nepal-visa-for-nigerian-citizens.html,/fr/nepal-visa-for-nigerian-citizens,nepal,nigerian,yes,https://www.evisa-card.com/fr/nepal-visa-for-nigerian-citizens,481,0.0288,0.9712,0,0,0.0,,no,no,MERGE_301,/fr/visa-nepal,"Contenu quasi identique au groupe (unicite 2.9%), aucune regle propre, 0 impressions"
fr,www2/fr/nepal-visa-for-philippine-citizens.html,/fr/nepal-visa-for-philippine-citizens,nepal,philippine,yes,https://www.evisa-card.com/fr/nepal-visa-for-philippine-citizens,617,0.0722,0.9278,0,0,0.0,,no,no,MERGE_301,/fr/visa-nepal,"Contenu quasi identique au groupe (unicite 7.2%), aucune regle propre, 0 impressions"
fr,www2/fr/nepal-visa-for-russian-citizens.html,/fr/nepal-visa-for-russian-citizens,nepal,russian,yes,https://www.evisa-card.com/fr/nepal-visa-for-russian-citizens,481,0.0164,0.9836,0,0,0.0,,no,no,MERGE_301,/fr/visa-nepal,"Contenu quasi identique au groupe (unicite 1.6%), aucune regle propre, 0 impressions"
fr,www2/fr/nepal-visa-for-singaporean-citizens.html,/fr/nepal-visa-for-singaporean-citizens,nepal,singaporean,yes,https://www.evisa-card.com/fr/nepal-visa-for-singaporean-citizens,479,0.0165,0.9835,0,0,0.0,,no,no,MERGE_301,/fr/visa-nepal,"Contenu quasi identique au groupe (unicite 1.7%), aucune regle propre, 0 impressions"
fr,www2/fr/nepal-visa-for-south-african-citizens.html,/fr/nepal-visa-for-south-african-citizens,nepal,south-african,yes,https://www.evisa-card.com/fr/nepal-visa-for-south-african-citizens,479,0.0289,0.9711,0,0,0.0,,no,no,MERGE_301,/fr/visa-nepal,"Contenu quasi identique au groupe (unicite 2.9%), aucune regle propre, 0 impressions"
fr,www2/fr/nepal-visa-for-turkish-citizens.html,/fr/nepal-visa-for-turkish-citizens,nepal,turkish,yes,https://www.evisa-card.com/fr/nepal-visa-for-turkish-citizens,479,0.0165,0.9835,0,0,0.0,,no,no,MERGE_301,/fr/visa-nepal,"Contenu quasi identique au groupe (unicite 1.7%), aucune regle propre, 0 impressions"
fr,www2/fr/nepal-visa-for-uk-citizens.html,/fr/nepal-visa-for-uk-citizens,nepal,uk,yes,https://www.evisa-card.com/fr/nepal-visa-for-uk-citizens,479,0.0183,0.9817,0,0,0.0,,no,no,MERGE_301,/fr/visa-nepal,"Contenu quasi identique au groupe (unicite 1.8%), aucune regle propre, 0 impressions"
fr,www2/fr/nepal-visa-for-us-citizens.html,/fr/nepal-visa-for-us-citizens,nepal,us,yes,https://www.evisa-card.com/fr/nepal-visa-for-us-citizens,477,0.0127,0.9873,0,0,0.0,,no,no,MERGE_301,/fr/visa-nepal,"Contenu quasi identique au groupe (unicite 1.3%), aucune regle propre, 0 impressions"
fr,www2/fr/norway-visa-for-argentinian-citizens.html,/fr/norway-visa-for-argentinian-citizens,norway,argentinian,yes,https://www.evisa-card.com/fr/norway-visa-for-argentinian-citizens,146,0.1444,0.8556,0,0,0.0,,no,no,MERGE_301,/fr/visa-norway,"Contenu tres proche du groupe (unicite 14.4%), 0 impression"
fr,www2/fr/norway-visa-for-australian-citizens.html,/fr/norway-visa-for-australian-citizens,norway,australian,yes,https://www.evisa-card.com/fr/norway-visa-for-australian-citizens,146,0.1444,0.8556,0,0,0.0,,no,no,MERGE_301,/fr/visa-norway,"Contenu tres proche du groupe (unicite 14.4%), 0 impression"
fr,www2/fr/norway-visa-for-canadian-citizens.html,/fr/norway-visa-for-canadian-citizens,norway,canadian,yes,https://www.evisa-card.com/fr/norway-visa-for-canadian-citizens,146,0.1444,0.8556,0,0,0.0,,no,no,MERGE_301,/fr/visa-norway,"Contenu tres proche du groupe (unicite 14.4%), 0 impression"
fr,www2/fr/norway-visa-for-japanese-citizens.html,/fr/norway-visa-for-japanese-citizens,norway,japanese,yes,https://www.evisa-card.com/fr/norway-visa-for-japanese-citizens,146,0.1444,0.8556,0,0,0.0,,no,no,MERGE_301,/fr/visa-norway,"Contenu tres proche du groupe (unicite 14.4%), 0 impression"
fr,www2/fr/norway-visa-for-mexican-citizens.html,/fr/norway-visa-for-mexican-citizens,norway,mexican,yes,https://www.evisa-card.com/fr/norway-visa-for-mexican-citizens,146,0.1444,0.8556,0,0,0.0,,no,no,MERGE_301,/fr/visa-norway,"Contenu tres proche du groupe (unicite 14.4%), 0 impression"
fr,www2/fr/norway-visa-for-singaporean-citizens.html,/fr/norway-visa-for-singaporean-citizens,norway,singaporean,yes,https://www.evisa-card.com/fr/norway-visa-for-singaporean-citizens,146,0.1444,0.8556,0,0,0.0,,no,no,MERGE_301,/fr/visa-norway,"Contenu tres proche du groupe (unicite 14.4%), 0 impression"
fr,www2/fr/norway-visa-for-uk-citizens.html,/fr/norway-visa-for-uk-citizens,norway,uk,yes,https://www.evisa-card.com/fr/norway-visa-for-uk-citizens,146,0.1444,0.8556,0,0,0.0,,no,no,MERGE_301,/fr/visa-norway,"Contenu tres proche du groupe (unicite 14.4%), 0 impression"
fr,www2/fr/portugal-visa-for-argentinian-citizens.html,/fr/portugal-visa-for-argentinian-citizens,portugal,argentinian,yes,https://www.evisa-card.com/fr/portugal-visa-for-argentinian-citizens,460,0.1347,0.8653,0,0,0.0,,no,no,MERGE_301,/fr/visa-portugal,"Contenu tres proche du groupe (unicite 13.5%), 0 impression"
fr,www2/fr/portugal-visa-for-australian-citizens.html,/fr/portugal-visa-for-australian-citizens,portugal,australian,yes,https://www.evisa-card.com/fr/portugal-visa-for-australian-citizens,460,0.1312,0.8688,0,0,0.0,,no,no,MERGE_301,/fr/visa-portugal,"Contenu tres proche du groupe (unicite 13.1%), 0 impression"
fr,www2/fr/portugal-visa-for-brazilian-citizens.html,/fr/portugal-visa-for-brazilian-citizens,portugal,brazilian,yes,https://www.evisa-card.com/fr/portugal-visa-for-brazilian-citizens,460,0.1387,0.8613,0,0,0.0,,no,no,MERGE_301,/fr/visa-portugal,"Contenu tres proche du groupe (unicite 13.9%), 0 impression"
fr,www2/fr/portugal-visa-for-canadian-citizens.html,/fr/portugal-visa-for-canadian-citizens,portugal,canadian,yes,https://www.evisa-card.com/fr/portugal-visa-for-canadian-citizens,463,0.1307,0.8693,0,0,0.0,,no,no,MERGE_301,/fr/visa-portugal,"Contenu tres proche du groupe (unicite 13.1%), 0 impression"
fr,www2/fr/portugal-visa-for-japanese-citizens.html,/fr/portugal-visa-for-japanese-citizens,portugal,japanese,yes,https://www.evisa-card.com/fr/portugal-visa-for-japanese-citizens,460,0.1285,0.8715,0,0,0.0,,no,no,MERGE_301,/fr/visa-portugal,"Contenu tres proche du groupe (unicite 12.8%), 0 impression"
fr,www2/fr/portugal-visa-for-korean-citizens.html,/fr/portugal-visa-for-korean-citizens,portugal,korean,yes,https://www.evisa-card.com/fr/portugal-visa-for-korean-citizens,460,0.1453,0.8547,0,0,0.0,,no,no,MERGE_301,/fr/visa-portugal,"Contenu tres proche du groupe (unicite 14.5%), 0 impression"
fr,www2/fr/portugal-visa-for-mexican-citizens.html,/fr/portugal-visa-for-mexican-citizens,portugal,mexican,yes,https://www.evisa-card.com/fr/portugal-visa-for-mexican-citizens,460,0.1267,0.8733,0,0,0.0,,no,no,MERGE_301,/fr/visa-portugal,"Contenu tres proche du groupe (unicite 12.7%), 0 impression"
fr,www2/fr/portugal-visa-for-uk-citizens.html,/fr/portugal-visa-for-uk-citizens,portugal,uk,yes,https://www.evisa-card.com/fr/portugal-visa-for-uk-citizens,460,0.1267,0.8733,0,0,0.0,,no,no,MERGE_301,/fr/visa-portugal,"Contenu tres proche du groupe (unicite 12.7%), 0 impression"
fr,www2/fr/portugal-visa-for-us-citizens.html,/fr/portugal-visa-for-us-citizens,portugal,us,yes,https://www.evisa-card.com/fr/portugal-visa-for-us-citizens,460,0.1484,0.8516,0,0,0.0,,no,no,MERGE_301,/fr/visa-portugal,"Contenu tres proche du groupe (unicite 14.8%), 0 impression"
fr,www2/fr/sri-lanka-visa-for-argentinian-citizens.html,/fr/sri-lanka-visa-for-argentinian-citizens,sri-lanka,argentinian,yes,https://www.evisa-card.com/fr/sri-lanka-visa-for-argentinian-citizens,419,0.0187,0.9813,0,0,0.0,,no,no,MERGE_301,/fr/visa-sri-lanka,"Contenu quasi identique au groupe (unicite 1.9%), aucune regle propre, 0 impressions"
fr,www2/fr/sri-lanka-visa-for-australian-citizens.html,/fr/sri-lanka-visa-for-australian-citizens,sri-lanka,australian,yes,https://www.evisa-card.com/fr/sri-lanka-visa-for-australian-citizens,550,0.0933,0.9067,0,0,0.0,,no,no,MERGE_301,/fr/visa-sri-lanka,"Contenu quasi identique au groupe (unicite 9.3%), aucune regle propre, 0 impressions"
fr,www2/fr/sri-lanka-visa-for-brazilian-citizens.html,/fr/sri-lanka-visa-for-brazilian-citizens,sri-lanka,brazilian,yes,https://www.evisa-card.com/fr/sri-lanka-visa-for-brazilian-citizens,419,0.0301,0.9699,0,0,0.0,,no,no,MERGE_301,/fr/visa-sri-lanka,"Contenu quasi identique au groupe (unicite 3.0%), aucune regle propre, 0 impressions"
fr,www2/fr/sri-lanka-visa-for-canadian-citizens.html,/fr/sri-lanka-visa-for-canadian-citizens,sri-lanka,canadian,yes,https://www.evisa-card.com/fr/sri-lanka-visa-for-canadian-citizens,551,0.093,0.907,0,0,0.0,,no,no,MERGE_301,/fr/visa-sri-lanka,"Contenu quasi identique au groupe (unicite 9.3%), aucune regle propre, 0 impressions"
fr,www2/fr/sri-lanka-visa-for-french-citizens.html,/fr/sri-lanka-visa-for-french-citizens,sri-lanka,french,yes,https://www.evisa-card.com/fr/sri-lanka-visa-for-french-citizens,548,0.1047,0.8953,0,0,0.0,,no,no,MERGE_301,/fr/visa-sri-lanka,"Contenu tres proche du groupe (unicite 10.5%), 0 impression"
fr,www2/fr/sri-lanka-visa-for-german-citizens.html,/fr/sri-lanka-visa-for-german-citizens,sri-lanka,german,yes,https://www.evisa-card.com/fr/sri-lanka-visa-for-german-citizens,419,0.0164,0.9836,0,0,0.0,,no,no,MERGE_301,/fr/visa-sri-lanka,"Contenu quasi identique au groupe (unicite 1.6%), aucune regle propre, 0 impressions"
fr,www2/fr/sri-lanka-visa-for-japanese-citizens.html,/fr/sri-lanka-visa-for-japanese-citizens,sri-lanka,japanese,yes,https://www.evisa-card.com/fr/sri-lanka-visa-for-japanese-citizens,552,0.0933,0.9067,0,0,0.0,,no,no,MERGE_301,/fr/visa-sri-lanka,"Contenu quasi identique au groupe (unicite 9.3%), aucune regle propre, 0 impressions"
fr,www2/fr/sri-lanka-visa-for-korean-citizens.html,/fr/sri-lanka-visa-for-korean-citizens,sri-lanka,korean,yes,https://www.evisa-card.com/fr/sri-lanka-visa-for-korean-citizens,419,0.03,0.97,0,0,0.0,,no,no,MERGE_301,/fr/visa-sri-lanka,"Contenu quasi identique au groupe (unicite 3.0%), aucune regle propre, 0 impressions"
fr,www2/fr/sri-lanka-visa-for-mexican-citizens.html,/fr/sri-lanka-visa-for-mexican-citizens,sri-lanka,mexican,yes,https://www.evisa-card.com/fr/sri-lanka-visa-for-mexican-citizens,419,0.0164,0.9836,0,0,0.0,,no,no,MERGE_301,/fr/visa-sri-lanka,"Contenu quasi identique au groupe (unicite 1.6%), aucune regle propre, 0 impressions"
fr,www2/fr/sri-lanka-visa-for-nigerian-citizens.html,/fr/sri-lanka-visa-for-nigerian-citizens,sri-lanka,nigerian,yes,https://www.evisa-card.com/fr/sri-lanka-visa-for-nigerian-citizens,550,0.1061,0.8939,0,0,0.0,,no,no,MERGE_301,/fr/visa-sri-lanka,"Contenu tres proche du groupe (unicite 10.6%), 0 impression"
fr,www2/fr/sri-lanka-visa-for-russian-citizens.html,/fr/sri-lanka-visa-for-russian-citizens,sri-lanka,russian,yes,https://www.evisa-card.com/fr/sri-lanka-visa-for-russian-citizens,419,0.0164,0.9836,0,0,0.0,,no,no,MERGE_301,/fr/visa-sri-lanka,"Contenu quasi identique au groupe (unicite 1.6%), aucune regle propre, 0 impressions"
fr,www2/fr/sri-lanka-visa-for-singaporean-citizens.html,/fr/sri-lanka-visa-for-singaporean-citizens,sri-lanka,singaporean,yes,https://www.evisa-card.com/fr/sri-lanka-visa-for-singaporean-citizens,553,0.0947,0.9053,0,0,0.0,,no,no,MERGE_301,/fr/visa-sri-lanka,"Contenu quasi identique au groupe (unicite 9.5%), aucune regle propre, 0 impressions"
fr,www2/fr/sri-lanka-visa-for-south-african-citizens.html,/fr/sri-lanka-visa-for-south-african-citizens,sri-lanka,south-african,yes,https://www.evisa-card.com/fr/sri-lanka-visa-for-south-african-citizens,552,0.1075,0.8925,0,0,0.0,,no,no,MERGE_301,/fr/visa-sri-lanka,"Contenu tres proche du groupe (unicite 10.8%), 0 impression"
fr,www2/fr/sri-lanka-visa-for-turkish-citizens.html,/fr/sri-lanka-visa-for-turkish-citizens,sri-lanka,turkish,yes,https://www.evisa-card.com/fr/sri-lanka-visa-for-turkish-citizens,419,0.0164,0.9836,0,0,0.0,,no,no,MERGE_301,/fr/visa-sri-lanka,"Contenu quasi identique au groupe (unicite 1.6%), aucune regle propre, 0 impressions"
fr,www2/fr/sri-lanka-visa-for-uk-citizens.html,/fr/sri-lanka-visa-for-uk-citizens,sri-lanka,uk,yes,https://www.evisa-card.com/fr/sri-lanka-visa-for-uk-citizens,419,0.0187,0.9813,0,0,0.0,,no,no,MERGE_301,/fr/visa-sri-lanka,"Contenu quasi identique au groupe (unicite 1.9%), aucune regle propre, 0 impressions"
fr,www2/fr/sri-lanka-visa-for-us-citizens.html,/fr/sri-lanka-visa-for-us-citizens,sri-lanka,us,yes,https://www.evisa-card.com/fr/sri-lanka-visa-for-us-citizens,552,0.1125,0.8875,0,0,0.0,,no,no,MERGE_301,/fr/visa-sri-lanka,"Contenu tres proche du groupe (unicite 11.2%), 0 impression"
fr,www2/fr/sweden-visa-for-argentinian-citizens.html,/fr/sweden-visa-for-argentinian-citizens,sweden,argentinian,yes,https://www.evisa-card.com/fr/sweden-visa-for-argentinian-citizens,148,0.1469,0.8531,0,0,0.0,,no,no,MERGE_301,/fr/visa-sweden,"Contenu tres proche du groupe (unicite 14.7%), 0 impression"
fr,www2/fr/sweden-visa-for-australian-citizens.html,/fr/sweden-visa-for-australian-citizens,sweden,australian,yes,https://www.evisa-card.com/fr/sweden-visa-for-australian-citizens,148,0.1469,0.8531,0,0,0.0,,no,no,MERGE_301,/fr/visa-sweden,"Contenu tres proche du groupe (unicite 14.7%), 0 impression"
fr,www2/fr/sweden-visa-for-canadian-citizens.html,/fr/sweden-visa-for-canadian-citizens,sweden,canadian,yes,https://www.evisa-card.com/fr/sweden-visa-for-canadian-citizens,149,0.1461,0.8539,0,0,0.0,,no,no,MERGE_301,/fr/visa-sweden,"Contenu tres proche du groupe (unicite 14.6%), 0 impression"
fr,www2/fr/sweden-visa-for-japanese-citizens.html,/fr/sweden-visa-for-japanese-citizens,sweden,japanese,yes,https://www.evisa-card.com/fr/sweden-visa-for-japanese-citizens,148,0.1469,0.8531,0,0,0.0,,no,no,MERGE_301,/fr/visa-sweden,"Contenu tres proche du groupe (unicite 14.7%), 0 impression"
fr,www2/fr/sweden-visa-for-mexican-citizens.html,/fr/sweden-visa-for-mexican-citizens,sweden,mexican,yes,https://www.evisa-card.com/fr/sweden-visa-for-mexican-citizens,149,0.1461,0.8539,0,0,0.0,,no,no,MERGE_301,/fr/visa-sweden,"Contenu tres proche du groupe (unicite 14.6%), 0 impression"
fr,www2/fr/sweden-visa-for-singaporean-citizens.html,/fr/sweden-visa-for-singaporean-citizens,sweden,singaporean,yes,https://www.evisa-card.com/fr/sweden-visa-for-singaporean-citizens,149,0.1461,0.8539,0,0,0.0,,no,no,MERGE_301,/fr/visa-sweden,"Contenu tres proche du groupe (unicite 14.6%), 0 impression"
fr,www2/fr/sweden-visa-for-uk-citizens.html,/fr/sweden-visa-for-uk-citizens,sweden,uk,yes,https://www.evisa-card.com/fr/sweden-visa-for-uk-citizens,148,0.1469,0.8531,0,0,0.0,,no,no,MERGE_301,/fr/visa-sweden,"Contenu tres proche du groupe (unicite 14.7%), 0 impression"
fr,www2/fr/thailand-visa-for-australian-citizens.html,/fr/thailand-visa-for-australian-citizens,thailand,australian,yes,https://www.evisa-card.com/fr/thailand-visa-for-australian-citizens,433,0.0661,0.9339,0,0,0.0,,no,no,MERGE_301,/fr/visa-thailand,"Contenu quasi identique au groupe (unicite 6.6%), aucune regle propre, 0 impressions"
fr,www2/fr/thailand-visa-for-brazilian-citizens.html,/fr/thailand-visa-for-brazilian-citizens,thailand,brazilian,yes,https://www.evisa-card.com/fr/thailand-visa-for-brazilian-citizens,563,0.1265,0.8735,0,0,0.0,,no,no,MERGE_301,/fr/visa-thailand,"Contenu tres proche du groupe (unicite 12.7%), 0 impression"
fr,www2/fr/thailand-visa-for-canadian-citizens.html,/fr/thailand-visa-for-canadian-citizens,thailand,canadian,yes,https://www.evisa-card.com/fr/thailand-visa-for-canadian-citizens,432,0.0663,0.9337,0,0,0.0,,no,no,MERGE_301,/fr/visa-thailand,"Contenu quasi identique au groupe (unicite 6.6%), aucune regle propre, 0 impressions"
fr,www2/fr/thailand-visa-for-french-citizens.html,/fr/thailand-visa-for-french-citizens,thailand,french,yes,https://www.evisa-card.com/fr/thailand-visa-for-french-citizens,562,0.1267,0.8733,0,0,0.0,,no,no,MERGE_301,/fr/visa-thailand,"Contenu tres proche du groupe (unicite 12.7%), 0 impression"
fr,www2/fr/thailand-visa-for-indonesian-citizens.html,/fr/thailand-visa-for-indonesian-citizens,thailand,indonesian,yes,https://www.evisa-card.com/fr/thailand-visa-for-indonesian-citizens,532,0.1168,0.8832,0,0,0.0,,no,no,MERGE_301,/fr/visa-thailand,"Contenu tres proche du groupe (unicite 11.7%), 0 impression"
fr,www2/fr/thailand-visa-for-japanese-citizens.html,/fr/thailand-visa-for-japanese-citizens,thailand,japanese,yes,https://www.evisa-card.com/fr/thailand-visa-for-japanese-citizens,562,0.1146,0.8854,0,0,0.0,,no,no,MERGE_301,/fr/visa-thailand,"Contenu tres proche du groupe (unicite 11.5%), 0 impression"
fr,www2/fr/thailand-visa-for-korean-citizens.html,/fr/thailand-visa-for-korean-citizens,thailand,korean,yes,https://www.evisa-card.com/fr/thailand-visa-for-korean-citizens,563,0.1307,0.8693,0,0,0.0,,no,no,MERGE_301,/fr/visa-thailand,"Contenu tres proche du groupe (unicite 13.1%), 0 impression"
fr,www2/fr/thailand-visa-for-mexican-citizens.html,/fr/thailand-visa-for-mexican-citizens,thailand,mexican,yes,https://www.evisa-card.com/fr/thailand-visa-for-mexican-citizens,533,0.105,0.895,0,0,0.0,,no,no,MERGE_301,/fr/visa-thailand,"Contenu tres proche du groupe (unicite 10.5%), 0 impression"
fr,www2/fr/thailand-visa-for-philippine-citizens.html,/fr/thailand-visa-for-philippine-citizens,thailand,philippine,yes,https://www.evisa-card.com/fr/thailand-visa-for-philippine-citizens,532,0.1035,0.8965,0,0,0.0,,no,no,MERGE_301,/fr/visa-thailand,"Contenu tres proche du groupe (unicite 10.3%), 0 impression"
fr,www2/fr/thailand-visa-for-singaporean-citizens.html,/fr/thailand-visa-for-singaporean-citizens,thailand,singaporean,yes,https://www.evisa-card.com/fr/thailand-visa-for-singaporean-citizens,433,0.0661,0.9339,0,0,0.0,,no,no,MERGE_301,/fr/visa-thailand,"Contenu quasi identique au groupe (unicite 6.6%), aucune regle propre, 0 impressions"
fr,www2/fr/thailand-visa-for-uk-citizens.html,/fr/thailand-visa-for-uk-citizens,thailand,uk,yes,https://www.evisa-card.com/fr/thailand-visa-for-uk-citizens,433,0.064,0.936,0,0,0.0,,no,no,MERGE_301,/fr/visa-thailand,"Contenu quasi identique au groupe (unicite 6.4%), aucune regle propre, 0 impressions"
fr,www2/fr/thailand-visa-for-us-citizens.html,/fr/thailand-visa-for-us-citizens,thailand,us,yes,https://www.evisa-card.com/fr/thailand-visa-for-us-citizens,432,0.0848,0.9152,0,0,0.0,,no,no,MERGE_301,/fr/visa-thailand,"Contenu quasi identique au groupe (unicite 8.5%), aucune regle propre, 0 impressions"
fr,www2/fr/turkey-visa-for-argentinian-citizens.html,/fr/turkey-visa-for-argentinian-citizens,turkey,argentinian,yes,https://www.evisa-card.com/fr/turkey-visa-for-argentinian-citizens,358,0.0575,0.9425,0,0,0.0,,no,no,MERGE_301,/fr/visa-turkey,"Contenu quasi identique au groupe (unicite 5.8%), aucune regle propre, 0 impressions"
fr,www2/fr/turkey-visa-for-australian-citizens.html,/fr/turkey-visa-for-australian-citizens,turkey,australian,yes,https://www.evisa-card.com/fr/turkey-visa-for-australian-citizens,361,0.0522,0.9478,0,0,0.0,,no,no,MERGE_301,/fr/visa-turkey,"Contenu quasi identique au groupe (unicite 5.2%), aucune regle propre, 0 impressions"
fr,www2/fr/turkey-visa-for-chinese-citizens.html,/fr/turkey-visa-for-chinese-citizens,turkey,chinese,yes,https://www.evisa-card.com/fr/turkey-visa-for-chinese-citizens,358,0.0499,0.9501,0,0,0.0,,no,no,MERGE_301,/fr/visa-turkey,"Contenu quasi identique au groupe (unicite 5.0%), aucune regle propre, 0 impressions"
fr,www2/fr/turkey-visa-for-indonesian-citizens.html,/fr/turkey-visa-for-indonesian-citizens,turkey,indonesian,yes,https://www.evisa-card.com/fr/turkey-visa-for-indonesian-citizens,499,0.1351,0.8649,0,0,0.0,,no,no,MERGE_301,/fr/visa-turkey,"Contenu tres proche du groupe (unicite 13.5%), 0 impression"
fr,www2/fr/turkey-visa-for-japanese-citizens.html,/fr/turkey-visa-for-japanese-citizens,turkey,japanese,yes,https://www.evisa-card.com/fr/turkey-visa-for-japanese-citizens,498,0.1203,0.8797,0,0,0.0,,no,no,MERGE_301,/fr/visa-turkey,"Contenu tres proche du groupe (unicite 12.0%), 0 impression"
fr,www2/fr/turkey-visa-for-korean-citizens.html,/fr/turkey-visa-for-korean-citizens,turkey,korean,yes,https://www.evisa-card.com/fr/turkey-visa-for-korean-citizens,500,0.149,0.851,0,0,0.0,,no,no,MERGE_301,/fr/visa-turkey,"Contenu tres proche du groupe (unicite 14.9%), 0 impression"
fr,www2/fr/turkey-visa-for-mexican-citizens.html,/fr/turkey-visa-for-mexican-citizens,turkey,mexican,yes,https://www.evisa-card.com/fr/turkey-visa-for-mexican-citizens,359,0.0551,0.9449,0,0,0.0,,no,no,MERGE_301,/fr/visa-turkey,"Contenu quasi identique au groupe (unicite 5.5%), aucune regle propre, 0 impressions"
fr,www2/fr/turkey-visa-for-philippine-citizens.html,/fr/turkey-visa-for-philippine-citizens,turkey,philippine,yes,https://www.evisa-card.com/fr/turkey-visa-for-philippine-citizens,358,0.0525,0.9475,0,0,0.0,,no,no,MERGE_301,/fr/visa-turkey,"Contenu quasi identique au groupe (unicite 5.2%), aucune regle propre, 0 impressions"
fr,www2/fr/turkey-visa-for-singaporean-citizens.html,/fr/turkey-visa-for-singaporean-citizens,turkey,singaporean,yes,https://www.evisa-card.com/fr/turkey-visa-for-singaporean-citizens,499,0.1183,0.8817,0,0,0.0,,no,no,MERGE_301,/fr/visa-turkey,"Contenu tres proche du groupe (unicite 11.8%), 0 impression"
fr,www2/fr/turkey-visa-for-south-african-citizens.html,/fr/turkey-visa-for-south-african-citizens,turkey,south-african,yes,https://www.evisa-card.com/fr/turkey-visa-for-south-african-citizens,500,0.1333,0.8667,0,0,0.0,,no,no,MERGE_301,/fr/visa-turkey,"Contenu tres proche du groupe (unicite 13.3%), 0 impression"
fr,www2/fr/turkey-visa-for-uk-citizens.html,/fr/turkey-visa-for-uk-citizens,turkey,uk,yes,https://www.evisa-card.com/fr/turkey-visa-for-uk-citizens,359,0.0525,0.9475,0,0,0.0,,no,no,MERGE_301,/fr/visa-turkey,"Contenu quasi identique au groupe (unicite 5.2%), aucune regle propre, 0 impressions"
fr,www2/fr/uae-visa-for-argentinian-citizens.html,/fr/uae-visa-for-argentinian-citizens,uae,argentinian,yes,https://www.evisa-card.com/fr/uae-visa-for-argentinian-citizens,423,0.1482,0.8518,0,0,0.0,,no,no,MERGE_301,/fr/visa-uae,"Contenu tres proche du groupe (unicite 14.8%), 0 impression"
fr,www2/fr/uae-visa-for-australian-citizens.html,/fr/uae-visa-for-australian-citizens,uae,australian,yes,https://www.evisa-card.com/fr/uae-visa-for-australian-citizens,423,0.1482,0.8518,0,0,0.0,,no,no,MERGE_301,/fr/visa-uae,"Contenu tres proche du groupe (unicite 14.8%), 0 impression"
fr,www2/fr/uae-visa-for-german-citizens.html,/fr/uae-visa-for-german-citizens,uae,german,yes,https://www.evisa-card.com/fr/uae-visa-for-german-citizens,423,0.15,0.85,0,0,0.0,,no,no,MERGE_301,/fr/visa-uae,"Contenu tres proche du groupe (unicite 15.0%), 0 impression"
fr,www2/fr/uae-visa-for-japanese-citizens.html,/fr/uae-visa-for-japanese-citizens,uae,japanese,yes,https://www.evisa-card.com/fr/uae-visa-for-japanese-citizens,423,0.1482,0.8518,0,0,0.0,,no,no,MERGE_301,/fr/visa-uae,"Contenu tres proche du groupe (unicite 14.8%), 0 impression"
fr,www2/fr/uae-visa-for-mexican-citizens.html,/fr/uae-visa-for-mexican-citizens,uae,mexican,yes,https://www.evisa-card.com/fr/uae-visa-for-mexican-citizens,423,0.1482,0.8518,0,0,0.0,,no,no,MERGE_301,/fr/visa-uae,"Contenu tres proche du groupe (unicite 14.8%), 0 impression"
fr,www2/fr/uae-visa-for-russian-citizens.html,/fr/uae-visa-for-russian-citizens,uae,russian,yes,https://www.evisa-card.com/fr/uae-visa-for-russian-citizens,423,0.1482,0.8518,0,0,0.0,,no,no,MERGE_301,/fr/visa-uae,"Contenu tres proche du groupe (unicite 14.8%), 0 impression"
fr,www2/fr/uae-visa-for-singaporean-citizens.html,/fr/uae-visa-for-singaporean-citizens,uae,singaporean,yes,https://www.evisa-card.com/fr/uae-visa-for-singaporean-citizens,423,0.1482,0.8518,0,0,0.0,,no,no,MERGE_301,/fr/visa-uae,"Contenu tres proche du groupe (unicite 14.8%), 0 impression"
fr,www2/fr/uae-visa-for-uk-citizens.html,/fr/uae-visa-for-uk-citizens,uae,uk,yes,https://www.evisa-card.com/fr/uae-visa-for-uk-citizens,423,0.1485,0.8515,0,0,0.0,,no,no,MERGE_301,/fr/visa-uae,"Contenu tres proche du groupe (unicite 14.8%), 0 impression"
fr,www2/fr/vietnam-visa-for-argentinian-citizens.html,/fr/vietnam-visa-for-argentinian-citizens,vietnam,argentinian,yes,https://www.evisa-card.com/fr/vietnam-visa-for-argentinian-citizens,587,0.1429,0.8571,0,0,0.0,,no,no,MERGE_301,/fr/visa-vietnam,"Contenu tres proche du groupe (unicite 14.3%), 0 impression"
fr,www2/fr/vietnam-visa-for-australian-citizens.html,/fr/vietnam-visa-for-australian-citizens,vietnam,australian,yes,https://www.evisa-card.com/fr/vietnam-visa-for-australian-citizens,587,0.1402,0.8598,0,0,0.0,,no,no,MERGE_301,/fr/visa-vietnam,"Contenu tres proche du groupe (unicite 14.0%), 0 impression"
fr,www2/fr/vietnam-visa-for-brazilian-citizens.html,/fr/vietnam-visa-for-brazilian-citizens,vietnam,brazilian,yes,https://www.evisa-card.com/fr/vietnam-visa-for-brazilian-citizens,588,0.1495,0.8505,0,0,0.0,,no,no,MERGE_301,/fr/visa-vietnam,"Contenu tres proche du groupe (unicite 14.9%), 0 impression"
fr,www2/fr/vietnam-visa-for-canadian-citizens.html,/fr/vietnam-visa-for-canadian-citizens,vietnam,canadian,yes,https://www.evisa-card.com/fr/vietnam-visa-for-canadian-citizens,587,0.1402,0.8598,0,0,0.0,,no,no,MERGE_301,/fr/visa-vietnam,"Contenu tres proche du groupe (unicite 14.0%), 0 impression"
fr,www2/fr/vietnam-visa-for-chinese-citizens.html,/fr/vietnam-visa-for-chinese-citizens,vietnam,chinese,yes,https://www.evisa-card.com/fr/vietnam-visa-for-chinese-citizens,585,0.1404,0.8596,0,0,0.0,,no,no,MERGE_301,/fr/visa-vietnam,"Contenu tres proche du groupe (unicite 14.0%), 0 impression"
fr,www2/fr/vietnam-visa-for-indian-citizens.html,/fr/vietnam-visa-for-indian-citizens,vietnam,indian,yes,https://www.evisa-card.com/fr/vietnam-visa-for-indian-citizens,586,0.1417,0.8583,0,0,0.0,,no,no,MERGE_301,/fr/visa-vietnam,"Contenu tres proche du groupe (unicite 14.2%), 0 impression"
fr,www2/fr/vietnam-visa-for-indonesian-citizens.html,/fr/vietnam-visa-for-indonesian-citizens,vietnam,indonesian,yes,https://www.evisa-card.com/fr/vietnam-visa-for-indonesian-citizens,588,0.1492,0.8508,0,0,0.0,,no,no,MERGE_301,/fr/visa-vietnam,"Contenu tres proche du groupe (unicite 14.9%), 0 impression"
fr,www2/fr/vietnam-visa-for-mexican-citizens.html,/fr/vietnam-visa-for-mexican-citizens,vietnam,mexican,yes,https://www.evisa-card.com/fr/vietnam-visa-for-mexican-citizens,589,0.14,0.86,0,0,0.0,,no,no,MERGE_301,/fr/visa-vietnam,"Contenu tres proche du groupe (unicite 14.0%), 0 impression"
fr,www2/fr/vietnam-visa-for-nigerian-citizens.html,/fr/vietnam-visa-for-nigerian-citizens,vietnam,nigerian,yes,https://www.evisa-card.com/fr/vietnam-visa-for-nigerian-citizens,588,0.1492,0.8508,0,0,0.0,,no,no,MERGE_301,/fr/visa-vietnam,"Contenu tres proche du groupe (unicite 14.9%), 0 impression"
fr,www2/fr/vietnam-visa-for-philippine-citizens.html,/fr/vietnam-visa-for-philippine-citizens,vietnam,philippine,yes,https://www.evisa-card.com/fr/vietnam-visa-for-philippine-citizens,585,0.1406,0.8594,0,0,0.0,,no,no,MERGE_301,/fr/visa-vietnam,"Contenu tres proche du groupe (unicite 14.1%), 0 impression"
fr,www2/fr/vietnam-visa-for-russian-citizens.html,/fr/vietnam-visa-for-russian-citizens,vietnam,russian,yes,https://www.evisa-card.com/fr/vietnam-visa-for-russian-citizens,586,0.1404,0.8596,0,0,0.0,,no,no,MERGE_301,/fr/visa-vietnam,"Contenu tres proche du groupe (unicite 14.0%), 0 impression"
fr,www2/fr/vietnam-visa-for-south-african-citizens.html,/fr/vietnam-visa-for-south-african-citizens,vietnam,south-african,yes,https://www.evisa-card.com/fr/vietnam-visa-for-south-african-citizens,588,0.1495,0.8505,0,0,0.0,,no,no,MERGE_301,/fr/visa-vietnam,"Contenu tres proche du groupe (unicite 14.9%), 0 impression"
fr,www2/fr/vietnam-visa-for-turkish-citizens.html,/fr/vietnam-visa-for-turkish-citizens,vietnam,turkish,yes,https://www.evisa-card.com/fr/vietnam-visa-for-turkish-citizens,585,0.1404,0.8596,0,0,0.0,,no,no,MERGE_301,/fr/visa-vietnam,"Contenu tres proche du groupe (unicite 14.0%), 0 impression"
es,www2/es/cambodia-visa-for-argentinian-citizens.html,/es/cambodia-visa-for-argentinian-citizens,cambodia,argentinian,yes,https://www.evisa-card.com/es/cambodia-visa-for-argentinian-citizens,456,0.1137,0.8863,0,0,0.0,,no,no,MERGE_301,/es/visa-cambodia,"Contenu tres proche du groupe (unicite 11.4%), 0 impression"
es,www2/es/cambodia-visa-for-australian-citizens.html,/es/cambodia-visa-for-australian-citizens,cambodia,australian,yes,https://www.evisa-card.com/es/cambodia-visa-for-australian-citizens,448,0.1153,0.8847,0,0,0.0,,no,no,MERGE_301,/es/visa-cambodia,"Contenu tres proche du groupe (unicite 11.5%), 0 impression"
es,www2/es/cambodia-visa-for-brazilian-citizens.html,/es/cambodia-visa-for-brazilian-citizens,cambodia,brazilian,yes,https://www.evisa-card.com/es/cambodia-visa-for-brazilian-citizens,456,0.1262,0.8738,0,0,0.0,,no,no,MERGE_301,/es/visa-cambodia,"Contenu tres proche du groupe (unicite 12.6%), 0 impression"
es,www2/es/cambodia-visa-for-canadian-citizens.html,/es/cambodia-visa-for-canadian-citizens,cambodia,canadian,yes,https://www.evisa-card.com/es/cambodia-visa-for-canadian-citizens,455,0.1139,0.8861,0,0,0.0,,no,no,MERGE_301,/es/visa-cambodia,"Contenu tres proche du groupe (unicite 11.4%), 0 impression"
es,www2/es/cambodia-visa-for-chinese-citizens.html,/es/cambodia-visa-for-chinese-citizens,cambodia,chinese,yes,https://www.evisa-card.com/es/cambodia-visa-for-chinese-citizens,464,0.1122,0.8878,0,0,0.0,,no,no,MERGE_301,/es/visa-cambodia,"Contenu tres proche du groupe (unicite 11.2%), 0 impression"
es,www2/es/cambodia-visa-for-french-citizens.html,/es/cambodia-visa-for-french-citizens,cambodia,french,yes,https://www.evisa-card.com/es/cambodia-visa-for-french-citizens,455,0.1157,0.8843,0,0,0.0,,no,no,MERGE_301,/es/visa-cambodia,"Contenu tres proche du groupe (unicite 11.6%), 0 impression"
es,www2/es/cambodia-visa-for-german-citizens.html,/es/cambodia-visa-for-german-citizens,cambodia,german,yes,https://www.evisa-card.com/es/cambodia-visa-for-german-citizens,456,0.1137,0.8863,0,0,0.0,,no,no,MERGE_301,/es/visa-cambodia,"Contenu tres proche du groupe (unicite 11.4%), 0 impression"
es,www2/es/cambodia-visa-for-indian-citizens.html,/es/cambodia-visa-for-indian-citizens,cambodia,indian,yes,https://www.evisa-card.com/es/cambodia-visa-for-indian-citizens,443,0.1118,0.8882,0,0,0.0,,no,no,MERGE_301,/es/visa-cambodia,"Contenu tres proche du groupe (unicite 11.2%), 0 impression"
es,www2/es/cambodia-visa-for-japanese-citizens.html,/es/cambodia-visa-for-japanese-citizens,cambodia,japanese,yes,https://www.evisa-card.com/es/cambodia-visa-for-japanese-citizens,455,0.1139,0.8861,0,0,0.0,,no,no,MERGE_301,/es/visa-cambodia,"Contenu tres proche du groupe (unicite 11.4%), 0 impression"
es,www2/es/cambodia-visa-for-korean-citizens.html,/es/cambodia-visa-for-korean-citizens,cambodia,korean,yes,https://www.evisa-card.com/es/cambodia-visa-for-korean-citizens,455,0.1157,0.8843,0,0,0.0,,no,no,MERGE_301,/es/visa-cambodia,"Contenu tres proche du groupe (unicite 11.6%), 0 impression"
es,www2/es/cambodia-visa-for-mexican-citizens.html,/es/cambodia-visa-for-mexican-citizens,cambodia,mexican,yes,https://www.evisa-card.com/es/cambodia-visa-for-mexican-citizens,456,0.1176,0.8824,0,0,0.0,,no,no,MERGE_301,/es/visa-cambodia,"Contenu tres proche du groupe (unicite 11.8%), 0 impression"
es,www2/es/cambodia-visa-for-nigerian-citizens.html,/es/cambodia-visa-for-nigerian-citizens,cambodia,nigerian,yes,https://www.evisa-card.com/es/cambodia-visa-for-nigerian-citizens,464,0.1185,0.8815,0,0,0.0,,no,no,MERGE_301,/es/visa-cambodia,"Contenu tres proche du groupe (unicite 11.8%), 0 impression"
es,www2/es/cambodia-visa-for-russian-citizens.html,/es/cambodia-visa-for-russian-citizens,cambodia,russian,yes,https://www.evisa-card.com/es/cambodia-visa-for-russian-citizens,455,0.1139,0.8861,0,0,0.0,,no,no,MERGE_301,/es/visa-cambodia,"Contenu tres proche du groupe (unicite 11.4%), 0 impression"
es,www2/es/cambodia-visa-for-south-african-citizens.html,/es/cambodia-visa-for-south-african-citizens,cambodia,south-african,yes,https://www.evisa-card.com/es/cambodia-visa-for-south-african-citizens,449,0.1168,0.8832,0,0,0.0,,no,no,MERGE_301,/es/visa-cambodia,"Contenu tres proche du groupe (unicite 11.7%), 0 impression"
es,www2/es/cambodia-visa-for-turkish-citizens.html,/es/cambodia-visa-for-turkish-citizens,cambodia,turkish,yes,https://www.evisa-card.com/es/cambodia-visa-for-turkish-citizens,456,0.1137,0.8863,0,0,0.0,,no,no,MERGE_301,/es/visa-cambodia,"Contenu tres proche du groupe (unicite 11.4%), 0 impression"
es,www2/es/cambodia-visa-for-uk-citizens.html,/es/cambodia-visa-for-uk-citizens,cambodia,uk,yes,https://www.evisa-card.com/es/cambodia-visa-for-uk-citizens,465,0.1267,0.8733,0,0,0.0,,no,no,MERGE_301,/es/visa-cambodia,"Contenu tres proche du groupe (unicite 12.7%), 0 impression"
es,www2/es/cambodia-visa-for-us-citizens.html,/es/cambodia-visa-for-us-citizens,cambodia,us,yes,https://www.evisa-card.com/es/cambodia-visa-for-us-citizens,456,0.1194,0.8806,0,0,0.0,,no,no,MERGE_301,/es/visa-cambodia,"Contenu tres proche du groupe (unicite 11.9%), 0 impression"
es,www2/es/india-visa-for-argentinian-citizens.html,/es/india-visa-for-argentinian-citizens,india,argentinian,yes,https://www.evisa-card.com/es/india-visa-for-argentinian-citizens,523,0.0104,0.9896,0,0,0.0,,no,no,MERGE_301,/es/visa-india,"Contenu quasi identique au groupe (unicite 1.0%), aucune regle propre, 0 impressions"
es,www2/es/india-visa-for-australian-citizens.html,/es/india-visa-for-australian-citizens,india,australian,yes,https://www.evisa-card.com/es/india-visa-for-australian-citizens,521,0.0035,0.9965,0,0,0.0,,no,no,MERGE_301,/es/visa-india,"Contenu quasi identique au groupe (unicite 0.4%), aucune regle propre, 0 impressions"
es,www2/es/india-visa-for-brazilian-citizens.html,/es/india-visa-for-brazilian-citizens,india,brazilian,yes,https://www.evisa-card.com/es/india-visa-for-brazilian-citizens,521,0.0104,0.9896,0,0,0.0,,no,no,MERGE_301,/es/visa-india,"Contenu quasi identique au groupe (unicite 1.0%), aucune regle propre, 0 impressions"
es,www2/es/india-visa-for-canadian-citizens.html,/es/india-visa-for-canadian-citizens,india,canadian,yes,https://www.evisa-card.com/es/india-visa-for-canadian-citizens,521,0.0105,0.9895,0,0,0.0,,no,no,MERGE_301,/es/visa-india,"Contenu quasi identique au groupe (unicite 1.1%), aucune regle propre, 0 impressions"
es,www2/es/india-visa-for-chinese-citizens.html,/es/india-visa-for-chinese-citizens,india,chinese,yes,https://www.evisa-card.com/es/india-visa-for-chinese-citizens,523,0.0121,0.9879,0,0,0.0,,no,no,MERGE_301,/es/visa-india,"Contenu quasi identique au groupe (unicite 1.2%), aucune regle propre, 0 impressions"
es,www2/es/india-visa-for-french-citizens.html,/es/india-visa-for-french-citizens,india,french,yes,https://www.evisa-card.com/es/india-visa-for-french-citizens,523,0.0121,0.9879,0,0,0.0,,no,no,MERGE_301,/es/visa-india,"Contenu quasi identique au groupe (unicite 1.2%), aucune regle propre, 0 impressions"
es,www2/es/india-visa-for-german-citizens.html,/es/india-visa-for-german-citizens,india,german,yes,https://www.evisa-card.com/es/india-visa-for-german-citizens,521,0.0122,0.9878,0,0,0.0,,no,no,MERGE_301,/es/visa-india,"Contenu quasi identique au groupe (unicite 1.2%), aucune regle propre, 0 impressions"
es,www2/es/india-visa-for-indonesian-citizens.html,/es/india-visa-for-indonesian-citizens,india,indonesian,yes,https://www.evisa-card.com/es/india-visa-for-indonesian-citizens,523,0.0104,0.9896,0,0,0.0,,no,no,MERGE_301,/es/visa-india,"Contenu quasi identique au groupe (unicite 1.0%), aucune regle propre, 0 impressions"
es,www2/es/india-visa-for-japanese-citizens.html,/es/india-visa-for-japanese-citizens,india,japanese,yes,https://www.evisa-card.com/es/india-visa-for-japanese-citizens,522,0.0087,0.9913,0,0,0.0,,no,no,MERGE_301,/es/visa-india,"Contenu quasi identique au groupe (unicite 0.9%), aucune regle propre, 0 impressions"
es,www2/es/india-visa-for-korean-citizens.html,/es/india-visa-for-korean-citizens,india,korean,yes,https://www.evisa-card.com/es/india-visa-for-korean-citizens,521,0.0122,0.9878,0,0,0.0,,no,no,MERGE_301,/es/visa-india,"Contenu quasi identique au groupe (unicite 1.2%), aucune regle propre, 0 impressions"
es,www2/es/india-visa-for-mexican-citizens.html,/es/india-visa-for-mexican-citizens,india,mexican,yes,https://www.evisa-card.com/es/india-visa-for-mexican-citizens,521,0.0017,0.9983,0,0,0.0,,no,no,MERGE_301,/es/visa-india,"Contenu quasi identique au groupe (unicite 0.2%), aucune regle propre, 0 impressions"
es,www2/es/india-visa-for-nigerian-citizens.html,/es/india-visa-for-nigerian-citizens,india,nigerian,yes,https://www.evisa-card.com/es/india-visa-for-nigerian-citizens,522,0.0035,0.9965,0,0,0.0,,no,no,MERGE_301,/es/visa-india,"Contenu quasi identique au groupe (unicite 0.4%), aucune regle propre, 0 impressions"
es,www2/es/india-visa-for-philippine-citizens.html,/es/india-visa-for-philippine-citizens,india,philippine,yes,https://www.evisa-card.com/es/india-visa-for-philippine-citizens,521,0.0105,0.9895,0,0,0.0,,no,no,MERGE_301,/es/visa-india,"Contenu quasi identique au groupe (unicite 1.1%), aucune regle propre, 0 impressions"
es,www2/es/india-visa-for-russian-citizens.html,/es/india-visa-for-russian-citizens,india,russian,yes,https://www.evisa-card.com/es/india-visa-for-russian-citizens,522,0.0122,0.9878,0,0,0.0,,no,no,MERGE_301,/es/visa-india,"Contenu quasi identique au groupe (unicite 1.2%), aucune regle propre, 0 impressions"
es,www2/es/india-visa-for-singaporean-citizens.html,/es/india-visa-for-singaporean-citizens,india,singaporean,yes,https://www.evisa-card.com/es/india-visa-for-singaporean-citizens,528,0.012,0.988,0,0,0.0,,no,no,MERGE_301,/es/visa-india,"Contenu quasi identique au groupe (unicite 1.2%), aucune regle propre, 0 impressions"
es,www2/es/india-visa-for-south-african-citizens.html,/es/india-visa-for-south-african-citizens,india,south-african,yes,https://www.evisa-card.com/es/india-visa-for-south-african-citizens,523,0.0121,0.9879,0,0,0.0,,no,no,MERGE_301,/es/visa-india,"Contenu quasi identique au groupe (unicite 1.2%), aucune regle propre, 0 impressions"
es,www2/es/india-visa-for-turkish-citizens.html,/es/india-visa-for-turkish-citizens,india,turkish,yes,https://www.evisa-card.com/es/india-visa-for-turkish-citizens,523,0.0121,0.9879,0,0,0.0,,no,no,MERGE_301,/es/visa-india,"Contenu quasi identique au groupe (unicite 1.2%), aucune regle propre, 0 impressions"
es,www2/es/india-visa-for-uk-citizens.html,/es/india-visa-for-uk-citizens,india,uk,yes,https://www.evisa-card.com/es/india-visa-for-uk-citizens,530,0.0189,0.9811,0,0,0.0,,no,no,MERGE_301,/es/visa-india,"Contenu quasi identique au groupe (unicite 1.9%), aucune regle propre, 0 impressions"
es,www2/es/india-visa-for-us-citizens.html,/es/india-visa-for-us-citizens,india,us,yes,https://www.evisa-card.com/es/india-visa-for-us-citizens,524,0.0242,0.9758,0,0,0.0,,no,no,MERGE_301,/es/visa-india,"Contenu quasi identique au groupe (unicite 2.4%), aucune regle propre, 0 impressions"
es,www2/es/indonesia-visa-for-argentinian-citizens.html,/es/indonesia-visa-for-argentinian-citizens,indonesia,argentinian,yes,https://www.evisa-card.com/es/indonesia-visa-for-argentinian-citizens,332,0.1433,0.8567,0,0,0.0,,no,no,MERGE_301,/es/visa-indonesia,"Contenu tres proche du groupe (unicite 14.3%), 0 impression"
es,www2/es/indonesia-visa-for-australian-citizens.html,/es/indonesia-visa-for-australian-citizens,indonesia,australian,yes,https://www.evisa-card.com/es/indonesia-visa-for-australian-citizens,341,0.1425,0.8575,0,0,0.0,,no,no,MERGE_301,/es/visa-indonesia,"Contenu tres proche du groupe (unicite 14.2%), 0 impression"
es,www2/es/indonesia-visa-for-canadian-citizens.html,/es/indonesia-visa-for-canadian-citizens,indonesia,canadian,yes,https://www.evisa-card.com/es/indonesia-visa-for-canadian-citizens,340,0.1429,0.8571,0,0,0.0,,no,no,MERGE_301,/es/visa-indonesia,"Contenu tres proche du groupe (unicite 14.3%), 0 impression"
es,www2/es/indonesia-visa-for-indian-citizens.html,/es/indonesia-visa-for-indian-citizens,indonesia,indian,yes,https://www.evisa-card.com/es/indonesia-visa-for-indian-citizens,338,0.1178,0.8822,0,0,0.0,,no,no,MERGE_301,/es/visa-indonesia,"Contenu tres proche du groupe (unicite 11.8%), 0 impression"
es,www2/es/indonesia-visa-for-japanese-citizens.html,/es/indonesia-visa-for-japanese-citizens,indonesia,japanese,yes,https://www.evisa-card.com/es/indonesia-visa-for-japanese-citizens,340,0.1405,0.8595,0,0,0.0,,no,no,MERGE_301,/es/visa-indonesia,"Contenu tres proche du groupe (unicite 14.1%), 0 impression"
es,www2/es/indonesia-visa-for-mexican-citizens.html,/es/indonesia-visa-for-mexican-citizens,indonesia,mexican,yes,https://www.evisa-card.com/es/indonesia-visa-for-mexican-citizens,339,0.1409,0.8591,0,0,0.0,,no,no,MERGE_301,/es/visa-indonesia,"Contenu tres proche du groupe (unicite 14.1%), 0 impression"
es,www2/es/indonesia-visa-for-us-citizens.html,/es/indonesia-visa-for-us-citizens,indonesia,us,yes,https://www.evisa-card.com/es/indonesia-visa-for-us-citizens,339,0.1432,0.8568,0,0,0.0,,no,no,MERGE_301,/es/visa-indonesia,"Contenu tres proche du groupe (unicite 14.3%), 0 impression"
es,www2/es/jordan-visa-for-argentinian-citizens.html,/es/jordan-visa-for-argentinian-citizens,jordan,argentinian,yes,https://www.evisa-card.com/es/jordan-visa-for-argentinian-citizens,458,0.0123,0.9877,0,0,0.0,,no,no,MERGE_301,/es/visa-jordan,"Contenu quasi identique au groupe (unicite 1.2%), aucune regle propre, 0 impressions"
es,www2/es/jordan-visa-for-australian-citizens.html,/es/jordan-visa-for-australian-citizens,jordan,australian,yes,https://www.evisa-card.com/es/jordan-visa-for-australian-citizens,459,0.0123,0.9877,0,0,0.0,,no,no,MERGE_301,/es/visa-jordan,"Contenu quasi identique au groupe (unicite 1.2%), aucune regle propre, 0 impressions"
es,www2/es/jordan-visa-for-brazilian-citizens.html,/es/jordan-visa-for-brazilian-citizens,jordan,brazilian,yes,https://www.evisa-card.com/es/jordan-visa-for-brazilian-citizens,601,0.1003,0.8997,0,0,0.0,,no,no,MERGE_301,/es/visa-jordan,"Contenu tres proche du groupe (unicite 10.0%), 0 impression"
es,www2/es/jordan-visa-for-canadian-citizens.html,/es/jordan-visa-for-canadian-citizens,jordan,canadian,yes,https://www.evisa-card.com/es/jordan-visa-for-canadian-citizens,458,0.0123,0.9877,0,0,0.0,,no,no,MERGE_301,/es/visa-jordan,"Contenu quasi identique au groupe (unicite 1.2%), aucune regle propre, 0 impressions"
es,www2/es/jordan-visa-for-french-citizens.html,/es/jordan-visa-for-french-citizens,jordan,french,yes,https://www.evisa-card.com/es/jordan-visa-for-french-citizens,458,0.0123,0.9877,0,0,0.0,,no,no,MERGE_301,/es/visa-jordan,"Contenu quasi identique au groupe (unicite 1.2%), aucune regle propre, 0 impressions"
es,www2/es/jordan-visa-for-german-citizens.html,/es/jordan-visa-for-german-citizens,jordan,german,yes,https://www.evisa-card.com/es/jordan-visa-for-german-citizens,602,0.0888,0.9112,0,0,0.0,,no,no,MERGE_301,/es/visa-jordan,"Contenu quasi identique au groupe (unicite 8.9%), aucune regle propre, 0 impressions"
es,www2/es/jordan-visa-for-indonesian-citizens.html,/es/jordan-visa-for-indonesian-citizens,jordan,indonesian,yes,https://www.evisa-card.com/es/jordan-visa-for-indonesian-citizens,458,0.0123,0.9877,0,0,0.0,,no,no,MERGE_301,/es/visa-jordan,"Contenu quasi identique au groupe (unicite 1.2%), aucune regle propre, 0 impressions"
es,www2/es/jordan-visa-for-japanese-citizens.html,/es/jordan-visa-for-japanese-citizens,jordan,japanese,yes,https://www.evisa-card.com/es/jordan-visa-for-japanese-citizens,458,0.0123,0.9877,0,0,0.0,,no,no,MERGE_301,/es/visa-jordan,"Contenu quasi identique au groupe (unicite 1.2%), aucune regle propre, 0 impressions"
es,www2/es/jordan-visa-for-korean-citizens.html,/es/jordan-visa-for-korean-citizens,jordan,korean,yes,https://www.evisa-card.com/es/jordan-visa-for-korean-citizens,463,0.0163,0.9837,0,0,0.0,,no,no,MERGE_301,/es/visa-jordan,"Contenu quasi identique au groupe (unicite 1.6%), aucune regle propre, 0 impressions"
es,www2/es/jordan-visa-for-mexican-citizens.html,/es/jordan-visa-for-mexican-citizens,jordan,mexican,yes,https://www.evisa-card.com/es/jordan-visa-for-mexican-citizens,458,0.0123,0.9877,0,0,0.0,,no,no,MERGE_301,/es/visa-jordan,"Contenu quasi identique au groupe (unicite 1.2%), aucune regle propre, 0 impressions"
es,www2/es/jordan-visa-for-philippine-citizens.html,/es/jordan-visa-for-philippine-citizens,jordan,philippine,yes,https://www.evisa-card.com/es/jordan-visa-for-philippine-citizens,458,0.0123,0.9877,0,0,0.0,,no,no,MERGE_301,/es/visa-jordan,"Contenu quasi identique au groupe (unicite 1.2%), aucune regle propre, 0 impressions"
es,www2/es/jordan-visa-for-russian-citizens.html,/es/jordan-visa-for-russian-citizens,jordan,russian,yes,https://www.evisa-card.com/es/jordan-visa-for-russian-citizens,458,0.0123,0.9877,0,0,0.0,,no,no,MERGE_301,/es/visa-jordan,"Contenu quasi identique au groupe (unicite 1.2%), aucune regle propre, 0 impressions"
es,www2/es/jordan-visa-for-singaporean-citizens.html,/es/jordan-visa-for-singaporean-citizens,jordan,singaporean,yes,https://www.evisa-card.com/es/jordan-visa-for-singaporean-citizens,463,0.0122,0.9878,0,0,0.0,,no,no,MERGE_301,/es/visa-jordan,"Contenu quasi identique au groupe (unicite 1.2%), aucune regle propre, 0 impressions"
es,www2/es/jordan-visa-for-south-african-citizens.html,/es/jordan-visa-for-south-african-citizens,jordan,south-african,yes,https://www.evisa-card.com/es/jordan-visa-for-south-african-citizens,600,0.0919,0.9081,0,0,0.0,,no,no,MERGE_301,/es/visa-jordan,"Contenu quasi identique au groupe (unicite 9.2%), aucune regle propre, 0 impressions"
es,www2/es/jordan-visa-for-turkish-citizens.html,/es/jordan-visa-for-turkish-citizens,jordan,turkish,yes,https://www.evisa-card.com/es/jordan-visa-for-turkish-citizens,459,0.0123,0.9877,0,0,0.0,,no,no,MERGE_301,/es/visa-jordan,"Contenu quasi identique au groupe (unicite 1.2%), aucune regle propre, 0 impressions"
es,www2/es/jordan-visa-for-uk-citizens.html,/es/jordan-visa-for-uk-citizens,jordan,uk,yes,https://www.evisa-card.com/es/jordan-visa-for-uk-citizens,458,0.0244,0.9756,0,0,0.0,,no,no,MERGE_301,/es/visa-jordan,"Contenu quasi identique au groupe (unicite 2.4%), aucune regle propre, 0 impressions"
es,www2/es/jordan-visa-for-us-citizens.html,/es/jordan-visa-for-us-citizens,jordan,us,yes,https://www.evisa-card.com/es/jordan-visa-for-us-citizens,458,0.0144,0.9856,0,0,0.0,,no,no,MERGE_301,/es/visa-jordan,"Contenu quasi identique au groupe (unicite 1.4%), aucune regle propre, 0 impressions"
es,www2/es/maldives-visa-for-argentinian-citizens.html,/es/maldives-visa-for-argentinian-citizens,maldives,argentinian,yes,https://www.evisa-card.com/es/maldives-visa-for-argentinian-citizens,413,0.0179,0.9821,0,0,0.0,,no,no,MERGE_301,/es/visa-maldives,"Contenu quasi identique au groupe (unicite 1.8%), aucune regle propre, 0 impressions"
es,www2/es/maldives-visa-for-australian-citizens.html,/es/maldives-visa-for-australian-citizens,maldives,australian,yes,https://www.evisa-card.com/es/maldives-visa-for-australian-citizens,413,0.0157,0.9843,0,0,0.0,,no,no,MERGE_301,/es/visa-maldives,"Contenu quasi identique au groupe (unicite 1.6%), aucune regle propre, 0 impressions"
es,www2/es/maldives-visa-for-brazilian-citizens.html,/es/maldives-visa-for-brazilian-citizens,maldives,brazilian,yes,https://www.evisa-card.com/es/maldives-visa-for-brazilian-citizens,413,0.0331,0.9669,0,0,0.0,,no,no,MERGE_301,/es/visa-maldives,"Contenu quasi identique au groupe (unicite 3.3%), aucune regle propre, 0 impressions"
es,www2/es/maldives-visa-for-canadian-citizens.html,/es/maldives-visa-for-canadian-citizens,maldives,canadian,yes,https://www.evisa-card.com/es/maldives-visa-for-canadian-citizens,413,0.0179,0.9821,0,0,0.0,,no,no,MERGE_301,/es/visa-maldives,"Contenu quasi identique au groupe (unicite 1.8%), aucune regle propre, 0 impressions"
es,www2/es/maldives-visa-for-chinese-citizens.html,/es/maldives-visa-for-chinese-citizens,maldives,chinese,yes,https://www.evisa-card.com/es/maldives-visa-for-chinese-citizens,413,0.0157,0.9843,0,0,0.0,,no,no,MERGE_301,/es/visa-maldives,"Contenu quasi identique au groupe (unicite 1.6%), aucune regle propre, 0 impressions"
es,www2/es/maldives-visa-for-french-citizens.html,/es/maldives-visa-for-french-citizens,maldives,french,yes,https://www.evisa-card.com/es/maldives-visa-for-french-citizens,413,0.0157,0.9843,0,0,0.0,,no,no,MERGE_301,/es/visa-maldives,"Contenu quasi identique au groupe (unicite 1.6%), aucune regle propre, 0 impressions"
es,www2/es/maldives-visa-for-german-citizens.html,/es/maldives-visa-for-german-citizens,maldives,german,yes,https://www.evisa-card.com/es/maldives-visa-for-german-citizens,413,0.0157,0.9843,0,0,0.0,,no,no,MERGE_301,/es/visa-maldives,"Contenu quasi identique au groupe (unicite 1.6%), aucune regle propre, 0 impressions"
es,www2/es/maldives-visa-for-indian-citizens.html,/es/maldives-visa-for-indian-citizens,maldives,indian,yes,https://www.evisa-card.com/es/maldives-visa-for-indian-citizens,413,0.0202,0.9798,0,0,0.0,,no,no,MERGE_301,/es/visa-maldives,"Contenu quasi identique au groupe (unicite 2.0%), aucune regle propre, 0 impressions"
es,www2/es/maldives-visa-for-indonesian-citizens.html,/es/maldives-visa-for-indonesian-citizens,maldives,indonesian,yes,https://www.evisa-card.com/es/maldives-visa-for-indonesian-citizens,413,0.0179,0.9821,0,0,0.0,,no,no,MERGE_301,/es/visa-maldives,"Contenu quasi identique au groupe (unicite 1.8%), aucune regle propre, 0 impressions"
es,www2/es/maldives-visa-for-japanese-citizens.html,/es/maldives-visa-for-japanese-citizens,maldives,japanese,yes,https://www.evisa-card.com/es/maldives-visa-for-japanese-citizens,413,0.0179,0.9821,0,0,0.0,,no,no,MERGE_301,/es/visa-maldives,"Contenu quasi identique au groupe (unicite 1.8%), aucune regle propre, 0 impressions"
es,www2/es/maldives-visa-for-korean-citizens.html,/es/maldives-visa-for-korean-citizens,maldives,korean,yes,https://www.evisa-card.com/es/maldives-visa-for-korean-citizens,416,0.02,0.98,0,0,0.0,,no,no,MERGE_301,/es/visa-maldives,"Contenu quasi identique au groupe (unicite 2.0%), aucune regle propre, 0 impressions"
es,www2/es/maldives-visa-for-mexican-citizens.html,/es/maldives-visa-for-mexican-citizens,maldives,mexican,yes,https://www.evisa-card.com/es/maldives-visa-for-mexican-citizens,413,0.0157,0.9843,0,0,0.0,,no,no,MERGE_301,/es/visa-maldives,"Contenu quasi identique au groupe (unicite 1.6%), aucune regle propre, 0 impressions"
es,www2/es/maldives-visa-for-nigerian-citizens.html,/es/maldives-visa-for-nigerian-citizens,maldives,nigerian,yes,https://www.evisa-card.com/es/maldives-visa-for-nigerian-citizens,414,0.0179,0.9821,0,0,0.0,,no,no,MERGE_301,/es/visa-maldives,"Contenu quasi identique au groupe (unicite 1.8%), aucune regle propre, 0 impressions"
es,www2/es/maldives-visa-for-philippine-citizens.html,/es/maldives-visa-for-philippine-citizens,maldives,philippine,yes,https://www.evisa-card.com/es/maldives-visa-for-philippine-citizens,413,0.0179,0.9821,0,0,0.0,,no,no,MERGE_301,/es/visa-maldives,"Contenu quasi identique au groupe (unicite 1.8%), aucune regle propre, 0 impressions"
es,www2/es/maldives-visa-for-russian-citizens.html,/es/maldives-visa-for-russian-citizens,maldives,russian,yes,https://www.evisa-card.com/es/maldives-visa-for-russian-citizens,413,0.0179,0.9821,0,0,0.0,,no,no,MERGE_301,/es/visa-maldives,"Contenu quasi identique au groupe (unicite 1.8%), aucune regle propre, 0 impressions"
es,www2/es/maldives-visa-for-singaporean-citizens.html,/es/maldives-visa-for-singaporean-citizens,maldives,singaporean,yes,https://www.evisa-card.com/es/maldives-visa-for-singaporean-citizens,420,0.0177,0.9823,0,0,0.0,,no,no,MERGE_301,/es/visa-maldives,"Contenu quasi identique au groupe (unicite 1.8%), aucune regle propre, 0 impressions"
es,www2/es/maldives-visa-for-turkish-citizens.html,/es/maldives-visa-for-turkish-citizens,maldives,turkish,yes,https://www.evisa-card.com/es/maldives-visa-for-turkish-citizens,413,0.0179,0.9821,0,0,0.0,,no,no,MERGE_301,/es/visa-maldives,"Contenu quasi identique au groupe (unicite 1.8%), aucune regle propre, 0 impressions"
es,www2/es/maldives-visa-for-uk-citizens.html,/es/maldives-visa-for-uk-citizens,maldives,uk,yes,https://www.evisa-card.com/es/maldives-visa-for-uk-citizens,423,0.0328,0.9672,0,0,0.0,,no,no,MERGE_301,/es/visa-maldives,"Contenu quasi identique au groupe (unicite 3.3%), aucune regle propre, 0 impressions"
es,www2/es/maldives-visa-for-us-citizens.html,/es/maldives-visa-for-us-citizens,maldives,us,yes,https://www.evisa-card.com/es/maldives-visa-for-us-citizens,415,0.0201,0.9799,0,0,0.0,,no,no,MERGE_301,/es/visa-maldives,"Contenu quasi identique au groupe (unicite 2.0%), aucune regle propre, 0 impressions"
es,www2/es/nepal-visa-for-argentinian-citizens.html,/es/nepal-visa-for-argentinian-citizens,nepal,argentinian,yes,https://www.evisa-card.com/es/nepal-visa-for-argentinian-citizens,480,0.0139,0.9861,0,0,0.0,,no,no,MERGE_301,/es/visa-nepal,"Contenu quasi identique au groupe (unicite 1.4%), aucune regle propre, 0 impressions"
es,www2/es/nepal-visa-for-australian-citizens.html,/es/nepal-visa-for-australian-citizens,nepal,australian,yes,https://www.evisa-card.com/es/nepal-visa-for-australian-citizens,480,0.0099,0.9901,0,0,0.0,,no,no,MERGE_301,/es/visa-nepal,"Contenu quasi identique au groupe (unicite 1.0%), aucune regle propre, 0 impressions"
es,www2/es/nepal-visa-for-brazilian-citizens.html,/es/nepal-visa-for-brazilian-citizens,nepal,brazilian,yes,https://www.evisa-card.com/es/nepal-visa-for-brazilian-citizens,480,0.0197,0.9803,0,0,0.0,,no,no,MERGE_301,/es/visa-nepal,"Contenu quasi identique au groupe (unicite 2.0%), aucune regle propre, 0 impressions"
es,www2/es/nepal-visa-for-chinese-citizens.html,/es/nepal-visa-for-chinese-citizens,nepal,chinese,yes,https://www.evisa-card.com/es/nepal-visa-for-chinese-citizens,480,0.0119,0.9881,0,0,0.0,,no,no,MERGE_301,/es/visa-nepal,"Contenu quasi identique au groupe (unicite 1.2%), aucune regle propre, 0 impressions"
es,www2/es/nepal-visa-for-french-citizens.html,/es/nepal-visa-for-french-citizens,nepal,french,yes,https://www.evisa-card.com/es/nepal-visa-for-french-citizens,480,0.0119,0.9881,0,0,0.0,,no,no,MERGE_301,/es/visa-nepal,"Contenu quasi identique au groupe (unicite 1.2%), aucune regle propre, 0 impressions"
es,www2/es/nepal-visa-for-german-citizens.html,/es/nepal-visa-for-german-citizens,nepal,german,yes,https://www.evisa-card.com/es/nepal-visa-for-german-citizens,480,0.0119,0.9881,0,0,0.0,,no,no,MERGE_301,/es/visa-nepal,"Contenu quasi identique au groupe (unicite 1.2%), aucune regle propre, 0 impressions"
es,www2/es/nepal-visa-for-indonesian-citizens.html,/es/nepal-visa-for-indonesian-citizens,nepal,indonesian,yes,https://www.evisa-card.com/es/nepal-visa-for-indonesian-citizens,480,0.0119,0.9881,0,0,0.0,,no,no,MERGE_301,/es/visa-nepal,"Contenu quasi identique au groupe (unicite 1.2%), aucune regle propre, 0 impressions"
es,www2/es/nepal-visa-for-korean-citizens.html,/es/nepal-visa-for-korean-citizens,nepal,korean,yes,https://www.evisa-card.com/es/nepal-visa-for-korean-citizens,482,0.0139,0.9861,0,0,0.0,,no,no,MERGE_301,/es/visa-nepal,"Contenu quasi identique au groupe (unicite 1.4%), aucune regle propre, 0 impressions"
es,www2/es/nepal-visa-for-mexican-citizens.html,/es/nepal-visa-for-mexican-citizens,nepal,mexican,yes,https://www.evisa-card.com/es/nepal-visa-for-mexican-citizens,480,0.0099,0.9901,0,0,0.0,,no,no,MERGE_301,/es/visa-nepal,"Contenu quasi identique au groupe (unicite 1.0%), aucune regle propre, 0 impressions"
es,www2/es/nepal-visa-for-nigerian-citizens.html,/es/nepal-visa-for-nigerian-citizens,nepal,nigerian,yes,https://www.evisa-card.com/es/nepal-visa-for-nigerian-citizens,480,0.0099,0.9901,0,0,0.0,,no,no,MERGE_301,/es/visa-nepal,"Contenu quasi identique au groupe (unicite 1.0%), aucune regle propre, 0 impressions"
es,www2/es/nepal-visa-for-russian-citizens.html,/es/nepal-visa-for-russian-citizens,nepal,russian,yes,https://www.evisa-card.com/es/nepal-visa-for-russian-citizens,480,0.0119,0.9881,0,0,0.0,,no,no,MERGE_301,/es/visa-nepal,"Contenu quasi identique au groupe (unicite 1.2%), aucune regle propre, 0 impressions"
es,www2/es/nepal-visa-for-singaporean-citizens.html,/es/nepal-visa-for-singaporean-citizens,nepal,singaporean,yes,https://www.evisa-card.com/es/nepal-visa-for-singaporean-citizens,484,0.0118,0.9882,0,0,0.0,,no,no,MERGE_301,/es/visa-nepal,"Contenu quasi identique au groupe (unicite 1.2%), aucune regle propre, 0 impressions"
es,www2/es/nepal-visa-for-south-african-citizens.html,/es/nepal-visa-for-south-african-citizens,nepal,south-african,yes,https://www.evisa-card.com/es/nepal-visa-for-south-african-citizens,481,0.0139,0.9861,0,0,0.0,,no,no,MERGE_301,/es/visa-nepal,"Contenu quasi identique au groupe (unicite 1.4%), aucune regle propre, 0 impressions"
es,www2/es/nepal-visa-for-turkish-citizens.html,/es/nepal-visa-for-turkish-citizens,nepal,turkish,yes,https://www.evisa-card.com/es/nepal-visa-for-turkish-citizens,480,0.0119,0.9881,0,0,0.0,,no,no,MERGE_301,/es/visa-nepal,"Contenu quasi identique au groupe (unicite 1.2%), aucune regle propre, 0 impressions"
es,www2/es/nepal-visa-for-uk-citizens.html,/es/nepal-visa-for-uk-citizens,nepal,uk,yes,https://www.evisa-card.com/es/nepal-visa-for-uk-citizens,486,0.0234,0.9766,0,0,0.0,,no,no,MERGE_301,/es/visa-nepal,"Contenu quasi identique au groupe (unicite 2.3%), aucune regle propre, 0 impressions"
es,www2/es/nepal-visa-for-us-citizens.html,/es/nepal-visa-for-us-citizens,nepal,us,yes,https://www.evisa-card.com/es/nepal-visa-for-us-citizens,484,0.0099,0.9901,0,0,0.0,,no,no,MERGE_301,/es/visa-nepal,"Contenu quasi identique au groupe (unicite 1.0%), aucune regle propre, 0 impressions"
es,www2/es/singapore-visa-for-singaporean-citizens.html,/es/singapore-visa-for-singaporean-citizens,singapore,singaporean,yes,https://www.evisa-card.com/es/singapore-visa-for-singaporean-citizens,149,0.0839,0.9161,0,0,0.0,,no,no,MERGE_301,/es/visa-singapore,"Contenu quasi identique au groupe (unicite 8.4%), aucune regle propre, 0 impressions"
es,www2/es/sri-lanka-visa-for-argentinian-citizens.html,/es/sri-lanka-visa-for-argentinian-citizens,sri-lanka,argentinian,yes,https://www.evisa-card.com/es/sri-lanka-visa-for-argentinian-citizens,400,0.0098,0.9902,0,0,0.0,,no,no,MERGE_301,/es/visa-sri-lanka,"Contenu quasi identique au groupe (unicite 1.0%), aucune regle propre, 0 impressions"
es,www2/es/sri-lanka-visa-for-australian-citizens.html,/es/sri-lanka-visa-for-australian-citizens,sri-lanka,australian,yes,https://www.evisa-card.com/es/sri-lanka-visa-for-australian-citizens,532,0.1002,0.8998,0,0,0.0,,no,no,MERGE_301,/es/visa-sri-lanka,"Contenu tres proche du groupe (unicite 10.0%), 0 impression"
es,www2/es/sri-lanka-visa-for-brazilian-citizens.html,/es/sri-lanka-visa-for-brazilian-citizens,sri-lanka,brazilian,yes,https://www.evisa-card.com/es/sri-lanka-visa-for-brazilian-citizens,392,0.0269,0.9731,0,0,0.0,,no,no,MERGE_301,/es/visa-sri-lanka,"Contenu quasi identique au groupe (unicite 2.7%), aucune regle propre, 0 impressions"
es,www2/es/sri-lanka-visa-for-canadian-citizens.html,/es/sri-lanka-visa-for-canadian-citizens,sri-lanka,canadian,yes,https://www.evisa-card.com/es/sri-lanka-visa-for-canadian-citizens,529,0.1024,0.8976,0,0,0.0,,no,no,MERGE_301,/es/visa-sri-lanka,"Contenu tres proche du groupe (unicite 10.2%), 0 impression"
es,www2/es/sri-lanka-visa-for-french-citizens.html,/es/sri-lanka-visa-for-french-citizens,sri-lanka,french,yes,https://www.evisa-card.com/es/sri-lanka-visa-for-french-citizens,531,0.1004,0.8996,0,0,0.0,,no,no,MERGE_301,/es/visa-sri-lanka,"Contenu tres proche du groupe (unicite 10.0%), 0 impression"
es,www2/es/sri-lanka-visa-for-german-citizens.html,/es/sri-lanka-visa-for-german-citizens,sri-lanka,german,yes,https://www.evisa-card.com/es/sri-lanka-visa-for-german-citizens,400,0.0098,0.9902,0,0,0.0,,no,no,MERGE_301,/es/visa-sri-lanka,"Contenu quasi identique au groupe (unicite 1.0%), aucune regle propre, 0 impressions"
es,www2/es/sri-lanka-visa-for-japanese-citizens.html,/es/sri-lanka-visa-for-japanese-citizens,sri-lanka,japanese,yes,https://www.evisa-card.com/es/sri-lanka-visa-for-japanese-citizens,531,0.102,0.898,0,0,0.0,,no,no,MERGE_301,/es/visa-sri-lanka,"Contenu tres proche du groupe (unicite 10.2%), 0 impression"
es,www2/es/sri-lanka-visa-for-korean-citizens.html,/es/sri-lanka-visa-for-korean-citizens,sri-lanka,korean,yes,https://www.evisa-card.com/es/sri-lanka-visa-for-korean-citizens,400,0.0098,0.9902,0,0,0.0,,no,no,MERGE_301,/es/visa-sri-lanka,"Contenu quasi identique au groupe (unicite 1.0%), aucune regle propre, 0 impressions"
es,www2/es/sri-lanka-visa-for-mexican-citizens.html,/es/sri-lanka-visa-for-mexican-citizens,sri-lanka,mexican,yes,https://www.evisa-card.com/es/sri-lanka-visa-for-mexican-citizens,400,0.0146,0.9854,0,0,0.0,,no,no,MERGE_301,/es/visa-sri-lanka,"Contenu quasi identique au groupe (unicite 1.5%), aucune regle propre, 0 impressions"
es,www2/es/sri-lanka-visa-for-nigerian-citizens.html,/es/sri-lanka-visa-for-nigerian-citizens,sri-lanka,nigerian,yes,https://www.evisa-card.com/es/sri-lanka-visa-for-nigerian-citizens,530,0.1022,0.8978,0,0,0.0,,no,no,MERGE_301,/es/visa-sri-lanka,"Contenu tres proche du groupe (unicite 10.2%), 0 impression"
es,www2/es/sri-lanka-visa-for-russian-citizens.html,/es/sri-lanka-visa-for-russian-citizens,sri-lanka,russian,yes,https://www.evisa-card.com/es/sri-lanka-visa-for-russian-citizens,400,0.0098,0.9902,0,0,0.0,,no,no,MERGE_301,/es/visa-sri-lanka,"Contenu quasi identique au groupe (unicite 1.0%), aucune regle propre, 0 impressions"
es,www2/es/sri-lanka-visa-for-singaporean-citizens.html,/es/sri-lanka-visa-for-singaporean-citizens,sri-lanka,singaporean,yes,https://www.evisa-card.com/es/sri-lanka-visa-for-singaporean-citizens,536,0.0995,0.9005,0,0,0.0,,no,no,MERGE_301,/es/visa-sri-lanka,"Contenu quasi identique au groupe (unicite 10.0%), aucune regle propre, 0 impressions"
es,www2/es/sri-lanka-visa-for-south-african-citizens.html,/es/sri-lanka-visa-for-south-african-citizens,sri-lanka,south-african,yes,https://www.evisa-card.com/es/sri-lanka-visa-for-south-african-citizens,533,0.102,0.898,0,0,0.0,,no,no,MERGE_301,/es/visa-sri-lanka,"Contenu tres proche du groupe (unicite 10.2%), 0 impression"
es,www2/es/sri-lanka-visa-for-turkish-citizens.html,/es/sri-lanka-visa-for-turkish-citizens,sri-lanka,turkish,yes,https://www.evisa-card.com/es/sri-lanka-visa-for-turkish-citizens,400,0.0098,0.9902,0,0,0.0,,no,no,MERGE_301,/es/visa-sri-lanka,"Contenu quasi identique au groupe (unicite 1.0%), aucune regle propre, 0 impressions"
es,www2/es/sri-lanka-visa-for-uk-citizens.html,/es/sri-lanka-visa-for-uk-citizens,sri-lanka,uk,yes,https://www.evisa-card.com/es/sri-lanka-visa-for-uk-citizens,404,0.0169,0.9831,0,0,0.0,,no,no,MERGE_301,/es/visa-sri-lanka,"Contenu quasi identique au groupe (unicite 1.7%), aucune regle propre, 0 impressions"
es,www2/es/sri-lanka-visa-for-us-citizens.html,/es/sri-lanka-visa-for-us-citizens,sri-lanka,us,yes,https://www.evisa-card.com/es/sri-lanka-visa-for-us-citizens,532,0.1173,0.8827,0,0,0.0,,no,no,MERGE_301,/es/visa-sri-lanka,"Contenu tres proche du groupe (unicite 11.7%), 0 impression"
es,www2/es/thailand-visa-for-australian-citizens.html,/es/thailand-visa-for-australian-citizens,thailand,australian,yes,https://www.evisa-card.com/es/thailand-visa-for-australian-citizens,451,0.0575,0.9425,0,0,0.0,,no,no,MERGE_301,/es/visa-thailand,"Contenu quasi identique au groupe (unicite 5.8%), aucune regle propre, 0 impressions"
es,www2/es/thailand-visa-for-brazilian-citizens.html,/es/thailand-visa-for-brazilian-citizens,thailand,brazilian,yes,https://www.evisa-card.com/es/thailand-visa-for-brazilian-citizens,570,0.1362,0.8638,0,0,0.0,,no,no,MERGE_301,/es/visa-thailand,"Contenu tres proche du groupe (unicite 13.6%), 0 impression"
es,www2/es/thailand-visa-for-canadian-citizens.html,/es/thailand-visa-for-canadian-citizens,thailand,canadian,yes,https://www.evisa-card.com/es/thailand-visa-for-canadian-citizens,451,0.0575,0.9425,0,0,0.0,,no,no,MERGE_301,/es/visa-thailand,"Contenu quasi identique au groupe (unicite 5.8%), aucune regle propre, 0 impressions"
es,www2/es/thailand-visa-for-french-citizens.html,/es/thailand-visa-for-french-citizens,thailand,french,yes,https://www.evisa-card.com/es/thailand-visa-for-french-citizens,570,0.1236,0.8764,0,0,0.0,,no,no,MERGE_301,/es/visa-thailand,"Contenu tres proche du groupe (unicite 12.4%), 0 impression"
es,www2/es/thailand-visa-for-indonesian-citizens.html,/es/thailand-visa-for-indonesian-citizens,thailand,indonesian,yes,https://www.evisa-card.com/es/thailand-visa-for-indonesian-citizens,532,0.1189,0.8811,0,0,0.0,,no,no,MERGE_301,/es/visa-thailand,"Contenu tres proche du groupe (unicite 11.9%), 0 impression"
es,www2/es/thailand-visa-for-japanese-citizens.html,/es/thailand-visa-for-japanese-citizens,thailand,japanese,yes,https://www.evisa-card.com/es/thailand-visa-for-japanese-citizens,570,0.1236,0.8764,0,0,0.0,,no,no,MERGE_301,/es/visa-thailand,"Contenu tres proche du groupe (unicite 12.4%), 0 impression"
es,www2/es/thailand-visa-for-korean-citizens.html,/es/thailand-visa-for-korean-citizens,thailand,korean,yes,https://www.evisa-card.com/es/thailand-visa-for-korean-citizens,573,0.1246,0.8754,0,0,0.0,,no,no,MERGE_301,/es/visa-thailand,"Contenu tres proche du groupe (unicite 12.5%), 0 impression"
es,www2/es/thailand-visa-for-mexican-citizens.html,/es/thailand-visa-for-mexican-citizens,thailand,mexican,yes,https://www.evisa-card.com/es/thailand-visa-for-mexican-citizens,532,0.1189,0.8811,0,0,0.0,,no,no,MERGE_301,/es/visa-thailand,"Contenu tres proche du groupe (unicite 11.9%), 0 impression"
es,www2/es/thailand-visa-for-philippine-citizens.html,/es/thailand-visa-for-philippine-citizens,thailand,philippine,yes,https://www.evisa-card.com/es/thailand-visa-for-philippine-citizens,532,0.1189,0.8811,0,0,0.0,,no,no,MERGE_301,/es/visa-thailand,"Contenu tres proche du groupe (unicite 11.9%), 0 impression"
es,www2/es/thailand-visa-for-singaporean-citizens.html,/es/thailand-visa-for-singaporean-citizens,thailand,singaporean,yes,https://www.evisa-card.com/es/thailand-visa-for-singaporean-citizens,457,0.0445,0.9555,0,0,0.0,,no,no,MERGE_301,/es/visa-thailand,"Contenu quasi identique au groupe (unicite 4.5%), aucune regle propre, 0 impressions"
es,www2/es/thailand-visa-for-uk-citizens.html,/es/thailand-visa-for-uk-citizens,thailand,uk,yes,https://www.evisa-card.com/es/thailand-visa-for-uk-citizens,457,0.0545,0.9455,0,0,0.0,,no,no,MERGE_301,/es/visa-thailand,"Contenu quasi identique au groupe (unicite 5.5%), aucune regle propre, 0 impressions"
es,www2/es/thailand-visa-for-us-citizens.html,/es/thailand-visa-for-us-citizens,thailand,us,yes,https://www.evisa-card.com/es/thailand-visa-for-us-citizens,451,0.0611,0.9389,0,0,0.0,,no,no,MERGE_301,/es/visa-thailand,"Contenu quasi identique au groupe (unicite 6.1%), aucune regle propre, 0 impressions"
es,www2/es/turkey-visa-for-argentinian-citizens.html,/es/turkey-visa-for-argentinian-citizens,turkey,argentinian,yes,https://www.evisa-card.com/es/turkey-visa-for-argentinian-citizens,347,0.0544,0.9456,0,0,0.0,,no,no,MERGE_301,/es/visa-turkey,"Contenu quasi identique au groupe (unicite 5.4%), aucune regle propre, 0 impressions"
es,www2/es/turkey-visa-for-australian-citizens.html,/es/turkey-visa-for-australian-citizens,turkey,australian,yes,https://www.evisa-card.com/es/turkey-visa-for-australian-citizens,349,0.0517,0.9483,0,0,0.0,,no,no,MERGE_301,/es/visa-turkey,"Contenu quasi identique au groupe (unicite 5.2%), aucune regle propre, 0 impressions"
es,www2/es/turkey-visa-for-brazilian-citizens.html,/es/turkey-visa-for-brazilian-citizens,turkey,brazilian,yes,https://www.evisa-card.com/es/turkey-visa-for-brazilian-citizens,482,0.1465,0.8535,0,0,0.0,,no,no,MERGE_301,/es/visa-turkey,"Contenu tres proche du groupe (unicite 14.6%), 0 impression"
es,www2/es/turkey-visa-for-canadian-citizens.html,/es/turkey-visa-for-canadian-citizens,turkey,canadian,yes,https://www.evisa-card.com/es/turkey-visa-for-canadian-citizens,480,0.1273,0.8727,0,0,0.0,,no,no,MERGE_301,/es/visa-turkey,"Contenu tres proche du groupe (unicite 12.7%), 0 impression"
es,www2/es/turkey-visa-for-chinese-citizens.html,/es/turkey-visa-for-chinese-citizens,turkey,chinese,yes,https://www.evisa-card.com/es/turkey-visa-for-chinese-citizens,347,0.0544,0.9456,0,0,0.0,,no,no,MERGE_301,/es/visa-turkey,"Contenu quasi identique au groupe (unicite 5.4%), aucune regle propre, 0 impressions"
es,www2/es/turkey-visa-for-indonesian-citizens.html,/es/turkey-visa-for-indonesian-citizens,turkey,indonesian,yes,https://www.evisa-card.com/es/turkey-visa-for-indonesian-citizens,480,0.1292,0.8708,0,0,0.0,,no,no,MERGE_301,/es/visa-turkey,"Contenu tres proche du groupe (unicite 12.9%), 0 impression"
es,www2/es/turkey-visa-for-japanese-citizens.html,/es/turkey-visa-for-japanese-citizens,turkey,japanese,yes,https://www.evisa-card.com/es/turkey-visa-for-japanese-citizens,480,0.1292,0.8708,0,0,0.0,,no,no,MERGE_301,/es/visa-turkey,"Contenu tres proche du groupe (unicite 12.9%), 0 impression"
es,www2/es/turkey-visa-for-korean-citizens.html,/es/turkey-visa-for-korean-citizens,turkey,korean,yes,https://www.evisa-card.com/es/turkey-visa-for-korean-citizens,485,0.13,0.87,0,0,0.0,,no,no,MERGE_301,/es/visa-turkey,"Contenu tres proche du groupe (unicite 13.0%), 0 impression"
es,www2/es/turkey-visa-for-mexican-citizens.html,/es/turkey-visa-for-mexican-citizens,turkey,mexican,yes,https://www.evisa-card.com/es/turkey-visa-for-mexican-citizens,350,0.0517,0.9483,0,0,0.0,,no,no,MERGE_301,/es/visa-turkey,"Contenu quasi identique au groupe (unicite 5.2%), aucune regle propre, 0 impressions"
es,www2/es/turkey-visa-for-nigerian-citizens.html,/es/turkey-visa-for-nigerian-citizens,turkey,nigerian,yes,https://www.evisa-card.com/es/turkey-visa-for-nigerian-citizens,346,0.0547,0.9453,0,0,0.0,,no,no,MERGE_301,/es/visa-turkey,"Contenu quasi identique au groupe (unicite 5.5%), aucune regle propre, 0 impressions"
es,www2/es/turkey-visa-for-philippine-citizens.html,/es/turkey-visa-for-philippine-citizens,turkey,philippine,yes,https://www.evisa-card.com/es/turkey-visa-for-philippine-citizens,347,0.0544,0.9456,0,0,0.0,,no,no,MERGE_301,/es/visa-turkey,"Contenu quasi identique au groupe (unicite 5.4%), aucune regle propre, 0 impressions"
es,www2/es/turkey-visa-for-russian-citizens.html,/es/turkey-visa-for-russian-citizens,turkey,russian,yes,https://www.evisa-card.com/es/turkey-visa-for-russian-citizens,481,0.1273,0.8727,0,0,0.0,,no,no,MERGE_301,/es/visa-turkey,"Contenu tres proche du groupe (unicite 12.7%), 0 impression"
es,www2/es/turkey-visa-for-singaporean-citizens.html,/es/turkey-visa-for-singaporean-citizens,turkey,singaporean,yes,https://www.evisa-card.com/es/turkey-visa-for-singaporean-citizens,492,0.1266,0.8734,0,0,0.0,,no,no,MERGE_301,/es/visa-turkey,"Contenu tres proche du groupe (unicite 12.7%), 0 impression"
es,www2/es/turkey-visa-for-south-african-citizens.html,/es/turkey-visa-for-south-african-citizens,turkey,south-african,yes,https://www.evisa-card.com/es/turkey-visa-for-south-african-citizens,478,0.1294,0.8706,0,0,0.0,,no,no,MERGE_301,/es/visa-turkey,"Contenu tres proche du groupe (unicite 12.9%), 0 impression"
es,www2/es/turkey-visa-for-uk-citizens.html,/es/turkey-visa-for-uk-citizens,turkey,uk,yes,https://www.evisa-card.com/es/turkey-visa-for-uk-citizens,364,0.0721,0.9279,0,0,0.0,,no,no,MERGE_301,/es/visa-turkey,"Contenu quasi identique au groupe (unicite 7.2%), aucune regle propre, 0 impressions"
es,www2/es/turkey-visa-for-us-citizens.html,/es/turkey-visa-for-us-citizens,turkey,us,yes,https://www.evisa-card.com/es/turkey-visa-for-us-citizens,485,0.1204,0.8796,0,0,0.0,,no,no,MERGE_301,/es/visa-turkey,"Contenu tres proche du groupe (unicite 12.0%), 0 impression"
pt,www2/pt/cambodia-visa-for-argentinian-citizens.html,/pt/cambodia-visa-for-argentinian-citizens,cambodia,argentinian,yes,https://www.evisa-card.com/pt/cambodia-visa-for-argentinian-citizens,426,0.1277,0.8723,0,0,0.0,,no,no,MERGE_301,/pt/visa-cambodia,"Contenu tres proche du groupe (unicite 12.8%), 0 impression"
pt,www2/pt/cambodia-visa-for-australian-citizens.html,/pt/cambodia-visa-for-australian-citizens,cambodia,australian,yes,https://www.evisa-card.com/pt/cambodia-visa-for-australian-citizens,425,0.1149,0.8851,0,0,0.0,,no,no,MERGE_301,/pt/visa-cambodia,"Contenu tres proche du groupe (unicite 11.5%), 0 impression"
pt,www2/pt/cambodia-visa-for-brazilian-citizens.html,/pt/cambodia-visa-for-brazilian-citizens,cambodia,brazilian,yes,https://www.evisa-card.com/pt/cambodia-visa-for-brazilian-citizens,426,0.1277,0.8723,0,0,0.0,,no,no,MERGE_301,/pt/visa-cambodia,"Contenu tres proche du groupe (unicite 12.8%), 0 impression"
pt,www2/pt/cambodia-visa-for-canadian-citizens.html,/pt/cambodia-visa-for-canadian-citizens,cambodia,canadian,yes,https://www.evisa-card.com/pt/cambodia-visa-for-canadian-citizens,425,0.1213,0.8787,0,0,0.0,,no,no,MERGE_301,/pt/visa-cambodia,"Contenu tres proche du groupe (unicite 12.1%), 0 impression"
pt,www2/pt/cambodia-visa-for-chinese-citizens.html,/pt/cambodia-visa-for-chinese-citizens,cambodia,chinese,yes,https://www.evisa-card.com/pt/cambodia-visa-for-chinese-citizens,428,0.1364,0.8636,0,0,0.0,,no,no,MERGE_301,/pt/visa-cambodia,"Contenu tres proche du groupe (unicite 13.6%), 0 impression"
pt,www2/pt/cambodia-visa-for-french-citizens.html,/pt/cambodia-visa-for-french-citizens,cambodia,french,yes,https://www.evisa-card.com/pt/cambodia-visa-for-french-citizens,429,0.1268,0.8732,0,0,0.0,,no,no,MERGE_301,/pt/visa-cambodia,"Contenu tres proche du groupe (unicite 12.7%), 0 impression"
pt,www2/pt/cambodia-visa-for-german-citizens.html,/pt/cambodia-visa-for-german-citizens,cambodia,german,yes,https://www.evisa-card.com/pt/cambodia-visa-for-german-citizens,428,0.1363,0.8637,0,0,0.0,,no,no,MERGE_301,/pt/visa-cambodia,"Contenu tres proche du groupe (unicite 13.6%), 0 impression"
pt,www2/pt/cambodia-visa-for-indian-citizens.html,/pt/cambodia-visa-for-indian-citizens,cambodia,indian,yes,https://www.evisa-card.com/pt/cambodia-visa-for-indian-citizens,416,0.1141,0.8859,0,0,0.0,,no,no,MERGE_301,/pt/visa-cambodia,"Contenu tres proche du groupe (unicite 11.4%), 0 impression"
pt,www2/pt/cambodia-visa-for-japanese-citizens.html,/pt/cambodia-visa-for-japanese-citizens,cambodia,japanese,yes,https://www.evisa-card.com/pt/cambodia-visa-for-japanese-citizens,428,0.1247,0.8753,0,0,0.0,,no,no,MERGE_301,/pt/visa-cambodia,"Contenu tres proche du groupe (unicite 12.5%), 0 impression"
pt,www2/pt/cambodia-visa-for-korean-citizens.html,/pt/cambodia-visa-for-korean-citizens,cambodia,korean,yes,https://www.evisa-card.com/pt/cambodia-visa-for-korean-citizens,426,0.1253,0.8747,0,0,0.0,,no,no,MERGE_301,/pt/visa-cambodia,"Contenu tres proche du groupe (unicite 12.5%), 0 impression"
pt,www2/pt/cambodia-visa-for-mexican-citizens.html,/pt/cambodia-visa-for-mexican-citizens,cambodia,mexican,yes,https://www.evisa-card.com/pt/cambodia-visa-for-mexican-citizens,425,0.1149,0.8851,0,0,0.0,,no,no,MERGE_301,/pt/visa-cambodia,"Contenu tres proche du groupe (unicite 11.5%), 0 impression"
pt,www2/pt/cambodia-visa-for-nigerian-citizens.html,/pt/cambodia-visa-for-nigerian-citizens,cambodia,nigerian,yes,https://www.evisa-card.com/pt/cambodia-visa-for-nigerian-citizens,428,0.1339,0.8661,0,0,0.0,,no,no,MERGE_301,/pt/visa-cambodia,"Contenu tres proche du groupe (unicite 13.4%), 0 impression"
pt,www2/pt/cambodia-visa-for-russian-citizens.html,/pt/cambodia-visa-for-russian-citizens,cambodia,russian,yes,https://www.evisa-card.com/pt/cambodia-visa-for-russian-citizens,427,0.125,0.875,0,0,0.0,,no,no,MERGE_301,/pt/visa-cambodia,"Contenu tres proche du groupe (unicite 12.5%), 0 impression"
pt,www2/pt/cambodia-visa-for-south-african-citizens.html,/pt/cambodia-visa-for-south-african-citizens,cambodia,south-african,yes,https://www.evisa-card.com/pt/cambodia-visa-for-south-african-citizens,431,0.1357,0.8643,0,0,0.0,,no,no,MERGE_301,/pt/visa-cambodia,"Contenu tres proche du groupe (unicite 13.6%), 0 impression"
pt,www2/pt/cambodia-visa-for-turkish-citizens.html,/pt/cambodia-visa-for-turkish-citizens,cambodia,turkish,yes,https://www.evisa-card.com/pt/cambodia-visa-for-turkish-citizens,427,0.125,0.875,0,0,0.0,,no,no,MERGE_301,/pt/visa-cambodia,"Contenu tres proche du groupe (unicite 12.5%), 0 impression"
pt,www2/pt/cambodia-visa-for-uk-citizens.html,/pt/cambodia-visa-for-uk-citizens,cambodia,uk,yes,https://www.evisa-card.com/pt/cambodia-visa-for-uk-citizens,439,0.1384,0.8616,0,0,0.0,,no,no,MERGE_301,/pt/visa-cambodia,"Contenu tres proche du groupe (unicite 13.8%), 0 impression"
pt,www2/pt/cambodia-visa-for-us-citizens.html,/pt/cambodia-visa-for-us-citizens,cambodia,us,yes,https://www.evisa-card.com/pt/cambodia-visa-for-us-citizens,427,0.129,0.871,0,0,0.0,,no,no,MERGE_301,/pt/visa-cambodia,"Contenu tres proche du groupe (unicite 12.9%), 0 impression"
pt,www2/pt/india-visa-for-argentinian-citizens.html,/pt/india-visa-for-argentinian-citizens,india,argentinian,yes,https://www.evisa-card.com/pt/india-visa-for-argentinian-citizens,519,0.0085,0.9915,0,0,0.0,,no,no,MERGE_301,/pt/visa-india,"Contenu quasi identique au groupe (unicite 0.9%), aucune regle propre, 0 impressions"
pt,www2/pt/india-visa-for-australian-citizens.html,/pt/india-visa-for-australian-citizens,india,australian,yes,https://www.evisa-card.com/pt/india-visa-for-australian-citizens,519,0.0,1.0,0,0,0.0,,no,no,MERGE_301,/pt/visa-india,"Contenu quasi identique au groupe (unicite 0.0%), aucune regle propre, 0 impressions"
pt,www2/pt/india-visa-for-brazilian-citizens.html,/pt/india-visa-for-brazilian-citizens,india,brazilian,yes,https://www.evisa-card.com/pt/india-visa-for-brazilian-citizens,519,0.0102,0.9898,0,0,0.0,,no,no,MERGE_301,/pt/visa-india,"Contenu quasi identique au groupe (unicite 1.0%), aucune regle propre, 0 impressions"
pt,www2/pt/india-visa-for-canadian-citizens.html,/pt/india-visa-for-canadian-citizens,india,canadian,yes,https://www.evisa-card.com/pt/india-visa-for-canadian-citizens,519,0.0085,0.9915,0,0,0.0,,no,no,MERGE_301,/pt/visa-india,"Contenu quasi identique au groupe (unicite 0.9%), aucune regle propre, 0 impressions"
pt,www2/pt/india-visa-for-chinese-citizens.html,/pt/india-visa-for-chinese-citizens,india,chinese,yes,https://www.evisa-card.com/pt/india-visa-for-chinese-citizens,516,0.0017,0.9983,0,0,0.0,,no,no,MERGE_301,/pt/visa-india,"Contenu quasi identique au groupe (unicite 0.2%), aucune regle propre, 0 impressions"
pt,www2/pt/india-visa-for-french-citizens.html,/pt/india-visa-for-french-citizens,india,french,yes,https://www.evisa-card.com/pt/india-visa-for-french-citizens,521,0.0085,0.9915,0,0,0.0,,no,no,MERGE_301,/pt/visa-india,"Contenu quasi identique au groupe (unicite 0.9%), aucune regle propre, 0 impressions"
pt,www2/pt/india-visa-for-german-citizens.html,/pt/india-visa-for-german-citizens,india,german,yes,https://www.evisa-card.com/pt/india-visa-for-german-citizens,522,0.0084,0.9916,0,0,0.0,,no,no,MERGE_301,/pt/visa-india,"Contenu quasi identique au groupe (unicite 0.8%), aucune regle propre, 0 impressions"
pt,www2/pt/india-visa-for-indonesian-citizens.html,/pt/india-visa-for-indonesian-citizens,india,indonesian,yes,https://www.evisa-card.com/pt/india-visa-for-indonesian-citizens,519,0.0186,0.9814,0,0,0.0,,no,no,MERGE_301,/pt/visa-india,"Contenu quasi identique au groupe (unicite 1.9%), aucune regle propre, 0 impressions"
pt,www2/pt/india-visa-for-japanese-citizens.html,/pt/india-visa-for-japanese-citizens,india,japanese,yes,https://www.evisa-card.com/pt/india-visa-for-japanese-citizens,518,0.0102,0.9898,0,0,0.0,,no,no,MERGE_301,/pt/visa-india,"Contenu quasi identique au groupe (unicite 1.0%), aucune regle propre, 0 impressions"
pt,www2/pt/india-visa-for-korean-citizens.html,/pt/india-visa-for-korean-citizens,india,korean,yes,https://www.evisa-card.com/pt/india-visa-for-korean-citizens,516,0.0103,0.9897,0,0,0.0,,no,no,MERGE_301,/pt/visa-india,"Contenu quasi identique au groupe (unicite 1.0%), aucune regle propre, 0 impressions"
pt,www2/pt/india-visa-for-mexican-citizens.html,/pt/india-visa-for-mexican-citizens,india,mexican,yes,https://www.evisa-card.com/pt/india-visa-for-mexican-citizens,516,0.0017,0.9983,0,0,0.0,,no,no,MERGE_301,/pt/visa-india,"Contenu quasi identique au groupe (unicite 0.2%), aucune regle propre, 0 impressions"
pt,www2/pt/india-visa-for-nigerian-citizens.html,/pt/india-visa-for-nigerian-citizens,india,nigerian,yes,https://www.evisa-card.com/pt/india-visa-for-nigerian-citizens,519,0.0017,0.9983,0,0,0.0,,no,no,MERGE_301,/pt/visa-india,"Contenu quasi identique au groupe (unicite 0.2%), aucune regle propre, 0 impressions"
pt,www2/pt/india-visa-for-philippine-citizens.html,/pt/india-visa-for-philippine-citizens,india,philippine,yes,https://www.evisa-card.com/pt/india-visa-for-philippine-citizens,519,0.0102,0.9898,0,0,0.0,,no,no,MERGE_301,/pt/visa-india,"Contenu quasi identique au groupe (unicite 1.0%), aucune regle propre, 0 impressions"
pt,www2/pt/india-visa-for-russian-citizens.html,/pt/india-visa-for-russian-citizens,india,russian,yes,https://www.evisa-card.com/pt/india-visa-for-russian-citizens,519,0.0102,0.9898,0,0,0.0,,no,no,MERGE_301,/pt/visa-india,"Contenu quasi identique au groupe (unicite 1.0%), aucune regle propre, 0 impressions"
pt,www2/pt/india-visa-for-singaporean-citizens.html,/pt/india-visa-for-singaporean-citizens,india,singaporean,yes,https://www.evisa-card.com/pt/india-visa-for-singaporean-citizens,527,0.0101,0.9899,0,0,0.0,,no,no,MERGE_301,/pt/visa-india,"Contenu quasi identique au groupe (unicite 1.0%), aucune regle propre, 0 impressions"
pt,www2/pt/india-visa-for-south-african-citizens.html,/pt/india-visa-for-south-african-citizens,india,south-african,yes,https://www.evisa-card.com/pt/india-visa-for-south-african-citizens,518,0.0186,0.9814,0,0,0.0,,no,no,MERGE_301,/pt/visa-india,"Contenu quasi identique au groupe (unicite 1.9%), aucune regle propre, 0 impressions"
pt,www2/pt/india-visa-for-turkish-citizens.html,/pt/india-visa-for-turkish-citizens,india,turkish,yes,https://www.evisa-card.com/pt/india-visa-for-turkish-citizens,522,0.0085,0.9915,0,0,0.0,,no,no,MERGE_301,/pt/visa-india,"Contenu quasi identique au groupe (unicite 0.9%), aucune regle propre, 0 impressions"
pt,www2/pt/india-visa-for-uk-citizens.html,/pt/india-visa-for-uk-citizens,india,uk,yes,https://www.evisa-card.com/pt/india-visa-for-uk-citizens,531,0.0167,0.9833,0,0,0.0,,no,no,MERGE_301,/pt/visa-india,"Contenu quasi identique au groupe (unicite 1.7%), aucune regle propre, 0 impressions"
pt,www2/pt/india-visa-for-us-citizens.html,/pt/india-visa-for-us-citizens,india,us,yes,https://www.evisa-card.com/pt/india-visa-for-us-citizens,519,0.017,0.983,0,0,0.0,,no,no,MERGE_301,/pt/visa-india,"Contenu quasi identique au groupe (unicite 1.7%), aucune regle propre, 0 impressions"
pt,www2/pt/indonesia-visa-for-argentinian-citizens.html,/pt/indonesia-visa-for-argentinian-citizens,indonesia,argentinian,yes,https://www.evisa-card.com/pt/indonesia-visa-for-argentinian-citizens,356,0.1311,0.8689,0,0,0.0,,no,no,MERGE_301,/pt/visa-indonesia,"Contenu tres proche du groupe (unicite 13.1%), 0 impression"
pt,www2/pt/indonesia-visa-for-australian-citizens.html,/pt/indonesia-visa-for-australian-citizens,indonesia,australian,yes,https://www.evisa-card.com/pt/indonesia-visa-for-australian-citizens,355,0.1265,0.8735,0,0,0.0,,no,no,MERGE_301,/pt/visa-indonesia,"Contenu tres proche du groupe (unicite 12.7%), 0 impression"
pt,www2/pt/indonesia-visa-for-canadian-citizens.html,/pt/indonesia-visa-for-canadian-citizens,indonesia,canadian,yes,https://www.evisa-card.com/pt/indonesia-visa-for-canadian-citizens,356,0.132,0.868,0,0,0.0,,no,no,MERGE_301,/pt/visa-indonesia,"Contenu tres proche du groupe (unicite 13.2%), 0 impression"
pt,www2/pt/indonesia-visa-for-indian-citizens.html,/pt/indonesia-visa-for-indian-citizens,indonesia,indian,yes,https://www.evisa-card.com/pt/indonesia-visa-for-indian-citizens,349,0.1153,0.8847,0,0,0.0,,no,no,MERGE_301,/pt/visa-indonesia,"Contenu tres proche du groupe (unicite 11.5%), 0 impression"
pt,www2/pt/indonesia-visa-for-japanese-citizens.html,/pt/indonesia-visa-for-japanese-citizens,indonesia,japanese,yes,https://www.evisa-card.com/pt/indonesia-visa-for-japanese-citizens,358,0.1332,0.8668,0,0,0.0,,no,no,MERGE_301,/pt/visa-indonesia,"Contenu tres proche du groupe (unicite 13.3%), 0 impression"
pt,www2/pt/indonesia-visa-for-mexican-citizens.html,/pt/indonesia-visa-for-mexican-citizens,indonesia,mexican,yes,https://www.evisa-card.com/pt/indonesia-visa-for-mexican-citizens,354,0.1195,0.8805,0,0,0.0,,no,no,MERGE_301,/pt/visa-indonesia,"Contenu tres proche du groupe (unicite 11.9%), 0 impression"
pt,www2/pt/indonesia-visa-for-uk-citizens.html,/pt/indonesia-visa-for-uk-citizens,indonesia,uk,yes,https://www.evisa-card.com/pt/indonesia-visa-for-uk-citizens,360,0.1435,0.8565,0,0,0.0,,no,no,MERGE_301,/pt/visa-indonesia,"Contenu tres proche du groupe (unicite 14.3%), 0 impression"
pt,www2/pt/jordan-visa-for-argentinian-citizens.html,/pt/jordan-visa-for-argentinian-citizens,jordan,argentinian,yes,https://www.evisa-card.com/pt/jordan-visa-for-argentinian-citizens,445,0.0123,0.9877,0,0,0.0,,no,no,MERGE_301,/pt/visa-jordan,"Contenu quasi identique au groupe (unicite 1.2%), aucune regle propre, 0 impressions"
pt,www2/pt/jordan-visa-for-australian-citizens.html,/pt/jordan-visa-for-australian-citizens,jordan,australian,yes,https://www.evisa-card.com/pt/jordan-visa-for-australian-citizens,444,0.0,1.0,0,0,0.0,,no,no,MERGE_301,/pt/visa-jordan,"Contenu quasi identique au groupe (unicite 0.0%), aucune regle propre, 0 impressions"
pt,www2/pt/jordan-visa-for-brazilian-citizens.html,/pt/jordan-visa-for-brazilian-citizens,jordan,brazilian,yes,https://www.evisa-card.com/pt/jordan-visa-for-brazilian-citizens,583,0.0955,0.9045,0,0,0.0,,no,no,MERGE_301,/pt/visa-jordan,"Contenu quasi identique au groupe (unicite 9.6%), aucune regle propre, 0 impressions"
pt,www2/pt/jordan-visa-for-canadian-citizens.html,/pt/jordan-visa-for-canadian-citizens,jordan,canadian,yes,https://www.evisa-card.com/pt/jordan-visa-for-canadian-citizens,444,0.0082,0.9918,0,0,0.0,,no,no,MERGE_301,/pt/visa-jordan,"Contenu quasi identique au groupe (unicite 0.8%), aucune regle propre, 0 impressions"
pt,www2/pt/jordan-visa-for-french-citizens.html,/pt/jordan-visa-for-french-citizens,jordan,french,yes,https://www.evisa-card.com/pt/jordan-visa-for-french-citizens,446,0.0122,0.9878,0,0,0.0,,no,no,MERGE_301,/pt/visa-jordan,"Contenu quasi identique au groupe (unicite 1.2%), aucune regle propre, 0 impressions"
pt,www2/pt/jordan-visa-for-german-citizens.html,/pt/jordan-visa-for-german-citizens,jordan,german,yes,https://www.evisa-card.com/pt/jordan-visa-for-german-citizens,589,0.0924,0.9076,0,0,0.0,,no,no,MERGE_301,/pt/visa-jordan,"Contenu quasi identique au groupe (unicite 9.2%), aucune regle propre, 0 impressions"
pt,www2/pt/jordan-visa-for-indonesian-citizens.html,/pt/jordan-visa-for-indonesian-citizens,jordan,indonesian,yes,https://www.evisa-card.com/pt/jordan-visa-for-indonesian-citizens,448,0.0241,0.9759,0,0,0.0,,no,no,MERGE_301,/pt/visa-jordan,"Contenu quasi identique au groupe (unicite 2.4%), aucune regle propre, 0 impressions"
pt,www2/pt/jordan-visa-for-japanese-citizens.html,/pt/jordan-visa-for-japanese-citizens,jordan,japanese,yes,https://www.evisa-card.com/pt/jordan-visa-for-japanese-citizens,445,0.0122,0.9878,0,0,0.0,,no,no,MERGE_301,/pt/visa-jordan,"Contenu quasi identique au groupe (unicite 1.2%), aucune regle propre, 0 impressions"
pt,www2/pt/jordan-visa-for-korean-citizens.html,/pt/jordan-visa-for-korean-citizens,jordan,korean,yes,https://www.evisa-card.com/pt/jordan-visa-for-korean-citizens,449,0.0241,0.9759,0,0,0.0,,no,no,MERGE_301,/pt/visa-jordan,"Contenu quasi identique au groupe (unicite 2.4%), aucune regle propre, 0 impressions"
pt,www2/pt/jordan-visa-for-mexican-citizens.html,/pt/jordan-visa-for-mexican-citizens,jordan,mexican,yes,https://www.evisa-card.com/pt/jordan-visa-for-mexican-citizens,444,0.0,1.0,0,0,0.0,,no,no,MERGE_301,/pt/visa-jordan,"Contenu quasi identique au groupe (unicite 0.0%), aucune regle propre, 0 impressions"
pt,www2/pt/jordan-visa-for-philippine-citizens.html,/pt/jordan-visa-for-philippine-citizens,jordan,philippine,yes,https://www.evisa-card.com/pt/jordan-visa-for-philippine-citizens,448,0.0142,0.9858,0,0,0.0,,no,no,MERGE_301,/pt/visa-jordan,"Contenu quasi identique au groupe (unicite 1.4%), aucune regle propre, 0 impressions"
pt,www2/pt/jordan-visa-for-russian-citizens.html,/pt/jordan-visa-for-russian-citizens,jordan,russian,yes,https://www.evisa-card.com/pt/jordan-visa-for-russian-citizens,446,0.0122,0.9878,0,0,0.0,,no,no,MERGE_301,/pt/visa-jordan,"Contenu quasi identique au groupe (unicite 1.2%), aucune regle propre, 0 impressions"
pt,www2/pt/jordan-visa-for-singaporean-citizens.html,/pt/jordan-visa-for-singaporean-citizens,jordan,singaporean,yes,https://www.evisa-card.com/pt/jordan-visa-for-singaporean-citizens,450,0.0121,0.9879,0,0,0.0,,no,no,MERGE_301,/pt/visa-jordan,"Contenu quasi identique au groupe (unicite 1.2%), aucune regle propre, 0 impressions"
pt,www2/pt/jordan-visa-for-south-african-citizens.html,/pt/jordan-visa-for-south-african-citizens,jordan,south-african,yes,https://www.evisa-card.com/pt/jordan-visa-for-south-african-citizens,600,0.1048,0.8952,0,0,0.0,,no,no,MERGE_301,/pt/visa-jordan,"Contenu tres proche du groupe (unicite 10.5%), 0 impression"
pt,www2/pt/jordan-visa-for-turkish-citizens.html,/pt/jordan-visa-for-turkish-citizens,jordan,turkish,yes,https://www.evisa-card.com/pt/jordan-visa-for-turkish-citizens,446,0.0122,0.9878,0,0,0.0,,no,no,MERGE_301,/pt/visa-jordan,"Contenu quasi identique au groupe (unicite 1.2%), aucune regle propre, 0 impressions"
pt,www2/pt/jordan-visa-for-uk-citizens.html,/pt/jordan-visa-for-uk-citizens,jordan,uk,yes,https://www.evisa-card.com/pt/jordan-visa-for-uk-citizens,447,0.0241,0.9759,0,0,0.0,,no,no,MERGE_301,/pt/visa-jordan,"Contenu quasi identique au groupe (unicite 2.4%), aucune regle propre, 0 impressions"
pt,www2/pt/jordan-visa-for-us-citizens.html,/pt/jordan-visa-for-us-citizens,jordan,us,yes,https://www.evisa-card.com/pt/jordan-visa-for-us-citizens,441,0.0228,0.9772,0,0,0.0,,no,no,MERGE_301,/pt/visa-jordan,"Contenu quasi identique au groupe (unicite 2.3%), aucune regle propre, 0 impressions"
pt,www2/pt/maldives-visa-for-argentinian-citizens.html,/pt/maldives-visa-for-argentinian-citizens,maldives,argentinian,yes,https://www.evisa-card.com/pt/maldives-visa-for-argentinian-citizens,408,0.0179,0.9821,0,0,0.0,,no,no,MERGE_301,/pt/visa-maldives,"Contenu quasi identique au groupe (unicite 1.8%), aucune regle propre, 0 impressions"
pt,www2/pt/maldives-visa-for-australian-citizens.html,/pt/maldives-visa-for-australian-citizens,maldives,australian,yes,https://www.evisa-card.com/pt/maldives-visa-for-australian-citizens,408,0.0022,0.9978,0,0,0.0,,no,no,MERGE_301,/pt/visa-maldives,"Contenu quasi identique au groupe (unicite 0.2%), aucune regle propre, 0 impressions"
pt,www2/pt/maldives-visa-for-brazilian-citizens.html,/pt/maldives-visa-for-brazilian-citizens,maldives,brazilian,yes,https://www.evisa-card.com/pt/maldives-visa-for-brazilian-citizens,407,0.0179,0.9821,0,0,0.0,,no,no,MERGE_301,/pt/visa-maldives,"Contenu quasi identique au groupe (unicite 1.8%), aucune regle propre, 0 impressions"
pt,www2/pt/maldives-visa-for-canadian-citizens.html,/pt/maldives-visa-for-canadian-citizens,maldives,canadian,yes,https://www.evisa-card.com/pt/maldives-visa-for-canadian-citizens,407,0.0135,0.9865,0,0,0.0,,no,no,MERGE_301,/pt/visa-maldives,"Contenu quasi identique au groupe (unicite 1.4%), aucune regle propre, 0 impressions"
pt,www2/pt/maldives-visa-for-chinese-citizens.html,/pt/maldives-visa-for-chinese-citizens,maldives,chinese,yes,https://www.evisa-card.com/pt/maldives-visa-for-chinese-citizens,408,0.0022,0.9978,0,0,0.0,,no,no,MERGE_301,/pt/visa-maldives,"Contenu quasi identique au groupe (unicite 0.2%), aucune regle propre, 0 impressions"
pt,www2/pt/maldives-visa-for-french-citizens.html,/pt/maldives-visa-for-french-citizens,maldives,french,yes,https://www.evisa-card.com/pt/maldives-visa-for-french-citizens,408,0.0179,0.9821,0,0,0.0,,no,no,MERGE_301,/pt/visa-maldives,"Contenu quasi identique au groupe (unicite 1.8%), aucune regle propre, 0 impressions"
pt,www2/pt/maldives-visa-for-german-citizens.html,/pt/maldives-visa-for-german-citizens,maldives,german,yes,https://www.evisa-card.com/pt/maldives-visa-for-german-citizens,408,0.0176,0.9824,0,0,0.0,,no,no,MERGE_301,/pt/visa-maldives,"Contenu quasi identique au groupe (unicite 1.8%), aucune regle propre, 0 impressions"
pt,www2/pt/maldives-visa-for-indian-citizens.html,/pt/maldives-visa-for-indian-citizens,maldives,indian,yes,https://www.evisa-card.com/pt/maldives-visa-for-indian-citizens,411,0.0045,0.9955,0,0,0.0,,no,no,MERGE_301,/pt/visa-maldives,"Contenu quasi identique au groupe (unicite 0.4%), aucune regle propre, 0 impressions"
pt,www2/pt/maldives-visa-for-indonesian-citizens.html,/pt/maldives-visa-for-indonesian-citizens,maldives,indonesian,yes,https://www.evisa-card.com/pt/maldives-visa-for-indonesian-citizens,407,0.0355,0.9645,0,0,0.0,,no,no,MERGE_301,/pt/visa-maldives,"Contenu quasi identique au groupe (unicite 3.5%), aucune regle propre, 0 impressions"
pt,www2/pt/maldives-visa-for-japanese-citizens.html,/pt/maldives-visa-for-japanese-citizens,maldives,japanese,yes,https://www.evisa-card.com/pt/maldives-visa-for-japanese-citizens,407,0.0179,0.9821,0,0,0.0,,no,no,MERGE_301,/pt/visa-maldives,"Contenu quasi identique au groupe (unicite 1.8%), aucune regle propre, 0 impressions"
pt,www2/pt/maldives-visa-for-korean-citizens.html,/pt/maldives-visa-for-korean-citizens,maldives,korean,yes,https://www.evisa-card.com/pt/maldives-visa-for-korean-citizens,409,0.0222,0.9778,0,0,0.0,,no,no,MERGE_301,/pt/visa-maldives,"Contenu quasi identique au groupe (unicite 2.2%), aucune regle propre, 0 impressions"
pt,www2/pt/maldives-visa-for-mexican-citizens.html,/pt/maldives-visa-for-mexican-citizens,maldives,mexican,yes,https://www.evisa-card.com/pt/maldives-visa-for-mexican-citizens,408,0.0022,0.9978,0,0,0.0,,no,no,MERGE_301,/pt/visa-maldives,"Contenu quasi identique au groupe (unicite 0.2%), aucune regle propre, 0 impressions"
pt,www2/pt/maldives-visa-for-nigerian-citizens.html,/pt/maldives-visa-for-nigerian-citizens,maldives,nigerian,yes,https://www.evisa-card.com/pt/maldives-visa-for-nigerian-citizens,410,0.0045,0.9955,0,0,0.0,,no,no,MERGE_301,/pt/visa-maldives,"Contenu quasi identique au groupe (unicite 0.4%), aucune regle propre, 0 impressions"
pt,www2/pt/maldives-visa-for-philippine-citizens.html,/pt/maldives-visa-for-philippine-citizens,maldives,philippine,yes,https://www.evisa-card.com/pt/maldives-visa-for-philippine-citizens,409,0.0179,0.9821,0,0,0.0,,no,no,MERGE_301,/pt/visa-maldives,"Contenu quasi identique au groupe (unicite 1.8%), aucune regle propre, 0 impressions"
pt,www2/pt/maldives-visa-for-russian-citizens.html,/pt/maldives-visa-for-russian-citizens,maldives,russian,yes,https://www.evisa-card.com/pt/maldives-visa-for-russian-citizens,407,0.0179,0.9821,0,0,0.0,,no,no,MERGE_301,/pt/visa-maldives,"Contenu quasi identique au groupe (unicite 1.8%), aucune regle propre, 0 impressions"
pt,www2/pt/maldives-visa-for-singaporean-citizens.html,/pt/maldives-visa-for-singaporean-citizens,maldives,singaporean,yes,https://www.evisa-card.com/pt/maldives-visa-for-singaporean-citizens,414,0.0177,0.9823,0,0,0.0,,no,no,MERGE_301,/pt/visa-maldives,"Contenu quasi identique au groupe (unicite 1.8%), aucune regle propre, 0 impressions"
pt,www2/pt/maldives-visa-for-south-african-citizens.html,/pt/maldives-visa-for-south-african-citizens,maldives,south-african,yes,https://www.evisa-card.com/pt/maldives-visa-for-south-african-citizens,540,0.1042,0.8958,0,0,0.0,,no,no,MERGE_301,/pt/visa-maldives,"Contenu tres proche du groupe (unicite 10.4%), 0 impression"
pt,www2/pt/maldives-visa-for-turkish-citizens.html,/pt/maldives-visa-for-turkish-citizens,maldives,turkish,yes,https://www.evisa-card.com/pt/maldives-visa-for-turkish-citizens,408,0.0179,0.9821,0,0,0.0,,no,no,MERGE_301,/pt/visa-maldives,"Contenu quasi identique au groupe (unicite 1.8%), aucune regle propre, 0 impressions"
pt,www2/pt/maldives-visa-for-uk-citizens.html,/pt/maldives-visa-for-uk-citizens,maldives,uk,yes,https://www.evisa-card.com/pt/maldives-visa-for-uk-citizens,416,0.0351,0.9649,0,0,0.0,,no,no,MERGE_301,/pt/visa-maldives,"Contenu quasi identique au groupe (unicite 3.5%), aucune regle propre, 0 impressions"
pt,www2/pt/maldives-visa-for-us-citizens.html,/pt/maldives-visa-for-us-citizens,maldives,us,yes,https://www.evisa-card.com/pt/maldives-visa-for-us-citizens,411,0.0332,0.9668,0,0,0.0,,no,no,MERGE_301,/pt/visa-maldives,"Contenu quasi identique au groupe (unicite 3.3%), aucune regle propre, 0 impressions"
pt,www2/pt/nepal-visa-for-argentinian-citizens.html,/pt/nepal-visa-for-argentinian-citizens,nepal,argentinian,yes,https://www.evisa-card.com/pt/nepal-visa-for-argentinian-citizens,456,0.0142,0.9858,0,0,0.0,,no,no,MERGE_301,/pt/visa-nepal,"Contenu quasi identique au groupe (unicite 1.4%), aucune regle propre, 0 impressions"
pt,www2/pt/nepal-visa-for-australian-citizens.html,/pt/nepal-visa-for-australian-citizens,nepal,australian,yes,https://www.evisa-card.com/pt/nepal-visa-for-australian-citizens,455,0.0041,0.9959,0,0,0.0,,no,no,MERGE_301,/pt/visa-nepal,"Contenu quasi identique au groupe (unicite 0.4%), aucune regle propre, 0 impressions"
pt,www2/pt/nepal-visa-for-brazilian-citizens.html,/pt/nepal-visa-for-brazilian-citizens,nepal,brazilian,yes,https://www.evisa-card.com/pt/nepal-visa-for-brazilian-citizens,453,0.0163,0.9837,0,0,0.0,,no,no,MERGE_301,/pt/visa-nepal,"Contenu quasi identique au groupe (unicite 1.6%), aucune regle propre, 0 impressions"
pt,www2/pt/nepal-visa-for-canadian-citizens.html,/pt/nepal-visa-for-canadian-citizens,nepal,canadian,yes,https://www.evisa-card.com/pt/nepal-visa-for-canadian-citizens,603,0.0992,0.9008,0,0,0.0,,no,no,MERGE_301,/pt/visa-nepal,"Contenu quasi identique au groupe (unicite 9.9%), aucune regle propre, 0 impressions"
pt,www2/pt/nepal-visa-for-chinese-citizens.html,/pt/nepal-visa-for-chinese-citizens,nepal,chinese,yes,https://www.evisa-card.com/pt/nepal-visa-for-chinese-citizens,457,0.0061,0.9939,0,0,0.0,,no,no,MERGE_301,/pt/visa-nepal,"Contenu quasi identique au groupe (unicite 0.6%), aucune regle propre, 0 impressions"
pt,www2/pt/nepal-visa-for-french-citizens.html,/pt/nepal-visa-for-french-citizens,nepal,french,yes,https://www.evisa-card.com/pt/nepal-visa-for-french-citizens,458,0.0161,0.9839,0,0,0.0,,no,no,MERGE_301,/pt/visa-nepal,"Contenu quasi identique au groupe (unicite 1.6%), aucune regle propre, 0 impressions"
pt,www2/pt/nepal-visa-for-german-citizens.html,/pt/nepal-visa-for-german-citizens,nepal,german,yes,https://www.evisa-card.com/pt/nepal-visa-for-german-citizens,457,0.016,0.984,0,0,0.0,,no,no,MERGE_301,/pt/visa-nepal,"Contenu quasi identique au groupe (unicite 1.6%), aucune regle propre, 0 impressions"
pt,www2/pt/nepal-visa-for-indonesian-citizens.html,/pt/nepal-visa-for-indonesian-citizens,nepal,indonesian,yes,https://www.evisa-card.com/pt/nepal-visa-for-indonesian-citizens,456,0.028,0.972,0,0,0.0,,no,no,MERGE_301,/pt/visa-nepal,"Contenu quasi identique au groupe (unicite 2.8%), aucune regle propre, 0 impressions"
pt,www2/pt/nepal-visa-for-japanese-citizens.html,/pt/nepal-visa-for-japanese-citizens,nepal,japanese,yes,https://www.evisa-card.com/pt/nepal-visa-for-japanese-citizens,604,0.1003,0.8997,0,0,0.0,,no,no,MERGE_301,/pt/visa-nepal,"Contenu tres proche du groupe (unicite 10.0%), 0 impression"
pt,www2/pt/nepal-visa-for-korean-citizens.html,/pt/nepal-visa-for-korean-citizens,nepal,korean,yes,https://www.evisa-card.com/pt/nepal-visa-for-korean-citizens,457,0.0222,0.9778,0,0,0.0,,no,no,MERGE_301,/pt/visa-nepal,"Contenu quasi identique au groupe (unicite 2.2%), aucune regle propre, 0 impressions"
pt,www2/pt/nepal-visa-for-mexican-citizens.html,/pt/nepal-visa-for-mexican-citizens,nepal,mexican,yes,https://www.evisa-card.com/pt/nepal-visa-for-mexican-citizens,455,0.0041,0.9959,0,0,0.0,,no,no,MERGE_301,/pt/visa-nepal,"Contenu quasi identique au groupe (unicite 0.4%), aucune regle propre, 0 impressions"
pt,www2/pt/nepal-visa-for-nigerian-citizens.html,/pt/nepal-visa-for-nigerian-citizens,nepal,nigerian,yes,https://www.evisa-card.com/pt/nepal-visa-for-nigerian-citizens,456,0.0061,0.9939,0,0,0.0,,no,no,MERGE_301,/pt/visa-nepal,"Contenu quasi identique au groupe (unicite 0.6%), aucune regle propre, 0 impressions"
pt,www2/pt/nepal-visa-for-philippine-citizens.html,/pt/nepal-visa-for-philippine-citizens,nepal,philippine,yes,https://www.evisa-card.com/pt/nepal-visa-for-philippine-citizens,604,0.0989,0.9011,0,0,0.0,,no,no,MERGE_301,/pt/visa-nepal,"Contenu quasi identique au groupe (unicite 9.9%), aucune regle propre, 0 impressions"
pt,www2/pt/nepal-visa-for-russian-citizens.html,/pt/nepal-visa-for-russian-citizens,nepal,russian,yes,https://www.evisa-card.com/pt/nepal-visa-for-russian-citizens,457,0.0182,0.9818,0,0,0.0,,no,no,MERGE_301,/pt/visa-nepal,"Contenu quasi identique au groupe (unicite 1.8%), aucune regle propre, 0 impressions"
pt,www2/pt/nepal-visa-for-singaporean-citizens.html,/pt/nepal-visa-for-singaporean-citizens,nepal,singaporean,yes,https://www.evisa-card.com/pt/nepal-visa-for-singaporean-citizens,463,0.016,0.984,0,0,0.0,,no,no,MERGE_301,/pt/visa-nepal,"Contenu quasi identique au groupe (unicite 1.6%), aucune regle propre, 0 impressions"
pt,www2/pt/nepal-visa-for-south-african-citizens.html,/pt/nepal-visa-for-south-african-citizens,nepal,south-african,yes,https://www.evisa-card.com/pt/nepal-visa-for-south-african-citizens,460,0.0299,0.9701,0,0,0.0,,no,no,MERGE_301,/pt/visa-nepal,"Contenu quasi identique au groupe (unicite 3.0%), aucune regle propre, 0 impressions"
pt,www2/pt/nepal-visa-for-turkish-citizens.html,/pt/nepal-visa-for-turkish-citizens,nepal,turkish,yes,https://www.evisa-card.com/pt/nepal-visa-for-turkish-citizens,456,0.0162,0.9838,0,0,0.0,,no,no,MERGE_301,/pt/visa-nepal,"Contenu quasi identique au groupe (unicite 1.6%), aucune regle propre, 0 impressions"
pt,www2/pt/nepal-visa-for-uk-citizens.html,/pt/nepal-visa-for-uk-citizens,nepal,uk,yes,https://www.evisa-card.com/pt/nepal-visa-for-uk-citizens,463,0.02,0.98,0,0,0.0,,no,no,MERGE_301,/pt/visa-nepal,"Contenu quasi identique au groupe (unicite 2.0%), aucune regle propre, 0 impressions"
pt,www2/pt/nepal-visa-for-us-citizens.html,/pt/nepal-visa-for-us-citizens,nepal,us,yes,https://www.evisa-card.com/pt/nepal-visa-for-us-citizens,457,0.0222,0.9778,0,0,0.0,,no,no,MERGE_301,/pt/visa-nepal,"Contenu quasi identique au groupe (unicite 2.2%), aucune regle propre, 0 impressions"
pt,www2/pt/sri-lanka-visa-for-argentinian-citizens.html,/pt/sri-lanka-visa-for-argentinian-citizens,sri-lanka,argentinian,yes,https://www.evisa-card.com/pt/sri-lanka-visa-for-argentinian-citizens,396,0.0118,0.9882,0,0,0.0,,no,no,MERGE_301,/pt/visa-sri-lanka,"Contenu quasi identique au groupe (unicite 1.2%), aucune regle propre, 0 impressions"
pt,www2/pt/sri-lanka-visa-for-australian-citizens.html,/pt/sri-lanka-visa-for-australian-citizens,sri-lanka,australian,yes,https://www.evisa-card.com/pt/sri-lanka-visa-for-australian-citizens,521,0.0937,0.9063,0,0,0.0,,no,no,MERGE_301,/pt/visa-sri-lanka,"Contenu quasi identique au groupe (unicite 9.4%), aucune regle propre, 0 impressions"
pt,www2/pt/sri-lanka-visa-for-brazilian-citizens.html,/pt/sri-lanka-visa-for-brazilian-citizens,sri-lanka,brazilian,yes,https://www.evisa-card.com/pt/sri-lanka-visa-for-brazilian-citizens,396,0.0142,0.9858,0,0,0.0,,no,no,MERGE_301,/pt/visa-sri-lanka,"Contenu quasi identique au groupe (unicite 1.4%), aucune regle propre, 0 impressions"
pt,www2/pt/sri-lanka-visa-for-canadian-citizens.html,/pt/sri-lanka-visa-for-canadian-citizens,sri-lanka,canadian,yes,https://www.evisa-card.com/pt/sri-lanka-visa-for-canadian-citizens,523,0.1059,0.8941,0,0,0.0,,no,no,MERGE_301,/pt/visa-sri-lanka,"Contenu tres proche du groupe (unicite 10.6%), 0 impression"
pt,www2/pt/sri-lanka-visa-for-french-citizens.html,/pt/sri-lanka-visa-for-french-citizens,sri-lanka,french,yes,https://www.evisa-card.com/pt/sri-lanka-visa-for-french-citizens,521,0.1063,0.8937,0,0,0.0,,no,no,MERGE_301,/pt/visa-sri-lanka,"Contenu tres proche du groupe (unicite 10.6%), 0 impression"
pt,www2/pt/sri-lanka-visa-for-german-citizens.html,/pt/sri-lanka-visa-for-german-citizens,sri-lanka,german,yes,https://www.evisa-card.com/pt/sri-lanka-visa-for-german-citizens,397,0.0117,0.9883,0,0,0.0,,no,no,MERGE_301,/pt/visa-sri-lanka,"Contenu quasi identique au groupe (unicite 1.2%), aucune regle propre, 0 impressions"
pt,www2/pt/sri-lanka-visa-for-japanese-citizens.html,/pt/sri-lanka-visa-for-japanese-citizens,sri-lanka,japanese,yes,https://www.evisa-card.com/pt/sri-lanka-visa-for-japanese-citizens,522,0.1061,0.8939,0,0,0.0,,no,no,MERGE_301,/pt/visa-sri-lanka,"Contenu tres proche du groupe (unicite 10.6%), 0 impression"
pt,www2/pt/sri-lanka-visa-for-korean-citizens.html,/pt/sri-lanka-visa-for-korean-citizens,sri-lanka,korean,yes,https://www.evisa-card.com/pt/sri-lanka-visa-for-korean-citizens,396,0.0142,0.9858,0,0,0.0,,no,no,MERGE_301,/pt/visa-sri-lanka,"Contenu quasi identique au groupe (unicite 1.4%), aucune regle propre, 0 impressions"
pt,www2/pt/sri-lanka-visa-for-mexican-citizens.html,/pt/sri-lanka-visa-for-mexican-citizens,sri-lanka,mexican,yes,https://www.evisa-card.com/pt/sri-lanka-visa-for-mexican-citizens,396,0.0024,0.9976,0,0,0.0,,no,no,MERGE_301,/pt/visa-sri-lanka,"Contenu quasi identique au groupe (unicite 0.2%), aucune regle propre, 0 impressions"
pt,www2/pt/sri-lanka-visa-for-nigerian-citizens.html,/pt/sri-lanka-visa-for-nigerian-citizens,sri-lanka,nigerian,yes,https://www.evisa-card.com/pt/sri-lanka-visa-for-nigerian-citizens,523,0.0916,0.9084,0,0,0.0,,no,no,MERGE_301,/pt/visa-sri-lanka,"Contenu quasi identique au groupe (unicite 9.2%), aucune regle propre, 0 impressions"
pt,www2/pt/sri-lanka-visa-for-russian-citizens.html,/pt/sri-lanka-visa-for-russian-citizens,sri-lanka,russian,yes,https://www.evisa-card.com/pt/sri-lanka-visa-for-russian-citizens,396,0.0142,0.9858,0,0,0.0,,no,no,MERGE_301,/pt/visa-sri-lanka,"Contenu quasi identique au groupe (unicite 1.4%), aucune regle propre, 0 impressions"
pt,www2/pt/sri-lanka-visa-for-singaporean-citizens.html,/pt/sri-lanka-visa-for-singaporean-citizens,sri-lanka,singaporean,yes,https://www.evisa-card.com/pt/sri-lanka-visa-for-singaporean-citizens,528,0.1085,0.8915,0,0,0.0,,no,no,MERGE_301,/pt/visa-sri-lanka,"Contenu tres proche du groupe (unicite 10.8%), 0 impression"
pt,www2/pt/sri-lanka-visa-for-south-african-citizens.html,/pt/sri-lanka-visa-for-south-african-citizens,sri-lanka,south-african,yes,https://www.evisa-card.com/pt/sri-lanka-visa-for-south-african-citizens,522,0.1206,0.8794,0,0,0.0,,no,no,MERGE_301,/pt/visa-sri-lanka,"Contenu tres proche du groupe (unicite 12.1%), 0 impression"
pt,www2/pt/sri-lanka-visa-for-turkish-citizens.html,/pt/sri-lanka-visa-for-turkish-citizens,sri-lanka,turkish,yes,https://www.evisa-card.com/pt/sri-lanka-visa-for-turkish-citizens,397,0.0118,0.9882,0,0,0.0,,no,no,MERGE_301,/pt/visa-sri-lanka,"Contenu quasi identique au groupe (unicite 1.2%), aucune regle propre, 0 impressions"
pt,www2/pt/sri-lanka-visa-for-uk-citizens.html,/pt/sri-lanka-visa-for-uk-citizens,sri-lanka,uk,yes,https://www.evisa-card.com/pt/sri-lanka-visa-for-uk-citizens,405,0.0255,0.9745,0,0,0.0,,no,no,MERGE_301,/pt/visa-sri-lanka,"Contenu quasi identique au groupe (unicite 2.5%), aucune regle propre, 0 impressions"
pt,www2/pt/sri-lanka-visa-for-us-citizens.html,/pt/sri-lanka-visa-for-us-citizens,sri-lanka,us,yes,https://www.evisa-card.com/pt/sri-lanka-visa-for-us-citizens,526,0.1188,0.8812,0,0,0.0,,no,no,MERGE_301,/pt/visa-sri-lanka,"Contenu tres proche du groupe (unicite 11.9%), 0 impression"
pt,www2/pt/turkey-visa-for-argentinian-citizens.html,/pt/turkey-visa-for-argentinian-citizens,turkey,argentinian,yes,https://www.evisa-card.com/pt/turkey-visa-for-argentinian-citizens,356,0.0605,0.9395,0,0,0.0,,no,no,MERGE_301,/pt/visa-turkey,"Contenu quasi identique au groupe (unicite 6.0%), aucune regle propre, 0 impressions"
pt,www2/pt/turkey-visa-for-australian-citizens.html,/pt/turkey-visa-for-australian-citizens,turkey,australian,yes,https://www.evisa-card.com/pt/turkey-visa-for-australian-citizens,356,0.0405,0.9595,0,0,0.0,,no,no,MERGE_301,/pt/visa-turkey,"Contenu quasi identique au groupe (unicite 4.0%), aucune regle propre, 0 impressions"
pt,www2/pt/turkey-visa-for-brazilian-citizens.html,/pt/turkey-visa-for-brazilian-citizens,turkey,brazilian,yes,https://www.evisa-card.com/pt/turkey-visa-for-brazilian-citizens,491,0.1303,0.8697,0,0,0.0,,no,no,MERGE_301,/pt/visa-turkey,"Contenu tres proche du groupe (unicite 13.0%), 0 impression"
pt,www2/pt/turkey-visa-for-canadian-citizens.html,/pt/turkey-visa-for-canadian-citizens,turkey,canadian,yes,https://www.evisa-card.com/pt/turkey-visa-for-canadian-citizens,500,0.1318,0.8682,0,0,0.0,,no,no,MERGE_301,/pt/visa-turkey,"Contenu tres proche du groupe (unicite 13.2%), 0 impression"
pt,www2/pt/turkey-visa-for-chinese-citizens.html,/pt/turkey-visa-for-chinese-citizens,turkey,chinese,yes,https://www.evisa-card.com/pt/turkey-visa-for-chinese-citizens,359,0.065,0.935,0,0,0.0,,no,no,MERGE_301,/pt/visa-turkey,"Contenu quasi identique au groupe (unicite 6.5%), aucune regle propre, 0 impressions"
pt,www2/pt/turkey-visa-for-indonesian-citizens.html,/pt/turkey-visa-for-indonesian-citizens,turkey,indonesian,yes,https://www.evisa-card.com/pt/turkey-visa-for-indonesian-citizens,494,0.147,0.853,0,0,0.0,,no,no,MERGE_301,/pt/visa-turkey,"Contenu tres proche du groupe (unicite 14.7%), 0 impression"
pt,www2/pt/turkey-visa-for-japanese-citizens.html,/pt/turkey-visa-for-japanese-citizens,turkey,japanese,yes,https://www.evisa-card.com/pt/turkey-visa-for-japanese-citizens,496,0.1343,0.8657,0,0,0.0,,no,no,MERGE_301,/pt/visa-turkey,"Contenu tres proche du groupe (unicite 13.4%), 0 impression"
pt,www2/pt/turkey-visa-for-korean-citizens.html,/pt/turkey-visa-for-korean-citizens,turkey,korean,yes,https://www.evisa-card.com/pt/turkey-visa-for-korean-citizens,494,0.1398,0.8602,0,0,0.0,,no,no,MERGE_301,/pt/visa-turkey,"Contenu tres proche du groupe (unicite 14.0%), 0 impression"
pt,www2/pt/turkey-visa-for-mexican-citizens.html,/pt/turkey-visa-for-mexican-citizens,turkey,mexican,yes,https://www.evisa-card.com/pt/turkey-visa-for-mexican-citizens,358,0.0504,0.9496,0,0,0.0,,no,no,MERGE_301,/pt/visa-turkey,"Contenu quasi identique au groupe (unicite 5.0%), aucune regle propre, 0 impressions"
pt,www2/pt/turkey-visa-for-nigerian-citizens.html,/pt/turkey-visa-for-nigerian-citizens,turkey,nigerian,yes,https://www.evisa-card.com/pt/turkey-visa-for-nigerian-citizens,359,0.0377,0.9623,0,0,0.0,,no,no,MERGE_301,/pt/visa-turkey,"Contenu quasi identique au groupe (unicite 3.8%), aucune regle propre, 0 impressions"
pt,www2/pt/turkey-visa-for-philippine-citizens.html,/pt/turkey-visa-for-philippine-citizens,turkey,philippine,yes,https://www.evisa-card.com/pt/turkey-visa-for-philippine-citizens,362,0.0645,0.9355,0,0,0.0,,no,no,MERGE_301,/pt/visa-turkey,"Contenu quasi identique au groupe (unicite 6.5%), aucune regle propre, 0 impressions"
pt,www2/pt/turkey-visa-for-russian-citizens.html,/pt/turkey-visa-for-russian-citizens,turkey,russian,yes,https://www.evisa-card.com/pt/turkey-visa-for-russian-citizens,497,0.1384,0.8616,0,0,0.0,,no,no,MERGE_301,/pt/visa-turkey,"Contenu tres proche du groupe (unicite 13.8%), 0 impression"
pt,www2/pt/turkey-visa-for-singaporean-citizens.html,/pt/turkey-visa-for-singaporean-citizens,turkey,singaporean,yes,https://www.evisa-card.com/pt/turkey-visa-for-singaporean-citizens,507,0.1357,0.8643,0,0,0.0,,no,no,MERGE_301,/pt/visa-turkey,"Contenu tres proche du groupe (unicite 13.6%), 0 impression"
pt,www2/pt/turkey-visa-for-south-african-citizens.html,/pt/turkey-visa-for-south-african-citizens,turkey,south-african,yes,https://www.evisa-card.com/pt/turkey-visa-for-south-african-citizens,502,0.1454,0.8546,0,0,0.0,,no,no,MERGE_301,/pt/visa-turkey,"Contenu tres proche du groupe (unicite 14.5%), 0 impression"
pt,www2/pt/turkey-visa-for-uk-citizens.html,/pt/turkey-visa-for-uk-citizens,turkey,uk,yes,https://www.evisa-card.com/pt/turkey-visa-for-uk-citizens,374,0.0725,0.9275,0,0,0.0,,no,no,MERGE_301,/pt/visa-turkey,"Contenu quasi identique au groupe (unicite 7.2%), aucune regle propre, 0 impressions"
pt,www2/pt/turkey-visa-for-us-citizens.html,/pt/turkey-visa-for-us-citizens,turkey,us,yes,https://www.evisa-card.com/pt/turkey-visa-for-us-citizens,498,0.1241,0.8759,0,0,0.0,,no,no,MERGE_301,/pt/visa-turkey,"Contenu tres proche du groupe (unicite 12.4%), 0 impression"
zh,www2/zh/india-visa-for-argentinian-citizens.html,/zh/india-visa-for-argentinian-citizens,india,argentinian,yes,https://www.evisa-card.com/zh/india-visa-for-argentinian-citizens,126,0.0298,0.9702,0,0,0.0,,no,no,MERGE_301,/zh/visa-india,"Contenu quasi identique au groupe (unicite 3.0%), aucune regle propre, 0 impressions"
zh,www2/zh/india-visa-for-australian-citizens.html,/zh/india-visa-for-australian-citizens,india,australian,yes,https://www.evisa-card.com/zh/india-visa-for-australian-citizens,127,0.0355,0.9645,0,0,0.0,,no,no,MERGE_301,/zh/visa-india,"Contenu quasi identique au groupe (unicite 3.5%), aucune regle propre, 0 impressions"
zh,www2/zh/india-visa-for-brazilian-citizens.html,/zh/india-visa-for-brazilian-citizens,india,brazilian,yes,https://www.evisa-card.com/zh/india-visa-for-brazilian-citizens,130,0.0349,0.9651,0,0,0.0,,no,no,MERGE_301,/zh/visa-india,"Contenu quasi identique au groupe (unicite 3.5%), aucune regle propre, 0 impressions"
zh,www2/zh/india-visa-for-canadian-citizens.html,/zh/india-visa-for-canadian-citizens,india,canadian,yes,https://www.evisa-card.com/zh/india-visa-for-canadian-citizens,129,0.0468,0.9532,0,0,0.0,,no,no,MERGE_301,/zh/visa-india,"Contenu quasi identique au groupe (unicite 4.7%), aucune regle propre, 0 impressions"
zh,www2/zh/india-visa-for-chinese-citizens.html,/zh/india-visa-for-chinese-citizens,india,chinese,yes,https://www.evisa-card.com/zh/india-visa-for-chinese-citizens,128,0.0412,0.9588,0,0,0.0,,no,no,MERGE_301,/zh/visa-india,"Contenu quasi identique au groupe (unicite 4.1%), aucune regle propre, 0 impressions"
zh,www2/zh/india-visa-for-french-citizens.html,/zh/india-visa-for-french-citizens,india,french,yes,https://www.evisa-card.com/zh/india-visa-for-french-citizens,128,0.0412,0.9588,0,0,0.0,,no,no,MERGE_301,/zh/visa-india,"Contenu quasi identique au groupe (unicite 4.1%), aucune regle propre, 0 impressions"
zh,www2/zh/india-visa-for-german-citizens.html,/zh/india-visa-for-german-citizens,india,german,yes,https://www.evisa-card.com/zh/india-visa-for-german-citizens,128,0.0412,0.9588,0,0,0.0,,no,no,MERGE_301,/zh/visa-india,"Contenu quasi identique au groupe (unicite 4.1%), aucune regle propre, 0 impressions"
zh,www2/zh/india-visa-for-indonesian-citizens.html,/zh/india-visa-for-indonesian-citizens,india,indonesian,yes,https://www.evisa-card.com/zh/india-visa-for-indonesian-citizens,126,0.0298,0.9702,0,0,0.0,,no,no,MERGE_301,/zh/visa-india,"Contenu quasi identique au groupe (unicite 3.0%), aucune regle propre, 0 impressions"
zh,www2/zh/india-visa-for-japanese-citizens.html,/zh/india-visa-for-japanese-citizens,india,japanese,yes,https://www.evisa-card.com/zh/india-visa-for-japanese-citizens,127,0.0355,0.9645,0,0,0.0,,no,no,MERGE_301,/zh/visa-india,"Contenu quasi identique au groupe (unicite 3.5%), aucune regle propre, 0 impressions"
zh,www2/zh/india-visa-for-korean-citizens.html,/zh/india-visa-for-korean-citizens,india,korean,yes,https://www.evisa-card.com/zh/india-visa-for-korean-citizens,128,0.0412,0.9588,0,0,0.0,,no,no,MERGE_301,/zh/visa-india,"Contenu quasi identique au groupe (unicite 4.1%), aucune regle propre, 0 impressions"
zh,www2/zh/india-visa-for-mexican-citizens.html,/zh/india-visa-for-mexican-citizens,india,mexican,yes,https://www.evisa-card.com/zh/india-visa-for-mexican-citizens,129,0.0468,0.9532,0,0,0.0,,no,no,MERGE_301,/zh/visa-india,"Contenu quasi identique au groupe (unicite 4.7%), aucune regle propre, 0 impressions"
zh,www2/zh/india-visa-for-nigerian-citizens.html,/zh/india-visa-for-nigerian-citizens,india,nigerian,yes,https://www.evisa-card.com/zh/india-visa-for-nigerian-citizens,128,0.0353,0.9647,0,0,0.0,,no,no,MERGE_301,/zh/visa-india,"Contenu quasi identique au groupe (unicite 3.5%), aucune regle propre, 0 impressions"
zh,www2/zh/india-visa-for-philippine-citizens.html,/zh/india-visa-for-philippine-citizens,india,philippine,yes,https://www.evisa-card.com/zh/india-visa-for-philippine-citizens,127,0.0355,0.9645,0,0,0.0,,no,no,MERGE_301,/zh/visa-india,"Contenu quasi identique au groupe (unicite 3.5%), aucune regle propre, 0 impressions"
zh,www2/zh/india-visa-for-russian-citizens.html,/zh/india-visa-for-russian-citizens,india,russian,yes,https://www.evisa-card.com/zh/india-visa-for-russian-citizens,128,0.0412,0.9588,0,0,0.0,,no,no,MERGE_301,/zh/visa-india,"Contenu quasi identique au groupe (unicite 4.1%), aucune regle propre, 0 impressions"
zh,www2/zh/india-visa-for-singaporean-citizens.html,/zh/india-visa-for-singaporean-citizens,india,singaporean,yes,https://www.evisa-card.com/zh/india-visa-for-singaporean-citizens,131,0.0462,0.9538,0,0,0.0,,no,no,MERGE_301,/zh/visa-india,"Contenu quasi identique au groupe (unicite 4.6%), aucune regle propre, 0 impressions"
zh,www2/zh/india-visa-for-south-african-citizens.html,/zh/india-visa-for-south-african-citizens,india,south-african,yes,https://www.evisa-card.com/zh/india-visa-for-south-african-citizens,131,0.0462,0.9538,0,0,0.0,,no,no,MERGE_301,/zh/visa-india,"Contenu quasi identique au groupe (unicite 4.6%), aucune regle propre, 0 impressions"
zh,www2/zh/india-visa-for-turkish-citizens.html,/zh/india-visa-for-turkish-citizens,india,turkish,yes,https://www.evisa-card.com/zh/india-visa-for-turkish-citizens,128,0.0412,0.9588,0,0,0.0,,no,no,MERGE_301,/zh/visa-india,"Contenu quasi identique au groupe (unicite 4.1%), aucune regle propre, 0 impressions"
zh,www2/zh/india-visa-for-uk-citizens.html,/zh/india-visa-for-uk-citizens,india,uk,yes,https://www.evisa-card.com/zh/india-visa-for-uk-citizens,128,0.0412,0.9588,0,0,0.0,,no,no,MERGE_301,/zh/visa-india,"Contenu quasi identique au groupe (unicite 4.1%), aucune regle propre, 0 impressions"
zh,www2/zh/india-visa-for-us-citizens.html,/zh/india-visa-for-us-citizens,india,us,yes,https://www.evisa-card.com/zh/india-visa-for-us-citizens,128,0.0471,0.9529,0,0,0.0,,no,no,MERGE_301,/zh/visa-india,"Contenu quasi identique au groupe (unicite 4.7%), aucune regle propre, 0 impressions"
zh,www2/zh/jordan-visa-for-argentinian-citizens.html,/zh/jordan-visa-for-argentinian-citizens,jordan,argentinian,yes,https://www.evisa-card.com/zh/jordan-visa-for-argentinian-citizens,102,0.0647,0.9353,0,0,0.0,,no,no,MERGE_301,/zh/visa-jordan,"Contenu quasi identique au groupe (unicite 6.5%), aucune regle propre, 0 impressions"
zh,www2/zh/jordan-visa-for-australian-citizens.html,/zh/jordan-visa-for-australian-citizens,jordan,australian,yes,https://www.evisa-card.com/zh/jordan-visa-for-australian-citizens,99,0.0441,0.9559,0,0,0.0,,no,no,MERGE_301,/zh/visa-jordan,"Contenu quasi identique au groupe (unicite 4.4%), aucune regle propre, 0 impressions"
zh,www2/zh/jordan-visa-for-canadian-citizens.html,/zh/jordan-visa-for-canadian-citizens,jordan,canadian,yes,https://www.evisa-card.com/zh/jordan-visa-for-canadian-citizens,102,0.0576,0.9424,0,0,0.0,,no,no,MERGE_301,/zh/visa-jordan,"Contenu quasi identique au groupe (unicite 5.8%), aucune regle propre, 0 impressions"
zh,www2/zh/jordan-visa-for-french-citizens.html,/zh/jordan-visa-for-french-citizens,jordan,french,yes,https://www.evisa-card.com/zh/jordan-visa-for-french-citizens,100,0.0584,0.9416,0,0,0.0,,no,no,MERGE_301,/zh/visa-jordan,"Contenu quasi identique au groupe (unicite 5.8%), aucune regle propre, 0 impressions"
zh,www2/zh/jordan-visa-for-indonesian-citizens.html,/zh/jordan-visa-for-indonesian-citizens,jordan,indonesian,yes,https://www.evisa-card.com/zh/jordan-visa-for-indonesian-citizens,102,0.0647,0.9353,0,0,0.0,,no,no,MERGE_301,/zh/visa-jordan,"Contenu quasi identique au groupe (unicite 6.5%), aucune regle propre, 0 impressions"
zh,www2/zh/jordan-visa-for-japanese-citizens.html,/zh/jordan-visa-for-japanese-citizens,jordan,japanese,yes,https://www.evisa-card.com/zh/jordan-visa-for-japanese-citizens,99,0.0515,0.9485,0,0,0.0,,no,no,MERGE_301,/zh/visa-jordan,"Contenu quasi identique au groupe (unicite 5.1%), aucune regle propre, 0 impressions"
zh,www2/zh/jordan-visa-for-korean-citizens.html,/zh/jordan-visa-for-korean-citizens,jordan,korean,yes,https://www.evisa-card.com/zh/jordan-visa-for-korean-citizens,102,0.0576,0.9424,0,0,0.0,,no,no,MERGE_301,/zh/visa-jordan,"Contenu quasi identique au groupe (unicite 5.8%), aucune regle propre, 0 impressions"
zh,www2/zh/jordan-visa-for-mexican-citizens.html,/zh/jordan-visa-for-mexican-citizens,jordan,mexican,yes,https://www.evisa-card.com/zh/jordan-visa-for-mexican-citizens,102,0.0576,0.9424,0,0,0.0,,no,no,MERGE_301,/zh/visa-jordan,"Contenu quasi identique au groupe (unicite 5.8%), aucune regle propre, 0 impressions"
zh,www2/zh/jordan-visa-for-philippine-citizens.html,/zh/jordan-visa-for-philippine-citizens,jordan,philippine,yes,https://www.evisa-card.com/zh/jordan-visa-for-philippine-citizens,102,0.0647,0.9353,0,0,0.0,,no,no,MERGE_301,/zh/visa-jordan,"Contenu quasi identique au groupe (unicite 6.5%), aucune regle propre, 0 impressions"
zh,www2/zh/jordan-visa-for-russian-citizens.html,/zh/jordan-visa-for-russian-citizens,jordan,russian,yes,https://www.evisa-card.com/zh/jordan-visa-for-russian-citizens,100,0.0584,0.9416,0,0,0.0,,no,no,MERGE_301,/zh/visa-jordan,"Contenu quasi identique au groupe (unicite 5.8%), aucune regle propre, 0 impressions"
zh,www2/zh/jordan-visa-for-singaporean-citizens.html,/zh/jordan-visa-for-singaporean-citizens,jordan,singaporean,yes,https://www.evisa-card.com/zh/jordan-visa-for-singaporean-citizens,100,0.0584,0.9416,0,0,0.0,,no,no,MERGE_301,/zh/visa-jordan,"Contenu quasi identique au groupe (unicite 5.8%), aucune regle propre, 0 impressions"
zh,www2/zh/jordan-visa-for-turkish-citizens.html,/zh/jordan-visa-for-turkish-citizens,jordan,turkish,yes,https://www.evisa-card.com/zh/jordan-visa-for-turkish-citizens,99,0.0441,0.9559,0,0,0.0,,no,no,MERGE_301,/zh/visa-jordan,"Contenu quasi identique au groupe (unicite 4.4%), aucune regle propre, 0 impressions"
zh,www2/zh/jordan-visa-for-uk-citizens.html,/zh/jordan-visa-for-uk-citizens,jordan,uk,yes,https://www.evisa-card.com/zh/jordan-visa-for-uk-citizens,100,0.0584,0.9416,0,0,0.0,,no,no,MERGE_301,/zh/visa-jordan,"Contenu quasi identique au groupe (unicite 5.8%), aucune regle propre, 0 impressions"
zh,www2/zh/jordan-visa-for-us-citizens.html,/zh/jordan-visa-for-us-citizens,jordan,us,yes,https://www.evisa-card.com/zh/jordan-visa-for-us-citizens,100,0.0584,0.9416,0,0,0.0,,no,no,MERGE_301,/zh/visa-jordan,"Contenu quasi identique au groupe (unicite 5.8%), aucune regle propre, 0 impressions"
zh,www2/zh/maldives-visa-for-argentinian-citizens.html,/zh/maldives-visa-for-argentinian-citizens,maldives,argentinian,yes,https://www.evisa-card.com/zh/maldives-visa-for-argentinian-citizens,90,0.0938,0.9062,0,0,0.0,,no,no,MERGE_301,/zh/visa-maldives,"Contenu quasi identique au groupe (unicite 9.4%), aucune regle propre, 0 impressions"
zh,www2/zh/maldives-visa-for-australian-citizens.html,/zh/maldives-visa-for-australian-citizens,maldives,australian,yes,https://www.evisa-card.com/zh/maldives-visa-for-australian-citizens,91,0.0928,0.9072,0,0,0.0,,no,no,MERGE_301,/zh/visa-maldives,"Contenu quasi identique au groupe (unicite 9.3%), aucune regle propre, 0 impressions"
zh,www2/zh/maldives-visa-for-brazilian-citizens.html,/zh/maldives-visa-for-brazilian-citizens,maldives,brazilian,yes,https://www.evisa-card.com/zh/maldives-visa-for-brazilian-citizens,93,0.1111,0.8889,0,0,0.0,,no,no,MERGE_301,/zh/visa-maldives,"Contenu tres proche du groupe (unicite 11.1%), 0 impression"
zh,www2/zh/maldives-visa-for-canadian-citizens.html,/zh/maldives-visa-for-canadian-citizens,maldives,canadian,yes,https://www.evisa-card.com/zh/maldives-visa-for-canadian-citizens,92,0.102,0.898,0,0,0.0,,no,no,MERGE_301,/zh/visa-maldives,"Contenu tres proche du groupe (unicite 10.2%), 0 impression"
zh,www2/zh/maldives-visa-for-chinese-citizens.html,/zh/maldives-visa-for-chinese-citizens,maldives,chinese,yes,https://www.evisa-card.com/zh/maldives-visa-for-chinese-citizens,93,0.1134,0.8866,0,0,0.0,,no,no,MERGE_301,/zh/visa-maldives,"Contenu tres proche du groupe (unicite 11.3%), 0 impression"
zh,www2/zh/maldives-visa-for-french-citizens.html,/zh/maldives-visa-for-french-citizens,maldives,french,yes,https://www.evisa-card.com/zh/maldives-visa-for-french-citizens,90,0.0729,0.9271,0,0,0.0,,no,no,MERGE_301,/zh/visa-maldives,"Contenu quasi identique au groupe (unicite 7.3%), aucune regle propre, 0 impressions"
zh,www2/zh/maldives-visa-for-german-citizens.html,/zh/maldives-visa-for-german-citizens,maldives,german,yes,https://www.evisa-card.com/zh/maldives-visa-for-german-citizens,90,0.0729,0.9271,0,0,0.0,,no,no,MERGE_301,/zh/visa-maldives,"Contenu quasi identique au groupe (unicite 7.3%), aucune regle propre, 0 impressions"
zh,www2/zh/maldives-visa-for-indian-citizens.html,/zh/maldives-visa-for-indian-citizens,maldives,indian,yes,https://www.evisa-card.com/zh/maldives-visa-for-indian-citizens,91,0.0825,0.9175,0,0,0.0,,no,no,MERGE_301,/zh/visa-maldives,"Contenu quasi identique au groupe (unicite 8.2%), aucune regle propre, 0 impressions"
zh,www2/zh/maldives-visa-for-indonesian-citizens.html,/zh/maldives-visa-for-indonesian-citizens,maldives,indonesian,yes,https://www.evisa-card.com/zh/maldives-visa-for-indonesian-citizens,90,0.0729,0.9271,0,0,0.0,,no,no,MERGE_301,/zh/visa-maldives,"Contenu quasi identique au groupe (unicite 7.3%), aucune regle propre, 0 impressions"
zh,www2/zh/maldives-visa-for-japanese-citizens.html,/zh/maldives-visa-for-japanese-citizens,maldives,japanese,yes,https://www.evisa-card.com/zh/maldives-visa-for-japanese-citizens,90,0.0729,0.9271,0,0,0.0,,no,no,MERGE_301,/zh/visa-maldives,"Contenu quasi identique au groupe (unicite 7.3%), aucune regle propre, 0 impressions"
zh,www2/zh/maldives-visa-for-korean-citizens.html,/zh/maldives-visa-for-korean-citizens,maldives,korean,yes,https://www.evisa-card.com/zh/maldives-visa-for-korean-citizens,90,0.0938,0.9062,0,0,0.0,,no,no,MERGE_301,/zh/visa-maldives,"Contenu quasi identique au groupe (unicite 9.4%), aucune regle propre, 0 impressions"
zh,www2/zh/maldives-visa-for-mexican-citizens.html,/zh/maldives-visa-for-mexican-citizens,maldives,mexican,yes,https://www.evisa-card.com/zh/maldives-visa-for-mexican-citizens,91,0.0928,0.9072,0,0,0.0,,no,no,MERGE_301,/zh/visa-maldives,"Contenu quasi identique au groupe (unicite 9.3%), aucune regle propre, 0 impressions"
zh,www2/zh/maldives-visa-for-nigerian-citizens.html,/zh/maldives-visa-for-nigerian-citizens,maldives,nigerian,yes,https://www.evisa-card.com/zh/maldives-visa-for-nigerian-citizens,92,0.102,0.898,0,0,0.0,,no,no,MERGE_301,/zh/visa-maldives,"Contenu tres proche du groupe (unicite 10.2%), 0 impression"
zh,www2/zh/maldives-visa-for-russian-citizens.html,/zh/maldives-visa-for-russian-citizens,maldives,russian,yes,https://www.evisa-card.com/zh/maldives-visa-for-russian-citizens,91,0.0928,0.9072,0,0,0.0,,no,no,MERGE_301,/zh/visa-maldives,"Contenu quasi identique au groupe (unicite 9.3%), aucune regle propre, 0 impressions"
zh,www2/zh/maldives-visa-for-singaporean-citizens.html,/zh/maldives-visa-for-singaporean-citizens,maldives,singaporean,yes,https://www.evisa-card.com/zh/maldives-visa-for-singaporean-citizens,92,0.102,0.898,0,0,0.0,,no,no,MERGE_301,/zh/visa-maldives,"Contenu tres proche du groupe (unicite 10.2%), 0 impression"
zh,www2/zh/maldives-visa-for-turkish-citizens.html,/zh/maldives-visa-for-turkish-citizens,maldives,turkish,yes,https://www.evisa-card.com/zh/maldives-visa-for-turkish-citizens,89,0.0737,0.9263,0,0,0.0,,no,no,MERGE_301,/zh/visa-maldives,"Contenu quasi identique au groupe (unicite 7.4%), aucune regle propre, 0 impressions"
zh,www2/zh/maldives-visa-for-uk-citizens.html,/zh/maldives-visa-for-uk-citizens,maldives,uk,yes,https://www.evisa-card.com/zh/maldives-visa-for-uk-citizens,90,0.0833,0.9167,0,0,0.0,,no,no,MERGE_301,/zh/visa-maldives,"Contenu quasi identique au groupe (unicite 8.3%), aucune regle propre, 0 impressions"
zh,www2/zh/maldives-visa-for-us-citizens.html,/zh/maldives-visa-for-us-citizens,maldives,us,yes,https://www.evisa-card.com/zh/maldives-visa-for-us-citizens,89,0.0842,0.9158,0,0,0.0,,no,no,MERGE_301,/zh/visa-maldives,"Contenu quasi identique au groupe (unicite 8.4%), aucune regle propre, 0 impressions"
zh,www2/zh/nepal-visa-for-argentinian-citizens.html,/zh/nepal-visa-for-argentinian-citizens,nepal,argentinian,yes,https://www.evisa-card.com/zh/nepal-visa-for-argentinian-citizens,107,0.0567,0.9433,0,0,0.0,,no,no,MERGE_301,/zh/visa-nepal,"Contenu quasi identique au groupe (unicite 5.7%), aucune regle propre, 0 impressions"
zh,www2/zh/nepal-visa-for-australian-citizens.html,/zh/nepal-visa-for-australian-citizens,nepal,australian,yes,https://www.evisa-card.com/zh/nepal-visa-for-australian-citizens,107,0.0571,0.9429,0,0,0.0,,no,no,MERGE_301,/zh/visa-nepal,"Contenu quasi identique au groupe (unicite 5.7%), aucune regle propre, 0 impressions"
zh,www2/zh/nepal-visa-for-brazilian-citizens.html,/zh/nepal-visa-for-brazilian-citizens,nepal,brazilian,yes,https://www.evisa-card.com/zh/nepal-visa-for-brazilian-citizens,107,0.05,0.95,0,0,0.0,,no,no,MERGE_301,/zh/visa-nepal,"Contenu quasi identique au groupe (unicite 5.0%), aucune regle propre, 0 impressions"
zh,www2/zh/nepal-visa-for-canadian-citizens.html,/zh/nepal-visa-for-canadian-citizens,nepal,canadian,yes,https://www.evisa-card.com/zh/nepal-visa-for-canadian-citizens,128,0.1497,0.8503,0,0,0.0,,no,no,MERGE_301,/zh/visa-nepal,"Contenu tres proche du groupe (unicite 15.0%), 0 impression"
zh,www2/zh/nepal-visa-for-chinese-citizens.html,/zh/nepal-visa-for-chinese-citizens,nepal,chinese,yes,https://www.evisa-card.com/zh/nepal-visa-for-chinese-citizens,109,0.0714,0.9286,0,0,0.0,,no,no,MERGE_301,/zh/visa-nepal,"Contenu quasi identique au groupe (unicite 7.1%), aucune regle propre, 0 impressions"
zh,www2/zh/nepal-visa-for-french-citizens.html,/zh/nepal-visa-for-french-citizens,nepal,french,yes,https://www.evisa-card.com/zh/nepal-visa-for-french-citizens,107,0.05,0.95,0,0,0.0,,no,no,MERGE_301,/zh/visa-nepal,"Contenu quasi identique au groupe (unicite 5.0%), aucune regle propre, 0 impressions"
zh,www2/zh/nepal-visa-for-german-citizens.html,/zh/nepal-visa-for-german-citizens,nepal,german,yes,https://www.evisa-card.com/zh/nepal-visa-for-german-citizens,107,0.05,0.95,0,0,0.0,,no,no,MERGE_301,/zh/visa-nepal,"Contenu quasi identique au groupe (unicite 5.0%), aucune regle propre, 0 impressions"
zh,www2/zh/nepal-visa-for-indonesian-citizens.html,/zh/nepal-visa-for-indonesian-citizens,nepal,indonesian,yes,https://www.evisa-card.com/zh/nepal-visa-for-indonesian-citizens,107,0.0567,0.9433,0,0,0.0,,no,no,MERGE_301,/zh/visa-nepal,"Contenu quasi identique au groupe (unicite 5.7%), aucune regle propre, 0 impressions"
zh,www2/zh/nepal-visa-for-japanese-citizens.html,/zh/nepal-visa-for-japanese-citizens,nepal,japanese,yes,https://www.evisa-card.com/zh/nepal-visa-for-japanese-citizens,128,0.1497,0.8503,0,0,0.0,,no,no,MERGE_301,/zh/visa-nepal,"Contenu tres proche du groupe (unicite 15.0%), 0 impression"
zh,www2/zh/nepal-visa-for-korean-citizens.html,/zh/nepal-visa-for-korean-citizens,nepal,korean,yes,https://www.evisa-card.com/zh/nepal-visa-for-korean-citizens,106,0.0504,0.9496,0,0,0.0,,no,no,MERGE_301,/zh/visa-nepal,"Contenu quasi identique au groupe (unicite 5.0%), aucune regle propre, 0 impressions"
zh,www2/zh/nepal-visa-for-mexican-citizens.html,/zh/nepal-visa-for-mexican-citizens,nepal,mexican,yes,https://www.evisa-card.com/zh/nepal-visa-for-mexican-citizens,107,0.05,0.95,0,0,0.0,,no,no,MERGE_301,/zh/visa-nepal,"Contenu quasi identique au groupe (unicite 5.0%), aucune regle propre, 0 impressions"
zh,www2/zh/nepal-visa-for-nigerian-citizens.html,/zh/nepal-visa-for-nigerian-citizens,nepal,nigerian,yes,https://www.evisa-card.com/zh/nepal-visa-for-nigerian-citizens,105,0.0507,0.9493,0,0,0.0,,no,no,MERGE_301,/zh/visa-nepal,"Contenu quasi identique au groupe (unicite 5.1%), aucune regle propre, 0 impressions"
zh,www2/zh/nepal-visa-for-philippine-citizens.html,/zh/nepal-visa-for-philippine-citizens,nepal,philippine,yes,https://www.evisa-card.com/zh/nepal-visa-for-philippine-citizens,128,0.1497,0.8503,0,0,0.0,,no,no,MERGE_301,/zh/visa-nepal,"Contenu tres proche du groupe (unicite 15.0%), 0 impression"
zh,www2/zh/nepal-visa-for-russian-citizens.html,/zh/nepal-visa-for-russian-citizens,nepal,russian,yes,https://www.evisa-card.com/zh/nepal-visa-for-russian-citizens,107,0.05,0.95,0,0,0.0,,no,no,MERGE_301,/zh/visa-nepal,"Contenu quasi identique au groupe (unicite 5.0%), aucune regle propre, 0 impressions"
zh,www2/zh/nepal-visa-for-singaporean-citizens.html,/zh/nepal-visa-for-singaporean-citizens,nepal,singaporean,yes,https://www.evisa-card.com/zh/nepal-visa-for-singaporean-citizens,107,0.05,0.95,0,0,0.0,,no,no,MERGE_301,/zh/visa-nepal,"Contenu quasi identique au groupe (unicite 5.0%), aucune regle propre, 0 impressions"
zh,www2/zh/nepal-visa-for-south-african-citizens.html,/zh/nepal-visa-for-south-african-citizens,nepal,south-african,yes,https://www.evisa-card.com/zh/nepal-visa-for-south-african-citizens,106,0.0504,0.9496,0,0,0.0,,no,no,MERGE_301,/zh/visa-nepal,"Contenu quasi identique au groupe (unicite 5.0%), aucune regle propre, 0 impressions"
zh,www2/zh/nepal-visa-for-turkish-citizens.html,/zh/nepal-visa-for-turkish-citizens,nepal,turkish,yes,https://www.evisa-card.com/zh/nepal-visa-for-turkish-citizens,107,0.05,0.95,0,0,0.0,,no,no,MERGE_301,/zh/visa-nepal,"Contenu quasi identique au groupe (unicite 5.0%), aucune regle propre, 0 impressions"
zh,www2/zh/nepal-visa-for-uk-citizens.html,/zh/nepal-visa-for-uk-citizens,nepal,uk,yes,https://www.evisa-card.com/zh/nepal-visa-for-uk-citizens,106,0.0504,0.9496,0,0,0.0,,no,no,MERGE_301,/zh/visa-nepal,"Contenu quasi identique au groupe (unicite 5.0%), aucune regle propre, 0 impressions"
zh,www2/zh/nepal-visa-for-us-citizens.html,/zh/nepal-visa-for-us-citizens,nepal,us,yes,https://www.evisa-card.com/zh/nepal-visa-for-us-citizens,105,0.058,0.942,0,0,0.0,,no,no,MERGE_301,/zh/visa-nepal,"Contenu quasi identique au groupe (unicite 5.8%), aucune regle propre, 0 impressions"
zh,www2/zh/sri-lanka-visa-for-argentinian-citizens.html,/zh/sri-lanka-visa-for-argentinian-citizens,sri-lanka,argentinian,yes,https://www.evisa-card.com/zh/sri-lanka-visa-for-argentinian-citizens,112,0.049,0.951,0,0,0.0,,no,no,MERGE_301,/zh/visa-sri-lanka,"Contenu quasi identique au groupe (unicite 4.9%), aucune regle propre, 0 impressions"
zh,www2/zh/sri-lanka-visa-for-brazilian-citizens.html,/zh/sri-lanka-visa-for-brazilian-citizens,sri-lanka,brazilian,yes,https://www.evisa-card.com/zh/sri-lanka-visa-for-brazilian-citizens,115,0.0685,0.9315,0,0,0.0,,no,no,MERGE_301,/zh/visa-sri-lanka,"Contenu quasi identique au groupe (unicite 6.9%), aucune regle propre, 0 impressions"
zh,www2/zh/sri-lanka-visa-for-canadian-citizens.html,/zh/sri-lanka-visa-for-canadian-citizens,sri-lanka,canadian,yes,https://www.evisa-card.com/zh/sri-lanka-visa-for-canadian-citizens,133,0.1494,0.8506,0,0,0.0,,no,no,MERGE_301,/zh/visa-sri-lanka,"Contenu tres proche du groupe (unicite 14.9%), 0 impression"
zh,www2/zh/sri-lanka-visa-for-french-citizens.html,/zh/sri-lanka-visa-for-french-citizens,sri-lanka,french,yes,https://www.evisa-card.com/zh/sri-lanka-visa-for-french-citizens,132,0.1445,0.8555,0,0,0.0,,no,no,MERGE_301,/zh/visa-sri-lanka,"Contenu tres proche du groupe (unicite 14.4%), 0 impression"
zh,www2/zh/sri-lanka-visa-for-german-citizens.html,/zh/sri-lanka-visa-for-german-citizens,sri-lanka,german,yes,https://www.evisa-card.com/zh/sri-lanka-visa-for-german-citizens,113,0.0486,0.9514,0,0,0.0,,no,no,MERGE_301,/zh/visa-sri-lanka,"Contenu quasi identique au groupe (unicite 4.9%), aucune regle propre, 0 impressions"
zh,www2/zh/sri-lanka-visa-for-japanese-citizens.html,/zh/sri-lanka-visa-for-japanese-citizens,sri-lanka,japanese,yes,https://www.evisa-card.com/zh/sri-lanka-visa-for-japanese-citizens,131,0.1395,0.8605,0,0,0.0,,no,no,MERGE_301,/zh/visa-sri-lanka,"Contenu tres proche du groupe (unicite 14.0%), 0 impression"
zh,www2/zh/sri-lanka-visa-for-korean-citizens.html,/zh/sri-lanka-visa-for-korean-citizens,sri-lanka,korean,yes,https://www.evisa-card.com/zh/sri-lanka-visa-for-korean-citizens,113,0.0486,0.9514,0,0,0.0,,no,no,MERGE_301,/zh/visa-sri-lanka,"Contenu quasi identique au groupe (unicite 4.9%), aucune regle propre, 0 impressions"
zh,www2/zh/sri-lanka-visa-for-mexican-citizens.html,/zh/sri-lanka-visa-for-mexican-citizens,sri-lanka,mexican,yes,https://www.evisa-card.com/zh/sri-lanka-visa-for-mexican-citizens,113,0.042,0.958,0,0,0.0,,no,no,MERGE_301,/zh/visa-sri-lanka,"Contenu quasi identique au groupe (unicite 4.2%), aucune regle propre, 0 impressions"
zh,www2/zh/sri-lanka-visa-for-russian-citizens.html,/zh/sri-lanka-visa-for-russian-citizens,sri-lanka,russian,yes,https://www.evisa-card.com/zh/sri-lanka-visa-for-russian-citizens,113,0.042,0.958,0,0,0.0,,no,no,MERGE_301,/zh/visa-sri-lanka,"Contenu quasi identique au groupe (unicite 4.2%), aucune regle propre, 0 impressions"
zh,www2/zh/sri-lanka-visa-for-singaporean-citizens.html,/zh/sri-lanka-visa-for-singaporean-citizens,sri-lanka,singaporean,yes,https://www.evisa-card.com/zh/sri-lanka-visa-for-singaporean-citizens,134,0.1486,0.8514,0,0,0.0,,no,no,MERGE_301,/zh/visa-sri-lanka,"Contenu tres proche du groupe (unicite 14.9%), 0 impression"
zh,www2/zh/sri-lanka-visa-for-south-african-citizens.html,/zh/sri-lanka-visa-for-south-african-citizens,sri-lanka,south-african,yes,https://www.evisa-card.com/zh/sri-lanka-visa-for-south-african-citizens,134,0.1486,0.8514,0,0,0.0,,no,no,MERGE_301,/zh/visa-sri-lanka,"Contenu tres proche du groupe (unicite 14.9%), 0 impression"
zh,www2/zh/sri-lanka-visa-for-turkish-citizens.html,/zh/sri-lanka-visa-for-turkish-citizens,sri-lanka,turkish,yes,https://www.evisa-card.com/zh/sri-lanka-visa-for-turkish-citizens,113,0.042,0.958,0,0,0.0,,no,no,MERGE_301,/zh/visa-sri-lanka,"Contenu quasi identique au groupe (unicite 4.2%), aucune regle propre, 0 impressions"
zh,www2/zh/sri-lanka-visa-for-uk-citizens.html,/zh/sri-lanka-visa-for-uk-citizens,sri-lanka,uk,yes,https://www.evisa-card.com/zh/sri-lanka-visa-for-uk-citizens,113,0.042,0.958,0,0,0.0,,no,no,MERGE_301,/zh/visa-sri-lanka,"Contenu quasi identique au groupe (unicite 4.2%), aucune regle propre, 0 impressions"
th,www2/th/india-visa-for-argentinian-citizens.html,/th/india-visa-for-argentinian-citizens,india,argentinian,yes,https://www.evisa-card.com/th/india-visa-for-argentinian-citizens,284,0.0225,0.9775,0,0,0.0,,no,no,MERGE_301,/th/visa-india,"Contenu quasi identique au groupe (unicite 2.2%), aucune regle propre, 0 impressions"
th,www2/th/india-visa-for-australian-citizens.html,/th/india-visa-for-australian-citizens,india,australian,yes,https://www.evisa-card.com/th/india-visa-for-australian-citizens,284,0.0225,0.9775,0,0,0.0,,no,no,MERGE_301,/th/visa-india,"Contenu quasi identique au groupe (unicite 2.2%), aucune regle propre, 0 impressions"
th,www2/th/india-visa-for-brazilian-citizens.html,/th/india-visa-for-brazilian-citizens,india,brazilian,yes,https://www.evisa-card.com/th/india-visa-for-brazilian-citizens,283,0.0226,0.9774,0,0,0.0,,no,no,MERGE_301,/th/visa-india,"Contenu quasi identique au groupe (unicite 2.3%), aucune regle propre, 0 impressions"
th,www2/th/india-visa-for-canadian-citizens.html,/th/india-visa-for-canadian-citizens,india,canadian,yes,https://www.evisa-card.com/th/india-visa-for-canadian-citizens,283,0.0226,0.9774,0,0,0.0,,no,no,MERGE_301,/th/visa-india,"Contenu quasi identique au groupe (unicite 2.3%), aucune regle propre, 0 impressions"
th,www2/th/india-visa-for-chinese-citizens.html,/th/india-visa-for-chinese-citizens,india,chinese,yes,https://www.evisa-card.com/th/india-visa-for-chinese-citizens,281,0.0162,0.9838,0,0,0.0,,no,no,MERGE_301,/th/visa-india,"Contenu quasi identique au groupe (unicite 1.6%), aucune regle propre, 0 impressions"
th,www2/th/india-visa-for-french-citizens.html,/th/india-visa-for-french-citizens,india,french,yes,https://www.evisa-card.com/th/india-visa-for-french-citizens,284,0.0225,0.9775,0,0,0.0,,no,no,MERGE_301,/th/visa-india,"Contenu quasi identique au groupe (unicite 2.2%), aucune regle propre, 0 impressions"
th,www2/th/india-visa-for-german-citizens.html,/th/india-visa-for-german-citizens,india,german,yes,https://www.evisa-card.com/th/india-visa-for-german-citizens,283,0.0226,0.9774,0,0,0.0,,no,no,MERGE_301,/th/visa-india,"Contenu quasi identique au groupe (unicite 2.3%), aucune regle propre, 0 impressions"
th,www2/th/india-visa-for-indonesian-citizens.html,/th/india-visa-for-indonesian-citizens,india,indonesian,yes,https://www.evisa-card.com/th/india-visa-for-indonesian-citizens,283,0.0226,0.9774,0,0,0.0,,no,no,MERGE_301,/th/visa-india,"Contenu quasi identique au groupe (unicite 2.3%), aucune regle propre, 0 impressions"
th,www2/th/india-visa-for-japanese-citizens.html,/th/india-visa-for-japanese-citizens,india,japanese,yes,https://www.evisa-card.com/th/india-visa-for-japanese-citizens,283,0.0226,0.9774,0,0,0.0,,no,no,MERGE_301,/th/visa-india,"Contenu quasi identique au groupe (unicite 2.3%), aucune regle propre, 0 impressions"
th,www2/th/india-visa-for-korean-citizens.html,/th/india-visa-for-korean-citizens,india,korean,yes,https://www.evisa-card.com/th/india-visa-for-korean-citizens,281,0.0162,0.9838,0,0,0.0,,no,no,MERGE_301,/th/visa-india,"Contenu quasi identique au groupe (unicite 1.6%), aucune regle propre, 0 impressions"
th,www2/th/india-visa-for-mexican-citizens.html,/th/india-visa-for-mexican-citizens,india,mexican,yes,https://www.evisa-card.com/th/india-visa-for-mexican-citizens,283,0.0226,0.9774,0,0,0.0,,no,no,MERGE_301,/th/visa-india,"Contenu quasi identique au groupe (unicite 2.3%), aucune regle propre, 0 impressions"
th,www2/th/india-visa-for-nigerian-citizens.html,/th/india-visa-for-nigerian-citizens,india,nigerian,yes,https://www.evisa-card.com/th/india-visa-for-nigerian-citizens,284,0.0225,0.9775,0,0,0.0,,no,no,MERGE_301,/th/visa-india,"Contenu quasi identique au groupe (unicite 2.2%), aucune regle propre, 0 impressions"
th,www2/th/india-visa-for-philippine-citizens.html,/th/india-visa-for-philippine-citizens,india,philippine,yes,https://www.evisa-card.com/th/india-visa-for-philippine-citizens,286,0.0256,0.9744,0,0,0.0,,no,no,MERGE_301,/th/visa-india,"Contenu quasi identique au groupe (unicite 2.6%), aucune regle propre, 0 impressions"
th,www2/th/india-visa-for-russian-citizens.html,/th/india-visa-for-russian-citizens,india,russian,yes,https://www.evisa-card.com/th/india-visa-for-russian-citizens,281,0.0162,0.9838,0,0,0.0,,no,no,MERGE_301,/th/visa-india,"Contenu quasi identique au groupe (unicite 1.6%), aucune regle propre, 0 impressions"
th,www2/th/india-visa-for-singaporean-citizens.html,/th/india-visa-for-singaporean-citizens,india,singaporean,yes,https://www.evisa-card.com/th/india-visa-for-singaporean-citizens,283,0.0226,0.9774,0,0,0.0,,no,no,MERGE_301,/th/visa-india,"Contenu quasi identique au groupe (unicite 2.3%), aucune regle propre, 0 impressions"
th,www2/th/india-visa-for-south-african-citizens.html,/th/india-visa-for-south-african-citizens,india,south-african,yes,https://www.evisa-card.com/th/india-visa-for-south-african-citizens,285,0.0288,0.9712,0,0,0.0,,no,no,MERGE_301,/th/visa-india,"Contenu quasi identique au groupe (unicite 2.9%), aucune regle propre, 0 impressions"
th,www2/th/india-visa-for-turkish-citizens.html,/th/india-visa-for-turkish-citizens,india,turkish,yes,https://www.evisa-card.com/th/india-visa-for-turkish-citizens,282,0.0162,0.9838,0,0,0.0,,no,no,MERGE_301,/th/visa-india,"Contenu quasi identique au groupe (unicite 1.6%), aucune regle propre, 0 impressions"
th,www2/th/india-visa-for-uk-citizens.html,/th/india-visa-for-uk-citizens,india,uk,yes,https://www.evisa-card.com/th/india-visa-for-uk-citizens,274,0.0166,0.9834,0,0,0.0,,no,no,MERGE_301,/th/visa-india,"Contenu quasi identique au groupe (unicite 1.7%), aucune regle propre, 0 impressions"
th,www2/th/india-visa-for-us-citizens.html,/th/india-visa-for-us-citizens,india,us,yes,https://www.evisa-card.com/th/india-visa-for-us-citizens,275,0.0397,0.9603,0,0,0.0,,no,no,MERGE_301,/th/visa-india,"Contenu quasi identique au groupe (unicite 4.0%), aucune regle propre, 0 impressions"
th,www2/th/jordan-visa-for-argentinian-citizens.html,/th/jordan-visa-for-argentinian-citizens,jordan,argentinian,yes,https://www.evisa-card.com/th/jordan-visa-for-argentinian-citizens,322,0.0373,0.9627,0,0,0.0,,no,no,MERGE_301,/th/visa-jordan,"Contenu quasi identique au groupe (unicite 3.7%), aucune regle propre, 0 impressions"
th,www2/th/jordan-visa-for-australian-citizens.html,/th/jordan-visa-for-australian-citizens,jordan,australian,yes,https://www.evisa-card.com/th/jordan-visa-for-australian-citizens,329,0.0486,0.9514,0,0,0.0,,no,no,MERGE_301,/th/visa-jordan,"Contenu quasi identique au groupe (unicite 4.9%), aucune regle propre, 0 impressions"
th,www2/th/jordan-visa-for-brazilian-citizens.html,/th/jordan-visa-for-brazilian-citizens,jordan,brazilian,yes,https://www.evisa-card.com/th/jordan-visa-for-brazilian-citizens,412,0.1401,0.8599,0,0,0.0,,no,no,MERGE_301,/th/visa-jordan,"Contenu tres proche du groupe (unicite 14.0%), 0 impression"
th,www2/th/jordan-visa-for-canadian-citizens.html,/th/jordan-visa-for-canadian-citizens,jordan,canadian,yes,https://www.evisa-card.com/th/jordan-visa-for-canadian-citizens,320,0.0219,0.9781,0,0,0.0,,no,no,MERGE_301,/th/visa-jordan,"Contenu quasi identique au groupe (unicite 2.2%), aucune regle propre, 0 impressions"
th,www2/th/jordan-visa-for-french-citizens.html,/th/jordan-visa-for-french-citizens,jordan,french,yes,https://www.evisa-card.com/th/jordan-visa-for-french-citizens,317,0.0284,0.9716,0,0,0.0,,no,no,MERGE_301,/th/visa-jordan,"Contenu quasi identique au groupe (unicite 2.8%), aucune regle propre, 0 impressions"
th,www2/th/jordan-visa-for-german-citizens.html,/th/jordan-visa-for-german-citizens,jordan,german,yes,https://www.evisa-card.com/th/jordan-visa-for-german-citizens,403,0.1259,0.8741,0,0,0.0,,no,no,MERGE_301,/th/visa-jordan,"Contenu tres proche du groupe (unicite 12.6%), 0 impression"
th,www2/th/jordan-visa-for-indonesian-citizens.html,/th/jordan-visa-for-indonesian-citizens,jordan,indonesian,yes,https://www.evisa-card.com/th/jordan-visa-for-indonesian-citizens,326,0.0399,0.9601,0,0,0.0,,no,no,MERGE_301,/th/visa-jordan,"Contenu quasi identique au groupe (unicite 4.0%), aucune regle propre, 0 impressions"
th,www2/th/jordan-visa-for-japanese-citizens.html,/th/jordan-visa-for-japanese-citizens,jordan,japanese,yes,https://www.evisa-card.com/th/jordan-visa-for-japanese-citizens,316,0.0222,0.9778,0,0,0.0,,no,no,MERGE_301,/th/visa-jordan,"Contenu quasi identique au groupe (unicite 2.2%), aucune regle propre, 0 impressions"
th,www2/th/jordan-visa-for-korean-citizens.html,/th/jordan-visa-for-korean-citizens,jordan,korean,yes,https://www.evisa-card.com/th/jordan-visa-for-korean-citizens,318,0.0314,0.9686,0,0,0.0,,no,no,MERGE_301,/th/visa-jordan,"Contenu quasi identique au groupe (unicite 3.1%), aucune regle propre, 0 impressions"
th,www2/th/jordan-visa-for-mexican-citizens.html,/th/jordan-visa-for-mexican-citizens,jordan,mexican,yes,https://www.evisa-card.com/th/jordan-visa-for-mexican-citizens,327,0.0428,0.9572,0,0,0.0,,no,no,MERGE_301,/th/visa-jordan,"Contenu quasi identique au groupe (unicite 4.3%), aucune regle propre, 0 impressions"
th,www2/th/jordan-visa-for-philippine-citizens.html,/th/jordan-visa-for-philippine-citizens,jordan,philippine,yes,https://www.evisa-card.com/th/jordan-visa-for-philippine-citizens,320,0.0281,0.9719,0,0,0.0,,no,no,MERGE_301,/th/visa-jordan,"Contenu quasi identique au groupe (unicite 2.8%), aucune regle propre, 0 impressions"
th,www2/th/jordan-visa-for-russian-citizens.html,/th/jordan-visa-for-russian-citizens,jordan,russian,yes,https://www.evisa-card.com/th/jordan-visa-for-russian-citizens,325,0.0431,0.9569,0,0,0.0,,no,no,MERGE_301,/th/visa-jordan,"Contenu quasi identique au groupe (unicite 4.3%), aucune regle propre, 0 impressions"
th,www2/th/jordan-visa-for-singaporean-citizens.html,/th/jordan-visa-for-singaporean-citizens,jordan,singaporean,yes,https://www.evisa-card.com/th/jordan-visa-for-singaporean-citizens,327,0.0428,0.9572,0,0,0.0,,no,no,MERGE_301,/th/visa-jordan,"Contenu quasi identique au groupe (unicite 4.3%), aucune regle propre, 0 impressions"
th,www2/th/jordan-visa-for-south-african-citizens.html,/th/jordan-visa-for-south-african-citizens,jordan,south-african,yes,https://www.evisa-card.com/th/jordan-visa-for-south-african-citizens,422,0.1462,0.8538,0,0,0.0,,no,no,MERGE_301,/th/visa-jordan,"Contenu tres proche du groupe (unicite 14.6%), 0 impression"
th,www2/th/jordan-visa-for-turkish-citizens.html,/th/jordan-visa-for-turkish-citizens,jordan,turkish,yes,https://www.evisa-card.com/th/jordan-visa-for-turkish-citizens,317,0.0315,0.9685,0,0,0.0,,no,no,MERGE_301,/th/visa-jordan,"Contenu quasi identique au groupe (unicite 3.1%), aucune regle propre, 0 impressions"
th,www2/th/jordan-visa-for-uk-citizens.html,/th/jordan-visa-for-uk-citizens,jordan,uk,yes,https://www.evisa-card.com/th/jordan-visa-for-uk-citizens,326,0.046,0.954,0,0,0.0,,no,no,MERGE_301,/th/visa-jordan,"Contenu quasi identique au groupe (unicite 4.6%), aucune regle propre, 0 impressions"
th,www2/th/jordan-visa-for-us-citizens.html,/th/jordan-visa-for-us-citizens,jordan,us,yes,https://www.evisa-card.com/th/jordan-visa-for-us-citizens,324,0.0494,0.9506,0,0,0.0,,no,no,MERGE_301,/th/visa-jordan,"Contenu quasi identique au groupe (unicite 4.9%), aucune regle propre, 0 impressions"
th,www2/th/maldives-visa-for-argentinian-citizens.html,/th/maldives-visa-for-argentinian-citizens,maldives,argentinian,yes,https://www.evisa-card.com/th/maldives-visa-for-argentinian-citizens,255,0.056,0.944,0,0,0.0,,no,no,MERGE_301,/th/visa-maldives,"Contenu quasi identique au groupe (unicite 5.6%), aucune regle propre, 0 impressions"
th,www2/th/maldives-visa-for-australian-citizens.html,/th/maldives-visa-for-australian-citizens,maldives,australian,yes,https://www.evisa-card.com/th/maldives-visa-for-australian-citizens,265,0.0538,0.9462,0,0,0.0,,no,no,MERGE_301,/th/visa-maldives,"Contenu quasi identique au groupe (unicite 5.4%), aucune regle propre, 0 impressions"
th,www2/th/maldives-visa-for-brazilian-citizens.html,/th/maldives-visa-for-brazilian-citizens,maldives,brazilian,yes,https://www.evisa-card.com/th/maldives-visa-for-brazilian-citizens,255,0.048,0.952,0,0,0.0,,no,no,MERGE_301,/th/visa-maldives,"Contenu quasi identique au groupe (unicite 4.8%), aucune regle propre, 0 impressions"
th,www2/th/maldives-visa-for-canadian-citizens.html,/th/maldives-visa-for-canadian-citizens,maldives,canadian,yes,https://www.evisa-card.com/th/maldives-visa-for-canadian-citizens,258,0.0553,0.9447,0,0,0.0,,no,no,MERGE_301,/th/visa-maldives,"Contenu quasi identique au groupe (unicite 5.5%), aucune regle propre, 0 impressions"
th,www2/th/maldives-visa-for-chinese-citizens.html,/th/maldives-visa-for-chinese-citizens,maldives,chinese,yes,https://www.evisa-card.com/th/maldives-visa-for-chinese-citizens,252,0.0364,0.9636,0,0,0.0,,no,no,MERGE_301,/th/visa-maldives,"Contenu quasi identique au groupe (unicite 3.6%), aucune regle propre, 0 impressions"
th,www2/th/maldives-visa-for-french-citizens.html,/th/maldives-visa-for-french-citizens,maldives,french,yes,https://www.evisa-card.com/th/maldives-visa-for-french-citizens,250,0.0408,0.9592,0,0,0.0,,no,no,MERGE_301,/th/visa-maldives,"Contenu quasi identique au groupe (unicite 4.1%), aucune regle propre, 0 impressions"
th,www2/th/maldives-visa-for-german-citizens.html,/th/maldives-visa-for-german-citizens,maldives,german,yes,https://www.evisa-card.com/th/maldives-visa-for-german-citizens,250,0.0408,0.9592,0,0,0.0,,no,no,MERGE_301,/th/visa-maldives,"Contenu quasi identique au groupe (unicite 4.1%), aucune regle propre, 0 impressions"
th,www2/th/maldives-visa-for-indian-citizens.html,/th/maldives-visa-for-indian-citizens,maldives,indian,yes,https://www.evisa-card.com/th/maldives-visa-for-indian-citizens,255,0.044,0.956,0,0,0.0,,no,no,MERGE_301,/th/visa-maldives,"Contenu quasi identique au groupe (unicite 4.4%), aucune regle propre, 0 impressions"
th,www2/th/maldives-visa-for-indonesian-citizens.html,/th/maldives-visa-for-indonesian-citizens,maldives,indonesian,yes,https://www.evisa-card.com/th/maldives-visa-for-indonesian-citizens,257,0.0516,0.9484,0,0,0.0,,no,no,MERGE_301,/th/visa-maldives,"Contenu quasi identique au groupe (unicite 5.2%), aucune regle propre, 0 impressions"
th,www2/th/maldives-visa-for-japanese-citizens.html,/th/maldives-visa-for-japanese-citizens,maldives,japanese,yes,https://www.evisa-card.com/th/maldives-visa-for-japanese-citizens,250,0.0408,0.9592,0,0,0.0,,no,no,MERGE_301,/th/visa-maldives,"Contenu quasi identique au groupe (unicite 4.1%), aucune regle propre, 0 impressions"
th,www2/th/maldives-visa-for-korean-citizens.html,/th/maldives-visa-for-korean-citizens,maldives,korean,yes,https://www.evisa-card.com/th/maldives-visa-for-korean-citizens,250,0.0408,0.9592,0,0,0.0,,no,no,MERGE_301,/th/visa-maldives,"Contenu quasi identique au groupe (unicite 4.1%), aucune regle propre, 0 impressions"
th,www2/th/maldives-visa-for-mexican-citizens.html,/th/maldives-visa-for-mexican-citizens,maldives,mexican,yes,https://www.evisa-card.com/th/maldives-visa-for-mexican-citizens,265,0.0577,0.9423,0,0,0.0,,no,no,MERGE_301,/th/visa-maldives,"Contenu quasi identique au groupe (unicite 5.8%), aucune regle propre, 0 impressions"
th,www2/th/maldives-visa-for-philippine-citizens.html,/th/maldives-visa-for-philippine-citizens,maldives,philippine,yes,https://www.evisa-card.com/th/maldives-visa-for-philippine-citizens,268,0.0875,0.9125,0,0,0.0,,no,no,MERGE_301,/th/visa-maldives,"Contenu quasi identique au groupe (unicite 8.8%), aucune regle propre, 0 impressions"
th,www2/th/maldives-visa-for-russian-citizens.html,/th/maldives-visa-for-russian-citizens,maldives,russian,yes,https://www.evisa-card.com/th/maldives-visa-for-russian-citizens,258,0.0514,0.9486,0,0,0.0,,no,no,MERGE_301,/th/visa-maldives,"Contenu quasi identique au groupe (unicite 5.1%), aucune regle propre, 0 impressions"
th,www2/th/maldives-visa-for-singaporean-citizens.html,/th/maldives-visa-for-singaporean-citizens,maldives,singaporean,yes,https://www.evisa-card.com/th/maldives-visa-for-singaporean-citizens,266,0.0575,0.9425,0,0,0.0,,no,no,MERGE_301,/th/visa-maldives,"Contenu quasi identique au groupe (unicite 5.8%), aucune regle propre, 0 impressions"
th,www2/th/maldives-visa-for-turkish-citizens.html,/th/maldives-visa-for-turkish-citizens,maldives,turkish,yes,https://www.evisa-card.com/th/maldives-visa-for-turkish-citizens,251,0.0407,0.9593,0,0,0.0,,no,no,MERGE_301,/th/visa-maldives,"Contenu quasi identique au groupe (unicite 4.1%), aucune regle propre, 0 impressions"
th,www2/th/maldives-visa-for-uk-citizens.html,/th/maldives-visa-for-uk-citizens,maldives,uk,yes,https://www.evisa-card.com/th/maldives-visa-for-uk-citizens,255,0.0522,0.9478,0,0,0.0,,no,no,MERGE_301,/th/visa-maldives,"Contenu quasi identique au groupe (unicite 5.2%), aucune regle propre, 0 impressions"
th,www2/th/maldives-visa-for-us-citizens.html,/th/maldives-visa-for-us-citizens,maldives,us,yes,https://www.evisa-card.com/th/maldives-visa-for-us-citizens,250,0.0612,0.9388,0,0,0.0,,no,no,MERGE_301,/th/visa-maldives,"Contenu quasi identique au groupe (unicite 6.1%), aucune regle propre, 0 impressions"
th,www2/th/nepal-visa-for-argentinian-citizens.html,/th/nepal-visa-for-argentinian-citizens,nepal,argentinian,yes,https://www.evisa-card.com/th/nepal-visa-for-argentinian-citizens,326,0.0337,0.9663,0,0,0.0,,no,no,MERGE_301,/th/visa-nepal,"Contenu quasi identique au groupe (unicite 3.4%), aucune regle propre, 0 impressions"
th,www2/th/nepal-visa-for-australian-citizens.html,/th/nepal-visa-for-australian-citizens,nepal,australian,yes,https://www.evisa-card.com/th/nepal-visa-for-australian-citizens,325,0.0246,0.9754,0,0,0.0,,no,no,MERGE_301,/th/visa-nepal,"Contenu quasi identique au groupe (unicite 2.5%), aucune regle propre, 0 impressions"
th,www2/th/nepal-visa-for-brazilian-citizens.html,/th/nepal-visa-for-brazilian-citizens,nepal,brazilian,yes,https://www.evisa-card.com/th/nepal-visa-for-brazilian-citizens,323,0.0248,0.9752,0,0,0.0,,no,no,MERGE_301,/th/visa-nepal,"Contenu quasi identique au groupe (unicite 2.5%), aucune regle propre, 0 impressions"
th,www2/th/nepal-visa-for-canadian-citizens.html,/th/nepal-visa-for-canadian-citizens,nepal,canadian,yes,https://www.evisa-card.com/th/nepal-visa-for-canadian-citizens,398,0.1153,0.8847,0,0,0.0,,no,no,MERGE_301,/th/visa-nepal,"Contenu tres proche du groupe (unicite 11.5%), 0 impression"
th,www2/th/nepal-visa-for-chinese-citizens.html,/th/nepal-visa-for-chinese-citizens,nepal,chinese,yes,https://www.evisa-card.com/th/nepal-visa-for-chinese-citizens,316,0.0253,0.9747,0,0,0.0,,no,no,MERGE_301,/th/visa-nepal,"Contenu quasi identique au groupe (unicite 2.5%), aucune regle propre, 0 impressions"
th,www2/th/nepal-visa-for-french-citizens.html,/th/nepal-visa-for-french-citizens,nepal,french,yes,https://www.evisa-card.com/th/nepal-visa-for-french-citizens,316,0.0253,0.9747,0,0,0.0,,no,no,MERGE_301,/th/visa-nepal,"Contenu quasi identique au groupe (unicite 2.5%), aucune regle propre, 0 impressions"
th,www2/th/nepal-visa-for-german-citizens.html,/th/nepal-visa-for-german-citizens,nepal,german,yes,https://www.evisa-card.com/th/nepal-visa-for-german-citizens,316,0.0253,0.9747,0,0,0.0,,no,no,MERGE_301,/th/visa-nepal,"Contenu quasi identique au groupe (unicite 2.5%), aucune regle propre, 0 impressions"
th,www2/th/nepal-visa-for-japanese-citizens.html,/th/nepal-visa-for-japanese-citizens,nepal,japanese,yes,https://www.evisa-card.com/th/nepal-visa-for-japanese-citizens,393,0.1142,0.8858,0,0,0.0,,no,no,MERGE_301,/th/visa-nepal,"Contenu tres proche du groupe (unicite 11.4%), 0 impression"
th,www2/th/nepal-visa-for-korean-citizens.html,/th/nepal-visa-for-korean-citizens,nepal,korean,yes,https://www.evisa-card.com/th/nepal-visa-for-korean-citizens,308,0.0325,0.9675,0,0,0.0,,no,no,MERGE_301,/th/visa-nepal,"Contenu quasi identique au groupe (unicite 3.2%), aucune regle propre, 0 impressions"
th,www2/th/nepal-visa-for-mexican-citizens.html,/th/nepal-visa-for-mexican-citizens,nepal,mexican,yes,https://www.evisa-card.com/th/nepal-visa-for-mexican-citizens,313,0.0288,0.9712,0,0,0.0,,no,no,MERGE_301,/th/visa-nepal,"Contenu quasi identique au groupe (unicite 2.9%), aucune regle propre, 0 impressions"
th,www2/th/nepal-visa-for-nigerian-citizens.html,/th/nepal-visa-for-nigerian-citizens,nepal,nigerian,yes,https://www.evisa-card.com/th/nepal-visa-for-nigerian-citizens,323,0.0248,0.9752,0,0,0.0,,no,no,MERGE_301,/th/visa-nepal,"Contenu quasi identique au groupe (unicite 2.5%), aucune regle propre, 0 impressions"
th,www2/th/nepal-visa-for-philippine-citizens.html,/th/nepal-visa-for-philippine-citizens,nepal,philippine,yes,https://www.evisa-card.com/th/nepal-visa-for-philippine-citizens,405,0.1232,0.8768,0,0,0.0,,no,no,MERGE_301,/th/visa-nepal,"Contenu tres proche du groupe (unicite 12.3%), 0 impression"
th,www2/th/nepal-visa-for-russian-citizens.html,/th/nepal-visa-for-russian-citizens,nepal,russian,yes,https://www.evisa-card.com/th/nepal-visa-for-russian-citizens,316,0.0253,0.9747,0,0,0.0,,no,no,MERGE_301,/th/visa-nepal,"Contenu quasi identique au groupe (unicite 2.5%), aucune regle propre, 0 impressions"
th,www2/th/nepal-visa-for-singaporean-citizens.html,/th/nepal-visa-for-singaporean-citizens,nepal,singaporean,yes,https://www.evisa-card.com/th/nepal-visa-for-singaporean-citizens,320,0.0281,0.9719,0,0,0.0,,no,no,MERGE_301,/th/visa-nepal,"Contenu quasi identique au groupe (unicite 2.8%), aucune regle propre, 0 impressions"
th,www2/th/nepal-visa-for-south-african-citizens.html,/th/nepal-visa-for-south-african-citizens,nepal,south-african,yes,https://www.evisa-card.com/th/nepal-visa-for-south-african-citizens,329,0.0456,0.9544,0,0,0.0,,no,no,MERGE_301,/th/visa-nepal,"Contenu quasi identique au groupe (unicite 4.6%), aucune regle propre, 0 impressions"
th,www2/th/nepal-visa-for-turkish-citizens.html,/th/nepal-visa-for-turkish-citizens,nepal,turkish,yes,https://www.evisa-card.com/th/nepal-visa-for-turkish-citizens,316,0.0253,0.9747,0,0,0.0,,no,no,MERGE_301,/th/visa-nepal,"Contenu quasi identique au groupe (unicite 2.5%), aucune regle propre, 0 impressions"
th,www2/th/nepal-visa-for-uk-citizens.html,/th/nepal-visa-for-uk-citizens,nepal,uk,yes,https://www.evisa-card.com/th/nepal-visa-for-uk-citizens,316,0.0253,0.9747,0,0,0.0,,no,no,MERGE_301,/th/visa-nepal,"Contenu quasi identique au groupe (unicite 2.5%), aucune regle propre, 0 impressions"
th,www2/th/nepal-visa-for-us-citizens.html,/th/nepal-visa-for-us-citizens,nepal,us,yes,https://www.evisa-card.com/th/nepal-visa-for-us-citizens,322,0.0466,0.9534,0,0,0.0,,no,no,MERGE_301,/th/visa-nepal,"Contenu quasi identique au groupe (unicite 4.7%), aucune regle propre, 0 impressions"
th,www2/th/sri-lanka-visa-for-argentinian-citizens.html,/th/sri-lanka-visa-for-argentinian-citizens,sri-lanka,argentinian,yes,https://www.evisa-card.com/th/sri-lanka-visa-for-argentinian-citizens,243,0.0405,0.9595,0,0,0.0,,no,no,MERGE_301,/th/visa-sri-lanka,"Contenu quasi identique au groupe (unicite 4.0%), aucune regle propre, 0 impressions"
th,www2/th/sri-lanka-visa-for-brazilian-citizens.html,/th/sri-lanka-visa-for-brazilian-citizens,sri-lanka,brazilian,yes,https://www.evisa-card.com/th/sri-lanka-visa-for-brazilian-citizens,237,0.0332,0.9668,0,0,0.0,,no,no,MERGE_301,/th/visa-sri-lanka,"Contenu quasi identique au groupe (unicite 3.3%), aucune regle propre, 0 impressions"
th,www2/th/sri-lanka-visa-for-canadian-citizens.html,/th/sri-lanka-visa-for-canadian-citizens,sri-lanka,canadian,yes,https://www.evisa-card.com/th/sri-lanka-visa-for-canadian-citizens,307,0.1433,0.8567,0,0,0.0,,no,no,MERGE_301,/th/visa-sri-lanka,"Contenu tres proche du groupe (unicite 14.3%), 0 impression"
th,www2/th/sri-lanka-visa-for-french-citizens.html,/th/sri-lanka-visa-for-french-citizens,sri-lanka,french,yes,https://www.evisa-card.com/th/sri-lanka-visa-for-french-citizens,305,0.1442,0.8558,0,0,0.0,,no,no,MERGE_301,/th/visa-sri-lanka,"Contenu tres proche du groupe (unicite 14.4%), 0 impression"
th,www2/th/sri-lanka-visa-for-german-citizens.html,/th/sri-lanka-visa-for-german-citizens,sri-lanka,german,yes,https://www.evisa-card.com/th/sri-lanka-visa-for-german-citizens,242,0.0244,0.9756,0,0,0.0,,no,no,MERGE_301,/th/visa-sri-lanka,"Contenu quasi identique au groupe (unicite 2.4%), aucune regle propre, 0 impressions"
th,www2/th/sri-lanka-visa-for-japanese-citizens.html,/th/sri-lanka-visa-for-japanese-citizens,sri-lanka,japanese,yes,https://www.evisa-card.com/th/sri-lanka-visa-for-japanese-citizens,308,0.146,0.854,0,0,0.0,,no,no,MERGE_301,/th/visa-sri-lanka,"Contenu tres proche du groupe (unicite 14.6%), 0 impression"
th,www2/th/sri-lanka-visa-for-korean-citizens.html,/th/sri-lanka-visa-for-korean-citizens,sri-lanka,korean,yes,https://www.evisa-card.com/th/sri-lanka-visa-for-korean-citizens,240,0.0287,0.9713,0,0,0.0,,no,no,MERGE_301,/th/visa-sri-lanka,"Contenu quasi identique au groupe (unicite 2.9%), aucune regle propre, 0 impressions"
th,www2/th/sri-lanka-visa-for-mexican-citizens.html,/th/sri-lanka-visa-for-mexican-citizens,sri-lanka,mexican,yes,https://www.evisa-card.com/th/sri-lanka-visa-for-mexican-citizens,242,0.0285,0.9715,0,0,0.0,,no,no,MERGE_301,/th/visa-sri-lanka,"Contenu quasi identique au groupe (unicite 2.9%), aucune regle propre, 0 impressions"
th,www2/th/sri-lanka-visa-for-russian-citizens.html,/th/sri-lanka-visa-for-russian-citizens,sri-lanka,russian,yes,https://www.evisa-card.com/th/sri-lanka-visa-for-russian-citizens,239,0.0247,0.9753,0,0,0.0,,no,no,MERGE_301,/th/visa-sri-lanka,"Contenu quasi identique au groupe (unicite 2.5%), aucune regle propre, 0 impressions"
th,www2/th/sri-lanka-visa-for-singaporean-citizens.html,/th/sri-lanka-visa-for-singaporean-citizens,sri-lanka,singaporean,yes,https://www.evisa-card.com/th/sri-lanka-visa-for-singaporean-citizens,310,0.1388,0.8612,0,0,0.0,,no,no,MERGE_301,/th/visa-sri-lanka,"Contenu tres proche du groupe (unicite 13.9%), 0 impression"
th,www2/th/sri-lanka-visa-for-turkish-citizens.html,/th/sri-lanka-visa-for-turkish-citizens,sri-lanka,turkish,yes,https://www.evisa-card.com/th/sri-lanka-visa-for-turkish-citizens,239,0.0247,0.9753,0,0,0.0,,no,no,MERGE_301,/th/visa-sri-lanka,"Contenu quasi identique au groupe (unicite 2.5%), aucune regle propre, 0 impressions"
th,www2/th/sri-lanka-visa-for-uk-citizens.html,/th/sri-lanka-visa-for-uk-citizens,sri-lanka,uk,yes,https://www.evisa-card.com/th/sri-lanka-visa-for-uk-citizens,238,0.0248,0.9752,0,0,0.0,,no,no,MERGE_301,/th/visa-sri-lanka,"Contenu quasi identique au groupe (unicite 2.5%), aucune regle propre, 0 impressions"
th,www2/th/turkey-visa-for-argentinian-citizens.html,/th/turkey-visa-for-argentinian-citizens,turkey,argentinian,yes,https://www.evisa-card.com/th/turkey-visa-for-argentinian-citizens,202,0.1185,0.8815,0,0,0.0,,no,no,MERGE_301,/th/visa-turkey,"Contenu tres proche du groupe (unicite 11.8%), 0 impression"
th,www2/th/turkey-visa-for-australian-citizens.html,/th/turkey-visa-for-australian-citizens,turkey,australian,yes,https://www.evisa-card.com/th/turkey-visa-for-australian-citizens,220,0.1013,0.8987,0,0,0.0,,no,no,MERGE_301,/th/visa-turkey,"Contenu tres proche du groupe (unicite 10.1%), 0 impression"
th,www2/th/turkey-visa-for-chinese-citizens.html,/th/turkey-visa-for-chinese-citizens,turkey,chinese,yes,https://www.evisa-card.com/th/turkey-visa-for-chinese-citizens,204,0.1179,0.8821,0,0,0.0,,no,no,MERGE_301,/th/visa-turkey,"Contenu tres proche du groupe (unicite 11.8%), 0 impression"
th,www2/th/turkey-visa-for-mexican-citizens.html,/th/turkey-visa-for-mexican-citizens,turkey,mexican,yes,https://www.evisa-card.com/th/turkey-visa-for-mexican-citizens,213,0.1357,0.8643,0,0,0.0,,no,no,MERGE_301,/th/visa-turkey,"Contenu tres proche du groupe (unicite 13.6%), 0 impression"
th,www2/th/turkey-visa-for-nigerian-citizens.html,/th/turkey-visa-for-nigerian-citizens,turkey,nigerian,yes,https://www.evisa-card.com/th/turkey-visa-for-nigerian-citizens,210,0.1324,0.8676,0,0,0.0,,no,no,MERGE_301,/th/visa-turkey,"Contenu tres proche du groupe (unicite 13.2%), 0 impression"
th,www2/th/turkey-visa-for-philippine-citizens.html,/th/turkey-visa-for-philippine-citizens,turkey,philippine,yes,https://www.evisa-card.com/th/turkey-visa-for-philippine-citizens,208,0.125,0.875,0,0,0.0,,no,no,MERGE_301,/th/visa-turkey,"Contenu tres proche du groupe (unicite 12.5%), 0 impression"
ru,www2/ru/india-visa-for-argentinian-citizens.html,/ru/india-visa-for-argentinian-citizens,india,argentinian,yes,https://www.evisa-card.com/ru/india-visa-for-argentinian-citizens,436,0.0111,0.9889,0,0,0.0,,no,no,MERGE_301,/ru/visa-india,"Contenu quasi identique au groupe (unicite 1.1%), aucune regle propre, 0 impressions"
ru,www2/ru/india-visa-for-australian-citizens.html,/ru/india-visa-for-australian-citizens,india,australian,yes,https://www.evisa-card.com/ru/india-visa-for-australian-citizens,437,0.0111,0.9889,0,0,0.0,,no,no,MERGE_301,/ru/visa-india,"Contenu quasi identique au groupe (unicite 1.1%), aucune regle propre, 0 impressions"
ru,www2/ru/india-visa-for-brazilian-citizens.html,/ru/india-visa-for-brazilian-citizens,india,brazilian,yes,https://www.evisa-card.com/ru/india-visa-for-brazilian-citizens,436,0.0111,0.9889,0,0,0.0,,no,no,MERGE_301,/ru/visa-india,"Contenu quasi identique au groupe (unicite 1.1%), aucune regle propre, 0 impressions"
ru,www2/ru/india-visa-for-canadian-citizens.html,/ru/india-visa-for-canadian-citizens,india,canadian,yes,https://www.evisa-card.com/ru/india-visa-for-canadian-citizens,437,0.0111,0.9889,0,0,0.0,,no,no,MERGE_301,/ru/visa-india,"Contenu quasi identique au groupe (unicite 1.1%), aucune regle propre, 0 impressions"
ru,www2/ru/india-visa-for-chinese-citizens.html,/ru/india-visa-for-chinese-citizens,india,chinese,yes,https://www.evisa-card.com/ru/india-visa-for-chinese-citizens,437,0.0111,0.9889,0,0,0.0,,no,no,MERGE_301,/ru/visa-india,"Contenu quasi identique au groupe (unicite 1.1%), aucune regle propre, 0 impressions"
ru,www2/ru/india-visa-for-french-citizens.html,/ru/india-visa-for-french-citizens,india,french,yes,https://www.evisa-card.com/ru/india-visa-for-french-citizens,440,0.011,0.989,0,0,0.0,,no,no,MERGE_301,/ru/visa-india,"Contenu quasi identique au groupe (unicite 1.1%), aucune regle propre, 0 impressions"
ru,www2/ru/india-visa-for-german-citizens.html,/ru/india-visa-for-german-citizens,india,german,yes,https://www.evisa-card.com/ru/india-visa-for-german-citizens,437,0.0111,0.9889,0,0,0.0,,no,no,MERGE_301,/ru/visa-india,"Contenu quasi identique au groupe (unicite 1.1%), aucune regle propre, 0 impressions"
ru,www2/ru/india-visa-for-indonesian-citizens.html,/ru/india-visa-for-indonesian-citizens,india,indonesian,yes,https://www.evisa-card.com/ru/india-visa-for-indonesian-citizens,437,0.0111,0.9889,0,0,0.0,,no,no,MERGE_301,/ru/visa-india,"Contenu quasi identique au groupe (unicite 1.1%), aucune regle propre, 0 impressions"
ru,www2/ru/india-visa-for-japanese-citizens.html,/ru/india-visa-for-japanese-citizens,india,japanese,yes,https://www.evisa-card.com/ru/india-visa-for-japanese-citizens,437,0.0111,0.9889,0,0,0.0,,no,no,MERGE_301,/ru/visa-india,"Contenu quasi identique au groupe (unicite 1.1%), aucune regle propre, 0 impressions"
ru,www2/ru/india-visa-for-korean-citizens.html,/ru/india-visa-for-korean-citizens,india,korean,yes,https://www.evisa-card.com/ru/india-visa-for-korean-citizens,437,0.0111,0.9889,0,0,0.0,,no,no,MERGE_301,/ru/visa-india,"Contenu quasi identique au groupe (unicite 1.1%), aucune regle propre, 0 impressions"
ru,www2/ru/india-visa-for-mexican-citizens.html,/ru/india-visa-for-mexican-citizens,india,mexican,yes,https://www.evisa-card.com/ru/india-visa-for-mexican-citizens,437,0.0111,0.9889,0,0,0.0,,no,no,MERGE_301,/ru/visa-india,"Contenu quasi identique au groupe (unicite 1.1%), aucune regle propre, 0 impressions"
ru,www2/ru/india-visa-for-nigerian-citizens.html,/ru/india-visa-for-nigerian-citizens,india,nigerian,yes,https://www.evisa-card.com/ru/india-visa-for-nigerian-citizens,436,0.0111,0.9889,0,0,0.0,,no,no,MERGE_301,/ru/visa-india,"Contenu quasi identique au groupe (unicite 1.1%), aucune regle propre, 0 impressions"
ru,www2/ru/india-visa-for-philippine-citizens.html,/ru/india-visa-for-philippine-citizens,india,philippine,yes,https://www.evisa-card.com/ru/india-visa-for-philippine-citizens,440,0.011,0.989,0,0,0.0,,no,no,MERGE_301,/ru/visa-india,"Contenu quasi identique au groupe (unicite 1.1%), aucune regle propre, 0 impressions"
ru,www2/ru/india-visa-for-russian-citizens.html,/ru/india-visa-for-russian-citizens,india,russian,yes,https://www.evisa-card.com/ru/india-visa-for-russian-citizens,437,0.0111,0.9889,0,0,0.0,,no,no,MERGE_301,/ru/visa-india,"Contenu quasi identique au groupe (unicite 1.1%), aucune regle propre, 0 impressions"
ru,www2/ru/india-visa-for-singaporean-citizens.html,/ru/india-visa-for-singaporean-citizens,india,singaporean,yes,https://www.evisa-card.com/ru/india-visa-for-singaporean-citizens,437,0.0111,0.9889,0,0,0.0,,no,no,MERGE_301,/ru/visa-india,"Contenu quasi identique au groupe (unicite 1.1%), aucune regle propre, 0 impressions"
ru,www2/ru/india-visa-for-south-african-citizens.html,/ru/india-visa-for-south-african-citizens,india,south-african,yes,https://www.evisa-card.com/ru/india-visa-for-south-african-citizens,438,0.0155,0.9845,0,0,0.0,,no,no,MERGE_301,/ru/visa-india,"Contenu quasi identique au groupe (unicite 1.6%), aucune regle propre, 0 impressions"
ru,www2/ru/india-visa-for-uk-citizens.html,/ru/india-visa-for-uk-citizens,india,uk,yes,https://www.evisa-card.com/ru/india-visa-for-uk-citizens,437,0.0111,0.9889,0,0,0.0,,no,no,MERGE_301,/ru/visa-india,"Contenu quasi identique au groupe (unicite 1.1%), aucune regle propre, 0 impressions"
ru,www2/ru/india-visa-for-us-citizens.html,/ru/india-visa-for-us-citizens,india,us,yes,https://www.evisa-card.com/ru/india-visa-for-us-citizens,437,0.0133,0.9867,0,0,0.0,,no,no,MERGE_301,/ru/visa-india,"Contenu quasi identique au groupe (unicite 1.3%), aucune regle propre, 0 impressions"
ru,www2/ru/jordan-visa-for-argentinian-citizens.html,/ru/jordan-visa-for-argentinian-citizens,jordan,argentinian,yes,https://www.evisa-card.com/ru/jordan-visa-for-argentinian-citizens,388,0.0207,0.9793,0,0,0.0,,no,no,MERGE_301,/ru/visa-jordan,"Contenu quasi identique au groupe (unicite 2.1%), aucune regle propre, 0 impressions"
ru,www2/ru/jordan-visa-for-australian-citizens.html,/ru/jordan-visa-for-australian-citizens,jordan,australian,yes,https://www.evisa-card.com/ru/jordan-visa-for-australian-citizens,390,0.0258,0.9742,0,0,0.0,,no,no,MERGE_301,/ru/visa-jordan,"Contenu quasi identique au groupe (unicite 2.6%), aucune regle propre, 0 impressions"
ru,www2/ru/jordan-visa-for-brazilian-citizens.html,/ru/jordan-visa-for-brazilian-citizens,jordan,brazilian,yes,https://www.evisa-card.com/ru/jordan-visa-for-brazilian-citizens,500,0.1202,0.8798,0,0,0.0,,no,no,MERGE_301,/ru/visa-jordan,"Contenu tres proche du groupe (unicite 12.0%), 0 impression"
ru,www2/ru/jordan-visa-for-canadian-citizens.html,/ru/jordan-visa-for-canadian-citizens,jordan,canadian,yes,https://www.evisa-card.com/ru/jordan-visa-for-canadian-citizens,389,0.0207,0.9793,0,0,0.0,,no,no,MERGE_301,/ru/visa-jordan,"Contenu quasi identique au groupe (unicite 2.1%), aucune regle propre, 0 impressions"
ru,www2/ru/jordan-visa-for-french-citizens.html,/ru/jordan-visa-for-french-citizens,jordan,french,yes,https://www.evisa-card.com/ru/jordan-visa-for-french-citizens,389,0.0207,0.9793,0,0,0.0,,no,no,MERGE_301,/ru/visa-jordan,"Contenu quasi identique au groupe (unicite 2.1%), aucune regle propre, 0 impressions"
ru,www2/ru/jordan-visa-for-german-citizens.html,/ru/jordan-visa-for-german-citizens,jordan,german,yes,https://www.evisa-card.com/ru/jordan-visa-for-german-citizens,502,0.1238,0.8762,0,0,0.0,,no,no,MERGE_301,/ru/visa-jordan,"Contenu tres proche du groupe (unicite 12.4%), 0 impression"
ru,www2/ru/jordan-visa-for-indonesian-citizens.html,/ru/jordan-visa-for-indonesian-citizens,jordan,indonesian,yes,https://www.evisa-card.com/ru/jordan-visa-for-indonesian-citizens,388,0.0233,0.9767,0,0,0.0,,no,no,MERGE_301,/ru/visa-jordan,"Contenu quasi identique au groupe (unicite 2.3%), aucune regle propre, 0 impressions"
ru,www2/ru/jordan-visa-for-japanese-citizens.html,/ru/jordan-visa-for-japanese-citizens,jordan,japanese,yes,https://www.evisa-card.com/ru/jordan-visa-for-japanese-citizens,390,0.0258,0.9742,0,0,0.0,,no,no,MERGE_301,/ru/visa-jordan,"Contenu quasi identique au groupe (unicite 2.6%), aucune regle propre, 0 impressions"
ru,www2/ru/jordan-visa-for-korean-citizens.html,/ru/jordan-visa-for-korean-citizens,jordan,korean,yes,https://www.evisa-card.com/ru/jordan-visa-for-korean-citizens,394,0.0383,0.9617,0,0,0.0,,no,no,MERGE_301,/ru/visa-jordan,"Contenu quasi identique au groupe (unicite 3.8%), aucune regle propre, 0 impressions"
ru,www2/ru/jordan-visa-for-mexican-citizens.html,/ru/jordan-visa-for-mexican-citizens,jordan,mexican,yes,https://www.evisa-card.com/ru/jordan-visa-for-mexican-citizens,389,0.0207,0.9793,0,0,0.0,,no,no,MERGE_301,/ru/visa-jordan,"Contenu quasi identique au groupe (unicite 2.1%), aucune regle propre, 0 impressions"
ru,www2/ru/jordan-visa-for-philippine-citizens.html,/ru/jordan-visa-for-philippine-citizens,jordan,philippine,yes,https://www.evisa-card.com/ru/jordan-visa-for-philippine-citizens,389,0.0233,0.9767,0,0,0.0,,no,no,MERGE_301,/ru/visa-jordan,"Contenu quasi identique au groupe (unicite 2.3%), aucune regle propre, 0 impressions"
ru,www2/ru/jordan-visa-for-russian-citizens.html,/ru/jordan-visa-for-russian-citizens,jordan,russian,yes,https://www.evisa-card.com/ru/jordan-visa-for-russian-citizens,388,0.0207,0.9793,0,0,0.0,,no,no,MERGE_301,/ru/visa-jordan,"Contenu quasi identique au groupe (unicite 2.1%), aucune regle propre, 0 impressions"
ru,www2/ru/jordan-visa-for-singaporean-citizens.html,/ru/jordan-visa-for-singaporean-citizens,jordan,singaporean,yes,https://www.evisa-card.com/ru/jordan-visa-for-singaporean-citizens,389,0.0258,0.9742,0,0,0.0,,no,no,MERGE_301,/ru/visa-jordan,"Contenu quasi identique au groupe (unicite 2.6%), aucune regle propre, 0 impressions"
ru,www2/ru/jordan-visa-for-south-african-citizens.html,/ru/jordan-visa-for-south-african-citizens,jordan,south-african,yes,https://www.evisa-card.com/ru/jordan-visa-for-south-african-citizens,504,0.1332,0.8668,0,0,0.0,,no,no,MERGE_301,/ru/visa-jordan,"Contenu tres proche du groupe (unicite 13.3%), 0 impression"
ru,www2/ru/jordan-visa-for-turkish-citizens.html,/ru/jordan-visa-for-turkish-citizens,jordan,turkish,yes,https://www.evisa-card.com/ru/jordan-visa-for-turkish-citizens,389,0.0258,0.9742,0,0,0.0,,no,no,MERGE_301,/ru/visa-jordan,"Contenu quasi identique au groupe (unicite 2.6%), aucune regle propre, 0 impressions"
ru,www2/ru/jordan-visa-for-uk-citizens.html,/ru/jordan-visa-for-uk-citizens,jordan,uk,yes,https://www.evisa-card.com/ru/jordan-visa-for-uk-citizens,390,0.0258,0.9742,0,0,0.0,,no,no,MERGE_301,/ru/visa-jordan,"Contenu quasi identique au groupe (unicite 2.6%), aucune regle propre, 0 impressions"
ru,www2/ru/jordan-visa-for-us-citizens.html,/ru/jordan-visa-for-us-citizens,jordan,us,yes,https://www.evisa-card.com/ru/jordan-visa-for-us-citizens,389,0.031,0.969,0,0,0.0,,no,no,MERGE_301,/ru/visa-jordan,"Contenu quasi identique au groupe (unicite 3.1%), aucune regle propre, 0 impressions"
ru,www2/ru/maldives-visa-for-argentinian-citizens.html,/ru/maldives-visa-for-argentinian-citizens,maldives,argentinian,yes,https://www.evisa-card.com/ru/maldives-visa-for-argentinian-citizens,328,0.0246,0.9754,0,0,0.0,,no,no,MERGE_301,/ru/visa-maldives,"Contenu quasi identique au groupe (unicite 2.5%), aucune regle propre, 0 impressions"
ru,www2/ru/maldives-visa-for-australian-citizens.html,/ru/maldives-visa-for-australian-citizens,maldives,australian,yes,https://www.evisa-card.com/ru/maldives-visa-for-australian-citizens,329,0.0276,0.9724,0,0,0.0,,no,no,MERGE_301,/ru/visa-maldives,"Contenu quasi identique au groupe (unicite 2.8%), aucune regle propre, 0 impressions"
ru,www2/ru/maldives-visa-for-brazilian-citizens.html,/ru/maldives-visa-for-brazilian-citizens,maldives,brazilian,yes,https://www.evisa-card.com/ru/maldives-visa-for-brazilian-citizens,327,0.0309,0.9691,0,0,0.0,,no,no,MERGE_301,/ru/visa-maldives,"Contenu quasi identique au groupe (unicite 3.1%), aucune regle propre, 0 impressions"
ru,www2/ru/maldives-visa-for-canadian-citizens.html,/ru/maldives-visa-for-canadian-citizens,maldives,canadian,yes,https://www.evisa-card.com/ru/maldives-visa-for-canadian-citizens,329,0.0276,0.9724,0,0,0.0,,no,no,MERGE_301,/ru/visa-maldives,"Contenu quasi identique au groupe (unicite 2.8%), aucune regle propre, 0 impressions"
ru,www2/ru/maldives-visa-for-chinese-citizens.html,/ru/maldives-visa-for-chinese-citizens,maldives,chinese,yes,https://www.evisa-card.com/ru/maldives-visa-for-chinese-citizens,327,0.0278,0.9722,0,0,0.0,,no,no,MERGE_301,/ru/visa-maldives,"Contenu quasi identique au groupe (unicite 2.8%), aucune regle propre, 0 impressions"
ru,www2/ru/maldives-visa-for-french-citizens.html,/ru/maldives-visa-for-french-citizens,maldives,french,yes,https://www.evisa-card.com/ru/maldives-visa-for-french-citizens,328,0.0277,0.9723,0,0,0.0,,no,no,MERGE_301,/ru/visa-maldives,"Contenu quasi identique au groupe (unicite 2.8%), aucune regle propre, 0 impressions"
ru,www2/ru/maldives-visa-for-german-citizens.html,/ru/maldives-visa-for-german-citizens,maldives,german,yes,https://www.evisa-card.com/ru/maldives-visa-for-german-citizens,327,0.0278,0.9722,0,0,0.0,,no,no,MERGE_301,/ru/visa-maldives,"Contenu quasi identique au groupe (unicite 2.8%), aucune regle propre, 0 impressions"
ru,www2/ru/maldives-visa-for-indian-citizens.html,/ru/maldives-visa-for-indian-citizens,maldives,indian,yes,https://www.evisa-card.com/ru/maldives-visa-for-indian-citizens,326,0.031,0.969,0,0,0.0,,no,no,MERGE_301,/ru/visa-maldives,"Contenu quasi identique au groupe (unicite 3.1%), aucune regle propre, 0 impressions"
ru,www2/ru/maldives-visa-for-indonesian-citizens.html,/ru/maldives-visa-for-indonesian-citizens,maldives,indonesian,yes,https://www.evisa-card.com/ru/maldives-visa-for-indonesian-citizens,326,0.0217,0.9783,0,0,0.0,,no,no,MERGE_301,/ru/visa-maldives,"Contenu quasi identique au groupe (unicite 2.2%), aucune regle propre, 0 impressions"
ru,www2/ru/maldives-visa-for-japanese-citizens.html,/ru/maldives-visa-for-japanese-citizens,maldives,japanese,yes,https://www.evisa-card.com/ru/maldives-visa-for-japanese-citizens,327,0.0278,0.9722,0,0,0.0,,no,no,MERGE_301,/ru/visa-maldives,"Contenu quasi identique au groupe (unicite 2.8%), aucune regle propre, 0 impressions"
ru,www2/ru/maldives-visa-for-korean-citizens.html,/ru/maldives-visa-for-korean-citizens,maldives,korean,yes,https://www.evisa-card.com/ru/maldives-visa-for-korean-citizens,328,0.0308,0.9692,0,0,0.0,,no,no,MERGE_301,/ru/visa-maldives,"Contenu quasi identique au groupe (unicite 3.1%), aucune regle propre, 0 impressions"
ru,www2/ru/maldives-visa-for-mexican-citizens.html,/ru/maldives-visa-for-mexican-citizens,maldives,mexican,yes,https://www.evisa-card.com/ru/maldives-visa-for-mexican-citizens,328,0.0308,0.9692,0,0,0.0,,no,no,MERGE_301,/ru/visa-maldives,"Contenu quasi identique au groupe (unicite 3.1%), aucune regle propre, 0 impressions"
ru,www2/ru/maldives-visa-for-nigerian-citizens.html,/ru/maldives-visa-for-nigerian-citizens,maldives,nigerian,yes,https://www.evisa-card.com/ru/maldives-visa-for-nigerian-citizens,325,0.0217,0.9783,0,0,0.0,,no,no,MERGE_301,/ru/visa-maldives,"Contenu quasi identique au groupe (unicite 2.2%), aucune regle propre, 0 impressions"
ru,www2/ru/maldives-visa-for-philippine-citizens.html,/ru/maldives-visa-for-philippine-citizens,maldives,philippine,yes,https://www.evisa-card.com/ru/maldives-visa-for-philippine-citizens,327,0.0278,0.9722,0,0,0.0,,no,no,MERGE_301,/ru/visa-maldives,"Contenu quasi identique au groupe (unicite 2.8%), aucune regle propre, 0 impressions"
ru,www2/ru/maldives-visa-for-russian-citizens.html,/ru/maldives-visa-for-russian-citizens,maldives,russian,yes,https://www.evisa-card.com/ru/maldives-visa-for-russian-citizens,327,0.0247,0.9753,0,0,0.0,,no,no,MERGE_301,/ru/visa-maldives,"Contenu quasi identique au groupe (unicite 2.5%), aucune regle propre, 0 impressions"
ru,www2/ru/maldives-visa-for-singaporean-citizens.html,/ru/maldives-visa-for-singaporean-citizens,maldives,singaporean,yes,https://www.evisa-card.com/ru/maldives-visa-for-singaporean-citizens,328,0.0277,0.9723,0,0,0.0,,no,no,MERGE_301,/ru/visa-maldives,"Contenu quasi identique au groupe (unicite 2.8%), aucune regle propre, 0 impressions"
ru,www2/ru/maldives-visa-for-turkish-citizens.html,/ru/maldives-visa-for-turkish-citizens,maldives,turkish,yes,https://www.evisa-card.com/ru/maldives-visa-for-turkish-citizens,327,0.0278,0.9722,0,0,0.0,,no,no,MERGE_301,/ru/visa-maldives,"Contenu quasi identique au groupe (unicite 2.8%), aucune regle propre, 0 impressions"
ru,www2/ru/maldives-visa-for-uk-citizens.html,/ru/maldives-visa-for-uk-citizens,maldives,uk,yes,https://www.evisa-card.com/ru/maldives-visa-for-uk-citizens,327,0.0278,0.9722,0,0,0.0,,no,no,MERGE_301,/ru/visa-maldives,"Contenu quasi identique au groupe (unicite 2.8%), aucune regle propre, 0 impressions"
ru,www2/ru/maldives-visa-for-us-citizens.html,/ru/maldives-visa-for-us-citizens,maldives,us,yes,https://www.evisa-card.com/ru/maldives-visa-for-us-citizens,328,0.0154,0.9846,0,0,0.0,,no,no,MERGE_301,/ru/visa-maldives,"Contenu quasi identique au groupe (unicite 1.5%), aucune regle propre, 0 impressions"
ru,www2/ru/nepal-visa-for-argentinian-citizens.html,/ru/nepal-visa-for-argentinian-citizens,nepal,argentinian,yes,https://www.evisa-card.com/ru/nepal-visa-for-argentinian-citizens,406,0.0224,0.9776,0,0,0.0,,no,no,MERGE_301,/ru/visa-nepal,"Contenu quasi identique au groupe (unicite 2.2%), aucune regle propre, 0 impressions"
ru,www2/ru/nepal-visa-for-australian-citizens.html,/ru/nepal-visa-for-australian-citizens,nepal,australian,yes,https://www.evisa-card.com/ru/nepal-visa-for-australian-citizens,407,0.0223,0.9777,0,0,0.0,,no,no,MERGE_301,/ru/visa-nepal,"Contenu quasi identique au groupe (unicite 2.2%), aucune regle propre, 0 impressions"
ru,www2/ru/nepal-visa-for-brazilian-citizens.html,/ru/nepal-visa-for-brazilian-citizens,nepal,brazilian,yes,https://www.evisa-card.com/ru/nepal-visa-for-brazilian-citizens,406,0.0224,0.9776,0,0,0.0,,no,no,MERGE_301,/ru/visa-nepal,"Contenu quasi identique au groupe (unicite 2.2%), aucune regle propre, 0 impressions"
ru,www2/ru/nepal-visa-for-canadian-citizens.html,/ru/nepal-visa-for-canadian-citizens,nepal,canadian,yes,https://www.evisa-card.com/ru/nepal-visa-for-canadian-citizens,525,0.1248,0.8752,0,0,0.0,,no,no,MERGE_301,/ru/visa-nepal,"Contenu tres proche du groupe (unicite 12.5%), 0 impression"
ru,www2/ru/nepal-visa-for-chinese-citizens.html,/ru/nepal-visa-for-chinese-citizens,nepal,chinese,yes,https://www.evisa-card.com/ru/nepal-visa-for-chinese-citizens,406,0.0224,0.9776,0,0,0.0,,no,no,MERGE_301,/ru/visa-nepal,"Contenu quasi identique au groupe (unicite 2.2%), aucune regle propre, 0 impressions"
ru,www2/ru/nepal-visa-for-french-citizens.html,/ru/nepal-visa-for-french-citizens,nepal,french,yes,https://www.evisa-card.com/ru/nepal-visa-for-french-citizens,406,0.0224,0.9776,0,0,0.0,,no,no,MERGE_301,/ru/visa-nepal,"Contenu quasi identique au groupe (unicite 2.2%), aucune regle propre, 0 impressions"
ru,www2/ru/nepal-visa-for-german-citizens.html,/ru/nepal-visa-for-german-citizens,nepal,german,yes,https://www.evisa-card.com/ru/nepal-visa-for-german-citizens,405,0.02,0.98,0,0,0.0,,no,no,MERGE_301,/ru/visa-nepal,"Contenu quasi identique au groupe (unicite 2.0%), aucune regle propre, 0 impressions"
ru,www2/ru/nepal-visa-for-indonesian-citizens.html,/ru/nepal-visa-for-indonesian-citizens,nepal,indonesian,yes,https://www.evisa-card.com/ru/nepal-visa-for-indonesian-citizens,406,0.0224,0.9776,0,0,0.0,,no,no,MERGE_301,/ru/visa-nepal,"Contenu quasi identique au groupe (unicite 2.2%), aucune regle propre, 0 impressions"
ru,www2/ru/nepal-visa-for-japanese-citizens.html,/ru/nepal-visa-for-japanese-citizens,nepal,japanese,yes,https://www.evisa-card.com/ru/nepal-visa-for-japanese-citizens,525,0.1228,0.8772,0,0,0.0,,no,no,MERGE_301,/ru/visa-nepal,"Contenu tres proche du groupe (unicite 12.3%), 0 impression"
ru,www2/ru/nepal-visa-for-korean-citizens.html,/ru/nepal-visa-for-korean-citizens,nepal,korean,yes,https://www.evisa-card.com/ru/nepal-visa-for-korean-citizens,407,0.0248,0.9752,0,0,0.0,,no,no,MERGE_301,/ru/visa-nepal,"Contenu quasi identique au groupe (unicite 2.5%), aucune regle propre, 0 impressions"
ru,www2/ru/nepal-visa-for-mexican-citizens.html,/ru/nepal-visa-for-mexican-citizens,nepal,mexican,yes,https://www.evisa-card.com/ru/nepal-visa-for-mexican-citizens,406,0.0224,0.9776,0,0,0.0,,no,no,MERGE_301,/ru/visa-nepal,"Contenu quasi identique au groupe (unicite 2.2%), aucune regle propre, 0 impressions"
ru,www2/ru/nepal-visa-for-nigerian-citizens.html,/ru/nepal-visa-for-nigerian-citizens,nepal,nigerian,yes,https://www.evisa-card.com/ru/nepal-visa-for-nigerian-citizens,407,0.0224,0.9776,0,0,0.0,,no,no,MERGE_301,/ru/visa-nepal,"Contenu quasi identique au groupe (unicite 2.2%), aucune regle propre, 0 impressions"
ru,www2/ru/nepal-visa-for-philippine-citizens.html,/ru/nepal-visa-for-philippine-citizens,nepal,philippine,yes,https://www.evisa-card.com/ru/nepal-visa-for-philippine-citizens,524,0.125,0.875,0,0,0.0,,no,no,MERGE_301,/ru/visa-nepal,"Contenu tres proche du groupe (unicite 12.5%), 0 impression"
ru,www2/ru/nepal-visa-for-russian-citizens.html,/ru/nepal-visa-for-russian-citizens,nepal,russian,yes,https://www.evisa-card.com/ru/nepal-visa-for-russian-citizens,407,0.0199,0.9801,0,0,0.0,,no,no,MERGE_301,/ru/visa-nepal,"Contenu quasi identique au groupe (unicite 2.0%), aucune regle propre, 0 impressions"
ru,www2/ru/nepal-visa-for-singaporean-citizens.html,/ru/nepal-visa-for-singaporean-citizens,nepal,singaporean,yes,https://www.evisa-card.com/ru/nepal-visa-for-singaporean-citizens,406,0.0224,0.9776,0,0,0.0,,no,no,MERGE_301,/ru/visa-nepal,"Contenu quasi identique au groupe (unicite 2.2%), aucune regle propre, 0 impressions"
ru,www2/ru/nepal-visa-for-south-african-citizens.html,/ru/nepal-visa-for-south-african-citizens,nepal,south-african,yes,https://www.evisa-card.com/ru/nepal-visa-for-south-african-citizens,409,0.0296,0.9704,0,0,0.0,,no,no,MERGE_301,/ru/visa-nepal,"Contenu quasi identique au groupe (unicite 3.0%), aucune regle propre, 0 impressions"
ru,www2/ru/nepal-visa-for-turkish-citizens.html,/ru/nepal-visa-for-turkish-citizens,nepal,turkish,yes,https://www.evisa-card.com/ru/nepal-visa-for-turkish-citizens,406,0.0199,0.9801,0,0,0.0,,no,no,MERGE_301,/ru/visa-nepal,"Contenu quasi identique au groupe (unicite 2.0%), aucune regle propre, 0 impressions"
ru,www2/ru/nepal-visa-for-uk-citizens.html,/ru/nepal-visa-for-uk-citizens,nepal,uk,yes,https://www.evisa-card.com/ru/nepal-visa-for-uk-citizens,406,0.0199,0.9801,0,0,0.0,,no,no,MERGE_301,/ru/visa-nepal,"Contenu quasi identique au groupe (unicite 2.0%), aucune regle propre, 0 impressions"
ru,www2/ru/nepal-visa-for-us-citizens.html,/ru/nepal-visa-for-us-citizens,nepal,us,yes,https://www.evisa-card.com/ru/nepal-visa-for-us-citizens,406,0.01,0.99,0,0,0.0,,no,no,MERGE_301,/ru/visa-nepal,"Contenu quasi identique au groupe (unicite 1.0%), aucune regle propre, 0 impressions"
ru,www2/ru/sri-lanka-visa-for-argentinian-citizens.html,/ru/sri-lanka-visa-for-argentinian-citizens,sri-lanka,argentinian,yes,https://www.evisa-card.com/ru/sri-lanka-visa-for-argentinian-citizens,321,0.0147,0.9853,0,0,0.0,,no,no,MERGE_301,/ru/visa-sri-lanka,"Contenu quasi identique au groupe (unicite 1.5%), aucune regle propre, 0 impressions"
ru,www2/ru/sri-lanka-visa-for-australian-citizens.html,/ru/sri-lanka-visa-for-australian-citizens,sri-lanka,australian,yes,https://www.evisa-card.com/ru/sri-lanka-visa-for-australian-citizens,416,0.1335,0.8665,0,0,0.0,,no,no,MERGE_301,/ru/visa-sri-lanka,"Contenu tres proche du groupe (unicite 13.4%), 0 impression"
ru,www2/ru/sri-lanka-visa-for-brazilian-citizens.html,/ru/sri-lanka-visa-for-brazilian-citizens,sri-lanka,brazilian,yes,https://www.evisa-card.com/ru/sri-lanka-visa-for-brazilian-citizens,322,0.0176,0.9824,0,0,0.0,,no,no,MERGE_301,/ru/visa-sri-lanka,"Contenu quasi identique au groupe (unicite 1.8%), aucune regle propre, 0 impressions"
ru,www2/ru/sri-lanka-visa-for-canadian-citizens.html,/ru/sri-lanka-visa-for-canadian-citizens,sri-lanka,canadian,yes,https://www.evisa-card.com/ru/sri-lanka-visa-for-canadian-citizens,422,0.1323,0.8677,0,0,0.0,,no,no,MERGE_301,/ru/visa-sri-lanka,"Contenu tres proche du groupe (unicite 13.2%), 0 impression"
ru,www2/ru/sri-lanka-visa-for-french-citizens.html,/ru/sri-lanka-visa-for-french-citizens,sri-lanka,french,yes,https://www.evisa-card.com/ru/sri-lanka-visa-for-french-citizens,425,0.1353,0.8647,0,0,0.0,,no,no,MERGE_301,/ru/visa-sri-lanka,"Contenu tres proche du groupe (unicite 13.5%), 0 impression"
ru,www2/ru/sri-lanka-visa-for-german-citizens.html,/ru/sri-lanka-visa-for-german-citizens,sri-lanka,german,yes,https://www.evisa-card.com/ru/sri-lanka-visa-for-german-citizens,320,0.0148,0.9852,0,0,0.0,,no,no,MERGE_301,/ru/visa-sri-lanka,"Contenu quasi identique au groupe (unicite 1.5%), aucune regle propre, 0 impressions"
ru,www2/ru/sri-lanka-visa-for-japanese-citizens.html,/ru/sri-lanka-visa-for-japanese-citizens,sri-lanka,japanese,yes,https://www.evisa-card.com/ru/sri-lanka-visa-for-japanese-citizens,425,0.1333,0.8667,0,0,0.0,,no,no,MERGE_301,/ru/visa-sri-lanka,"Contenu tres proche du groupe (unicite 13.3%), 0 impression"
ru,www2/ru/sri-lanka-visa-for-korean-citizens.html,/ru/sri-lanka-visa-for-korean-citizens,sri-lanka,korean,yes,https://www.evisa-card.com/ru/sri-lanka-visa-for-korean-citizens,317,0.0178,0.9822,0,0,0.0,,no,no,MERGE_301,/ru/visa-sri-lanka,"Contenu quasi identique au groupe (unicite 1.8%), aucune regle propre, 0 impressions"
ru,www2/ru/sri-lanka-visa-for-mexican-citizens.html,/ru/sri-lanka-visa-for-mexican-citizens,sri-lanka,mexican,yes,https://www.evisa-card.com/ru/sri-lanka-visa-for-mexican-citizens,316,0.0149,0.9851,0,0,0.0,,no,no,MERGE_301,/ru/visa-sri-lanka,"Contenu quasi identique au groupe (unicite 1.5%), aucune regle propre, 0 impressions"
ru,www2/ru/sri-lanka-visa-for-nigerian-citizens.html,/ru/sri-lanka-visa-for-nigerian-citizens,sri-lanka,nigerian,yes,https://www.evisa-card.com/ru/sri-lanka-visa-for-nigerian-citizens,426,0.1327,0.8673,0,0,0.0,,no,no,MERGE_301,/ru/visa-sri-lanka,"Contenu tres proche du groupe (unicite 13.3%), 0 impression"
ru,www2/ru/sri-lanka-visa-for-russian-citizens.html,/ru/sri-lanka-visa-for-russian-citizens,sri-lanka,russian,yes,https://www.evisa-card.com/ru/sri-lanka-visa-for-russian-citizens,323,0.0175,0.9825,0,0,0.0,,no,no,MERGE_301,/ru/visa-sri-lanka,"Contenu quasi identique au groupe (unicite 1.8%), aucune regle propre, 0 impressions"
ru,www2/ru/sri-lanka-visa-for-singaporean-citizens.html,/ru/sri-lanka-visa-for-singaporean-citizens,sri-lanka,singaporean,yes,https://www.evisa-card.com/ru/sri-lanka-visa-for-singaporean-citizens,416,0.1335,0.8665,0,0,0.0,,no,no,MERGE_301,/ru/visa-sri-lanka,"Contenu tres proche du groupe (unicite 13.4%), 0 impression"
ru,www2/ru/sri-lanka-visa-for-south-african-citizens.html,/ru/sri-lanka-visa-for-south-african-citizens,sri-lanka,south-african,yes,https://www.evisa-card.com/ru/sri-lanka-visa-for-south-african-citizens,423,0.1444,0.8556,0,0,0.0,,no,no,MERGE_301,/ru/visa-sri-lanka,"Contenu tres proche du groupe (unicite 14.4%), 0 impression"
ru,www2/ru/sri-lanka-visa-for-turkish-citizens.html,/ru/sri-lanka-visa-for-turkish-citizens,sri-lanka,turkish,yes,https://www.evisa-card.com/ru/sri-lanka-visa-for-turkish-citizens,320,0.0148,0.9852,0,0,0.0,,no,no,MERGE_301,/ru/visa-sri-lanka,"Contenu quasi identique au groupe (unicite 1.5%), aucune regle propre, 0 impressions"
ru,www2/ru/sri-lanka-visa-for-uk-citizens.html,/ru/sri-lanka-visa-for-uk-citizens,sri-lanka,uk,yes,https://www.evisa-card.com/ru/sri-lanka-visa-for-uk-citizens,322,0.0176,0.9824,0,0,0.0,,no,no,MERGE_301,/ru/visa-sri-lanka,"Contenu quasi identique au groupe (unicite 1.8%), aucune regle propre, 0 impressions"
ru,www2/ru/sri-lanka-visa-for-us-citizens.html,/ru/sri-lanka-visa-for-us-citizens,sri-lanka,us,yes,https://www.evisa-card.com/ru/sri-lanka-visa-for-us-citizens,426,0.135,0.865,0,0,0.0,,no,no,MERGE_301,/ru/visa-sri-lanka,"Contenu tres proche du groupe (unicite 13.5%), 0 impression"
ru,www2/ru/turkey-visa-for-argentinian-citizens.html,/ru/turkey-visa-for-argentinian-citizens,turkey,argentinian,yes,https://www.evisa-card.com/ru/turkey-visa-for-argentinian-citizens,298,0.0554,0.9446,0,0,0.0,,no,no,MERGE_301,/ru/visa-turkey,"Contenu quasi identique au groupe (unicite 5.5%), aucune regle propre, 0 impressions"
ru,www2/ru/turkey-visa-for-mexican-citizens.html,/ru/turkey-visa-for-mexican-citizens,turkey,mexican,yes,https://www.evisa-card.com/ru/turkey-visa-for-mexican-citizens,297,0.0523,0.9477,0,0,0.0,,no,no,MERGE_301,/ru/visa-turkey,"Contenu quasi identique au groupe (unicite 5.2%), aucune regle propre, 0 impressions"
ru,www2/ru/turkey-visa-for-nigerian-citizens.html,/ru/turkey-visa-for-nigerian-citizens,turkey,nigerian,yes,https://www.evisa-card.com/ru/turkey-visa-for-nigerian-citizens,296,0.0492,0.9508,0,0,0.0,,no,no,MERGE_301,/ru/visa-turkey,"Contenu quasi identique au groupe (unicite 4.9%), aucune regle propre, 0 impressions"
ru,www2/ru/turkey-visa-for-uk-citizens.html,/ru/turkey-visa-for-uk-citizens,turkey,uk,yes,https://www.evisa-card.com/ru/turkey-visa-for-uk-citizens,296,0.0492,0.9508,0,0,0.0,,no,no,MERGE_301,/ru/visa-turkey,"Contenu quasi identique au groupe (unicite 4.9%), aucune regle propre, 0 impressions"
ru,www2/ru/turkey-visa-for-us-citizens.html,/ru/turkey-visa-for-us-citizens,turkey,us,yes,https://www.evisa-card.com/ru/turkey-visa-for-us-citizens,410,0.1303,0.8697,0,0,0.0,,no,no,MERGE_301,/ru/visa-turkey,"Contenu tres proche du groupe (unicite 13.0%), 0 impression"
ar,www2/ar/india-visa-for-argentinian-citizens.html,/ar/india-visa-for-argentinian-citizens,india,argentinian,yes,https://www.evisa-card.com/ar/india-visa-for-argentinian-citizens,415,0.0234,0.9766,0,0,0.0,,no,no,MERGE_301,/ar/visa-india,"Contenu quasi identique au groupe (unicite 2.3%), aucune regle propre, 0 impressions"
ar,www2/ar/india-visa-for-australian-citizens.html,/ar/india-visa-for-australian-citizens,india,australian,yes,https://www.evisa-card.com/ar/india-visa-for-australian-citizens,416,0.028,0.972,0,0,0.0,,no,no,MERGE_301,/ar/visa-india,"Contenu quasi identique au groupe (unicite 2.8%), aucune regle propre, 0 impressions"
ar,www2/ar/india-visa-for-brazilian-citizens.html,/ar/india-visa-for-brazilian-citizens,india,brazilian,yes,https://www.evisa-card.com/ar/india-visa-for-brazilian-citizens,414,0.021,0.979,0,0,0.0,,no,no,MERGE_301,/ar/visa-india,"Contenu quasi identique au groupe (unicite 2.1%), aucune regle propre, 0 impressions"
ar,www2/ar/india-visa-for-canadian-citizens.html,/ar/india-visa-for-canadian-citizens,india,canadian,yes,https://www.evisa-card.com/ar/india-visa-for-canadian-citizens,414,0.021,0.979,0,0,0.0,,no,no,MERGE_301,/ar/visa-india,"Contenu quasi identique au groupe (unicite 2.1%), aucune regle propre, 0 impressions"
ar,www2/ar/india-visa-for-chinese-citizens.html,/ar/india-visa-for-chinese-citizens,india,chinese,yes,https://www.evisa-card.com/ar/india-visa-for-chinese-citizens,412,0.0211,0.9789,0,0,0.0,,no,no,MERGE_301,/ar/visa-india,"Contenu quasi identique au groupe (unicite 2.1%), aucune regle propre, 0 impressions"
ar,www2/ar/india-visa-for-french-citizens.html,/ar/india-visa-for-french-citizens,india,french,yes,https://www.evisa-card.com/ar/india-visa-for-french-citizens,412,0.0211,0.9789,0,0,0.0,,no,no,MERGE_301,/ar/visa-india,"Contenu quasi identique au groupe (unicite 2.1%), aucune regle propre, 0 impressions"
ar,www2/ar/india-visa-for-german-citizens.html,/ar/india-visa-for-german-citizens,india,german,yes,https://www.evisa-card.com/ar/india-visa-for-german-citizens,412,0.0211,0.9789,0,0,0.0,,no,no,MERGE_301,/ar/visa-india,"Contenu quasi identique au groupe (unicite 2.1%), aucune regle propre, 0 impressions"
ar,www2/ar/india-visa-for-indonesian-citizens.html,/ar/india-visa-for-indonesian-citizens,india,indonesian,yes,https://www.evisa-card.com/ar/india-visa-for-indonesian-citizens,418,0.0301,0.9699,0,0,0.0,,no,no,MERGE_301,/ar/visa-india,"Contenu quasi identique au groupe (unicite 3.0%), aucune regle propre, 0 impressions"
ar,www2/ar/india-visa-for-japanese-citizens.html,/ar/india-visa-for-japanese-citizens,india,japanese,yes,https://www.evisa-card.com/ar/india-visa-for-japanese-citizens,412,0.0211,0.9789,0,0,0.0,,no,no,MERGE_301,/ar/visa-india,"Contenu quasi identique au groupe (unicite 2.1%), aucune regle propre, 0 impressions"
ar,www2/ar/india-visa-for-korean-citizens.html,/ar/india-visa-for-korean-citizens,india,korean,yes,https://www.evisa-card.com/ar/india-visa-for-korean-citizens,413,0.0234,0.9766,0,0,0.0,,no,no,MERGE_301,/ar/visa-india,"Contenu quasi identique au groupe (unicite 2.3%), aucune regle propre, 0 impressions"
ar,www2/ar/india-visa-for-mexican-citizens.html,/ar/india-visa-for-mexican-citizens,india,mexican,yes,https://www.evisa-card.com/ar/india-visa-for-mexican-citizens,412,0.0211,0.9789,0,0,0.0,,no,no,MERGE_301,/ar/visa-india,"Contenu quasi identique au groupe (unicite 2.1%), aucune regle propre, 0 impressions"
ar,www2/ar/india-visa-for-nigerian-citizens.html,/ar/india-visa-for-nigerian-citizens,india,nigerian,yes,https://www.evisa-card.com/ar/india-visa-for-nigerian-citizens,411,0.0212,0.9788,0,0,0.0,,no,no,MERGE_301,/ar/visa-india,"Contenu quasi identique au groupe (unicite 2.1%), aucune regle propre, 0 impressions"
ar,www2/ar/india-visa-for-philippine-citizens.html,/ar/india-visa-for-philippine-citizens,india,philippine,yes,https://www.evisa-card.com/ar/india-visa-for-philippine-citizens,416,0.0304,0.9696,0,0,0.0,,no,no,MERGE_301,/ar/visa-india,"Contenu quasi identique au groupe (unicite 3.0%), aucune regle propre, 0 impressions"
ar,www2/ar/india-visa-for-russian-citizens.html,/ar/india-visa-for-russian-citizens,india,russian,yes,https://www.evisa-card.com/ar/india-visa-for-russian-citizens,412,0.0211,0.9789,0,0,0.0,,no,no,MERGE_301,/ar/visa-india,"Contenu quasi identique au groupe (unicite 2.1%), aucune regle propre, 0 impressions"
ar,www2/ar/india-visa-for-singaporean-citizens.html,/ar/india-visa-for-singaporean-citizens,india,singaporean,yes,https://www.evisa-card.com/ar/india-visa-for-singaporean-citizens,414,0.021,0.979,0,0,0.0,,no,no,MERGE_301,/ar/visa-india,"Contenu quasi identique au groupe (unicite 2.1%), aucune regle propre, 0 impressions"
ar,www2/ar/india-visa-for-south-african-citizens.html,/ar/india-visa-for-south-african-citizens,india,south-african,yes,https://www.evisa-card.com/ar/india-visa-for-south-african-citizens,419,0.0439,0.9561,0,0,0.0,,no,no,MERGE_301,/ar/visa-india,"Contenu quasi identique au groupe (unicite 4.4%), aucune regle propre, 0 impressions"
ar,www2/ar/india-visa-for-turkish-citizens.html,/ar/india-visa-for-turkish-citizens,india,turkish,yes,https://www.evisa-card.com/ar/india-visa-for-turkish-citizens,416,0.0326,0.9674,0,0,0.0,,no,no,MERGE_301,/ar/visa-india,"Contenu quasi identique au groupe (unicite 3.3%), aucune regle propre, 0 impressions"
ar,www2/ar/india-visa-for-uk-citizens.html,/ar/india-visa-for-uk-citizens,india,uk,yes,https://www.evisa-card.com/ar/india-visa-for-uk-citizens,422,0.0439,0.9561,0,0,0.0,,no,no,MERGE_301,/ar/visa-india,"Contenu quasi identique au groupe (unicite 4.4%), aucune regle propre, 0 impressions"
ar,www2/ar/india-visa-for-us-citizens.html,/ar/india-visa-for-us-citizens,india,us,yes,https://www.evisa-card.com/ar/india-visa-for-us-citizens,419,0.0488,0.9512,0,0,0.0,,no,no,MERGE_301,/ar/visa-india,"Contenu quasi identique au groupe (unicite 4.9%), aucune regle propre, 0 impressions"
ar,www2/ar/jordan-visa-for-argentinian-citizens.html,/ar/jordan-visa-for-argentinian-citizens,jordan,argentinian,yes,https://www.evisa-card.com/ar/jordan-visa-for-argentinian-citizens,397,0.0253,0.9747,0,0,0.0,,no,no,MERGE_301,/ar/visa-jordan,"Contenu quasi identique au groupe (unicite 2.5%), aucune regle propre, 0 impressions"
ar,www2/ar/jordan-visa-for-australian-citizens.html,/ar/jordan-visa-for-australian-citizens,jordan,australian,yes,https://www.evisa-card.com/ar/jordan-visa-for-australian-citizens,397,0.0253,0.9747,0,0,0.0,,no,no,MERGE_301,/ar/visa-jordan,"Contenu quasi identique au groupe (unicite 2.5%), aucune regle propre, 0 impressions"
ar,www2/ar/jordan-visa-for-brazilian-citizens.html,/ar/jordan-visa-for-brazilian-citizens,jordan,brazilian,yes,https://www.evisa-card.com/ar/jordan-visa-for-brazilian-citizens,510,0.14,0.86,0,0,0.0,,no,no,MERGE_301,/ar/visa-jordan,"Contenu tres proche du groupe (unicite 14.0%), 0 impression"
ar,www2/ar/jordan-visa-for-canadian-citizens.html,/ar/jordan-visa-for-canadian-citizens,jordan,canadian,yes,https://www.evisa-card.com/ar/jordan-visa-for-canadian-citizens,398,0.0227,0.9773,0,0,0.0,,no,no,MERGE_301,/ar/visa-jordan,"Contenu quasi identique au groupe (unicite 2.3%), aucune regle propre, 0 impressions"
ar,www2/ar/jordan-visa-for-german-citizens.html,/ar/jordan-visa-for-german-citizens,jordan,german,yes,https://www.evisa-card.com/ar/jordan-visa-for-german-citizens,506,0.1349,0.8651,0,0,0.0,,no,no,MERGE_301,/ar/visa-jordan,"Contenu tres proche du groupe (unicite 13.5%), 0 impression"
ar,www2/ar/jordan-visa-for-japanese-citizens.html,/ar/jordan-visa-for-japanese-citizens,jordan,japanese,yes,https://www.evisa-card.com/ar/jordan-visa-for-japanese-citizens,398,0.0302,0.9698,0,0,0.0,,no,no,MERGE_301,/ar/visa-jordan,"Contenu quasi identique au groupe (unicite 3.0%), aucune regle propre, 0 impressions"
ar,www2/ar/jordan-visa-for-korean-citizens.html,/ar/jordan-visa-for-korean-citizens,jordan,korean,yes,https://www.evisa-card.com/ar/jordan-visa-for-korean-citizens,410,0.049,0.951,0,0,0.0,,no,no,MERGE_301,/ar/visa-jordan,"Contenu quasi identique au groupe (unicite 4.9%), aucune regle propre, 0 impressions"
ar,www2/ar/jordan-visa-for-mexican-citizens.html,/ar/jordan-visa-for-mexican-citizens,jordan,mexican,yes,https://www.evisa-card.com/ar/jordan-visa-for-mexican-citizens,398,0.0252,0.9748,0,0,0.0,,no,no,MERGE_301,/ar/visa-jordan,"Contenu quasi identique au groupe (unicite 2.5%), aucune regle propre, 0 impressions"
ar,www2/ar/jordan-visa-for-philippine-citizens.html,/ar/jordan-visa-for-philippine-citizens,jordan,philippine,yes,https://www.evisa-card.com/ar/jordan-visa-for-philippine-citizens,398,0.0278,0.9722,0,0,0.0,,no,no,MERGE_301,/ar/visa-jordan,"Contenu quasi identique au groupe (unicite 2.8%), aucune regle propre, 0 impressions"
ar,www2/ar/jordan-visa-for-singaporean-citizens.html,/ar/jordan-visa-for-singaporean-citizens,jordan,singaporean,yes,https://www.evisa-card.com/ar/jordan-visa-for-singaporean-citizens,398,0.0302,0.9698,0,0,0.0,,no,no,MERGE_301,/ar/visa-jordan,"Contenu quasi identique au groupe (unicite 3.0%), aucune regle propre, 0 impressions"
ar,www2/ar/jordan-visa-for-uk-citizens.html,/ar/jordan-visa-for-uk-citizens,jordan,uk,yes,https://www.evisa-card.com/ar/jordan-visa-for-uk-citizens,398,0.0277,0.9723,0,0,0.0,,no,no,MERGE_301,/ar/visa-jordan,"Contenu quasi identique au groupe (unicite 2.8%), aucune regle propre, 0 impressions"
ar,www2/ar/jordan-visa-for-us-citizens.html,/ar/jordan-visa-for-us-citizens,jordan,us,yes,https://www.evisa-card.com/ar/jordan-visa-for-us-citizens,399,0.0302,0.9698,0,0,0.0,,no,no,MERGE_301,/ar/visa-jordan,"Contenu quasi identique au groupe (unicite 3.0%), aucune regle propre, 0 impressions"
ar,www2/ar/maldives-visa-for-argentinian-citizens.html,/ar/maldives-visa-for-argentinian-citizens,maldives,argentinian,yes,https://www.evisa-card.com/ar/maldives-visa-for-argentinian-citizens,322,0.0443,0.9557,0,0,0.0,,no,no,MERGE_301,/ar/visa-maldives,"Contenu quasi identique au groupe (unicite 4.4%), aucune regle propre, 0 impressions"
ar,www2/ar/maldives-visa-for-australian-citizens.html,/ar/maldives-visa-for-australian-citizens,maldives,australian,yes,https://www.evisa-card.com/ar/maldives-visa-for-australian-citizens,323,0.0444,0.9556,0,0,0.0,,no,no,MERGE_301,/ar/visa-maldives,"Contenu quasi identique au groupe (unicite 4.4%), aucune regle propre, 0 impressions"
ar,www2/ar/maldives-visa-for-brazilian-citizens.html,/ar/maldives-visa-for-brazilian-citizens,maldives,brazilian,yes,https://www.evisa-card.com/ar/maldives-visa-for-brazilian-citizens,326,0.0505,0.9495,0,0,0.0,,no,no,MERGE_301,/ar/visa-maldives,"Contenu quasi identique au groupe (unicite 5.1%), aucune regle propre, 0 impressions"
ar,www2/ar/maldives-visa-for-canadian-citizens.html,/ar/maldives-visa-for-canadian-citizens,maldives,canadian,yes,https://www.evisa-card.com/ar/maldives-visa-for-canadian-citizens,322,0.0443,0.9557,0,0,0.0,,no,no,MERGE_301,/ar/visa-maldives,"Contenu quasi identique au groupe (unicite 4.4%), aucune regle propre, 0 impressions"
ar,www2/ar/maldives-visa-for-chinese-citizens.html,/ar/maldives-visa-for-chinese-citizens,maldives,chinese,yes,https://www.evisa-card.com/ar/maldives-visa-for-chinese-citizens,324,0.0505,0.9495,0,0,0.0,,no,no,MERGE_301,/ar/visa-maldives,"Contenu quasi identique au groupe (unicite 5.1%), aucune regle propre, 0 impressions"
ar,www2/ar/maldives-visa-for-french-citizens.html,/ar/maldives-visa-for-french-citizens,maldives,french,yes,https://www.evisa-card.com/ar/maldives-visa-for-french-citizens,324,0.0505,0.9495,0,0,0.0,,no,no,MERGE_301,/ar/visa-maldives,"Contenu quasi identique au groupe (unicite 5.1%), aucune regle propre, 0 impressions"
ar,www2/ar/maldives-visa-for-german-citizens.html,/ar/maldives-visa-for-german-citizens,maldives,german,yes,https://www.evisa-card.com/ar/maldives-visa-for-german-citizens,324,0.0505,0.9495,0,0,0.0,,no,no,MERGE_301,/ar/visa-maldives,"Contenu quasi identique au groupe (unicite 5.1%), aucune regle propre, 0 impressions"
ar,www2/ar/maldives-visa-for-indian-citizens.html,/ar/maldives-visa-for-indian-citizens,maldives,indian,yes,https://www.evisa-card.com/ar/maldives-visa-for-indian-citizens,321,0.0444,0.9556,0,0,0.0,,no,no,MERGE_301,/ar/visa-maldives,"Contenu quasi identique au groupe (unicite 4.4%), aucune regle propre, 0 impressions"
ar,www2/ar/maldives-visa-for-indonesian-citizens.html,/ar/maldives-visa-for-indonesian-citizens,maldives,indonesian,yes,https://www.evisa-card.com/ar/maldives-visa-for-indonesian-citizens,322,0.0475,0.9525,0,0,0.0,,no,no,MERGE_301,/ar/visa-maldives,"Contenu quasi identique au groupe (unicite 4.8%), aucune regle propre, 0 impressions"
ar,www2/ar/maldives-visa-for-japanese-citizens.html,/ar/maldives-visa-for-japanese-citizens,maldives,japanese,yes,https://www.evisa-card.com/ar/maldives-visa-for-japanese-citizens,324,0.0505,0.9495,0,0,0.0,,no,no,MERGE_301,/ar/visa-maldives,"Contenu quasi identique au groupe (unicite 5.1%), aucune regle propre, 0 impressions"
ar,www2/ar/maldives-visa-for-korean-citizens.html,/ar/maldives-visa-for-korean-citizens,maldives,korean,yes,https://www.evisa-card.com/ar/maldives-visa-for-korean-citizens,326,0.0564,0.9436,0,0,0.0,,no,no,MERGE_301,/ar/visa-maldives,"Contenu quasi identique au groupe (unicite 5.6%), aucune regle propre, 0 impressions"
ar,www2/ar/maldives-visa-for-mexican-citizens.html,/ar/maldives-visa-for-mexican-citizens,maldives,mexican,yes,https://www.evisa-card.com/ar/maldives-visa-for-mexican-citizens,324,0.0536,0.9464,0,0,0.0,,no,no,MERGE_301,/ar/visa-maldives,"Contenu quasi identique au groupe (unicite 5.4%), aucune regle propre, 0 impressions"
ar,www2/ar/maldives-visa-for-nigerian-citizens.html,/ar/maldives-visa-for-nigerian-citizens,maldives,nigerian,yes,https://www.evisa-card.com/ar/maldives-visa-for-nigerian-citizens,326,0.0505,0.9495,0,0,0.0,,no,no,MERGE_301,/ar/visa-maldives,"Contenu quasi identique au groupe (unicite 5.1%), aucune regle propre, 0 impressions"
ar,www2/ar/maldives-visa-for-philippine-citizens.html,/ar/maldives-visa-for-philippine-citizens,maldives,philippine,yes,https://www.evisa-card.com/ar/maldives-visa-for-philippine-citizens,321,0.0444,0.9556,0,0,0.0,,no,no,MERGE_301,/ar/visa-maldives,"Contenu quasi identique au groupe (unicite 4.4%), aucune regle propre, 0 impressions"
ar,www2/ar/maldives-visa-for-russian-citizens.html,/ar/maldives-visa-for-russian-citizens,maldives,russian,yes,https://www.evisa-card.com/ar/maldives-visa-for-russian-citizens,322,0.0443,0.9557,0,0,0.0,,no,no,MERGE_301,/ar/visa-maldives,"Contenu quasi identique au groupe (unicite 4.4%), aucune regle propre, 0 impressions"
ar,www2/ar/maldives-visa-for-singaporean-citizens.html,/ar/maldives-visa-for-singaporean-citizens,maldives,singaporean,yes,https://www.evisa-card.com/ar/maldives-visa-for-singaporean-citizens,322,0.0506,0.9494,0,0,0.0,,no,no,MERGE_301,/ar/visa-maldives,"Contenu quasi identique au groupe (unicite 5.1%), aucune regle propre, 0 impressions"
ar,www2/ar/maldives-visa-for-turkish-citizens.html,/ar/maldives-visa-for-turkish-citizens,maldives,turkish,yes,https://www.evisa-card.com/ar/maldives-visa-for-turkish-citizens,321,0.0476,0.9524,0,0,0.0,,no,no,MERGE_301,/ar/visa-maldives,"Contenu quasi identique au groupe (unicite 4.8%), aucune regle propre, 0 impressions"
ar,www2/ar/maldives-visa-for-uk-citizens.html,/ar/maldives-visa-for-uk-citizens,maldives,uk,yes,https://www.evisa-card.com/ar/maldives-visa-for-uk-citizens,335,0.0802,0.9198,0,0,0.0,,no,no,MERGE_301,/ar/visa-maldives,"Contenu quasi identique au groupe (unicite 8.0%), aucune regle propre, 0 impressions"
ar,www2/ar/maldives-visa-for-us-citizens.html,/ar/maldives-visa-for-us-citizens,maldives,us,yes,https://www.evisa-card.com/ar/maldives-visa-for-us-citizens,323,0.0573,0.9427,0,0,0.0,,no,no,MERGE_301,/ar/visa-maldives,"Contenu quasi identique au groupe (unicite 5.7%), aucune regle propre, 0 impressions"
ar,www2/ar/nepal-visa-for-argentinian-citizens.html,/ar/nepal-visa-for-argentinian-citizens,nepal,argentinian,yes,https://www.evisa-card.com/ar/nepal-visa-for-argentinian-citizens,391,0.0229,0.9771,0,0,0.0,,no,no,MERGE_301,/ar/visa-nepal,"Contenu quasi identique au groupe (unicite 2.3%), aucune regle propre, 0 impressions"
ar,www2/ar/nepal-visa-for-australian-citizens.html,/ar/nepal-visa-for-australian-citizens,nepal,australian,yes,https://www.evisa-card.com/ar/nepal-visa-for-australian-citizens,394,0.0353,0.9647,0,0,0.0,,no,no,MERGE_301,/ar/visa-nepal,"Contenu quasi identique au groupe (unicite 3.5%), aucune regle propre, 0 impressions"
ar,www2/ar/nepal-visa-for-brazilian-citizens.html,/ar/nepal-visa-for-brazilian-citizens,nepal,brazilian,yes,https://www.evisa-card.com/ar/nepal-visa-for-brazilian-citizens,393,0.0278,0.9722,0,0,0.0,,no,no,MERGE_301,/ar/visa-nepal,"Contenu quasi identique au groupe (unicite 2.8%), aucune regle propre, 0 impressions"
ar,www2/ar/nepal-visa-for-canadian-citizens.html,/ar/nepal-visa-for-canadian-citizens,nepal,canadian,yes,https://www.evisa-card.com/ar/nepal-visa-for-canadian-citizens,511,0.1409,0.8591,0,0,0.0,,no,no,MERGE_301,/ar/visa-nepal,"Contenu tres proche du groupe (unicite 14.1%), 0 impression"
ar,www2/ar/nepal-visa-for-chinese-citizens.html,/ar/nepal-visa-for-chinese-citizens,nepal,chinese,yes,https://www.evisa-card.com/ar/nepal-visa-for-chinese-citizens,392,0.0304,0.9696,0,0,0.0,,no,no,MERGE_301,/ar/visa-nepal,"Contenu quasi identique au groupe (unicite 3.0%), aucune regle propre, 0 impressions"
ar,www2/ar/nepal-visa-for-french-citizens.html,/ar/nepal-visa-for-french-citizens,nepal,french,yes,https://www.evisa-card.com/ar/nepal-visa-for-french-citizens,393,0.0278,0.9722,0,0,0.0,,no,no,MERGE_301,/ar/visa-nepal,"Contenu quasi identique au groupe (unicite 2.8%), aucune regle propre, 0 impressions"
ar,www2/ar/nepal-visa-for-german-citizens.html,/ar/nepal-visa-for-german-citizens,nepal,german,yes,https://www.evisa-card.com/ar/nepal-visa-for-german-citizens,393,0.0278,0.9722,0,0,0.0,,no,no,MERGE_301,/ar/visa-nepal,"Contenu quasi identique au groupe (unicite 2.8%), aucune regle propre, 0 impressions"
ar,www2/ar/nepal-visa-for-indonesian-citizens.html,/ar/nepal-visa-for-indonesian-citizens,nepal,indonesian,yes,https://www.evisa-card.com/ar/nepal-visa-for-indonesian-citizens,395,0.0352,0.9648,0,0,0.0,,no,no,MERGE_301,/ar/visa-nepal,"Contenu quasi identique au groupe (unicite 3.5%), aucune regle propre, 0 impressions"
ar,www2/ar/nepal-visa-for-japanese-citizens.html,/ar/nepal-visa-for-japanese-citizens,nepal,japanese,yes,https://www.evisa-card.com/ar/nepal-visa-for-japanese-citizens,507,0.1341,0.8659,0,0,0.0,,no,no,MERGE_301,/ar/visa-nepal,"Contenu tres proche du groupe (unicite 13.4%), 0 impression"
ar,www2/ar/nepal-visa-for-korean-citizens.html,/ar/nepal-visa-for-korean-citizens,nepal,korean,yes,https://www.evisa-card.com/ar/nepal-visa-for-korean-citizens,397,0.04,0.96,0,0,0.0,,no,no,MERGE_301,/ar/visa-nepal,"Contenu quasi identique au groupe (unicite 4.0%), aucune regle propre, 0 impressions"
ar,www2/ar/nepal-visa-for-mexican-citizens.html,/ar/nepal-visa-for-mexican-citizens,nepal,mexican,yes,https://www.evisa-card.com/ar/nepal-visa-for-mexican-citizens,393,0.0278,0.9722,0,0,0.0,,no,no,MERGE_301,/ar/visa-nepal,"Contenu quasi identique au groupe (unicite 2.8%), aucune regle propre, 0 impressions"
ar,www2/ar/nepal-visa-for-philippine-citizens.html,/ar/nepal-visa-for-philippine-citizens,nepal,philippine,yes,https://www.evisa-card.com/ar/nepal-visa-for-philippine-citizens,506,0.1285,0.8715,0,0,0.0,,no,no,MERGE_301,/ar/visa-nepal,"Contenu tres proche du groupe (unicite 12.8%), 0 impression"
ar,www2/ar/nepal-visa-for-russian-citizens.html,/ar/nepal-visa-for-russian-citizens,nepal,russian,yes,https://www.evisa-card.com/ar/nepal-visa-for-russian-citizens,393,0.0278,0.9722,0,0,0.0,,no,no,MERGE_301,/ar/visa-nepal,"Contenu quasi identique au groupe (unicite 2.8%), aucune regle propre, 0 impressions"
ar,www2/ar/nepal-visa-for-south-african-citizens.html,/ar/nepal-visa-for-south-african-citizens,nepal,south-african,yes,https://www.evisa-card.com/ar/nepal-visa-for-south-african-citizens,399,0.0447,0.9553,0,0,0.0,,no,no,MERGE_301,/ar/visa-nepal,"Contenu quasi identique au groupe (unicite 4.5%), aucune regle propre, 0 impressions"
ar,www2/ar/nepal-visa-for-turkish-citizens.html,/ar/nepal-visa-for-turkish-citizens,nepal,turkish,yes,https://www.evisa-card.com/ar/nepal-visa-for-turkish-citizens,392,0.0304,0.9696,0,0,0.0,,no,no,MERGE_301,/ar/visa-nepal,"Contenu quasi identique au groupe (unicite 3.0%), aucune regle propre, 0 impressions"
ar,www2/ar/nepal-visa-for-uk-citizens.html,/ar/nepal-visa-for-uk-citizens,nepal,uk,yes,https://www.evisa-card.com/ar/nepal-visa-for-uk-citizens,391,0.0254,0.9746,0,0,0.0,,no,no,MERGE_301,/ar/visa-nepal,"Contenu quasi identique au groupe (unicite 2.5%), aucune regle propre, 0 impressions"
ar,www2/ar/nepal-visa-for-us-citizens.html,/ar/nepal-visa-for-us-citizens,nepal,us,yes,https://www.evisa-card.com/ar/nepal-visa-for-us-citizens,394,0.0354,0.9646,0,0,0.0,,no,no,MERGE_301,/ar/visa-nepal,"Contenu quasi identique au groupe (unicite 3.5%), aucune regle propre, 0 impressions"
ar,www2/ar/sri-lanka-visa-for-argentinian-citizens.html,/ar/sri-lanka-visa-for-argentinian-citizens,sri-lanka,argentinian,yes,https://www.evisa-card.com/ar/sri-lanka-visa-for-argentinian-citizens,328,0.024,0.976,0,0,0.0,,no,no,MERGE_301,/ar/visa-sri-lanka,"Contenu quasi identique au groupe (unicite 2.4%), aucune regle propre, 0 impressions"
ar,www2/ar/sri-lanka-visa-for-brazilian-citizens.html,/ar/sri-lanka-visa-for-brazilian-citizens,sri-lanka,brazilian,yes,https://www.evisa-card.com/ar/sri-lanka-visa-for-brazilian-citizens,327,0.021,0.979,0,0,0.0,,no,no,MERGE_301,/ar/visa-sri-lanka,"Contenu quasi identique au groupe (unicite 2.1%), aucune regle propre, 0 impressions"
ar,www2/ar/sri-lanka-visa-for-german-citizens.html,/ar/sri-lanka-visa-for-german-citizens,sri-lanka,german,yes,https://www.evisa-card.com/ar/sri-lanka-visa-for-german-citizens,327,0.021,0.979,0,0,0.0,,no,no,MERGE_301,/ar/visa-sri-lanka,"Contenu quasi identique au groupe (unicite 2.1%), aucune regle propre, 0 impressions"
ar,www2/ar/sri-lanka-visa-for-japanese-citizens.html,/ar/sri-lanka-visa-for-japanese-citizens,sri-lanka,japanese,yes,https://www.evisa-card.com/ar/sri-lanka-visa-for-japanese-citizens,423,0.1458,0.8542,0,0,0.0,,no,no,MERGE_301,/ar/visa-sri-lanka,"Contenu tres proche du groupe (unicite 14.6%), 0 impression"
ar,www2/ar/sri-lanka-visa-for-korean-citizens.html,/ar/sri-lanka-visa-for-korean-citizens,sri-lanka,korean,yes,https://www.evisa-card.com/ar/sri-lanka-visa-for-korean-citizens,325,0.0211,0.9789,0,0,0.0,,no,no,MERGE_301,/ar/visa-sri-lanka,"Contenu quasi identique au groupe (unicite 2.1%), aucune regle propre, 0 impressions"
ar,www2/ar/sri-lanka-visa-for-mexican-citizens.html,/ar/sri-lanka-visa-for-mexican-citizens,sri-lanka,mexican,yes,https://www.evisa-card.com/ar/sri-lanka-visa-for-mexican-citizens,327,0.021,0.979,0,0,0.0,,no,no,MERGE_301,/ar/visa-sri-lanka,"Contenu quasi identique au groupe (unicite 2.1%), aucune regle propre, 0 impressions"
ar,www2/ar/sri-lanka-visa-for-russian-citizens.html,/ar/sri-lanka-visa-for-russian-citizens,sri-lanka,russian,yes,https://www.evisa-card.com/ar/sri-lanka-visa-for-russian-citizens,327,0.021,0.979,0,0,0.0,,no,no,MERGE_301,/ar/visa-sri-lanka,"Contenu quasi identique au groupe (unicite 2.1%), aucune regle propre, 0 impressions"
ar,www2/ar/sri-lanka-visa-for-turkish-citizens.html,/ar/sri-lanka-visa-for-turkish-citizens,sri-lanka,turkish,yes,https://www.evisa-card.com/ar/sri-lanka-visa-for-turkish-citizens,324,0.0182,0.9818,0,0,0.0,,no,no,MERGE_301,/ar/visa-sri-lanka,"Contenu quasi identique au groupe (unicite 1.8%), aucune regle propre, 0 impressions"
ar,www2/ar/sri-lanka-visa-for-uk-citizens.html,/ar/sri-lanka-visa-for-uk-citizens,sri-lanka,uk,yes,https://www.evisa-card.com/ar/sri-lanka-visa-for-uk-citizens,329,0.0269,0.9731,0,0,0.0,,no,no,MERGE_301,/ar/visa-sri-lanka,"Contenu quasi identique au groupe (unicite 2.7%), aucune regle propre, 0 impressions"
ar,www2/ar/turkey-visa-for-argentinian-citizens.html,/ar/turkey-visa-for-argentinian-citizens,turkey,argentinian,yes,https://www.evisa-card.com/ar/turkey-visa-for-argentinian-citizens,286,0.0759,0.9241,0,0,0.0,,no,no,MERGE_301,/ar/visa-turkey,"Contenu quasi identique au groupe (unicite 7.6%), aucune regle propre, 0 impressions"
ar,www2/ar/turkey-visa-for-australian-citizens.html,/ar/turkey-visa-for-australian-citizens,turkey,australian,yes,https://www.evisa-card.com/ar/turkey-visa-for-australian-citizens,292,0.0746,0.9254,0,0,0.0,,no,no,MERGE_301,/ar/visa-turkey,"Contenu quasi identique au groupe (unicite 7.5%), aucune regle propre, 0 impressions"
ar,www2/ar/turkey-visa-for-chinese-citizens.html,/ar/turkey-visa-for-chinese-citizens,turkey,chinese,yes,https://www.evisa-card.com/ar/turkey-visa-for-chinese-citizens,291,0.0845,0.9155,0,0,0.0,,no,no,MERGE_301,/ar/visa-turkey,"Contenu quasi identique au groupe (unicite 8.5%), aucune regle propre, 0 impressions"
ar,www2/ar/turkey-visa-for-mexican-citizens.html,/ar/turkey-visa-for-mexican-citizens,turkey,mexican,yes,https://www.evisa-card.com/ar/turkey-visa-for-mexican-citizens,287,0.0756,0.9244,0,0,0.0,,no,no,MERGE_301,/ar/visa-turkey,"Contenu quasi identique au groupe (unicite 7.6%), aucune regle propre, 0 impressions"
ar,www2/ar/turkey-visa-for-nigerian-citizens.html,/ar/turkey-visa-for-nigerian-citizens,turkey,nigerian,yes,https://www.evisa-card.com/ar/turkey-visa-for-nigerian-citizens,288,0.0722,0.9278,0,0,0.0,,no,no,MERGE_301,/ar/visa-turkey,"Contenu quasi identique au groupe (unicite 7.2%), aucune regle propre, 0 impressions"
ar,www2/ar/turkey-visa-for-philippine-citizens.html,/ar/turkey-visa-for-philippine-citizens,turkey,philippine,yes,https://www.evisa-card.com/ar/turkey-visa-for-philippine-citizens,291,0.0881,0.9119,0,0,0.0,,no,no,MERGE_301,/ar/visa-turkey,"Contenu quasi identique au groupe (unicite 8.8%), aucune regle propre, 0 impressions"
ar,www2/ar/turkey-visa-for-uk-citizens.html,/ar/turkey-visa-for-uk-citizens,turkey,uk,yes,https://www.evisa-card.com/ar/turkey-visa-for-uk-citizens,293,0.0952,0.9048,0,0,0.0,,no,no,MERGE_301,/ar/visa-turkey,"Contenu quasi identique au groupe (unicite 9.5%), aucune regle propre, 0 impressions"
ja,www2/ja/india-visa-for-argentinian-citizens.html,/ja/india-visa-for-argentinian-citizens,india,argentinian,yes,https://www.evisa-card.com/ja/india-visa-for-argentinian-citizens,139,0.0267,0.9733,0,0,0.0,,no,no,MERGE_301,/ja/visa-india,"Contenu quasi identique au groupe (unicite 2.7%), aucune regle propre, 0 impressions"
ja,www2/ja/india-visa-for-australian-citizens.html,/ja/india-visa-for-australian-citizens,india,australian,yes,https://www.evisa-card.com/ja/india-visa-for-australian-citizens,141,0.0319,0.9681,0,0,0.0,,no,no,MERGE_301,/ja/visa-india,"Contenu quasi identique au groupe (unicite 3.2%), aucune regle propre, 0 impressions"
ja,www2/ja/india-visa-for-brazilian-citizens.html,/ja/india-visa-for-brazilian-citizens,india,brazilian,yes,https://www.evisa-card.com/ja/india-visa-for-brazilian-citizens,139,0.0267,0.9733,0,0,0.0,,no,no,MERGE_301,/ja/visa-india,"Contenu quasi identique au groupe (unicite 2.7%), aucune regle propre, 0 impressions"
ja,www2/ja/india-visa-for-chinese-citizens.html,/ja/india-visa-for-chinese-citizens,india,chinese,yes,https://www.evisa-card.com/ja/india-visa-for-chinese-citizens,139,0.0267,0.9733,0,0,0.0,,no,no,MERGE_301,/ja/visa-india,"Contenu quasi identique au groupe (unicite 2.7%), aucune regle propre, 0 impressions"
ja,www2/ja/india-visa-for-french-citizens.html,/ja/india-visa-for-french-citizens,india,french,yes,https://www.evisa-card.com/ja/india-visa-for-french-citizens,139,0.0267,0.9733,0,0,0.0,,no,no,MERGE_301,/ja/visa-india,"Contenu quasi identique au groupe (unicite 2.7%), aucune regle propre, 0 impressions"
ja,www2/ja/india-visa-for-german-citizens.html,/ja/india-visa-for-german-citizens,india,german,yes,https://www.evisa-card.com/ja/india-visa-for-german-citizens,139,0.0267,0.9733,0,0,0.0,,no,no,MERGE_301,/ja/visa-india,"Contenu quasi identique au groupe (unicite 2.7%), aucune regle propre, 0 impressions"
ja,www2/ja/india-visa-for-indonesian-citizens.html,/ja/india-visa-for-indonesian-citizens,india,indonesian,yes,https://www.evisa-card.com/ja/india-visa-for-indonesian-citizens,139,0.0267,0.9733,0,0,0.0,,no,no,MERGE_301,/ja/visa-india,"Contenu quasi identique au groupe (unicite 2.7%), aucune regle propre, 0 impressions"
ja,www2/ja/india-visa-for-korean-citizens.html,/ja/india-visa-for-korean-citizens,india,korean,yes,https://www.evisa-card.com/ja/india-visa-for-korean-citizens,139,0.0267,0.9733,0,0,0.0,,no,no,MERGE_301,/ja/visa-india,"Contenu quasi identique au groupe (unicite 2.7%), aucune regle propre, 0 impressions"
ja,www2/ja/india-visa-for-mexican-citizens.html,/ja/india-visa-for-mexican-citizens,india,mexican,yes,https://www.evisa-card.com/ja/india-visa-for-mexican-citizens,139,0.0267,0.9733,0,0,0.0,,no,no,MERGE_301,/ja/visa-india,"Contenu quasi identique au groupe (unicite 2.7%), aucune regle propre, 0 impressions"
ja,www2/ja/india-visa-for-nigerian-citizens.html,/ja/india-visa-for-nigerian-citizens,india,nigerian,yes,https://www.evisa-card.com/ja/india-visa-for-nigerian-citizens,139,0.0267,0.9733,0,0,0.0,,no,no,MERGE_301,/ja/visa-india,"Contenu quasi identique au groupe (unicite 2.7%), aucune regle propre, 0 impressions"
ja,www2/ja/india-visa-for-russian-citizens.html,/ja/india-visa-for-russian-citizens,india,russian,yes,https://www.evisa-card.com/ja/india-visa-for-russian-citizens,139,0.0267,0.9733,0,0,0.0,,no,no,MERGE_301,/ja/visa-india,"Contenu quasi identique au groupe (unicite 2.7%), aucune regle propre, 0 impressions"
ja,www2/ja/india-visa-for-south-african-citizens.html,/ja/india-visa-for-south-african-citizens,india,south-african,yes,https://www.evisa-card.com/ja/india-visa-for-south-african-citizens,139,0.0267,0.9733,0,0,0.0,,no,no,MERGE_301,/ja/visa-india,"Contenu quasi identique au groupe (unicite 2.7%), aucune regle propre, 0 impressions"
ja,www2/ja/india-visa-for-turkish-citizens.html,/ja/india-visa-for-turkish-citizens,india,turkish,yes,https://www.evisa-card.com/ja/india-visa-for-turkish-citizens,138,0.0269,0.9731,0,0,0.0,,no,no,MERGE_301,/ja/visa-india,"Contenu quasi identique au groupe (unicite 2.7%), aucune regle propre, 0 impressions"
ja,www2/ja/india-visa-for-uk-citizens.html,/ja/india-visa-for-uk-citizens,india,uk,yes,https://www.evisa-card.com/ja/india-visa-for-uk-citizens,139,0.0267,0.9733,0,0,0.0,,no,no,MERGE_301,/ja/visa-india,"Contenu quasi identique au groupe (unicite 2.7%), aucune regle propre, 0 impressions"
ja,www2/ja/india-visa-for-us-citizens.html,/ja/india-visa-for-us-citizens,india,us,yes,https://www.evisa-card.com/ja/india-visa-for-us-citizens,139,0.0321,0.9679,0,0,0.0,,no,no,MERGE_301,/ja/visa-india,"Contenu quasi identique au groupe (unicite 3.2%), aucune regle propre, 0 impressions"
ja,www2/ja/jordan-visa-for-argentinian-citizens.html,/ja/jordan-visa-for-argentinian-citizens,jordan,argentinian,yes,https://www.evisa-card.com/ja/jordan-visa-for-argentinian-citizens,112,0.05,0.95,0,0,0.0,,no,no,MERGE_301,/ja/visa-jordan,"Contenu quasi identique au groupe (unicite 5.0%), aucune regle propre, 0 impressions"
ja,www2/ja/jordan-visa-for-australian-citizens.html,/ja/jordan-visa-for-australian-citizens,jordan,australian,yes,https://www.evisa-card.com/ja/jordan-visa-for-australian-citizens,112,0.05,0.95,0,0,0.0,,no,no,MERGE_301,/ja/visa-jordan,"Contenu quasi identique au groupe (unicite 5.0%), aucune regle propre, 0 impressions"
ja,www2/ja/jordan-visa-for-canadian-citizens.html,/ja/jordan-visa-for-canadian-citizens,jordan,canadian,yes,https://www.evisa-card.com/ja/jordan-visa-for-canadian-citizens,112,0.05,0.95,0,0,0.0,,no,no,MERGE_301,/ja/visa-jordan,"Contenu quasi identique au groupe (unicite 5.0%), aucune regle propre, 0 impressions"
ja,www2/ja/jordan-visa-for-french-citizens.html,/ja/jordan-visa-for-french-citizens,jordan,french,yes,https://www.evisa-card.com/ja/jordan-visa-for-french-citizens,115,0.0699,0.9301,0,0,0.0,,no,no,MERGE_301,/ja/visa-jordan,"Contenu quasi identique au groupe (unicite 7.0%), aucune regle propre, 0 impressions"
ja,www2/ja/jordan-visa-for-indonesian-citizens.html,/ja/jordan-visa-for-indonesian-citizens,jordan,indonesian,yes,https://www.evisa-card.com/ja/jordan-visa-for-indonesian-citizens,113,0.0567,0.9433,0,0,0.0,,no,no,MERGE_301,/ja/visa-jordan,"Contenu quasi identique au groupe (unicite 5.7%), aucune regle propre, 0 impressions"
ja,www2/ja/jordan-visa-for-japanese-citizens.html,/ja/jordan-visa-for-japanese-citizens,jordan,japanese,yes,https://www.evisa-card.com/ja/jordan-visa-for-japanese-citizens,112,0.0567,0.9433,0,0,0.0,,no,no,MERGE_301,/ja/visa-jordan,"Contenu quasi identique au groupe (unicite 5.7%), aucune regle propre, 0 impressions"
ja,www2/ja/jordan-visa-for-korean-citizens.html,/ja/jordan-visa-for-korean-citizens,jordan,korean,yes,https://www.evisa-card.com/ja/jordan-visa-for-korean-citizens,114,0.0764,0.9236,0,0,0.0,,no,no,MERGE_301,/ja/visa-jordan,"Contenu quasi identique au groupe (unicite 7.6%), aucune regle propre, 0 impressions"
ja,www2/ja/jordan-visa-for-mexican-citizens.html,/ja/jordan-visa-for-mexican-citizens,jordan,mexican,yes,https://www.evisa-card.com/ja/jordan-visa-for-mexican-citizens,113,0.0567,0.9433,0,0,0.0,,no,no,MERGE_301,/ja/visa-jordan,"Contenu quasi identique au groupe (unicite 5.7%), aucune regle propre, 0 impressions"
ja,www2/ja/jordan-visa-for-philippine-citizens.html,/ja/jordan-visa-for-philippine-citizens,jordan,philippine,yes,https://www.evisa-card.com/ja/jordan-visa-for-philippine-citizens,113,0.0634,0.9366,0,0,0.0,,no,no,MERGE_301,/ja/visa-jordan,"Contenu quasi identique au groupe (unicite 6.3%), aucune regle propre, 0 impressions"
ja,www2/ja/jordan-visa-for-russian-citizens.html,/ja/jordan-visa-for-russian-citizens,jordan,russian,yes,https://www.evisa-card.com/ja/jordan-visa-for-russian-citizens,112,0.05,0.95,0,0,0.0,,no,no,MERGE_301,/ja/visa-jordan,"Contenu quasi identique au groupe (unicite 5.0%), aucune regle propre, 0 impressions"
ja,www2/ja/jordan-visa-for-singaporean-citizens.html,/ja/jordan-visa-for-singaporean-citizens,jordan,singaporean,yes,https://www.evisa-card.com/ja/jordan-visa-for-singaporean-citizens,112,0.05,0.95,0,0,0.0,,no,no,MERGE_301,/ja/visa-jordan,"Contenu quasi identique au groupe (unicite 5.0%), aucune regle propre, 0 impressions"
ja,www2/ja/jordan-visa-for-turkish-citizens.html,/ja/jordan-visa-for-turkish-citizens,jordan,turkish,yes,https://www.evisa-card.com/ja/jordan-visa-for-turkish-citizens,112,0.05,0.95,0,0,0.0,,no,no,MERGE_301,/ja/visa-jordan,"Contenu quasi identique au groupe (unicite 5.0%), aucune regle propre, 0 impressions"
ja,www2/ja/jordan-visa-for-uk-citizens.html,/ja/jordan-visa-for-uk-citizens,jordan,uk,yes,https://www.evisa-card.com/ja/jordan-visa-for-uk-citizens,114,0.0634,0.9366,0,0,0.0,,no,no,MERGE_301,/ja/visa-jordan,"Contenu quasi identique au groupe (unicite 6.3%), aucune regle propre, 0 impressions"
ja,www2/ja/jordan-visa-for-us-citizens.html,/ja/jordan-visa-for-us-citizens,jordan,us,yes,https://www.evisa-card.com/ja/jordan-visa-for-us-citizens,112,0.078,0.922,0,0,0.0,,no,no,MERGE_301,/ja/visa-jordan,"Contenu quasi identique au groupe (unicite 7.8%), aucune regle propre, 0 impressions"
ja,www2/ja/maldives-visa-for-argentinian-citizens.html,/ja/maldives-visa-for-argentinian-citizens,maldives,argentinian,yes,https://www.evisa-card.com/ja/maldives-visa-for-argentinian-citizens,91,0.068,0.932,0,0,0.0,,no,no,MERGE_301,/ja/visa-maldives,"Contenu quasi identique au groupe (unicite 6.8%), aucune regle propre, 0 impressions"
ja,www2/ja/maldives-visa-for-australian-citizens.html,/ja/maldives-visa-for-australian-citizens,maldives,australian,yes,https://www.evisa-card.com/ja/maldives-visa-for-australian-citizens,91,0.0777,0.9223,0,0,0.0,,no,no,MERGE_301,/ja/visa-maldives,"Contenu quasi identique au groupe (unicite 7.8%), aucune regle propre, 0 impressions"
ja,www2/ja/maldives-visa-for-brazilian-citizens.html,/ja/maldives-visa-for-brazilian-citizens,maldives,brazilian,yes,https://www.evisa-card.com/ja/maldives-visa-for-brazilian-citizens,89,0.0686,0.9314,0,0,0.0,,no,no,MERGE_301,/ja/visa-maldives,"Contenu quasi identique au groupe (unicite 6.9%), aucune regle propre, 0 impressions"
ja,www2/ja/maldives-visa-for-canadian-citizens.html,/ja/maldives-visa-for-canadian-citizens,maldives,canadian,yes,https://www.evisa-card.com/ja/maldives-visa-for-canadian-citizens,91,0.0777,0.9223,0,0,0.0,,no,no,MERGE_301,/ja/visa-maldives,"Contenu quasi identique au groupe (unicite 7.8%), aucune regle propre, 0 impressions"
ja,www2/ja/maldives-visa-for-chinese-citizens.html,/ja/maldives-visa-for-chinese-citizens,maldives,chinese,yes,https://www.evisa-card.com/ja/maldives-visa-for-chinese-citizens,89,0.0686,0.9314,0,0,0.0,,no,no,MERGE_301,/ja/visa-maldives,"Contenu quasi identique au groupe (unicite 6.9%), aucune regle propre, 0 impressions"
ja,www2/ja/maldives-visa-for-french-citizens.html,/ja/maldives-visa-for-french-citizens,maldives,french,yes,https://www.evisa-card.com/ja/maldives-visa-for-french-citizens,89,0.0686,0.9314,0,0,0.0,,no,no,MERGE_301,/ja/visa-maldives,"Contenu quasi identique au groupe (unicite 6.9%), aucune regle propre, 0 impressions"
ja,www2/ja/maldives-visa-for-german-citizens.html,/ja/maldives-visa-for-german-citizens,maldives,german,yes,https://www.evisa-card.com/ja/maldives-visa-for-german-citizens,89,0.0686,0.9314,0,0,0.0,,no,no,MERGE_301,/ja/visa-maldives,"Contenu quasi identique au groupe (unicite 6.9%), aucune regle propre, 0 impressions"
ja,www2/ja/maldives-visa-for-indian-citizens.html,/ja/maldives-visa-for-indian-citizens,maldives,indian,yes,https://www.evisa-card.com/ja/maldives-visa-for-indian-citizens,89,0.0686,0.9314,0,0,0.0,,no,no,MERGE_301,/ja/visa-maldives,"Contenu quasi identique au groupe (unicite 6.9%), aucune regle propre, 0 impressions"
ja,www2/ja/maldives-visa-for-indonesian-citizens.html,/ja/maldives-visa-for-indonesian-citizens,maldives,indonesian,yes,https://www.evisa-card.com/ja/maldives-visa-for-indonesian-citizens,89,0.0686,0.9314,0,0,0.0,,no,no,MERGE_301,/ja/visa-maldives,"Contenu quasi identique au groupe (unicite 6.9%), aucune regle propre, 0 impressions"
ja,www2/ja/maldives-visa-for-korean-citizens.html,/ja/maldives-visa-for-korean-citizens,maldives,korean,yes,https://www.evisa-card.com/ja/maldives-visa-for-korean-citizens,93,0.0857,0.9143,0,0,0.0,,no,no,MERGE_301,/ja/visa-maldives,"Contenu quasi identique au groupe (unicite 8.6%), aucune regle propre, 0 impressions"
ja,www2/ja/maldives-visa-for-mexican-citizens.html,/ja/maldives-visa-for-mexican-citizens,maldives,mexican,yes,https://www.evisa-card.com/ja/maldives-visa-for-mexican-citizens,91,0.068,0.932,0,0,0.0,,no,no,MERGE_301,/ja/visa-maldives,"Contenu quasi identique au groupe (unicite 6.8%), aucune regle propre, 0 impressions"
ja,www2/ja/maldives-visa-for-nigerian-citizens.html,/ja/maldives-visa-for-nigerian-citizens,maldives,nigerian,yes,https://www.evisa-card.com/ja/maldives-visa-for-nigerian-citizens,91,0.068,0.932,0,0,0.0,,no,no,MERGE_301,/ja/visa-maldives,"Contenu quasi identique au groupe (unicite 6.8%), aucune regle propre, 0 impressions"
ja,www2/ja/maldives-visa-for-philippine-citizens.html,/ja/maldives-visa-for-philippine-citizens,maldives,philippine,yes,https://www.evisa-card.com/ja/maldives-visa-for-philippine-citizens,89,0.0686,0.9314,0,0,0.0,,no,no,MERGE_301,/ja/visa-maldives,"Contenu quasi identique au groupe (unicite 6.9%), aucune regle propre, 0 impressions"
ja,www2/ja/maldives-visa-for-russian-citizens.html,/ja/maldives-visa-for-russian-citizens,maldives,russian,yes,https://www.evisa-card.com/ja/maldives-visa-for-russian-citizens,89,0.0686,0.9314,0,0,0.0,,no,no,MERGE_301,/ja/visa-maldives,"Contenu quasi identique au groupe (unicite 6.9%), aucune regle propre, 0 impressions"
ja,www2/ja/maldives-visa-for-turkish-citizens.html,/ja/maldives-visa-for-turkish-citizens,maldives,turkish,yes,https://www.evisa-card.com/ja/maldives-visa-for-turkish-citizens,89,0.0686,0.9314,0,0,0.0,,no,no,MERGE_301,/ja/visa-maldives,"Contenu quasi identique au groupe (unicite 6.9%), aucune regle propre, 0 impressions"
ja,www2/ja/maldives-visa-for-uk-citizens.html,/ja/maldives-visa-for-uk-citizens,maldives,uk,yes,https://www.evisa-card.com/ja/maldives-visa-for-uk-citizens,91,0.068,0.932,0,0,0.0,,no,no,MERGE_301,/ja/visa-maldives,"Contenu quasi identique au groupe (unicite 6.8%), aucune regle propre, 0 impressions"
ja,www2/ja/maldives-visa-for-us-citizens.html,/ja/maldives-visa-for-us-citizens,maldives,us,yes,https://www.evisa-card.com/ja/maldives-visa-for-us-citizens,89,0.0971,0.9029,0,0,0.0,,no,no,MERGE_301,/ja/visa-maldives,"Contenu quasi identique au groupe (unicite 9.7%), aucune regle propre, 0 impressions"
ja,www2/ja/nepal-visa-for-argentinian-citizens.html,/ja/nepal-visa-for-argentinian-citizens,nepal,argentinian,yes,https://www.evisa-card.com/ja/nepal-visa-for-argentinian-citizens,126,0.0494,0.9506,0,0,0.0,,no,no,MERGE_301,/ja/visa-nepal,"Contenu quasi identique au groupe (unicite 4.9%), aucune regle propre, 0 impressions"
ja,www2/ja/nepal-visa-for-australian-citizens.html,/ja/nepal-visa-for-australian-citizens,nepal,australian,yes,https://www.evisa-card.com/ja/nepal-visa-for-australian-citizens,129,0.061,0.939,0,0,0.0,,no,no,MERGE_301,/ja/visa-nepal,"Contenu quasi identique au groupe (unicite 6.1%), aucune regle propre, 0 impressions"
ja,www2/ja/nepal-visa-for-brazilian-citizens.html,/ja/nepal-visa-for-brazilian-citizens,nepal,brazilian,yes,https://www.evisa-card.com/ja/nepal-visa-for-brazilian-citizens,126,0.0494,0.9506,0,0,0.0,,no,no,MERGE_301,/ja/visa-nepal,"Contenu quasi identique au groupe (unicite 4.9%), aucune regle propre, 0 impressions"
ja,www2/ja/nepal-visa-for-chinese-citizens.html,/ja/nepal-visa-for-chinese-citizens,nepal,chinese,yes,https://www.evisa-card.com/ja/nepal-visa-for-chinese-citizens,127,0.0552,0.9448,0,0,0.0,,no,no,MERGE_301,/ja/visa-nepal,"Contenu quasi identique au groupe (unicite 5.5%), aucune regle propre, 0 impressions"
ja,www2/ja/nepal-visa-for-french-citizens.html,/ja/nepal-visa-for-french-citizens,nepal,french,yes,https://www.evisa-card.com/ja/nepal-visa-for-french-citizens,129,0.0667,0.9333,0,0,0.0,,no,no,MERGE_301,/ja/visa-nepal,"Contenu quasi identique au groupe (unicite 6.7%), aucune regle propre, 0 impressions"
ja,www2/ja/nepal-visa-for-german-citizens.html,/ja/nepal-visa-for-german-citizens,nepal,german,yes,https://www.evisa-card.com/ja/nepal-visa-for-german-citizens,128,0.0667,0.9333,0,0,0.0,,no,no,MERGE_301,/ja/visa-nepal,"Contenu quasi identique au groupe (unicite 6.7%), aucune regle propre, 0 impressions"
ja,www2/ja/nepal-visa-for-indonesian-citizens.html,/ja/nepal-visa-for-indonesian-citizens,nepal,indonesian,yes,https://www.evisa-card.com/ja/nepal-visa-for-indonesian-citizens,126,0.0494,0.9506,0,0,0.0,,no,no,MERGE_301,/ja/visa-nepal,"Contenu quasi identique au groupe (unicite 4.9%), aucune regle propre, 0 impressions"
ja,www2/ja/nepal-visa-for-korean-citizens.html,/ja/nepal-visa-for-korean-citizens,nepal,korean,yes,https://www.evisa-card.com/ja/nepal-visa-for-korean-citizens,128,0.0667,0.9333,0,0,0.0,,no,no,MERGE_301,/ja/visa-nepal,"Contenu quasi identique au groupe (unicite 6.7%), aucune regle propre, 0 impressions"
ja,www2/ja/nepal-visa-for-mexican-citizens.html,/ja/nepal-visa-for-mexican-citizens,nepal,mexican,yes,https://www.evisa-card.com/ja/nepal-visa-for-mexican-citizens,127,0.0552,0.9448,0,0,0.0,,no,no,MERGE_301,/ja/visa-nepal,"Contenu quasi identique au groupe (unicite 5.5%), aucune regle propre, 0 impressions"
ja,www2/ja/nepal-visa-for-nigerian-citizens.html,/ja/nepal-visa-for-nigerian-citizens,nepal,nigerian,yes,https://www.evisa-card.com/ja/nepal-visa-for-nigerian-citizens,127,0.0552,0.9448,0,0,0.0,,no,no,MERGE_301,/ja/visa-nepal,"Contenu quasi identique au groupe (unicite 5.5%), aucune regle propre, 0 impressions"
ja,www2/ja/nepal-visa-for-russian-citizens.html,/ja/nepal-visa-for-russian-citizens,nepal,russian,yes,https://www.evisa-card.com/ja/nepal-visa-for-russian-citizens,126,0.0494,0.9506,0,0,0.0,,no,no,MERGE_301,/ja/visa-nepal,"Contenu quasi identique au groupe (unicite 4.9%), aucune regle propre, 0 impressions"
ja,www2/ja/nepal-visa-for-singaporean-citizens.html,/ja/nepal-visa-for-singaporean-citizens,nepal,singaporean,yes,https://www.evisa-card.com/ja/nepal-visa-for-singaporean-citizens,129,0.061,0.939,0,0,0.0,,no,no,MERGE_301,/ja/visa-nepal,"Contenu quasi identique au groupe (unicite 6.1%), aucune regle propre, 0 impressions"
ja,www2/ja/nepal-visa-for-south-african-citizens.html,/ja/nepal-visa-for-south-african-citizens,nepal,south-african,yes,https://www.evisa-card.com/ja/nepal-visa-for-south-african-citizens,129,0.0667,0.9333,0,0,0.0,,no,no,MERGE_301,/ja/visa-nepal,"Contenu quasi identique au groupe (unicite 6.7%), aucune regle propre, 0 impressions"
ja,www2/ja/nepal-visa-for-turkish-citizens.html,/ja/nepal-visa-for-turkish-citizens,nepal,turkish,yes,https://www.evisa-card.com/ja/nepal-visa-for-turkish-citizens,126,0.0494,0.9506,0,0,0.0,,no,no,MERGE_301,/ja/visa-nepal,"Contenu quasi identique au groupe (unicite 4.9%), aucune regle propre, 0 impressions"
ja,www2/ja/nepal-visa-for-uk-citizens.html,/ja/nepal-visa-for-uk-citizens,nepal,uk,yes,https://www.evisa-card.com/ja/nepal-visa-for-uk-citizens,129,0.0723,0.9277,0,0,0.0,,no,no,MERGE_301,/ja/visa-nepal,"Contenu quasi identique au groupe (unicite 7.2%), aucune regle propre, 0 impressions"
ja,www2/ja/nepal-visa-for-us-citizens.html,/ja/nepal-visa-for-us-citizens,nepal,us,yes,https://www.evisa-card.com/ja/nepal-visa-for-us-citizens,126,0.0859,0.9141,0,0,0.0,,no,no,MERGE_301,/ja/visa-nepal,"Contenu quasi identique au groupe (unicite 8.6%), aucune regle propre, 0 impressions"
ja,www2/ja/sri-lanka-visa-for-argentinian-citizens.html,/ja/sri-lanka-visa-for-argentinian-citizens,sri-lanka,argentinian,yes,https://www.evisa-card.com/ja/sri-lanka-visa-for-argentinian-citizens,126,0.0755,0.9245,0,0,0.0,,no,no,MERGE_301,/ja/visa-sri-lanka,"Contenu quasi identique au groupe (unicite 7.5%), aucune regle propre, 0 impressions"
ja,www2/ja/sri-lanka-visa-for-brazilian-citizens.html,/ja/sri-lanka-visa-for-brazilian-citizens,sri-lanka,brazilian,yes,https://www.evisa-card.com/ja/sri-lanka-visa-for-brazilian-citizens,124,0.0696,0.9304,0,0,0.0,,no,no,MERGE_301,/ja/visa-sri-lanka,"Contenu quasi identique au groupe (unicite 7.0%), aucune regle propre, 0 impressions"
ja,www2/ja/sri-lanka-visa-for-german-citizens.html,/ja/sri-lanka-visa-for-german-citizens,sri-lanka,german,yes,https://www.evisa-card.com/ja/sri-lanka-visa-for-german-citizens,124,0.0755,0.9245,0,0,0.0,,no,no,MERGE_301,/ja/visa-sri-lanka,"Contenu quasi identique au groupe (unicite 7.5%), aucune regle propre, 0 impressions"
ja,www2/ja/sri-lanka-visa-for-korean-citizens.html,/ja/sri-lanka-visa-for-korean-citizens,sri-lanka,korean,yes,https://www.evisa-card.com/ja/sri-lanka-visa-for-korean-citizens,124,0.0696,0.9304,0,0,0.0,,no,no,MERGE_301,/ja/visa-sri-lanka,"Contenu quasi identique au groupe (unicite 7.0%), aucune regle propre, 0 impressions"
ja,www2/ja/sri-lanka-visa-for-mexican-citizens.html,/ja/sri-lanka-visa-for-mexican-citizens,sri-lanka,mexican,yes,https://www.evisa-card.com/ja/sri-lanka-visa-for-mexican-citizens,125,0.0755,0.9245,0,0,0.0,,no,no,MERGE_301,/ja/visa-sri-lanka,"Contenu quasi identique au groupe (unicite 7.5%), aucune regle propre, 0 impressions"
ja,www2/ja/sri-lanka-visa-for-russian-citizens.html,/ja/sri-lanka-visa-for-russian-citizens,sri-lanka,russian,yes,https://www.evisa-card.com/ja/sri-lanka-visa-for-russian-citizens,124,0.0696,0.9304,0,0,0.0,,no,no,MERGE_301,/ja/visa-sri-lanka,"Contenu quasi identique au groupe (unicite 7.0%), aucune regle propre, 0 impressions"
ja,www2/ja/sri-lanka-visa-for-turkish-citizens.html,/ja/sri-lanka-visa-for-turkish-citizens,sri-lanka,turkish,yes,https://www.evisa-card.com/ja/sri-lanka-visa-for-turkish-citizens,124,0.0696,0.9304,0,0,0.0,,no,no,MERGE_301,/ja/visa-sri-lanka,"Contenu quasi identique au groupe (unicite 7.0%), aucune regle propre, 0 impressions"
ja,www2/ja/sri-lanka-visa-for-uk-citizens.html,/ja/sri-lanka-visa-for-uk-citizens,sri-lanka,uk,yes,https://www.evisa-card.com/ja/sri-lanka-visa-for-uk-citizens,125,0.0755,0.9245,0,0,0.0,,no,no,MERGE_301,/ja/visa-sri-lanka,"Contenu quasi identique au groupe (unicite 7.5%), aucune regle propre, 0 impressions"
ja,www2/ja/turkey-visa-for-chinese-citizens.html,/ja/turkey-visa-for-chinese-citizens,turkey,chinese,yes,https://www.evisa-card.com/ja/turkey-visa-for-chinese-citizens,99,0.1491,0.8509,0,0,0.0,,no,no,MERGE_301,/ja/visa-turkey,"Contenu tres proche du groupe (unicite 14.9%), 0 impression"
ko,www2/ko/india-visa-for-argentinian-citizens.html,/ko/india-visa-for-argentinian-citizens,india,argentinian,yes,https://www.evisa-card.com/ko/india-visa-for-argentinian-citizens,354,0.0248,0.9752,0,0,0.0,,no,no,MERGE_301,/ko/visa-india,"Contenu quasi identique au groupe (unicite 2.5%), aucune regle propre, 0 impressions"
ko,www2/ko/india-visa-for-australian-citizens.html,/ko/india-visa-for-australian-citizens,india,australian,yes,https://www.evisa-card.com/ko/india-visa-for-australian-citizens,354,0.0248,0.9752,0,0,0.0,,no,no,MERGE_301,/ko/visa-india,"Contenu quasi identique au groupe (unicite 2.5%), aucune regle propre, 0 impressions"
ko,www2/ko/india-visa-for-brazilian-citizens.html,/ko/india-visa-for-brazilian-citizens,india,brazilian,yes,https://www.evisa-card.com/ko/india-visa-for-brazilian-citizens,354,0.0248,0.9752,0,0,0.0,,no,no,MERGE_301,/ko/visa-india,"Contenu quasi identique au groupe (unicite 2.5%), aucune regle propre, 0 impressions"
ko,www2/ko/india-visa-for-canadian-citizens.html,/ko/india-visa-for-canadian-citizens,india,canadian,yes,https://www.evisa-card.com/ko/india-visa-for-canadian-citizens,354,0.0248,0.9752,0,0,0.0,,no,no,MERGE_301,/ko/visa-india,"Contenu quasi identique au groupe (unicite 2.5%), aucune regle propre, 0 impressions"
ko,www2/ko/india-visa-for-chinese-citizens.html,/ko/india-visa-for-chinese-citizens,india,chinese,yes,https://www.evisa-card.com/ko/india-visa-for-chinese-citizens,354,0.0248,0.9752,0,0,0.0,,no,no,MERGE_301,/ko/visa-india,"Contenu quasi identique au groupe (unicite 2.5%), aucune regle propre, 0 impressions"
ko,www2/ko/india-visa-for-french-citizens.html,/ko/india-visa-for-french-citizens,india,french,yes,https://www.evisa-card.com/ko/india-visa-for-french-citizens,354,0.0248,0.9752,0,0,0.0,,no,no,MERGE_301,/ko/visa-india,"Contenu quasi identique au groupe (unicite 2.5%), aucune regle propre, 0 impressions"
ko,www2/ko/india-visa-for-german-citizens.html,/ko/india-visa-for-german-citizens,india,german,yes,https://www.evisa-card.com/ko/india-visa-for-german-citizens,354,0.0248,0.9752,0,0,0.0,,no,no,MERGE_301,/ko/visa-india,"Contenu quasi identique au groupe (unicite 2.5%), aucune regle propre, 0 impressions"
ko,www2/ko/india-visa-for-indonesian-citizens.html,/ko/india-visa-for-indonesian-citizens,india,indonesian,yes,https://www.evisa-card.com/ko/india-visa-for-indonesian-citizens,353,0.0275,0.9725,0,0,0.0,,no,no,MERGE_301,/ko/visa-india,"Contenu quasi identique au groupe (unicite 2.8%), aucune regle propre, 0 impressions"
ko,www2/ko/india-visa-for-japanese-citizens.html,/ko/india-visa-for-japanese-citizens,india,japanese,yes,https://www.evisa-card.com/ko/india-visa-for-japanese-citizens,353,0.0275,0.9725,0,0,0.0,,no,no,MERGE_301,/ko/visa-india,"Contenu quasi identique au groupe (unicite 2.8%), aucune regle propre, 0 impressions"
ko,www2/ko/india-visa-for-mexican-citizens.html,/ko/india-visa-for-mexican-citizens,india,mexican,yes,https://www.evisa-card.com/ko/india-visa-for-mexican-citizens,355,0.0247,0.9753,0,0,0.0,,no,no,MERGE_301,/ko/visa-india,"Contenu quasi identique au groupe (unicite 2.5%), aucune regle propre, 0 impressions"
ko,www2/ko/india-visa-for-nigerian-citizens.html,/ko/india-visa-for-nigerian-citizens,india,nigerian,yes,https://www.evisa-card.com/ko/india-visa-for-nigerian-citizens,353,0.0277,0.9723,0,0,0.0,,no,no,MERGE_301,/ko/visa-india,"Contenu quasi identique au groupe (unicite 2.8%), aucune regle propre, 0 impressions"
ko,www2/ko/india-visa-for-philippine-citizens.html,/ko/india-visa-for-philippine-citizens,india,philippine,yes,https://www.evisa-card.com/ko/india-visa-for-philippine-citizens,355,0.0274,0.9726,0,0,0.0,,no,no,MERGE_301,/ko/visa-india,"Contenu quasi identique au groupe (unicite 2.7%), aucune regle propre, 0 impressions"
ko,www2/ko/india-visa-for-russian-citizens.html,/ko/india-visa-for-russian-citizens,india,russian,yes,https://www.evisa-card.com/ko/india-visa-for-russian-citizens,353,0.0275,0.9725,0,0,0.0,,no,no,MERGE_301,/ko/visa-india,"Contenu quasi identique au groupe (unicite 2.8%), aucune regle propre, 0 impressions"
ko,www2/ko/india-visa-for-singaporean-citizens.html,/ko/india-visa-for-singaporean-citizens,india,singaporean,yes,https://www.evisa-card.com/ko/india-visa-for-singaporean-citizens,354,0.0221,0.9779,0,0,0.0,,no,no,MERGE_301,/ko/visa-india,"Contenu quasi identique au groupe (unicite 2.2%), aucune regle propre, 0 impressions"
ko,www2/ko/india-visa-for-south-african-citizens.html,/ko/india-visa-for-south-african-citizens,india,south-african,yes,https://www.evisa-card.com/ko/india-visa-for-south-african-citizens,353,0.0277,0.9723,0,0,0.0,,no,no,MERGE_301,/ko/visa-india,"Contenu quasi identique au groupe (unicite 2.8%), aucune regle propre, 0 impressions"
ko,www2/ko/india-visa-for-uk-citizens.html,/ko/india-visa-for-uk-citizens,india,uk,yes,https://www.evisa-card.com/ko/india-visa-for-uk-citizens,354,0.0248,0.9752,0,0,0.0,,no,no,MERGE_301,/ko/visa-india,"Contenu quasi identique au groupe (unicite 2.5%), aucune regle propre, 0 impressions"
ko,www2/ko/india-visa-for-us-citizens.html,/ko/india-visa-for-us-citizens,india,us,yes,https://www.evisa-card.com/ko/india-visa-for-us-citizens,353,0.0303,0.9697,0,0,0.0,,no,no,MERGE_301,/ko/visa-india,"Contenu quasi identique au groupe (unicite 3.0%), aucune regle propre, 0 impressions"
ko,www2/ko/jordan-visa-for-argentinian-citizens.html,/ko/jordan-visa-for-argentinian-citizens,jordan,argentinian,yes,https://www.evisa-card.com/ko/jordan-visa-for-argentinian-citizens,328,0.0376,0.9624,0,0,0.0,,no,no,MERGE_301,/ko/visa-jordan,"Contenu quasi identique au groupe (unicite 3.8%), aucune regle propre, 0 impressions"
ko,www2/ko/jordan-visa-for-australian-citizens.html,/ko/jordan-visa-for-australian-citizens,jordan,australian,yes,https://www.evisa-card.com/ko/jordan-visa-for-australian-citizens,330,0.0436,0.9564,0,0,0.0,,no,no,MERGE_301,/ko/visa-jordan,"Contenu quasi identique au groupe (unicite 4.4%), aucune regle propre, 0 impressions"
ko,www2/ko/jordan-visa-for-canadian-citizens.html,/ko/jordan-visa-for-canadian-citizens,jordan,canadian,yes,https://www.evisa-card.com/ko/jordan-visa-for-canadian-citizens,327,0.0442,0.9558,0,0,0.0,,no,no,MERGE_301,/ko/visa-jordan,"Contenu quasi identique au groupe (unicite 4.4%), aucune regle propre, 0 impressions"
ko,www2/ko/jordan-visa-for-french-citizens.html,/ko/jordan-visa-for-french-citizens,jordan,french,yes,https://www.evisa-card.com/ko/jordan-visa-for-french-citizens,327,0.0346,0.9654,0,0,0.0,,no,no,MERGE_301,/ko/visa-jordan,"Contenu quasi identique au groupe (unicite 3.5%), aucune regle propre, 0 impressions"
ko,www2/ko/jordan-visa-for-indonesian-citizens.html,/ko/jordan-visa-for-indonesian-citizens,jordan,indonesian,yes,https://www.evisa-card.com/ko/jordan-visa-for-indonesian-citizens,328,0.0376,0.9624,0,0,0.0,,no,no,MERGE_301,/ko/visa-jordan,"Contenu quasi identique au groupe (unicite 3.8%), aucune regle propre, 0 impressions"
ko,www2/ko/jordan-visa-for-korean-citizens.html,/ko/jordan-visa-for-korean-citizens,jordan,korean,yes,https://www.evisa-card.com/ko/jordan-visa-for-korean-citizens,325,0.0381,0.9619,0,0,0.0,,no,no,MERGE_301,/ko/visa-jordan,"Contenu quasi identique au groupe (unicite 3.8%), aucune regle propre, 0 impressions"
ko,www2/ko/jordan-visa-for-mexican-citizens.html,/ko/jordan-visa-for-mexican-citizens,jordan,mexican,yes,https://www.evisa-card.com/ko/jordan-visa-for-mexican-citizens,327,0.0347,0.9653,0,0,0.0,,no,no,MERGE_301,/ko/visa-jordan,"Contenu quasi identique au groupe (unicite 3.5%), aucune regle propre, 0 impressions"
ko,www2/ko/jordan-visa-for-philippine-citizens.html,/ko/jordan-visa-for-philippine-citizens,jordan,philippine,yes,https://www.evisa-card.com/ko/jordan-visa-for-philippine-citizens,331,0.0435,0.9565,0,0,0.0,,no,no,MERGE_301,/ko/visa-jordan,"Contenu quasi identique au groupe (unicite 4.3%), aucune regle propre, 0 impressions"
ko,www2/ko/jordan-visa-for-russian-citizens.html,/ko/jordan-visa-for-russian-citizens,jordan,russian,yes,https://www.evisa-card.com/ko/jordan-visa-for-russian-citizens,327,0.0347,0.9653,0,0,0.0,,no,no,MERGE_301,/ko/visa-jordan,"Contenu quasi identique au groupe (unicite 3.5%), aucune regle propre, 0 impressions"
ko,www2/ko/jordan-visa-for-singaporean-citizens.html,/ko/jordan-visa-for-singaporean-citizens,jordan,singaporean,yes,https://www.evisa-card.com/ko/jordan-visa-for-singaporean-citizens,329,0.0406,0.9594,0,0,0.0,,no,no,MERGE_301,/ko/visa-jordan,"Contenu quasi identique au groupe (unicite 4.1%), aucune regle propre, 0 impressions"
ko,www2/ko/jordan-visa-for-turkish-citizens.html,/ko/jordan-visa-for-turkish-citizens,jordan,turkish,yes,https://www.evisa-card.com/ko/jordan-visa-for-turkish-citizens,328,0.0346,0.9654,0,0,0.0,,no,no,MERGE_301,/ko/visa-jordan,"Contenu quasi identique au groupe (unicite 3.5%), aucune regle propre, 0 impressions"
ko,www2/ko/jordan-visa-for-uk-citizens.html,/ko/jordan-visa-for-uk-citizens,jordan,uk,yes,https://www.evisa-card.com/ko/jordan-visa-for-uk-citizens,327,0.0347,0.9653,0,0,0.0,,no,no,MERGE_301,/ko/visa-jordan,"Contenu quasi identique au groupe (unicite 3.5%), aucune regle propre, 0 impressions"
ko,www2/ko/jordan-visa-for-us-citizens.html,/ko/jordan-visa-for-us-citizens,jordan,us,yes,https://www.evisa-card.com/ko/jordan-visa-for-us-citizens,326,0.0505,0.9495,0,0,0.0,,no,no,MERGE_301,/ko/visa-jordan,"Contenu quasi identique au groupe (unicite 5.1%), aucune regle propre, 0 impressions"
ko,www2/ko/maldives-visa-for-argentinian-citizens.html,/ko/maldives-visa-for-argentinian-citizens,maldives,argentinian,yes,https://www.evisa-card.com/ko/maldives-visa-for-argentinian-citizens,278,0.059,0.941,0,0,0.0,,no,no,MERGE_301,/ko/visa-maldives,"Contenu quasi identique au groupe (unicite 5.9%), aucune regle propre, 0 impressions"
ko,www2/ko/maldives-visa-for-australian-citizens.html,/ko/maldives-visa-for-australian-citizens,maldives,australian,yes,https://www.evisa-card.com/ko/maldives-visa-for-australian-citizens,275,0.0597,0.9403,0,0,0.0,,no,no,MERGE_301,/ko/visa-maldives,"Contenu quasi identique au groupe (unicite 6.0%), aucune regle propre, 0 impressions"
ko,www2/ko/maldives-visa-for-brazilian-citizens.html,/ko/maldives-visa-for-brazilian-citizens,maldives,brazilian,yes,https://www.evisa-card.com/ko/maldives-visa-for-brazilian-citizens,274,0.056,0.944,0,0,0.0,,no,no,MERGE_301,/ko/visa-maldives,"Contenu quasi identique au groupe (unicite 5.6%), aucune regle propre, 0 impressions"
ko,www2/ko/maldives-visa-for-canadian-citizens.html,/ko/maldives-visa-for-canadian-citizens,maldives,canadian,yes,https://www.evisa-card.com/ko/maldives-visa-for-canadian-citizens,276,0.056,0.944,0,0,0.0,,no,no,MERGE_301,/ko/visa-maldives,"Contenu quasi identique au groupe (unicite 5.6%), aucune regle propre, 0 impressions"
ko,www2/ko/maldives-visa-for-chinese-citizens.html,/ko/maldives-visa-for-chinese-citizens,maldives,chinese,yes,https://www.evisa-card.com/ko/maldives-visa-for-chinese-citizens,274,0.056,0.944,0,0,0.0,,no,no,MERGE_301,/ko/visa-maldives,"Contenu quasi identique au groupe (unicite 5.6%), aucune regle propre, 0 impressions"
ko,www2/ko/maldives-visa-for-french-citizens.html,/ko/maldives-visa-for-french-citizens,maldives,french,yes,https://www.evisa-card.com/ko/maldives-visa-for-french-citizens,273,0.0491,0.9509,0,0,0.0,,no,no,MERGE_301,/ko/visa-maldives,"Contenu quasi identique au groupe (unicite 4.9%), aucune regle propre, 0 impressions"
ko,www2/ko/maldives-visa-for-german-citizens.html,/ko/maldives-visa-for-german-citizens,maldives,german,yes,https://www.evisa-card.com/ko/maldives-visa-for-german-citizens,274,0.0524,0.9476,0,0,0.0,,no,no,MERGE_301,/ko/visa-maldives,"Contenu quasi identique au groupe (unicite 5.2%), aucune regle propre, 0 impressions"
ko,www2/ko/maldives-visa-for-indian-citizens.html,/ko/maldives-visa-for-indian-citizens,maldives,indian,yes,https://www.evisa-card.com/ko/maldives-visa-for-indian-citizens,274,0.056,0.944,0,0,0.0,,no,no,MERGE_301,/ko/visa-maldives,"Contenu quasi identique au groupe (unicite 5.6%), aucune regle propre, 0 impressions"
ko,www2/ko/maldives-visa-for-indonesian-citizens.html,/ko/maldives-visa-for-indonesian-citizens,maldives,indonesian,yes,https://www.evisa-card.com/ko/maldives-visa-for-indonesian-citizens,274,0.0599,0.9401,0,0,0.0,,no,no,MERGE_301,/ko/visa-maldives,"Contenu quasi identique au groupe (unicite 6.0%), aucune regle propre, 0 impressions"
ko,www2/ko/maldives-visa-for-japanese-citizens.html,/ko/maldives-visa-for-japanese-citizens,maldives,japanese,yes,https://www.evisa-card.com/ko/maldives-visa-for-japanese-citizens,267,0.0385,0.9615,0,0,0.0,,no,no,MERGE_301,/ko/visa-maldives,"Contenu quasi identique au groupe (unicite 3.9%), aucune regle propre, 0 impressions"
ko,www2/ko/maldives-visa-for-korean-citizens.html,/ko/maldives-visa-for-korean-citizens,maldives,korean,yes,https://www.evisa-card.com/ko/maldives-visa-for-korean-citizens,269,0.0496,0.9504,0,0,0.0,,no,no,MERGE_301,/ko/visa-maldives,"Contenu quasi identique au groupe (unicite 5.0%), aucune regle propre, 0 impressions"
ko,www2/ko/maldives-visa-for-mexican-citizens.html,/ko/maldives-visa-for-mexican-citizens,maldives,mexican,yes,https://www.evisa-card.com/ko/maldives-visa-for-mexican-citizens,272,0.0528,0.9472,0,0,0.0,,no,no,MERGE_301,/ko/visa-maldives,"Contenu quasi identique au groupe (unicite 5.3%), aucune regle propre, 0 impressions"
ko,www2/ko/maldives-visa-for-russian-citizens.html,/ko/maldives-visa-for-russian-citizens,maldives,russian,yes,https://www.evisa-card.com/ko/maldives-visa-for-russian-citizens,267,0.0386,0.9614,0,0,0.0,,no,no,MERGE_301,/ko/visa-maldives,"Contenu quasi identique au groupe (unicite 3.9%), aucune regle propre, 0 impressions"
ko,www2/ko/maldives-visa-for-singaporean-citizens.html,/ko/maldives-visa-for-singaporean-citizens,maldives,singaporean,yes,https://www.evisa-card.com/ko/maldives-visa-for-singaporean-citizens,276,0.056,0.944,0,0,0.0,,no,no,MERGE_301,/ko/visa-maldives,"Contenu quasi identique au groupe (unicite 5.6%), aucune regle propre, 0 impressions"
ko,www2/ko/maldives-visa-for-turkish-citizens.html,/ko/maldives-visa-for-turkish-citizens,maldives,turkish,yes,https://www.evisa-card.com/ko/maldives-visa-for-turkish-citizens,272,0.0528,0.9472,0,0,0.0,,no,no,MERGE_301,/ko/visa-maldives,"Contenu quasi identique au groupe (unicite 5.3%), aucune regle propre, 0 impressions"
ko,www2/ko/maldives-visa-for-uk-citizens.html,/ko/maldives-visa-for-uk-citizens,maldives,uk,yes,https://www.evisa-card.com/ko/maldives-visa-for-uk-citizens,273,0.0562,0.9438,0,0,0.0,,no,no,MERGE_301,/ko/visa-maldives,"Contenu quasi identique au groupe (unicite 5.6%), aucune regle propre, 0 impressions"
ko,www2/ko/maldives-visa-for-us-citizens.html,/ko/maldives-visa-for-us-citizens,maldives,us,yes,https://www.evisa-card.com/ko/maldives-visa-for-us-citizens,273,0.0375,0.9625,0,0,0.0,,no,no,MERGE_301,/ko/visa-maldives,"Contenu quasi identique au groupe (unicite 3.8%), aucune regle propre, 0 impressions"
ko,www2/ko/nepal-visa-for-argentinian-citizens.html,/ko/nepal-visa-for-argentinian-citizens,nepal,argentinian,yes,https://www.evisa-card.com/ko/nepal-visa-for-argentinian-citizens,340,0.0506,0.9494,0,0,0.0,,no,no,MERGE_301,/ko/visa-nepal,"Contenu quasi identique au groupe (unicite 5.1%), aucune regle propre, 0 impressions"
ko,www2/ko/nepal-visa-for-australian-citizens.html,/ko/nepal-visa-for-australian-citizens,nepal,australian,yes,https://www.evisa-card.com/ko/nepal-visa-for-australian-citizens,339,0.0418,0.9582,0,0,0.0,,no,no,MERGE_301,/ko/visa-nepal,"Contenu quasi identique au groupe (unicite 4.2%), aucune regle propre, 0 impressions"
ko,www2/ko/nepal-visa-for-brazilian-citizens.html,/ko/nepal-visa-for-brazilian-citizens,nepal,brazilian,yes,https://www.evisa-card.com/ko/nepal-visa-for-brazilian-citizens,338,0.039,0.961,0,0,0.0,,no,no,MERGE_301,/ko/visa-nepal,"Contenu quasi identique au groupe (unicite 3.9%), aucune regle propre, 0 impressions"
ko,www2/ko/nepal-visa-for-chinese-citizens.html,/ko/nepal-visa-for-chinese-citizens,nepal,chinese,yes,https://www.evisa-card.com/ko/nepal-visa-for-chinese-citizens,336,0.0363,0.9637,0,0,0.0,,no,no,MERGE_301,/ko/visa-nepal,"Contenu quasi identique au groupe (unicite 3.6%), aucune regle propre, 0 impressions"
ko,www2/ko/nepal-visa-for-french-citizens.html,/ko/nepal-visa-for-french-citizens,nepal,french,yes,https://www.evisa-card.com/ko/nepal-visa-for-french-citizens,341,0.0476,0.9524,0,0,0.0,,no,no,MERGE_301,/ko/visa-nepal,"Contenu quasi identique au groupe (unicite 4.8%), aucune regle propre, 0 impressions"
ko,www2/ko/nepal-visa-for-german-citizens.html,/ko/nepal-visa-for-german-citizens,nepal,german,yes,https://www.evisa-card.com/ko/nepal-visa-for-german-citizens,341,0.0475,0.9525,0,0,0.0,,no,no,MERGE_301,/ko/visa-nepal,"Contenu quasi identique au groupe (unicite 4.8%), aucune regle propre, 0 impressions"
ko,www2/ko/nepal-visa-for-indonesian-citizens.html,/ko/nepal-visa-for-indonesian-citizens,nepal,indonesian,yes,https://www.evisa-card.com/ko/nepal-visa-for-indonesian-citizens,338,0.0449,0.9551,0,0,0.0,,no,no,MERGE_301,/ko/visa-nepal,"Contenu quasi identique au groupe (unicite 4.5%), aucune regle propre, 0 impressions"
ko,www2/ko/nepal-visa-for-korean-citizens.html,/ko/nepal-visa-for-korean-citizens,nepal,korean,yes,https://www.evisa-card.com/ko/nepal-visa-for-korean-citizens,336,0.0423,0.9577,0,0,0.0,,no,no,MERGE_301,/ko/visa-nepal,"Contenu quasi identique au groupe (unicite 4.2%), aucune regle propre, 0 impressions"
ko,www2/ko/nepal-visa-for-mexican-citizens.html,/ko/nepal-visa-for-mexican-citizens,nepal,mexican,yes,https://www.evisa-card.com/ko/nepal-visa-for-mexican-citizens,337,0.0392,0.9608,0,0,0.0,,no,no,MERGE_301,/ko/visa-nepal,"Contenu quasi identique au groupe (unicite 3.9%), aucune regle propre, 0 impressions"
ko,www2/ko/nepal-visa-for-nigerian-citizens.html,/ko/nepal-visa-for-nigerian-citizens,nepal,nigerian,yes,https://www.evisa-card.com/ko/nepal-visa-for-nigerian-citizens,338,0.039,0.961,0,0,0.0,,no,no,MERGE_301,/ko/visa-nepal,"Contenu quasi identique au groupe (unicite 3.9%), aucune regle propre, 0 impressions"
ko,www2/ko/nepal-visa-for-russian-citizens.html,/ko/nepal-visa-for-russian-citizens,nepal,russian,yes,https://www.evisa-card.com/ko/nepal-visa-for-russian-citizens,339,0.0419,0.9581,0,0,0.0,,no,no,MERGE_301,/ko/visa-nepal,"Contenu quasi identique au groupe (unicite 4.2%), aucune regle propre, 0 impressions"
ko,www2/ko/nepal-visa-for-singaporean-citizens.html,/ko/nepal-visa-for-singaporean-citizens,nepal,singaporean,yes,https://www.evisa-card.com/ko/nepal-visa-for-singaporean-citizens,342,0.0593,0.9407,0,0,0.0,,no,no,MERGE_301,/ko/visa-nepal,"Contenu quasi identique au groupe (unicite 5.9%), aucune regle propre, 0 impressions"
ko,www2/ko/nepal-visa-for-south-african-citizens.html,/ko/nepal-visa-for-south-african-citizens,nepal,south-african,yes,https://www.evisa-card.com/ko/nepal-visa-for-south-african-citizens,343,0.0533,0.9467,0,0,0.0,,no,no,MERGE_301,/ko/visa-nepal,"Contenu quasi identique au groupe (unicite 5.3%), aucune regle propre, 0 impressions"
ko,www2/ko/nepal-visa-for-turkish-citizens.html,/ko/nepal-visa-for-turkish-citizens,nepal,turkish,yes,https://www.evisa-card.com/ko/nepal-visa-for-turkish-citizens,338,0.036,0.964,0,0,0.0,,no,no,MERGE_301,/ko/visa-nepal,"Contenu quasi identique au groupe (unicite 3.6%), aucune regle propre, 0 impressions"
ko,www2/ko/nepal-visa-for-uk-citizens.html,/ko/nepal-visa-for-uk-citizens,nepal,uk,yes,https://www.evisa-card.com/ko/nepal-visa-for-uk-citizens,341,0.0298,0.9702,0,0,0.0,,no,no,MERGE_301,/ko/visa-nepal,"Contenu quasi identique au groupe (unicite 3.0%), aucune regle propre, 0 impressions"
ko,www2/ko/nepal-visa-for-us-citizens.html,/ko/nepal-visa-for-us-citizens,nepal,us,yes,https://www.evisa-card.com/ko/nepal-visa-for-us-citizens,337,0.0361,0.9639,0,0,0.0,,no,no,MERGE_301,/ko/visa-nepal,"Contenu quasi identique au groupe (unicite 3.6%), aucune regle propre, 0 impressions"
ko,www2/ko/sri-lanka-visa-for-argentinian-citizens.html,/ko/sri-lanka-visa-for-argentinian-citizens,sri-lanka,argentinian,yes,https://www.evisa-card.com/ko/sri-lanka-visa-for-argentinian-citizens,293,0.0377,0.9623,0,0,0.0,,no,no,MERGE_301,/ko/visa-sri-lanka,"Contenu quasi identique au groupe (unicite 3.8%), aucune regle propre, 0 impressions"
ko,www2/ko/sri-lanka-visa-for-brazilian-citizens.html,/ko/sri-lanka-visa-for-brazilian-citizens,sri-lanka,brazilian,yes,https://www.evisa-card.com/ko/sri-lanka-visa-for-brazilian-citizens,294,0.0307,0.9693,0,0,0.0,,no,no,MERGE_301,/ko/visa-sri-lanka,"Contenu quasi identique au groupe (unicite 3.1%), aucune regle propre, 0 impressions"
ko,www2/ko/sri-lanka-visa-for-french-citizens.html,/ko/sri-lanka-visa-for-french-citizens,sri-lanka,french,yes,https://www.evisa-card.com/ko/sri-lanka-visa-for-french-citizens,388,0.1458,0.8542,0,0,0.0,,no,no,MERGE_301,/ko/visa-sri-lanka,"Contenu tres proche du groupe (unicite 14.6%), 0 impression"
ko,www2/ko/sri-lanka-visa-for-german-citizens.html,/ko/sri-lanka-visa-for-german-citizens,sri-lanka,german,yes,https://www.evisa-card.com/ko/sri-lanka-visa-for-german-citizens,291,0.0275,0.9725,0,0,0.0,,no,no,MERGE_301,/ko/visa-sri-lanka,"Contenu quasi identique au groupe (unicite 2.8%), aucune regle propre, 0 impressions"
ko,www2/ko/sri-lanka-visa-for-korean-citizens.html,/ko/sri-lanka-visa-for-korean-citizens,sri-lanka,korean,yes,https://www.evisa-card.com/ko/sri-lanka-visa-for-korean-citizens,287,0.0279,0.9721,0,0,0.0,,no,no,MERGE_301,/ko/visa-sri-lanka,"Contenu quasi identique au groupe (unicite 2.8%), aucune regle propre, 0 impressions"
ko,www2/ko/sri-lanka-visa-for-mexican-citizens.html,/ko/sri-lanka-visa-for-mexican-citizens,sri-lanka,mexican,yes,https://www.evisa-card.com/ko/sri-lanka-visa-for-mexican-citizens,293,0.0377,0.9623,0,0,0.0,,no,no,MERGE_301,/ko/visa-sri-lanka,"Contenu quasi identique au groupe (unicite 3.8%), aucune regle propre, 0 impressions"
ko,www2/ko/sri-lanka-visa-for-russian-citizens.html,/ko/sri-lanka-visa-for-russian-citizens,sri-lanka,russian,yes,https://www.evisa-card.com/ko/sri-lanka-visa-for-russian-citizens,291,0.031,0.969,0,0,0.0,,no,no,MERGE_301,/ko/visa-sri-lanka,"Contenu quasi identique au groupe (unicite 3.1%), aucune regle propre, 0 impressions"
ko,www2/ko/sri-lanka-visa-for-turkish-citizens.html,/ko/sri-lanka-visa-for-turkish-citizens,sri-lanka,turkish,yes,https://www.evisa-card.com/ko/sri-lanka-visa-for-turkish-citizens,293,0.0377,0.9623,0,0,0.0,,no,no,MERGE_301,/ko/visa-sri-lanka,"Contenu quasi identique au groupe (unicite 3.8%), aucune regle propre, 0 impressions"
ko,www2/ko/sri-lanka-visa-for-uk-citizens.html,/ko/sri-lanka-visa-for-uk-citizens,sri-lanka,uk,yes,https://www.evisa-card.com/ko/sri-lanka-visa-for-uk-citizens,292,0.041,0.959,0,0,0.0,,no,no,MERGE_301,/ko/visa-sri-lanka,"Contenu quasi identique au groupe (unicite 4.1%), aucune regle propre, 0 impressions"
ko,www2/ko/turkey-visa-for-argentinian-citizens.html,/ko/turkey-visa-for-argentinian-citizens,turkey,argentinian,yes,https://www.evisa-card.com/ko/turkey-visa-for-argentinian-citizens,266,0.0506,0.9494,0,0,0.0,,no,no,MERGE_301,/ko/visa-turkey,"Contenu quasi identique au groupe (unicite 5.1%), aucune regle propre, 0 impressions"
ko,www2/ko/turkey-visa-for-australian-citizens.html,/ko/turkey-visa-for-australian-citizens,turkey,australian,yes,https://www.evisa-card.com/ko/turkey-visa-for-australian-citizens,266,0.0272,0.9728,0,0,0.0,,no,no,MERGE_301,/ko/visa-turkey,"Contenu quasi identique au groupe (unicite 2.7%), aucune regle propre, 0 impressions"
ko,www2/ko/turkey-visa-for-chinese-citizens.html,/ko/turkey-visa-for-chinese-citizens,turkey,chinese,yes,https://www.evisa-card.com/ko/turkey-visa-for-chinese-citizens,266,0.0545,0.9455,0,0,0.0,,no,no,MERGE_301,/ko/visa-turkey,"Contenu quasi identique au groupe (unicite 5.5%), aucune regle propre, 0 impressions"
ko,www2/ko/turkey-visa-for-mexican-citizens.html,/ko/turkey-visa-for-mexican-citizens,turkey,mexican,yes,https://www.evisa-card.com/ko/turkey-visa-for-mexican-citizens,266,0.0467,0.9533,0,0,0.0,,no,no,MERGE_301,/ko/visa-turkey,"Contenu quasi identique au groupe (unicite 4.7%), aucune regle propre, 0 impressions"
ko,www2/ko/turkey-visa-for-nigerian-citizens.html,/ko/turkey-visa-for-nigerian-citizens,turkey,nigerian,yes,https://www.evisa-card.com/ko/turkey-visa-for-nigerian-citizens,266,0.0467,0.9533,0,0,0.0,,no,no,MERGE_301,/ko/visa-turkey,"Contenu quasi identique au groupe (unicite 4.7%), aucune regle propre, 0 impressions"
ko,www2/ko/turkey-visa-for-philippine-citizens.html,/ko/turkey-visa-for-philippine-citizens,turkey,philippine,yes,https://www.evisa-card.com/ko/turkey-visa-for-philippine-citizens,269,0.062,0.938,0,0,0.0,,no,no,MERGE_301,/ko/visa-turkey,"Contenu quasi identique au groupe (unicite 6.2%), aucune regle propre, 0 impressions"
ko,www2/ko/turkey-visa-for-uk-citizens.html,/ko/turkey-visa-for-uk-citizens,turkey,uk,yes,https://www.evisa-card.com/ko/turkey-visa-for-uk-citizens,263,0.0394,0.9606,0,0,0.0,,no,no,MERGE_301,/ko/visa-turkey,"Contenu quasi identique au groupe (unicite 3.9%), aucune regle propre, 0 impressions"
