clean_url,locale,file,gsc_clicks,gsc_impressions,gsc_position,reason,proposed_target,target_exists,status
/ar/amsterdam-visa-requirements,ar,www2/ar/amsterdam-visa-requirements.html,0,0,0,Intention chevauchante avec le hub destination,/ar/visa-amsterdam,no,PROPOSED_NOT_EXECUTED
/ar/argentina-visa-fees,ar,www2/ar/argentina-visa-fees.html,0,0,0,Intention chevauchante avec le hub destination,/ar/visa-argentina,yes,PROPOSED_NOT_EXECUTED
/ar/argentina-visa-processing-time,ar,www2/ar/argentina-visa-processing-time.html,0,0,0,Intention chevauchante avec le hub destination,/ar/visa-argentina,yes,PROPOSED_NOT_EXECUTED
/ar/argentina-visa-requirements,ar,www2/ar/argentina-visa-requirements.html,0,0,0,Intention chevauchante avec le hub destination,/ar/visa-argentina,yes,PROPOSED_NOT_EXECUTED
/ar/australia-visa-fees,ar,www2/ar/australia-visa-fees.html,0,0,0,Intention chevauchante avec le hub destination,/ar/visa-australia,yes,PROPOSED_NOT_EXECUTED
/ar/australia-visa-processing-time,ar,www2/ar/australia-visa-processing-time.html,0,0,0,Intention chevauchante avec le hub destination,/ar/visa-australia,yes,PROPOSED_NOT_EXECUTED
/ar/australia-visa-requirements,ar,www2/ar/australia-visa-requirements.html,0,0,0,Intention chevauchante avec le hub destination,/ar/visa-australia,yes,PROPOSED_NOT_EXECUTED
/ar/austria-visa-fees,ar,www2/ar/austria-visa-fees.html,0,0,0,Intention chevauchante avec le hub destination,/ar/visa-austria,yes,PROPOSED_NOT_EXECUTED
/ar/austria-visa-processing-time,ar,www2/ar/austria-visa-processing-time.html,0,0,0,Intention chevauchante avec le hub destination,/ar/visa-austria,yes,PROPOSED_NOT_EXECUTED
/ar/austria-visa-requirements,ar,www2/ar/austria-visa-requirements.html,0,0,0,Intention chevauchante avec le hub destination,/ar/visa-austria,yes,PROPOSED_NOT_EXECUTED
/ar/belgium-visa-fees,ar,www2/ar/belgium-visa-fees.html,0,0,0,Intention chevauchante avec le hub destination,/ar/visa-belgium,yes,PROPOSED_NOT_EXECUTED
/ar/belgium-visa-requirements,ar,www2/ar/belgium-visa-requirements.html,0,0,0,Intention chevauchante avec le hub destination,/ar/visa-belgium,yes,PROPOSED_NOT_EXECUTED
/ar/bermuda-visa-requirements,ar,www2/ar/bermuda-visa-requirements.html,0,0,0,Intention chevauchante avec le hub destination,/ar/visa-bermuda,yes,PROPOSED_NOT_EXECUTED
/ar/brazil-visa-fees,ar,www2/ar/brazil-visa-fees.html,0,0,0,Intention chevauchante avec le hub destination,/ar/visa-brazil,yes,PROPOSED_NOT_EXECUTED
/ar/brazil-visa-processing-time,ar,www2/ar/brazil-visa-processing-time.html,0,0,0,Intention chevauchante avec le hub destination,/ar/visa-brazil,yes,PROPOSED_NOT_EXECUTED
/ar/brazil-visa-requirements,ar,www2/ar/brazil-visa-requirements.html,0,0,0,Intention chevauchante avec le hub destination,/ar/visa-brazil,yes,PROPOSED_NOT_EXECUTED
/ar/cambodia-visa-fees,ar,www2/ar/cambodia-visa-fees.html,0,0,0,Intention chevauchante avec le hub destination,/ar/visa-cambodia,yes,PROPOSED_NOT_EXECUTED
/ar/cambodia-visa-processing-time,ar,www2/ar/cambodia-visa-processing-time.html,0,0,0,Intention chevauchante avec le hub destination,/ar/visa-cambodia,yes,PROPOSED_NOT_EXECUTED
/ar/cambodia-visa-requirements,ar,www2/ar/cambodia-visa-requirements.html,0,0,0,Intention chevauchante avec le hub destination,/ar/visa-cambodia,yes,PROPOSED_NOT_EXECUTED
/ar/canada-visa-fees,ar,www2/ar/canada-visa-fees.html,0,0,0,Intention chevauchante avec le hub destination,/ar/visa-canada,yes,PROPOSED_NOT_EXECUTED
/ar/canada-visa-processing-time,ar,www2/ar/canada-visa-processing-time.html,0,0,0,Intention chevauchante avec le hub destination,/ar/visa-canada,yes,PROPOSED_NOT_EXECUTED
/ar/canada-visa-requirements,ar,www2/ar/canada-visa-requirements.html,0,0,0,Intention chevauchante avec le hub destination,/ar/visa-canada,yes,PROPOSED_NOT_EXECUTED
/ar/cappadocia-visa-requirements,ar,www2/ar/cappadocia-visa-requirements.html,0,0,0,Intention chevauchante avec le hub destination,/ar/visa-cappadocia,no,PROPOSED_NOT_EXECUTED
/ar/china-visa-fees,ar,www2/ar/china-visa-fees.html,0,0,0,Intention chevauchante avec le hub destination,/ar/visa-china,yes,PROPOSED_NOT_EXECUTED
/ar/china-visa-processing-time,ar,www2/ar/china-visa-processing-time.html,0,0,0,Intention chevauchante avec le hub destination,/ar/visa-china,yes,PROPOSED_NOT_EXECUTED
/ar/china-visa-requirements,ar,www2/ar/china-visa-requirements.html,0,0,0,Intention chevauchante avec le hub destination,/ar/visa-china,yes,PROPOSED_NOT_EXECUTED
/ar/colombia-visa-fees,ar,www2/ar/colombia-visa-fees.html,0,0,0,Intention chevauchante avec le hub destination,/ar/visa-colombia,yes,PROPOSED_NOT_EXECUTED
/ar/colombia-visa-requirements,ar,www2/ar/colombia-visa-requirements.html,0,0,0,Intention chevauchante avec le hub destination,/ar/visa-colombia,yes,PROPOSED_NOT_EXECUTED
/ar/costa-rica-visa-fees,ar,www2/ar/costa-rica-visa-fees.html,0,0,0,Intention chevauchante avec le hub destination,/ar/visa-costa-rica,yes,PROPOSED_NOT_EXECUTED
/ar/costa-rica-visa-processing-time,ar,www2/ar/costa-rica-visa-processing-time.html,0,0,0,Intention chevauchante avec le hub destination,/ar/visa-costa-rica,yes,PROPOSED_NOT_EXECUTED
/ar/costa-rica-visa-requirements,ar,www2/ar/costa-rica-visa-requirements.html,0,0,0,Intention chevauchante avec le hub destination,/ar/visa-costa-rica,yes,PROPOSED_NOT_EXECUTED
/ar/croatia-visa-fees,ar,www2/ar/croatia-visa-fees.html,0,0,0,Intention chevauchante avec le hub destination,/ar/visa-croatia,yes,PROPOSED_NOT_EXECUTED
/ar/croatia-visa-processing-time,ar,www2/ar/croatia-visa-processing-time.html,0,0,0,Intention chevauchante avec le hub destination,/ar/visa-croatia,yes,PROPOSED_NOT_EXECUTED
/ar/croatia-visa-requirements,ar,www2/ar/croatia-visa-requirements.html,0,0,0,Intention chevauchante avec le hub destination,/ar/visa-croatia,yes,PROPOSED_NOT_EXECUTED
/ar/czech-republic-visa-fees,ar,www2/ar/czech-republic-visa-fees.html,0,0,0,Intention chevauchante avec le hub destination,/ar/visa-czech-republic,yes,PROPOSED_NOT_EXECUTED
/ar/czech-republic-visa-processing-time,ar,www2/ar/czech-republic-visa-processing-time.html,0,0,0,Intention chevauchante avec le hub destination,/ar/visa-czech-republic,yes,PROPOSED_NOT_EXECUTED
/ar/czech-republic-visa-requirements,ar,www2/ar/czech-republic-visa-requirements.html,0,0,0,Intention chevauchante avec le hub destination,/ar/visa-czech-republic,yes,PROPOSED_NOT_EXECUTED
/ar/denmark-visa-fees,ar,www2/ar/denmark-visa-fees.html,0,0,0,Intention chevauchante avec le hub destination,/ar/visa-denmark,yes,PROPOSED_NOT_EXECUTED
/ar/denmark-visa-processing-time,ar,www2/ar/denmark-visa-processing-time.html,0,0,0,Intention chevauchante avec le hub destination,/ar/visa-denmark,yes,PROPOSED_NOT_EXECUTED
/ar/denmark-visa-requirements,ar,www2/ar/denmark-visa-requirements.html,0,0,0,Intention chevauchante avec le hub destination,/ar/visa-denmark,yes,PROPOSED_NOT_EXECUTED
/ar/france-visa-fees,ar,www2/ar/france-visa-fees.html,0,0,0,Intention chevauchante avec le hub destination,/ar/visa-france,yes,PROPOSED_NOT_EXECUTED
/ar/france-visa-processing-time,ar,www2/ar/france-visa-processing-time.html,0,0,0,Intention chevauchante avec le hub destination,/ar/visa-france,yes,PROPOSED_NOT_EXECUTED
/ar/france-visa-requirements,ar,www2/ar/france-visa-requirements.html,0,0,0,Intention chevauchante avec le hub destination,/ar/visa-france,yes,PROPOSED_NOT_EXECUTED
/ar/germany-visa-fees,ar,www2/ar/germany-visa-fees.html,0,0,0,Intention chevauchante avec le hub destination,/ar/visa-germany,yes,PROPOSED_NOT_EXECUTED
/ar/germany-visa-processing-time,ar,www2/ar/germany-visa-processing-time.html,0,0,0,Intention chevauchante avec le hub destination,/ar/visa-germany,yes,PROPOSED_NOT_EXECUTED
/ar/germany-visa-requirements,ar,www2/ar/germany-visa-requirements.html,0,0,0,Intention chevauchante avec le hub destination,/ar/visa-germany,yes,PROPOSED_NOT_EXECUTED
/ar/greece-visa-fees,ar,www2/ar/greece-visa-fees.html,0,0,0,Intention chevauchante avec le hub destination,/ar/visa-greece,yes,PROPOSED_NOT_EXECUTED
/ar/greece-visa-requirements,ar,www2/ar/greece-visa-requirements.html,0,0,0,Intention chevauchante avec le hub destination,/ar/visa-greece,yes,PROPOSED_NOT_EXECUTED
/ar/hong-kong-visa-processing-time,ar,www2/ar/hong-kong-visa-processing-time.html,0,0,0,Intention chevauchante avec le hub destination,/ar/visa-hong-kong,yes,PROPOSED_NOT_EXECUTED
/ar/hong-kong-visa-requirements,ar,www2/ar/hong-kong-visa-requirements.html,0,0,0,Intention chevauchante avec le hub destination,/ar/visa-hong-kong,yes,PROPOSED_NOT_EXECUTED
/ar/hungary-visa-fees,ar,www2/ar/hungary-visa-fees.html,0,0,0,Intention chevauchante avec le hub destination,/ar/visa-hungary,yes,PROPOSED_NOT_EXECUTED
/ar/hungary-visa-processing-time,ar,www2/ar/hungary-visa-processing-time.html,0,0,0,Intention chevauchante avec le hub destination,/ar/visa-hungary,yes,PROPOSED_NOT_EXECUTED
/ar/hungary-visa-requirements,ar,www2/ar/hungary-visa-requirements.html,0,0,0,Intention chevauchante avec le hub destination,/ar/visa-hungary,yes,PROPOSED_NOT_EXECUTED
/ar/india-visa-fees,ar,www2/ar/india-visa-fees.html,0,0,0,Intention chevauchante avec le hub destination,/ar/visa-india,yes,PROPOSED_NOT_EXECUTED
/ar/india-visa-processing-time,ar,www2/ar/india-visa-processing-time.html,0,0,0,Intention chevauchante avec le hub destination,/ar/visa-india,yes,PROPOSED_NOT_EXECUTED
/ar/india-visa-requirements,ar,www2/ar/india-visa-requirements.html,0,0,0,Intention chevauchante avec le hub destination,/ar/visa-india,yes,PROPOSED_NOT_EXECUTED
/ar/indonesia-visa-fees,ar,www2/ar/indonesia-visa-fees.html,0,0,0,Intention chevauchante avec le hub destination,/ar/visa-indonesia,yes,PROPOSED_NOT_EXECUTED
/ar/indonesia-visa-processing-time,ar,www2/ar/indonesia-visa-processing-time.html,0,0,0,Intention chevauchante avec le hub destination,/ar/visa-indonesia,yes,PROPOSED_NOT_EXECUTED
/ar/indonesia-visa-requirements,ar,www2/ar/indonesia-visa-requirements.html,0,0,0,Intention chevauchante avec le hub destination,/ar/visa-indonesia,yes,PROPOSED_NOT_EXECUTED
/ar/ireland-visa-fees,ar,www2/ar/ireland-visa-fees.html,0,0,0,Intention chevauchante avec le hub destination,/ar/visa-ireland,yes,PROPOSED_NOT_EXECUTED
/ar/ireland-visa-processing-time,ar,www2/ar/ireland-visa-processing-time.html,0,0,0,Intention chevauchante avec le hub destination,/ar/visa-ireland,yes,PROPOSED_NOT_EXECUTED
/ar/ireland-visa-requirements,ar,www2/ar/ireland-visa-requirements.html,0,0,0,Intention chevauchante avec le hub destination,/ar/visa-ireland,yes,PROPOSED_NOT_EXECUTED
/ar/italy-visa-fees,ar,www2/ar/italy-visa-fees.html,0,0,0,Intention chevauchante avec le hub destination,/ar/visa-italy,yes,PROPOSED_NOT_EXECUTED
/ar/italy-visa-processing-time,ar,www2/ar/italy-visa-processing-time.html,0,0,0,Intention chevauchante avec le hub destination,/ar/visa-italy,yes,PROPOSED_NOT_EXECUTED
/ar/italy-visa-requirements,ar,www2/ar/italy-visa-requirements.html,0,0,0,Intention chevauchante avec le hub destination,/ar/visa-italy,yes,PROPOSED_NOT_EXECUTED
/ar/japan-visa-fees,ar,www2/ar/japan-visa-fees.html,0,0,0,Intention chevauchante avec le hub destination,/ar/visa-japan,yes,PROPOSED_NOT_EXECUTED
/ar/japan-visa-processing-time,ar,www2/ar/japan-visa-processing-time.html,0,0,0,Intention chevauchante avec le hub destination,/ar/visa-japan,yes,PROPOSED_NOT_EXECUTED
/ar/japan-visa-requirements,ar,www2/ar/japan-visa-requirements.html,0,0,0,Intention chevauchante avec le hub destination,/ar/visa-japan,yes,PROPOSED_NOT_EXECUTED
/ar/jordan-visa-fees,ar,www2/ar/jordan-visa-fees.html,0,0,0,Intention chevauchante avec le hub destination,/ar/visa-jordan,yes,PROPOSED_NOT_EXECUTED
/ar/jordan-visa-processing-time,ar,www2/ar/jordan-visa-processing-time.html,0,0,0,Intention chevauchante avec le hub destination,/ar/visa-jordan,yes,PROPOSED_NOT_EXECUTED
/ar/jordan-visa-requirements,ar,www2/ar/jordan-visa-requirements.html,0,0,0,Intention chevauchante avec le hub destination,/ar/visa-jordan,yes,PROPOSED_NOT_EXECUTED
/ar/laos-visa-requirements,ar,www2/ar/laos-visa-requirements.html,0,0,0,Intention chevauchante avec le hub destination,/ar/visa-laos,yes,PROPOSED_NOT_EXECUTED
/ar/macau-visa-requirements,ar,www2/ar/macau-visa-requirements.html,0,0,0,Intention chevauchante avec le hub destination,/ar/visa-macau,yes,PROPOSED_NOT_EXECUTED
/ar/machu-picchu-visa-requirements,ar,www2/ar/machu-picchu-visa-requirements.html,0,0,0,Intention chevauchante avec le hub destination,/ar/visa-machu-picchu,no,PROPOSED_NOT_EXECUTED
/ar/malaysia-visa-fees,ar,www2/ar/malaysia-visa-fees.html,0,0,0,Intention chevauchante avec le hub destination,/ar/visa-malaysia,yes,PROPOSED_NOT_EXECUTED
/ar/malaysia-visa-processing-time,ar,www2/ar/malaysia-visa-processing-time.html,0,0,0,Intention chevauchante avec le hub destination,/ar/visa-malaysia,yes,PROPOSED_NOT_EXECUTED
/ar/malaysia-visa-requirements,ar,www2/ar/malaysia-visa-requirements.html,0,0,0,Intention chevauchante avec le hub destination,/ar/visa-malaysia,yes,PROPOSED_NOT_EXECUTED
/ar/maldives-visa-fees,ar,www2/ar/maldives-visa-fees.html,0,0,0,Intention chevauchante avec le hub destination,/ar/visa-maldives,yes,PROPOSED_NOT_EXECUTED
/ar/maldives-visa-processing-time,ar,www2/ar/maldives-visa-processing-time.html,0,0,0,Intention chevauchante avec le hub destination,/ar/visa-maldives,yes,PROPOSED_NOT_EXECUTED
/ar/maldives-visa-requirements,ar,www2/ar/maldives-visa-requirements.html,0,0,0,Intention chevauchante avec le hub destination,/ar/visa-maldives,yes,PROPOSED_NOT_EXECUTED
/ar/mexico-visa-fees,ar,www2/ar/mexico-visa-fees.html,0,0,0,Intention chevauchante avec le hub destination,/ar/visa-mexico,yes,PROPOSED_NOT_EXECUTED
/ar/mexico-visa-processing-time,ar,www2/ar/mexico-visa-processing-time.html,0,0,0,Intention chevauchante avec le hub destination,/ar/visa-mexico,yes,PROPOSED_NOT_EXECUTED
/ar/mexico-visa-requirements,ar,www2/ar/mexico-visa-requirements.html,0,0,0,Intention chevauchante avec le hub destination,/ar/visa-mexico,yes,PROPOSED_NOT_EXECUTED
/ar/nepal-visa-processing-time,ar,www2/ar/nepal-visa-processing-time.html,0,0,0,Intention chevauchante avec le hub destination,/ar/visa-nepal,yes,PROPOSED_NOT_EXECUTED
/ar/nepal-visa-requirements,ar,www2/ar/nepal-visa-requirements.html,0,0,0,Intention chevauchante avec le hub destination,/ar/visa-nepal,yes,PROPOSED_NOT_EXECUTED
/ar/netherlands-visa-fees,ar,www2/ar/netherlands-visa-fees.html,0,0,0,Intention chevauchante avec le hub destination,/ar/visa-netherlands,yes,PROPOSED_NOT_EXECUTED
/ar/netherlands-visa-processing-time,ar,www2/ar/netherlands-visa-processing-time.html,0,0,0,Intention chevauchante avec le hub destination,/ar/visa-netherlands,yes,PROPOSED_NOT_EXECUTED
/ar/netherlands-visa-requirements,ar,www2/ar/netherlands-visa-requirements.html,0,0,0,Intention chevauchante avec le hub destination,/ar/visa-netherlands,yes,PROPOSED_NOT_EXECUTED
/ar/new-zealand-visa-fees,ar,www2/ar/new-zealand-visa-fees.html,0,0,0,Intention chevauchante avec le hub destination,/ar/visa-new-zealand,yes,PROPOSED_NOT_EXECUTED
/ar/new-zealand-visa-processing-time,ar,www2/ar/new-zealand-visa-processing-time.html,0,0,0,Intention chevauchante avec le hub destination,/ar/visa-new-zealand,yes,PROPOSED_NOT_EXECUTED
/ar/new-zealand-visa-requirements,ar,www2/ar/new-zealand-visa-requirements.html,0,0,0,Intention chevauchante avec le hub destination,/ar/visa-new-zealand,yes,PROPOSED_NOT_EXECUTED
/ar/norway-visa-fees,ar,www2/ar/norway-visa-fees.html,0,0,0,Intention chevauchante avec le hub destination,/ar/visa-norway,yes,PROPOSED_NOT_EXECUTED
/ar/norway-visa-processing-time,ar,www2/ar/norway-visa-processing-time.html,0,0,0,Intention chevauchante avec le hub destination,/ar/visa-norway,yes,PROPOSED_NOT_EXECUTED
/ar/norway-visa-requirements,ar,www2/ar/norway-visa-requirements.html,0,0,0,Intention chevauchante avec le hub destination,/ar/visa-norway,yes,PROPOSED_NOT_EXECUTED
/ar/patagonia-visa-requirements,ar,www2/ar/patagonia-visa-requirements.html,0,0,0,Intention chevauchante avec le hub destination,/ar/visa-patagonia,no,PROPOSED_NOT_EXECUTED
/ar/philippines-visa-fees,ar,www2/ar/philippines-visa-fees.html,0,0,0,Intention chevauchante avec le hub destination,/ar/visa-philippines,yes,PROPOSED_NOT_EXECUTED
/ar/philippines-visa-processing-time,ar,www2/ar/philippines-visa-processing-time.html,0,0,0,Intention chevauchante avec le hub destination,/ar/visa-philippines,yes,PROPOSED_NOT_EXECUTED
/ar/philippines-visa-requirements,ar,www2/ar/philippines-visa-requirements.html,0,0,0,Intention chevauchante avec le hub destination,/ar/visa-philippines,yes,PROPOSED_NOT_EXECUTED
/ar/poland-visa-fees,ar,www2/ar/poland-visa-fees.html,0,0,0,Intention chevauchante avec le hub destination,/ar/visa-poland,yes,PROPOSED_NOT_EXECUTED
/ar/poland-visa-processing-time,ar,www2/ar/poland-visa-processing-time.html,0,0,0,Intention chevauchante avec le hub destination,/ar/visa-poland,yes,PROPOSED_NOT_EXECUTED
/ar/poland-visa-requirements,ar,www2/ar/poland-visa-requirements.html,0,0,0,Intention chevauchante avec le hub destination,/ar/visa-poland,yes,PROPOSED_NOT_EXECUTED
/ar/portugal-visa-fees,ar,www2/ar/portugal-visa-fees.html,0,0,0,Intention chevauchante avec le hub destination,/ar/visa-portugal,yes,PROPOSED_NOT_EXECUTED
/ar/portugal-visa-processing-time,ar,www2/ar/portugal-visa-processing-time.html,0,0,0,Intention chevauchante avec le hub destination,/ar/visa-portugal,yes,PROPOSED_NOT_EXECUTED
/ar/portugal-visa-requirements,ar,www2/ar/portugal-visa-requirements.html,0,0,0,Intention chevauchante avec le hub destination,/ar/visa-portugal,yes,PROPOSED_NOT_EXECUTED
/ar/qatar-visa-fees,ar,www2/ar/qatar-visa-fees.html,0,0,0,Intention chevauchante avec le hub destination,/ar/visa-qatar,yes,PROPOSED_NOT_EXECUTED
/ar/qatar-visa-processing-time,ar,www2/ar/qatar-visa-processing-time.html,0,0,0,Intention chevauchante avec le hub destination,/ar/visa-qatar,yes,PROPOSED_NOT_EXECUTED
/ar/qatar-visa-requirements,ar,www2/ar/qatar-visa-requirements.html,0,0,0,Intention chevauchante avec le hub destination,/ar/visa-qatar,yes,PROPOSED_NOT_EXECUTED
/ar/romania-visa-fees,ar,www2/ar/romania-visa-fees.html,0,0,0,Intention chevauchante avec le hub destination,/ar/visa-romania,yes,PROPOSED_NOT_EXECUTED
/ar/romania-visa-processing-time,ar,www2/ar/romania-visa-processing-time.html,0,0,0,Intention chevauchante avec le hub destination,/ar/visa-romania,yes,PROPOSED_NOT_EXECUTED
/ar/romania-visa-requirements,ar,www2/ar/romania-visa-requirements.html,0,0,0,Intention chevauchante avec le hub destination,/ar/visa-romania,yes,PROPOSED_NOT_EXECUTED
/ar/singapore-visa-fees,ar,www2/ar/singapore-visa-fees.html,0,0,0,Intention chevauchante avec le hub destination,/ar/visa-singapore,yes,PROPOSED_NOT_EXECUTED
/ar/singapore-visa-processing-time,ar,www2/ar/singapore-visa-processing-time.html,0,0,0,Intention chevauchante avec le hub destination,/ar/visa-singapore,yes,PROPOSED_NOT_EXECUTED
/ar/singapore-visa-requirements,ar,www2/ar/singapore-visa-requirements.html,0,0,0,Intention chevauchante avec le hub destination,/ar/visa-singapore,yes,PROPOSED_NOT_EXECUTED
/ar/spain-visa-fees,ar,www2/ar/spain-visa-fees.html,0,0,0,Intention chevauchante avec le hub destination,/ar/visa-spain,yes,PROPOSED_NOT_EXECUTED
/ar/spain-visa-processing-time,ar,www2/ar/spain-visa-processing-time.html,0,0,0,Intention chevauchante avec le hub destination,/ar/visa-spain,yes,PROPOSED_NOT_EXECUTED
/ar/spain-visa-requirements,ar,www2/ar/spain-visa-requirements.html,0,0,0,Intention chevauchante avec le hub destination,/ar/visa-spain,yes,PROPOSED_NOT_EXECUTED
/ar/sri-lanka-visa-fees,ar,www2/ar/sri-lanka-visa-fees.html,0,0,0,Intention chevauchante avec le hub destination,/ar/visa-sri-lanka,yes,PROPOSED_NOT_EXECUTED
/ar/sri-lanka-visa-processing-time,ar,www2/ar/sri-lanka-visa-processing-time.html,0,0,0,Intention chevauchante avec le hub destination,/ar/visa-sri-lanka,yes,PROPOSED_NOT_EXECUTED
/ar/sri-lanka-visa-requirements,ar,www2/ar/sri-lanka-visa-requirements.html,0,0,0,Intention chevauchante avec le hub destination,/ar/visa-sri-lanka,yes,PROPOSED_NOT_EXECUTED
/ar/sweden-visa-fees,ar,www2/ar/sweden-visa-fees.html,0,0,0,Intention chevauchante avec le hub destination,/ar/visa-sweden,yes,PROPOSED_NOT_EXECUTED
/ar/sweden-visa-processing-time,ar,www2/ar/sweden-visa-processing-time.html,0,0,0,Intention chevauchante avec le hub destination,/ar/visa-sweden,yes,PROPOSED_NOT_EXECUTED
/ar/sweden-visa-requirements,ar,www2/ar/sweden-visa-requirements.html,0,0,0,Intention chevauchante avec le hub destination,/ar/visa-sweden,yes,PROPOSED_NOT_EXECUTED
/ar/switzerland-visa-processing-time,ar,www2/ar/switzerland-visa-processing-time.html,0,0,0,Intention chevauchante avec le hub destination,/ar/visa-switzerland,yes,PROPOSED_NOT_EXECUTED
/ar/switzerland-visa-requirements,ar,www2/ar/switzerland-visa-requirements.html,0,0,0,Intention chevauchante avec le hub destination,/ar/visa-switzerland,yes,PROPOSED_NOT_EXECUTED
/ar/taipei-visa-requirements,ar,www2/ar/taipei-visa-requirements.html,0,0,0,Intention chevauchante avec le hub destination,/ar/visa-taipei,no,PROPOSED_NOT_EXECUTED
/ar/taiwan-visa-fees,ar,www2/ar/taiwan-visa-fees.html,0,0,0,Intention chevauchante avec le hub destination,/ar/visa-taiwan,yes,PROPOSED_NOT_EXECUTED
/ar/taiwan-visa-processing-time,ar,www2/ar/taiwan-visa-processing-time.html,0,0,0,Intention chevauchante avec le hub destination,/ar/visa-taiwan,yes,PROPOSED_NOT_EXECUTED
/ar/taiwan-visa-requirements,ar,www2/ar/taiwan-visa-requirements.html,0,0,0,Intention chevauchante avec le hub destination,/ar/visa-taiwan,yes,PROPOSED_NOT_EXECUTED
/ar/thailand-visa-fees,ar,www2/ar/thailand-visa-fees.html,0,0,0,Intention chevauchante avec le hub destination,/ar/visa-thailand,yes,PROPOSED_NOT_EXECUTED
/ar/thailand-visa-processing-time,ar,www2/ar/thailand-visa-processing-time.html,0,0,0,Intention chevauchante avec le hub destination,/ar/visa-thailand,yes,PROPOSED_NOT_EXECUTED
/ar/thailand-visa-requirements,ar,www2/ar/thailand-visa-requirements.html,0,0,0,Intention chevauchante avec le hub destination,/ar/visa-thailand,yes,PROPOSED_NOT_EXECUTED
/ar/turkey-visa-fees,ar,www2/ar/turkey-visa-fees.html,0,0,0,Intention chevauchante avec le hub destination,/ar/visa-turkey,yes,PROPOSED_NOT_EXECUTED
/ar/turkey-visa-processing-time,ar,www2/ar/turkey-visa-processing-time.html,0,0,0,Intention chevauchante avec le hub destination,/ar/visa-turkey,yes,PROPOSED_NOT_EXECUTED
/ar/turkey-visa-requirements,ar,www2/ar/turkey-visa-requirements.html,0,0,0,Intention chevauchante avec le hub destination,/ar/visa-turkey,yes,PROPOSED_NOT_EXECUTED
/ar/uae-visa-fees,ar,www2/ar/uae-visa-fees.html,0,0,0,Intention chevauchante avec le hub destination,/ar/visa-uae,yes,PROPOSED_NOT_EXECUTED
/ar/uae-visa-processing-time,ar,www2/ar/uae-visa-processing-time.html,0,0,0,Intention chevauchante avec le hub destination,/ar/visa-uae,yes,PROPOSED_NOT_EXECUTED
/ar/uae-visa-requirements,ar,www2/ar/uae-visa-requirements.html,0,0,0,Intention chevauchante avec le hub destination,/ar/visa-uae,yes,PROPOSED_NOT_EXECUTED
/ar/united-kingdom-visa-fees,ar,www2/ar/united-kingdom-visa-fees.html,0,0,0,Intention chevauchante avec le hub destination,/ar/visa-united-kingdom,yes,PROPOSED_NOT_EXECUTED
/ar/united-kingdom-visa-processing-time,ar,www2/ar/united-kingdom-visa-processing-time.html,0,0,0,Intention chevauchante avec le hub destination,/ar/visa-united-kingdom,yes,PROPOSED_NOT_EXECUTED
/ar/united-kingdom-visa-requirements,ar,www2/ar/united-kingdom-visa-requirements.html,0,0,0,Intention chevauchante avec le hub destination,/ar/visa-united-kingdom,yes,PROPOSED_NOT_EXECUTED
/ar/usa-visa-fees,ar,www2/ar/usa-visa-fees.html,0,0,0,Intention chevauchante avec le hub destination,/ar/visa-usa,yes,PROPOSED_NOT_EXECUTED
/ar/usa-visa-processing-time,ar,www2/ar/usa-visa-processing-time.html,0,0,0,Intention chevauchante avec le hub destination,/ar/visa-usa,yes,PROPOSED_NOT_EXECUTED
/ar/usa-visa-requirements,ar,www2/ar/usa-visa-requirements.html,0,0,0,Intention chevauchante avec le hub destination,/ar/visa-usa,yes,PROPOSED_NOT_EXECUTED
/ar/vietnam-visa-fees,ar,www2/ar/vietnam-visa-fees.html,0,0,0,Intention chevauchante avec le hub destination,/ar/visa-vietnam,yes,PROPOSED_NOT_EXECUTED
/ar/vietnam-visa-processing-time,ar,www2/ar/vietnam-visa-processing-time.html,0,0,0,Intention chevauchante avec le hub destination,/ar/visa-vietnam,yes,PROPOSED_NOT_EXECUTED
/ar/vietnam-visa-requirements,ar,www2/ar/vietnam-visa-requirements.html,0,0,0,Intention chevauchante avec le hub destination,/ar/visa-vietnam,yes,PROPOSED_NOT_EXECUTED
/en/amsterdam-visa-requirements,en,www2/en/amsterdam-visa-requirements.html,0,0,0,Intention chevauchante avec le hub destination,/en/visa-amsterdam,no,PROPOSED_NOT_EXECUTED
/en/argentina-visa-fees,en,www2/en/argentina-visa-fees.html,0,0,0,Intention chevauchante avec le hub destination,/en/visa-argentina,yes,PROPOSED_NOT_EXECUTED
/en/australia-visa-fees,en,www2/en/australia-visa-fees.html,0,0,0,Intention chevauchante avec le hub destination,/en/visa-australia,yes,PROPOSED_NOT_EXECUTED
/en/australia-visa-requirements,en,www2/en/australia-visa-requirements.html,0,0,0,Intention chevauchante avec le hub destination,/en/visa-australia,yes,PROPOSED_NOT_EXECUTED
/en/austria-visa-fees,en,www2/en/austria-visa-fees.html,0,0,0,Intention chevauchante avec le hub destination,/en/visa-austria,yes,PROPOSED_NOT_EXECUTED
/en/austria-visa-processing-time,en,www2/en/austria-visa-processing-time.html,0,0,0,Intention chevauchante avec le hub destination,/en/visa-austria,yes,PROPOSED_NOT_EXECUTED
/en/belgium-visa-fees,en,www2/en/belgium-visa-fees.html,0,0,0,Intention chevauchante avec le hub destination,/en/visa-belgium,yes,PROPOSED_NOT_EXECUTED
/en/belgium-visa-requirements,en,www2/en/belgium-visa-requirements.html,0,0,0,Intention chevauchante avec le hub destination,/en/visa-belgium,yes,PROPOSED_NOT_EXECUTED
/en/brazil-visa-fees,en,www2/en/brazil-visa-fees.html,0,0,0,Intention chevauchante avec le hub destination,/en/visa-brazil,yes,PROPOSED_NOT_EXECUTED
/en/brazil-visa-requirements,en,www2/en/brazil-visa-requirements.html,0,0,0,Intention chevauchante avec le hub destination,/en/visa-brazil,yes,PROPOSED_NOT_EXECUTED
/en/california-visa-requirements,en,www2/en/california-visa-requirements.html,0,0,0,Intention chevauchante avec le hub destination,/en/visa-california,no,PROPOSED_NOT_EXECUTED
/en/cambodia-visa-fees,en,www2/en/cambodia-visa-fees.html,0,0,0,Intention chevauchante avec le hub destination,/en/visa-cambodia,yes,PROPOSED_NOT_EXECUTED
/en/cambodia-visa-processing-time,en,www2/en/cambodia-visa-processing-time.html,0,0,0,Intention chevauchante avec le hub destination,/en/visa-cambodia,yes,PROPOSED_NOT_EXECUTED
/en/cambodia-visa-requirements,en,www2/en/cambodia-visa-requirements.html,0,0,0,Intention chevauchante avec le hub destination,/en/visa-cambodia,yes,PROPOSED_NOT_EXECUTED
/en/canada-visa-fees,en,www2/en/canada-visa-fees.html,0,0,0,Intention chevauchante avec le hub destination,/en/visa-canada,yes,PROPOSED_NOT_EXECUTED
/en/canada-visa-processing-time,en,www2/en/canada-visa-processing-time.html,0,0,0,Intention chevauchante avec le hub destination,/en/visa-canada,yes,PROPOSED_NOT_EXECUTED
/en/canada-visa-requirements,en,www2/en/canada-visa-requirements.html,0,0,0,Intention chevauchante avec le hub destination,/en/visa-canada,yes,PROPOSED_NOT_EXECUTED
/en/china-visa-fees,en,www2/en/china-visa-fees.html,0,0,0,Intention chevauchante avec le hub destination,/en/visa-china,yes,PROPOSED_NOT_EXECUTED
/en/china-visa-processing-time,en,www2/en/china-visa-processing-time.html,0,0,0,Intention chevauchante avec le hub destination,/en/visa-china,yes,PROPOSED_NOT_EXECUTED
/en/china-visa-requirements,en,www2/en/china-visa-requirements.html,0,0,0,Intention chevauchante avec le hub destination,/en/visa-china,yes,PROPOSED_NOT_EXECUTED
/en/colombia-visa-fees,en,www2/en/colombia-visa-fees.html,0,0,0,Intention chevauchante avec le hub destination,/en/visa-colombia,yes,PROPOSED_NOT_EXECUTED
/en/colombia-visa-processing-time,en,www2/en/colombia-visa-processing-time.html,0,0,0,Intention chevauchante avec le hub destination,/en/visa-colombia,yes,PROPOSED_NOT_EXECUTED
/en/colombia-visa-requirements,en,www2/en/colombia-visa-requirements.html,0,0,0,Intention chevauchante avec le hub destination,/en/visa-colombia,yes,PROPOSED_NOT_EXECUTED
/en/costa-rica-visa-fees,en,www2/en/costa-rica-visa-fees.html,0,0,0,Intention chevauchante avec le hub destination,/en/visa-costa-rica,yes,PROPOSED_NOT_EXECUTED
/en/costa-rica-visa-requirements,en,www2/en/costa-rica-visa-requirements.html,0,0,0,Intention chevauchante avec le hub destination,/en/visa-costa-rica,yes,PROPOSED_NOT_EXECUTED
/en/croatia-visa-fees,en,www2/en/croatia-visa-fees.html,0,0,0,Intention chevauchante avec le hub destination,/en/visa-croatia,yes,PROPOSED_NOT_EXECUTED
/en/croatia-visa-requirements,en,www2/en/croatia-visa-requirements.html,0,0,0,Intention chevauchante avec le hub destination,/en/visa-croatia,yes,PROPOSED_NOT_EXECUTED
/en/czech-republic-visa-fees,en,www2/en/czech-republic-visa-fees.html,0,0,0,Intention chevauchante avec le hub destination,/en/visa-czech-republic,yes,PROPOSED_NOT_EXECUTED
/en/czech-republic-visa-processing-time,en,www2/en/czech-republic-visa-processing-time.html,0,0,0,Intention chevauchante avec le hub destination,/en/visa-czech-republic,yes,PROPOSED_NOT_EXECUTED
/en/czech-republic-visa-requirements,en,www2/en/czech-republic-visa-requirements.html,0,0,0,Intention chevauchante avec le hub destination,/en/visa-czech-republic,yes,PROPOSED_NOT_EXECUTED
/en/denmark-visa-processing-time,en,www2/en/denmark-visa-processing-time.html,0,0,0,Intention chevauchante avec le hub destination,/en/visa-denmark,yes,PROPOSED_NOT_EXECUTED
/en/denmark-visa-requirements,en,www2/en/denmark-visa-requirements.html,0,0,0,Intention chevauchante avec le hub destination,/en/visa-denmark,yes,PROPOSED_NOT_EXECUTED
/en/galapagos-visa-requirements,en,www2/en/galapagos-visa-requirements.html,0,0,0,Intention chevauchante avec le hub destination,/en/visa-galapagos,no,PROPOSED_NOT_EXECUTED
/en/germany-visa-fees,en,www2/en/germany-visa-fees.html,0,0,0,Intention chevauchante avec le hub destination,/en/visa-germany,yes,PROPOSED_NOT_EXECUTED
/en/germany-visa-processing-time,en,www2/en/germany-visa-processing-time.html,0,0,0,Intention chevauchante avec le hub destination,/en/visa-germany,yes,PROPOSED_NOT_EXECUTED
/en/germany-visa-requirements,en,www2/en/germany-visa-requirements.html,0,0,0,Intention chevauchante avec le hub destination,/en/visa-germany,yes,PROPOSED_NOT_EXECUTED
/en/greece-visa-fees,en,www2/en/greece-visa-fees.html,0,0,0,Intention chevauchante avec le hub destination,/en/visa-greece,yes,PROPOSED_NOT_EXECUTED
/en/greece-visa-processing-time,en,www2/en/greece-visa-processing-time.html,0,0,0,Intention chevauchante avec le hub destination,/en/visa-greece,yes,PROPOSED_NOT_EXECUTED
/en/greece-visa-requirements,en,www2/en/greece-visa-requirements.html,0,0,0,Intention chevauchante avec le hub destination,/en/visa-greece,yes,PROPOSED_NOT_EXECUTED
/en/hong-kong-visa-processing-time,en,www2/en/hong-kong-visa-processing-time.html,0,0,0,Intention chevauchante avec le hub destination,/en/visa-hong-kong,yes,PROPOSED_NOT_EXECUTED
/en/hong-kong-visa-requirements,en,www2/en/hong-kong-visa-requirements.html,0,0,0,Intention chevauchante avec le hub destination,/en/visa-hong-kong,yes,PROPOSED_NOT_EXECUTED
/en/hungary-visa-requirements,en,www2/en/hungary-visa-requirements.html,0,0,0,Intention chevauchante avec le hub destination,/en/visa-hungary,yes,PROPOSED_NOT_EXECUTED
/en/india-visa-fees,en,www2/en/india-visa-fees.html,0,0,0,Intention chevauchante avec le hub destination,/en/visa-india,yes,PROPOSED_NOT_EXECUTED
/en/india-visa-processing-time,en,www2/en/india-visa-processing-time.html,0,0,0,Intention chevauchante avec le hub destination,/en/visa-india,yes,PROPOSED_NOT_EXECUTED
/en/india-visa-requirements,en,www2/en/india-visa-requirements.html,0,0,0,Intention chevauchante avec le hub destination,/en/visa-india,yes,PROPOSED_NOT_EXECUTED
/en/ireland-visa-fees,en,www2/en/ireland-visa-fees.html,0,0,0,Intention chevauchante avec le hub destination,/en/visa-ireland,yes,PROPOSED_NOT_EXECUTED
/en/ireland-visa-requirements,en,www2/en/ireland-visa-requirements.html,0,0,0,Intention chevauchante avec le hub destination,/en/visa-ireland,yes,PROPOSED_NOT_EXECUTED
/en/italy-visa-fees,en,www2/en/italy-visa-fees.html,0,0,0,Intention chevauchante avec le hub destination,/en/visa-italy,yes,PROPOSED_NOT_EXECUTED
/en/italy-visa-processing-time,en,www2/en/italy-visa-processing-time.html,0,0,0,Intention chevauchante avec le hub destination,/en/visa-italy,yes,PROPOSED_NOT_EXECUTED
/en/italy-visa-requirements,en,www2/en/italy-visa-requirements.html,0,0,0,Intention chevauchante avec le hub destination,/en/visa-italy,yes,PROPOSED_NOT_EXECUTED
/en/japan-visa-fees,en,www2/en/japan-visa-fees.html,0,0,0,Intention chevauchante avec le hub destination,/en/visa-japan,yes,PROPOSED_NOT_EXECUTED
/en/japan-visa-processing-time,en,www2/en/japan-visa-processing-time.html,0,0,0,Intention chevauchante avec le hub destination,/en/visa-japan,yes,PROPOSED_NOT_EXECUTED
/en/japan-visa-requirements,en,www2/en/japan-visa-requirements.html,0,0,0,Intention chevauchante avec le hub destination,/en/visa-japan,yes,PROPOSED_NOT_EXECUTED
/en/jordan-visa-fees,en,www2/en/jordan-visa-fees.html,0,0,0,Intention chevauchante avec le hub destination,/en/visa-jordan,yes,PROPOSED_NOT_EXECUTED
/en/jordan-visa-requirements,en,www2/en/jordan-visa-requirements.html,0,0,0,Intention chevauchante avec le hub destination,/en/visa-jordan,yes,PROPOSED_NOT_EXECUTED
/en/laos-visa-requirements,en,www2/en/laos-visa-requirements.html,0,0,0,Intention chevauchante avec le hub destination,/en/visa-laos,yes,PROPOSED_NOT_EXECUTED
/en/macau-visa-requirements,en,www2/en/macau-visa-requirements.html,0,0,0,Intention chevauchante avec le hub destination,/en/visa-macau,yes,PROPOSED_NOT_EXECUTED
/en/malaysia-visa-fees,en,www2/en/malaysia-visa-fees.html,0,0,0,Intention chevauchante avec le hub destination,/en/visa-malaysia,yes,PROPOSED_NOT_EXECUTED
/en/malaysia-visa-processing-time,en,www2/en/malaysia-visa-processing-time.html,0,0,0,Intention chevauchante avec le hub destination,/en/visa-malaysia,yes,PROPOSED_NOT_EXECUTED
/en/malaysia-visa-requirements,en,www2/en/malaysia-visa-requirements.html,0,0,0,Intention chevauchante avec le hub destination,/en/visa-malaysia,yes,PROPOSED_NOT_EXECUTED
/en/maldives-visa-processing-time,en,www2/en/maldives-visa-processing-time.html,0,0,0,Intention chevauchante avec le hub destination,/en/visa-maldives,yes,PROPOSED_NOT_EXECUTED
/en/maldives-visa-requirements,en,www2/en/maldives-visa-requirements.html,0,0,0,Intention chevauchante avec le hub destination,/en/visa-maldives,yes,PROPOSED_NOT_EXECUTED
/en/mexico-visa-fees,en,www2/en/mexico-visa-fees.html,0,0,0,Intention chevauchante avec le hub destination,/en/visa-mexico,yes,PROPOSED_NOT_EXECUTED
/en/mexico-visa-processing-time,en,www2/en/mexico-visa-processing-time.html,0,0,0,Intention chevauchante avec le hub destination,/en/visa-mexico,yes,PROPOSED_NOT_EXECUTED
/en/mexico-visa-requirements,en,www2/en/mexico-visa-requirements.html,0,0,0,Intention chevauchante avec le hub destination,/en/visa-mexico,yes,PROPOSED_NOT_EXECUTED
/en/nepal-visa-fees,en,www2/en/nepal-visa-fees.html,0,0,0,Intention chevauchante avec le hub destination,/en/visa-nepal,yes,PROPOSED_NOT_EXECUTED
/en/nepal-visa-processing-time,en,www2/en/nepal-visa-processing-time.html,0,0,0,Intention chevauchante avec le hub destination,/en/visa-nepal,yes,PROPOSED_NOT_EXECUTED
/en/nepal-visa-requirements,en,www2/en/nepal-visa-requirements.html,0,0,0,Intention chevauchante avec le hub destination,/en/visa-nepal,yes,PROPOSED_NOT_EXECUTED
/en/netherlands-visa-fees,en,www2/en/netherlands-visa-fees.html,0,0,0,Intention chevauchante avec le hub destination,/en/visa-netherlands,yes,PROPOSED_NOT_EXECUTED
/en/netherlands-visa-processing-time,en,www2/en/netherlands-visa-processing-time.html,0,0,0,Intention chevauchante avec le hub destination,/en/visa-netherlands,yes,PROPOSED_NOT_EXECUTED
/en/netherlands-visa-requirements,en,www2/en/netherlands-visa-requirements.html,0,0,0,Intention chevauchante avec le hub destination,/en/visa-netherlands,yes,PROPOSED_NOT_EXECUTED
/en/new-zealand-visa-fees,en,www2/en/new-zealand-visa-fees.html,0,0,0,Intention chevauchante avec le hub destination,/en/visa-new-zealand,yes,PROPOSED_NOT_EXECUTED
/en/new-zealand-visa-processing-time,en,www2/en/new-zealand-visa-processing-time.html,0,0,0,Intention chevauchante avec le hub destination,/en/visa-new-zealand,yes,PROPOSED_NOT_EXECUTED
/en/new-zealand-visa-requirements,en,www2/en/new-zealand-visa-requirements.html,0,0,0,Intention chevauchante avec le hub destination,/en/visa-new-zealand,yes,PROPOSED_NOT_EXECUTED
/en/norway-visa-fees,en,www2/en/norway-visa-fees.html,0,0,0,Intention chevauchante avec le hub destination,/en/visa-norway,yes,PROPOSED_NOT_EXECUTED
/en/norway-visa-requirements,en,www2/en/norway-visa-requirements.html,0,0,0,Intention chevauchante avec le hub destination,/en/visa-norway,yes,PROPOSED_NOT_EXECUTED
/en/patagonia-visa-requirements,en,www2/en/patagonia-visa-requirements.html,0,0,0,Intention chevauchante avec le hub destination,/en/visa-patagonia,no,PROPOSED_NOT_EXECUTED
/en/philippines-visa-fees,en,www2/en/philippines-visa-fees.html,0,0,0,Intention chevauchante avec le hub destination,/en/visa-philippines,yes,PROPOSED_NOT_EXECUTED
/en/philippines-visa-processing-time,en,www2/en/philippines-visa-processing-time.html,0,0,0,Intention chevauchante avec le hub destination,/en/visa-philippines,yes,PROPOSED_NOT_EXECUTED
/en/philippines-visa-requirements,en,www2/en/philippines-visa-requirements.html,0,0,0,Intention chevauchante avec le hub destination,/en/visa-philippines,yes,PROPOSED_NOT_EXECUTED
/en/poland-visa-fees,en,www2/en/poland-visa-fees.html,0,0,0,Intention chevauchante avec le hub destination,/en/visa-poland,yes,PROPOSED_NOT_EXECUTED
/en/poland-visa-requirements,en,www2/en/poland-visa-requirements.html,0,0,0,Intention chevauchante avec le hub destination,/en/visa-poland,yes,PROPOSED_NOT_EXECUTED
/en/portugal-visa-fees,en,www2/en/portugal-visa-fees.html,0,0,0,Intention chevauchante avec le hub destination,/en/visa-portugal,yes,PROPOSED_NOT_EXECUTED
/en/portugal-visa-processing-time,en,www2/en/portugal-visa-processing-time.html,0,0,0,Intention chevauchante avec le hub destination,/en/visa-portugal,yes,PROPOSED_NOT_EXECUTED
/en/portugal-visa-requirements,en,www2/en/portugal-visa-requirements.html,0,0,0,Intention chevauchante avec le hub destination,/en/visa-portugal,yes,PROPOSED_NOT_EXECUTED
/en/qatar-visa-requirements,en,www2/en/qatar-visa-requirements.html,0,0,0,Intention chevauchante avec le hub destination,/en/visa-qatar,yes,PROPOSED_NOT_EXECUTED
/en/romania-visa-fees,en,www2/en/romania-visa-fees.html,0,0,0,Intention chevauchante avec le hub destination,/en/visa-romania,yes,PROPOSED_NOT_EXECUTED
/en/santorini-visa-requirements,en,www2/en/santorini-visa-requirements.html,0,0,0,Intention chevauchante avec le hub destination,/en/visa-santorini,no,PROPOSED_NOT_EXECUTED
/en/singapore-visa-fees,en,www2/en/singapore-visa-fees.html,0,0,0,Intention chevauchante avec le hub destination,/en/visa-singapore,yes,PROPOSED_NOT_EXECUTED
/en/singapore-visa-processing-time,en,www2/en/singapore-visa-processing-time.html,0,0,0,Intention chevauchante avec le hub destination,/en/visa-singapore,yes,PROPOSED_NOT_EXECUTED
/en/singapore-visa-requirements,en,www2/en/singapore-visa-requirements.html,0,0,0,Intention chevauchante avec le hub destination,/en/visa-singapore,yes,PROPOSED_NOT_EXECUTED
/en/spain-visa-processing-time,en,www2/en/spain-visa-processing-time.html,0,0,0,Intention chevauchante avec le hub destination,/en/visa-spain,yes,PROPOSED_NOT_EXECUTED
/en/sri-lanka-visa-fees,en,www2/en/sri-lanka-visa-fees.html,0,0,0,Intention chevauchante avec le hub destination,/en/visa-sri-lanka,yes,PROPOSED_NOT_EXECUTED
/en/sri-lanka-visa-processing-time,en,www2/en/sri-lanka-visa-processing-time.html,0,0,0,Intention chevauchante avec le hub destination,/en/visa-sri-lanka,yes,PROPOSED_NOT_EXECUTED
/en/sri-lanka-visa-requirements,en,www2/en/sri-lanka-visa-requirements.html,0,0,0,Intention chevauchante avec le hub destination,/en/visa-sri-lanka,yes,PROPOSED_NOT_EXECUTED
/en/sweden-visa-fees,en,www2/en/sweden-visa-fees.html,0,0,0,Intention chevauchante avec le hub destination,/en/visa-sweden,yes,PROPOSED_NOT_EXECUTED
/en/sweden-visa-requirements,en,www2/en/sweden-visa-requirements.html,0,0,0,Intention chevauchante avec le hub destination,/en/visa-sweden,yes,PROPOSED_NOT_EXECUTED
/en/switzerland-visa-fees,en,www2/en/switzerland-visa-fees.html,0,0,0,Intention chevauchante avec le hub destination,/en/visa-switzerland,yes,PROPOSED_NOT_EXECUTED
/en/switzerland-visa-processing-time,en,www2/en/switzerland-visa-processing-time.html,0,0,0,Intention chevauchante avec le hub destination,/en/visa-switzerland,yes,PROPOSED_NOT_EXECUTED
/en/switzerland-visa-requirements,en,www2/en/switzerland-visa-requirements.html,0,0,0,Intention chevauchante avec le hub destination,/en/visa-switzerland,yes,PROPOSED_NOT_EXECUTED
/en/taiwan-visa-processing-time,en,www2/en/taiwan-visa-processing-time.html,0,0,0,Intention chevauchante avec le hub destination,/en/visa-taiwan,yes,PROPOSED_NOT_EXECUTED
/en/thailand-visa-fees,en,www2/en/thailand-visa-fees.html,0,0,0,Intention chevauchante avec le hub destination,/en/visa-thailand,yes,PROPOSED_NOT_EXECUTED
/en/thailand-visa-requirements,en,www2/en/thailand-visa-requirements.html,0,0,0,Intention chevauchante avec le hub destination,/en/visa-thailand,yes,PROPOSED_NOT_EXECUTED
/en/turkey-visa-fees,en,www2/en/turkey-visa-fees.html,0,0,0,Intention chevauchante avec le hub destination,/en/visa-turkey,yes,PROPOSED_NOT_EXECUTED
/en/turkey-visa-processing-time,en,www2/en/turkey-visa-processing-time.html,0,0,0,Intention chevauchante avec le hub destination,/en/visa-turkey,yes,PROPOSED_NOT_EXECUTED
/en/turkey-visa-requirements,en,www2/en/turkey-visa-requirements.html,0,0,0,Intention chevauchante avec le hub destination,/en/visa-turkey,yes,PROPOSED_NOT_EXECUTED
/en/uae-visa-fees,en,www2/en/uae-visa-fees.html,0,0,0,Intention chevauchante avec le hub destination,/en/visa-uae,yes,PROPOSED_NOT_EXECUTED
/en/uae-visa-processing-time,en,www2/en/uae-visa-processing-time.html,0,0,0,Intention chevauchante avec le hub destination,/en/visa-uae,yes,PROPOSED_NOT_EXECUTED
/en/uae-visa-requirements,en,www2/en/uae-visa-requirements.html,0,0,0,Intention chevauchante avec le hub destination,/en/visa-uae,yes,PROPOSED_NOT_EXECUTED
/en/united-kingdom-visa-fees,en,www2/en/united-kingdom-visa-fees.html,0,0,0,Intention chevauchante avec le hub destination,/en/visa-united-kingdom,yes,PROPOSED_NOT_EXECUTED
/en/united-kingdom-visa-requirements,en,www2/en/united-kingdom-visa-requirements.html,0,0,0,Intention chevauchante avec le hub destination,/en/visa-united-kingdom,yes,PROPOSED_NOT_EXECUTED
/en/usa-visa-fees,en,www2/en/usa-visa-fees.html,0,0,0,Intention chevauchante avec le hub destination,/en/visa-usa,yes,PROPOSED_NOT_EXECUTED
/en/usa-visa-processing-time,en,www2/en/usa-visa-processing-time.html,0,0,0,Intention chevauchante avec le hub destination,/en/visa-usa,yes,PROPOSED_NOT_EXECUTED
/en/usa-visa-requirements,en,www2/en/usa-visa-requirements.html,0,0,0,Intention chevauchante avec le hub destination,/en/visa-usa,yes,PROPOSED_NOT_EXECUTED
/en/vietnam-visa-fees,en,www2/en/vietnam-visa-fees.html,0,0,0,Intention chevauchante avec le hub destination,/en/visa-vietnam,yes,PROPOSED_NOT_EXECUTED
/en/vietnam-visa-processing-time,en,www2/en/vietnam-visa-processing-time.html,0,0,0,Intention chevauchante avec le hub destination,/en/visa-vietnam,yes,PROPOSED_NOT_EXECUTED
/en/vietnam-visa-requirements,en,www2/en/vietnam-visa-requirements.html,0,0,0,Intention chevauchante avec le hub destination,/en/visa-vietnam,yes,PROPOSED_NOT_EXECUTED
/es/amsterdam-visa-requirements,es,www2/es/amsterdam-visa-requirements.html,0,0,0,Intention chevauchante avec le hub destination,/es/visa-amsterdam,no,PROPOSED_NOT_EXECUTED
/es/argentina-visa-fees,es,www2/es/argentina-visa-fees.html,0,0,0,Intention chevauchante avec le hub destination,/es/visa-argentina,yes,PROPOSED_NOT_EXECUTED
/es/argentina-visa-processing-time,es,www2/es/argentina-visa-processing-time.html,0,0,0,Intention chevauchante avec le hub destination,/es/visa-argentina,yes,PROPOSED_NOT_EXECUTED
/es/argentina-visa-requirements,es,www2/es/argentina-visa-requirements.html,0,0,0,Intention chevauchante avec le hub destination,/es/visa-argentina,yes,PROPOSED_NOT_EXECUTED
/es/australia-visa-fees,es,www2/es/australia-visa-fees.html,0,0,0,Intention chevauchante avec le hub destination,/es/visa-australia,yes,PROPOSED_NOT_EXECUTED
/es/australia-visa-requirements,es,www2/es/australia-visa-requirements.html,0,0,0,Intention chevauchante avec le hub destination,/es/visa-australia,yes,PROPOSED_NOT_EXECUTED
/es/austria-visa-fees,es,www2/es/austria-visa-fees.html,0,0,0,Intention chevauchante avec le hub destination,/es/visa-austria,yes,PROPOSED_NOT_EXECUTED
/es/austria-visa-requirements,es,www2/es/austria-visa-requirements.html,0,0,0,Intention chevauchante avec le hub destination,/es/visa-austria,yes,PROPOSED_NOT_EXECUTED
/es/belgium-visa-fees,es,www2/es/belgium-visa-fees.html,0,0,0,Intention chevauchante avec le hub destination,/es/visa-belgium,yes,PROPOSED_NOT_EXECUTED
/es/belgium-visa-processing-time,es,www2/es/belgium-visa-processing-time.html,0,0,0,Intention chevauchante avec le hub destination,/es/visa-belgium,yes,PROPOSED_NOT_EXECUTED
/es/belgium-visa-requirements,es,www2/es/belgium-visa-requirements.html,0,0,0,Intention chevauchante avec le hub destination,/es/visa-belgium,yes,PROPOSED_NOT_EXECUTED
/es/bermuda-visa-requirements,es,www2/es/bermuda-visa-requirements.html,0,0,0,Intention chevauchante avec le hub destination,/es/visa-bermuda,yes,PROPOSED_NOT_EXECUTED
/es/brazil-visa-processing-time,es,www2/es/brazil-visa-processing-time.html,0,0,0,Intention chevauchante avec le hub destination,/es/visa-brazil,yes,PROPOSED_NOT_EXECUTED
/es/brazil-visa-requirements,es,www2/es/brazil-visa-requirements.html,0,0,0,Intention chevauchante avec le hub destination,/es/visa-brazil,yes,PROPOSED_NOT_EXECUTED
/es/cambodia-visa-fees,es,www2/es/cambodia-visa-fees.html,0,0,0,Intention chevauchante avec le hub destination,/es/visa-cambodia,yes,PROPOSED_NOT_EXECUTED
/es/cambodia-visa-processing-time,es,www2/es/cambodia-visa-processing-time.html,0,0,0,Intention chevauchante avec le hub destination,/es/visa-cambodia,yes,PROPOSED_NOT_EXECUTED
/es/cambodia-visa-requirements,es,www2/es/cambodia-visa-requirements.html,0,0,0,Intention chevauchante avec le hub destination,/es/visa-cambodia,yes,PROPOSED_NOT_EXECUTED
/es/canada-visa-fees,es,www2/es/canada-visa-fees.html,0,0,0,Intention chevauchante avec le hub destination,/es/visa-canada,yes,PROPOSED_NOT_EXECUTED
/es/canada-visa-processing-time,es,www2/es/canada-visa-processing-time.html,0,0,0,Intention chevauchante avec le hub destination,/es/visa-canada,yes,PROPOSED_NOT_EXECUTED
/es/canada-visa-requirements,es,www2/es/canada-visa-requirements.html,0,0,0,Intention chevauchante avec le hub destination,/es/visa-canada,yes,PROPOSED_NOT_EXECUTED
/es/cappadocia-visa-requirements,es,www2/es/cappadocia-visa-requirements.html,0,0,0,Intention chevauchante avec le hub destination,/es/visa-cappadocia,no,PROPOSED_NOT_EXECUTED
/es/china-visa-fees,es,www2/es/china-visa-fees.html,0,0,0,Intention chevauchante avec le hub destination,/es/visa-china,yes,PROPOSED_NOT_EXECUTED
/es/china-visa-requirements,es,www2/es/china-visa-requirements.html,0,0,0,Intention chevauchante avec le hub destination,/es/visa-china,yes,PROPOSED_NOT_EXECUTED
/es/colombia-visa-fees,es,www2/es/colombia-visa-fees.html,0,0,0,Intention chevauchante avec le hub destination,/es/visa-colombia,yes,PROPOSED_NOT_EXECUTED
/es/colombia-visa-processing-time,es,www2/es/colombia-visa-processing-time.html,0,0,0,Intention chevauchante avec le hub destination,/es/visa-colombia,yes,PROPOSED_NOT_EXECUTED
/es/colombia-visa-requirements,es,www2/es/colombia-visa-requirements.html,0,0,0,Intention chevauchante avec le hub destination,/es/visa-colombia,yes,PROPOSED_NOT_EXECUTED
/es/costa-rica-visa-fees,es,www2/es/costa-rica-visa-fees.html,0,0,0,Intention chevauchante avec le hub destination,/es/visa-costa-rica,yes,PROPOSED_NOT_EXECUTED
/es/costa-rica-visa-processing-time,es,www2/es/costa-rica-visa-processing-time.html,0,0,0,Intention chevauchante avec le hub destination,/es/visa-costa-rica,yes,PROPOSED_NOT_EXECUTED
/es/costa-rica-visa-requirements,es,www2/es/costa-rica-visa-requirements.html,0,0,0,Intention chevauchante avec le hub destination,/es/visa-costa-rica,yes,PROPOSED_NOT_EXECUTED
/es/croatia-visa-fees,es,www2/es/croatia-visa-fees.html,0,0,0,Intention chevauchante avec le hub destination,/es/visa-croatia,yes,PROPOSED_NOT_EXECUTED
/es/croatia-visa-processing-time,es,www2/es/croatia-visa-processing-time.html,0,0,0,Intention chevauchante avec le hub destination,/es/visa-croatia,yes,PROPOSED_NOT_EXECUTED
/es/croatia-visa-requirements,es,www2/es/croatia-visa-requirements.html,0,0,0,Intention chevauchante avec le hub destination,/es/visa-croatia,yes,PROPOSED_NOT_EXECUTED
/es/czech-republic-visa-fees,es,www2/es/czech-republic-visa-fees.html,0,0,0,Intention chevauchante avec le hub destination,/es/visa-czech-republic,yes,PROPOSED_NOT_EXECUTED
/es/czech-republic-visa-requirements,es,www2/es/czech-republic-visa-requirements.html,0,0,0,Intention chevauchante avec le hub destination,/es/visa-czech-republic,yes,PROPOSED_NOT_EXECUTED
/es/denmark-visa-fees,es,www2/es/denmark-visa-fees.html,0,0,0,Intention chevauchante avec le hub destination,/es/visa-denmark,yes,PROPOSED_NOT_EXECUTED
/es/denmark-visa-processing-time,es,www2/es/denmark-visa-processing-time.html,0,0,0,Intention chevauchante avec le hub destination,/es/visa-denmark,yes,PROPOSED_NOT_EXECUTED
/es/denmark-visa-requirements,es,www2/es/denmark-visa-requirements.html,0,0,0,Intention chevauchante avec le hub destination,/es/visa-denmark,yes,PROPOSED_NOT_EXECUTED
/es/france-visa-fees,es,www2/es/france-visa-fees.html,0,0,0,Intention chevauchante avec le hub destination,/es/visa-france,yes,PROPOSED_NOT_EXECUTED
/es/france-visa-requirements,es,www2/es/france-visa-requirements.html,0,0,0,Intention chevauchante avec le hub destination,/es/visa-france,yes,PROPOSED_NOT_EXECUTED
/es/germany-visa-fees,es,www2/es/germany-visa-fees.html,0,0,0,Intention chevauchante avec le hub destination,/es/visa-germany,yes,PROPOSED_NOT_EXECUTED
/es/germany-visa-requirements,es,www2/es/germany-visa-requirements.html,0,0,0,Intention chevauchante avec le hub destination,/es/visa-germany,yes,PROPOSED_NOT_EXECUTED
/es/greece-visa-fees,es,www2/es/greece-visa-fees.html,0,0,0,Intention chevauchante avec le hub destination,/es/visa-greece,yes,PROPOSED_NOT_EXECUTED
/es/greece-visa-processing-time,es,www2/es/greece-visa-processing-time.html,0,0,0,Intention chevauchante avec le hub destination,/es/visa-greece,yes,PROPOSED_NOT_EXECUTED
/es/greece-visa-requirements,es,www2/es/greece-visa-requirements.html,0,0,0,Intention chevauchante avec le hub destination,/es/visa-greece,yes,PROPOSED_NOT_EXECUTED
/es/hong-kong-visa-processing-time,es,www2/es/hong-kong-visa-processing-time.html,0,0,0,Intention chevauchante avec le hub destination,/es/visa-hong-kong,yes,PROPOSED_NOT_EXECUTED
/es/hong-kong-visa-requirements,es,www2/es/hong-kong-visa-requirements.html,0,0,0,Intention chevauchante avec le hub destination,/es/visa-hong-kong,yes,PROPOSED_NOT_EXECUTED
/es/hungary-visa-fees,es,www2/es/hungary-visa-fees.html,0,0,0,Intention chevauchante avec le hub destination,/es/visa-hungary,yes,PROPOSED_NOT_EXECUTED
/es/hungary-visa-processing-time,es,www2/es/hungary-visa-processing-time.html,0,0,0,Intention chevauchante avec le hub destination,/es/visa-hungary,yes,PROPOSED_NOT_EXECUTED
/es/hungary-visa-requirements,es,www2/es/hungary-visa-requirements.html,0,0,0,Intention chevauchante avec le hub destination,/es/visa-hungary,yes,PROPOSED_NOT_EXECUTED
/es/india-visa-fees,es,www2/es/india-visa-fees.html,0,0,0,Intention chevauchante avec le hub destination,/es/visa-india,yes,PROPOSED_NOT_EXECUTED
/es/india-visa-processing-time,es,www2/es/india-visa-processing-time.html,0,0,0,Intention chevauchante avec le hub destination,/es/visa-india,yes,PROPOSED_NOT_EXECUTED
/es/india-visa-requirements,es,www2/es/india-visa-requirements.html,0,0,0,Intention chevauchante avec le hub destination,/es/visa-india,yes,PROPOSED_NOT_EXECUTED
/es/indonesia-visa-fees,es,www2/es/indonesia-visa-fees.html,0,0,0,Intention chevauchante avec le hub destination,/es/visa-indonesia,yes,PROPOSED_NOT_EXECUTED
/es/indonesia-visa-processing-time,es,www2/es/indonesia-visa-processing-time.html,0,0,0,Intention chevauchante avec le hub destination,/es/visa-indonesia,yes,PROPOSED_NOT_EXECUTED
/es/indonesia-visa-requirements,es,www2/es/indonesia-visa-requirements.html,0,0,0,Intention chevauchante avec le hub destination,/es/visa-indonesia,yes,PROPOSED_NOT_EXECUTED
/es/ireland-visa-fees,es,www2/es/ireland-visa-fees.html,0,0,0,Intention chevauchante avec le hub destination,/es/visa-ireland,yes,PROPOSED_NOT_EXECUTED
/es/ireland-visa-requirements,es,www2/es/ireland-visa-requirements.html,0,0,0,Intention chevauchante avec le hub destination,/es/visa-ireland,yes,PROPOSED_NOT_EXECUTED
/es/italy-visa-fees,es,www2/es/italy-visa-fees.html,0,0,0,Intention chevauchante avec le hub destination,/es/visa-italy,yes,PROPOSED_NOT_EXECUTED
/es/italy-visa-processing-time,es,www2/es/italy-visa-processing-time.html,0,0,0,Intention chevauchante avec le hub destination,/es/visa-italy,yes,PROPOSED_NOT_EXECUTED
/es/italy-visa-requirements,es,www2/es/italy-visa-requirements.html,0,0,0,Intention chevauchante avec le hub destination,/es/visa-italy,yes,PROPOSED_NOT_EXECUTED
/es/japan-visa-fees,es,www2/es/japan-visa-fees.html,0,0,0,Intention chevauchante avec le hub destination,/es/visa-japan,yes,PROPOSED_NOT_EXECUTED
/es/japan-visa-processing-time,es,www2/es/japan-visa-processing-time.html,0,0,0,Intention chevauchante avec le hub destination,/es/visa-japan,yes,PROPOSED_NOT_EXECUTED
/es/japan-visa-requirements,es,www2/es/japan-visa-requirements.html,0,0,0,Intention chevauchante avec le hub destination,/es/visa-japan,yes,PROPOSED_NOT_EXECUTED
/es/jordan-visa-fees,es,www2/es/jordan-visa-fees.html,0,0,0,Intention chevauchante avec le hub destination,/es/visa-jordan,yes,PROPOSED_NOT_EXECUTED
/es/jordan-visa-processing-time,es,www2/es/jordan-visa-processing-time.html,0,0,0,Intention chevauchante avec le hub destination,/es/visa-jordan,yes,PROPOSED_NOT_EXECUTED
/es/jordan-visa-requirements,es,www2/es/jordan-visa-requirements.html,0,0,0,Intention chevauchante avec le hub destination,/es/visa-jordan,yes,PROPOSED_NOT_EXECUTED
/es/laos-visa-requirements,es,www2/es/laos-visa-requirements.html,0,0,0,Intention chevauchante avec le hub destination,/es/visa-laos,yes,PROPOSED_NOT_EXECUTED
/es/macau-visa-requirements,es,www2/es/macau-visa-requirements.html,0,0,0,Intention chevauchante avec le hub destination,/es/visa-macau,yes,PROPOSED_NOT_EXECUTED
/es/machu-picchu-visa-requirements,es,www2/es/machu-picchu-visa-requirements.html,0,0,0,Intention chevauchante avec le hub destination,/es/visa-machu-picchu,no,PROPOSED_NOT_EXECUTED
/es/malaysia-visa-fees,es,www2/es/malaysia-visa-fees.html,0,0,0,Intention chevauchante avec le hub destination,/es/visa-malaysia,yes,PROPOSED_NOT_EXECUTED
/es/malaysia-visa-processing-time,es,www2/es/malaysia-visa-processing-time.html,0,0,0,Intention chevauchante avec le hub destination,/es/visa-malaysia,yes,PROPOSED_NOT_EXECUTED
/es/malaysia-visa-requirements,es,www2/es/malaysia-visa-requirements.html,0,0,0,Intention chevauchante avec le hub destination,/es/visa-malaysia,yes,PROPOSED_NOT_EXECUTED
/es/maldives-visa-fees,es,www2/es/maldives-visa-fees.html,0,0,0,Intention chevauchante avec le hub destination,/es/visa-maldives,yes,PROPOSED_NOT_EXECUTED
/es/maldives-visa-processing-time,es,www2/es/maldives-visa-processing-time.html,0,0,0,Intention chevauchante avec le hub destination,/es/visa-maldives,yes,PROPOSED_NOT_EXECUTED
/es/maldives-visa-requirements,es,www2/es/maldives-visa-requirements.html,0,0,0,Intention chevauchante avec le hub destination,/es/visa-maldives,yes,PROPOSED_NOT_EXECUTED
/es/mexico-visa-fees,es,www2/es/mexico-visa-fees.html,0,0,0,Intention chevauchante avec le hub destination,/es/visa-mexico,yes,PROPOSED_NOT_EXECUTED
/es/mexico-visa-processing-time,es,www2/es/mexico-visa-processing-time.html,0,0,0,Intention chevauchante avec le hub destination,/es/visa-mexico,yes,PROPOSED_NOT_EXECUTED
/es/mexico-visa-requirements,es,www2/es/mexico-visa-requirements.html,0,0,0,Intention chevauchante avec le hub destination,/es/visa-mexico,yes,PROPOSED_NOT_EXECUTED
/es/nepal-visa-fees,es,www2/es/nepal-visa-fees.html,0,0,0,Intention chevauchante avec le hub destination,/es/visa-nepal,yes,PROPOSED_NOT_EXECUTED
/es/nepal-visa-requirements,es,www2/es/nepal-visa-requirements.html,0,0,0,Intention chevauchante avec le hub destination,/es/visa-nepal,yes,PROPOSED_NOT_EXECUTED
/es/netherlands-visa-fees,es,www2/es/netherlands-visa-fees.html,0,0,0,Intention chevauchante avec le hub destination,/es/visa-netherlands,yes,PROPOSED_NOT_EXECUTED
/es/netherlands-visa-processing-time,es,www2/es/netherlands-visa-processing-time.html,0,0,0,Intention chevauchante avec le hub destination,/es/visa-netherlands,yes,PROPOSED_NOT_EXECUTED
/es/netherlands-visa-requirements,es,www2/es/netherlands-visa-requirements.html,0,0,0,Intention chevauchante avec le hub destination,/es/visa-netherlands,yes,PROPOSED_NOT_EXECUTED
/es/new-zealand-visa-fees,es,www2/es/new-zealand-visa-fees.html,0,0,0,Intention chevauchante avec le hub destination,/es/visa-new-zealand,yes,PROPOSED_NOT_EXECUTED
/es/new-zealand-visa-processing-time,es,www2/es/new-zealand-visa-processing-time.html,0,0,0,Intention chevauchante avec le hub destination,/es/visa-new-zealand,yes,PROPOSED_NOT_EXECUTED
/es/new-zealand-visa-requirements,es,www2/es/new-zealand-visa-requirements.html,0,0,0,Intention chevauchante avec le hub destination,/es/visa-new-zealand,yes,PROPOSED_NOT_EXECUTED
/es/norway-visa-fees,es,www2/es/norway-visa-fees.html,0,0,0,Intention chevauchante avec le hub destination,/es/visa-norway,yes,PROPOSED_NOT_EXECUTED
/es/norway-visa-processing-time,es,www2/es/norway-visa-processing-time.html,0,0,0,Intention chevauchante avec le hub destination,/es/visa-norway,yes,PROPOSED_NOT_EXECUTED
/es/norway-visa-requirements,es,www2/es/norway-visa-requirements.html,0,0,0,Intention chevauchante avec le hub destination,/es/visa-norway,yes,PROPOSED_NOT_EXECUTED
/es/patagonia-visa-requirements,es,www2/es/patagonia-visa-requirements.html,0,0,0,Intention chevauchante avec le hub destination,/es/visa-patagonia,no,PROPOSED_NOT_EXECUTED
/es/philippines-visa-fees,es,www2/es/philippines-visa-fees.html,0,0,0,Intention chevauchante avec le hub destination,/es/visa-philippines,yes,PROPOSED_NOT_EXECUTED
/es/philippines-visa-processing-time,es,www2/es/philippines-visa-processing-time.html,0,0,0,Intention chevauchante avec le hub destination,/es/visa-philippines,yes,PROPOSED_NOT_EXECUTED
/es/philippines-visa-requirements,es,www2/es/philippines-visa-requirements.html,0,0,0,Intention chevauchante avec le hub destination,/es/visa-philippines,yes,PROPOSED_NOT_EXECUTED
/es/poland-visa-processing-time,es,www2/es/poland-visa-processing-time.html,0,0,0,Intention chevauchante avec le hub destination,/es/visa-poland,yes,PROPOSED_NOT_EXECUTED
/es/poland-visa-requirements,es,www2/es/poland-visa-requirements.html,0,0,0,Intention chevauchante avec le hub destination,/es/visa-poland,yes,PROPOSED_NOT_EXECUTED
/es/portugal-visa-fees,es,www2/es/portugal-visa-fees.html,0,0,0,Intention chevauchante avec le hub destination,/es/visa-portugal,yes,PROPOSED_NOT_EXECUTED
/es/portugal-visa-processing-time,es,www2/es/portugal-visa-processing-time.html,0,0,0,Intention chevauchante avec le hub destination,/es/visa-portugal,yes,PROPOSED_NOT_EXECUTED
/es/portugal-visa-requirements,es,www2/es/portugal-visa-requirements.html,0,0,0,Intention chevauchante avec le hub destination,/es/visa-portugal,yes,PROPOSED_NOT_EXECUTED
/es/qatar-visa-fees,es,www2/es/qatar-visa-fees.html,0,0,0,Intention chevauchante avec le hub destination,/es/visa-qatar,yes,PROPOSED_NOT_EXECUTED
/es/qatar-visa-processing-time,es,www2/es/qatar-visa-processing-time.html,0,0,0,Intention chevauchante avec le hub destination,/es/visa-qatar,yes,PROPOSED_NOT_EXECUTED
/es/qatar-visa-requirements,es,www2/es/qatar-visa-requirements.html,0,0,0,Intention chevauchante avec le hub destination,/es/visa-qatar,yes,PROPOSED_NOT_EXECUTED
/es/romania-visa-fees,es,www2/es/romania-visa-fees.html,0,0,0,Intention chevauchante avec le hub destination,/es/visa-romania,yes,PROPOSED_NOT_EXECUTED
/es/romania-visa-processing-time,es,www2/es/romania-visa-processing-time.html,0,0,0,Intention chevauchante avec le hub destination,/es/visa-romania,yes,PROPOSED_NOT_EXECUTED
/es/romania-visa-requirements,es,www2/es/romania-visa-requirements.html,0,0,0,Intention chevauchante avec le hub destination,/es/visa-romania,yes,PROPOSED_NOT_EXECUTED
/es/singapore-visa-processing-time,es,www2/es/singapore-visa-processing-time.html,0,0,0,Intention chevauchante avec le hub destination,/es/visa-singapore,yes,PROPOSED_NOT_EXECUTED
/es/singapore-visa-requirements,es,www2/es/singapore-visa-requirements.html,0,0,0,Intention chevauchante avec le hub destination,/es/visa-singapore,yes,PROPOSED_NOT_EXECUTED
/es/spain-visa-fees,es,www2/es/spain-visa-fees.html,0,0,0,Intention chevauchante avec le hub destination,/es/visa-spain,yes,PROPOSED_NOT_EXECUTED
/es/spain-visa-processing-time,es,www2/es/spain-visa-processing-time.html,0,0,0,Intention chevauchante avec le hub destination,/es/visa-spain,yes,PROPOSED_NOT_EXECUTED
/es/spain-visa-requirements,es,www2/es/spain-visa-requirements.html,0,0,0,Intention chevauchante avec le hub destination,/es/visa-spain,yes,PROPOSED_NOT_EXECUTED
/es/sri-lanka-visa-fees,es,www2/es/sri-lanka-visa-fees.html,0,0,0,Intention chevauchante avec le hub destination,/es/visa-sri-lanka,yes,PROPOSED_NOT_EXECUTED
/es/sri-lanka-visa-processing-time,es,www2/es/sri-lanka-visa-processing-time.html,0,0,0,Intention chevauchante avec le hub destination,/es/visa-sri-lanka,yes,PROPOSED_NOT_EXECUTED
/es/sri-lanka-visa-requirements,es,www2/es/sri-lanka-visa-requirements.html,0,0,0,Intention chevauchante avec le hub destination,/es/visa-sri-lanka,yes,PROPOSED_NOT_EXECUTED
/es/sweden-visa-fees,es,www2/es/sweden-visa-fees.html,0,0,0,Intention chevauchante avec le hub destination,/es/visa-sweden,yes,PROPOSED_NOT_EXECUTED
/es/sweden-visa-processing-time,es,www2/es/sweden-visa-processing-time.html,0,0,0,Intention chevauchante avec le hub destination,/es/visa-sweden,yes,PROPOSED_NOT_EXECUTED
/es/sweden-visa-requirements,es,www2/es/sweden-visa-requirements.html,0,0,0,Intention chevauchante avec le hub destination,/es/visa-sweden,yes,PROPOSED_NOT_EXECUTED
/es/switzerland-visa-fees,es,www2/es/switzerland-visa-fees.html,0,0,0,Intention chevauchante avec le hub destination,/es/visa-switzerland,yes,PROPOSED_NOT_EXECUTED
/es/switzerland-visa-processing-time,es,www2/es/switzerland-visa-processing-time.html,0,0,0,Intention chevauchante avec le hub destination,/es/visa-switzerland,yes,PROPOSED_NOT_EXECUTED
/es/switzerland-visa-requirements,es,www2/es/switzerland-visa-requirements.html,0,0,0,Intention chevauchante avec le hub destination,/es/visa-switzerland,yes,PROPOSED_NOT_EXECUTED
/es/taipei-visa-requirements,es,www2/es/taipei-visa-requirements.html,0,0,0,Intention chevauchante avec le hub destination,/es/visa-taipei,no,PROPOSED_NOT_EXECUTED
/es/taiwan-visa-fees,es,www2/es/taiwan-visa-fees.html,0,0,0,Intention chevauchante avec le hub destination,/es/visa-taiwan,yes,PROPOSED_NOT_EXECUTED
/es/taiwan-visa-requirements,es,www2/es/taiwan-visa-requirements.html,0,0,0,Intention chevauchante avec le hub destination,/es/visa-taiwan,yes,PROPOSED_NOT_EXECUTED
/es/thailand-visa-fees,es,www2/es/thailand-visa-fees.html,0,0,0,Intention chevauchante avec le hub destination,/es/visa-thailand,yes,PROPOSED_NOT_EXECUTED
/es/thailand-visa-requirements,es,www2/es/thailand-visa-requirements.html,0,0,0,Intention chevauchante avec le hub destination,/es/visa-thailand,yes,PROPOSED_NOT_EXECUTED
/es/turkey-visa-fees,es,www2/es/turkey-visa-fees.html,0,0,0,Intention chevauchante avec le hub destination,/es/visa-turkey,yes,PROPOSED_NOT_EXECUTED
/es/turkey-visa-processing-time,es,www2/es/turkey-visa-processing-time.html,0,0,0,Intention chevauchante avec le hub destination,/es/visa-turkey,yes,PROPOSED_NOT_EXECUTED
/es/turkey-visa-requirements,es,www2/es/turkey-visa-requirements.html,0,0,0,Intention chevauchante avec le hub destination,/es/visa-turkey,yes,PROPOSED_NOT_EXECUTED
/es/uae-visa-fees,es,www2/es/uae-visa-fees.html,0,0,0,Intention chevauchante avec le hub destination,/es/visa-uae,yes,PROPOSED_NOT_EXECUTED
/es/uae-visa-processing-time,es,www2/es/uae-visa-processing-time.html,0,0,0,Intention chevauchante avec le hub destination,/es/visa-uae,yes,PROPOSED_NOT_EXECUTED
/es/uae-visa-requirements,es,www2/es/uae-visa-requirements.html,0,0,0,Intention chevauchante avec le hub destination,/es/visa-uae,yes,PROPOSED_NOT_EXECUTED
/es/united-kingdom-visa-fees,es,www2/es/united-kingdom-visa-fees.html,0,0,0,Intention chevauchante avec le hub destination,/es/visa-united-kingdom,yes,PROPOSED_NOT_EXECUTED
/es/united-kingdom-visa-processing-time,es,www2/es/united-kingdom-visa-processing-time.html,0,0,0,Intention chevauchante avec le hub destination,/es/visa-united-kingdom,yes,PROPOSED_NOT_EXECUTED
/es/united-kingdom-visa-requirements,es,www2/es/united-kingdom-visa-requirements.html,0,0,0,Intention chevauchante avec le hub destination,/es/visa-united-kingdom,yes,PROPOSED_NOT_EXECUTED
/es/usa-visa-fees,es,www2/es/usa-visa-fees.html,0,0,0,Intention chevauchante avec le hub destination,/es/visa-usa,yes,PROPOSED_NOT_EXECUTED
/es/usa-visa-processing-time,es,www2/es/usa-visa-processing-time.html,0,0,0,Intention chevauchante avec le hub destination,/es/visa-usa,yes,PROPOSED_NOT_EXECUTED
/es/usa-visa-requirements,es,www2/es/usa-visa-requirements.html,0,0,0,Intention chevauchante avec le hub destination,/es/visa-usa,yes,PROPOSED_NOT_EXECUTED
/es/vietnam-visa-fees,es,www2/es/vietnam-visa-fees.html,0,0,0,Intention chevauchante avec le hub destination,/es/visa-vietnam,yes,PROPOSED_NOT_EXECUTED
/es/vietnam-visa-processing-time,es,www2/es/vietnam-visa-processing-time.html,0,0,0,Intention chevauchante avec le hub destination,/es/visa-vietnam,yes,PROPOSED_NOT_EXECUTED
/es/vietnam-visa-requirements,es,www2/es/vietnam-visa-requirements.html,0,0,0,Intention chevauchante avec le hub destination,/es/visa-vietnam,yes,PROPOSED_NOT_EXECUTED
/fr/amsterdam-visa-requirements,fr,www2/fr/amsterdam-visa-requirements.html,0,0,0,Intention chevauchante avec le hub destination,/fr/visa-amsterdam,no,PROPOSED_NOT_EXECUTED
/fr/argentina-visa-fees,fr,www2/fr/argentina-visa-fees.html,0,0,0,Intention chevauchante avec le hub destination,/fr/visa-argentina,yes,PROPOSED_NOT_EXECUTED
/fr/argentina-visa-processing-time,fr,www2/fr/argentina-visa-processing-time.html,0,0,0,Intention chevauchante avec le hub destination,/fr/visa-argentina,yes,PROPOSED_NOT_EXECUTED
/fr/argentina-visa-requirements,fr,www2/fr/argentina-visa-requirements.html,0,0,0,Intention chevauchante avec le hub destination,/fr/visa-argentina,yes,PROPOSED_NOT_EXECUTED
/fr/australia-visa-fees,fr,www2/fr/australia-visa-fees.html,0,0,0,Intention chevauchante avec le hub destination,/fr/visa-australia,yes,PROPOSED_NOT_EXECUTED
/fr/australia-visa-processing-time,fr,www2/fr/australia-visa-processing-time.html,0,0,0,Intention chevauchante avec le hub destination,/fr/visa-australia,yes,PROPOSED_NOT_EXECUTED
/fr/australia-visa-requirements,fr,www2/fr/australia-visa-requirements.html,0,0,0,Intention chevauchante avec le hub destination,/fr/visa-australia,yes,PROPOSED_NOT_EXECUTED
/fr/austria-visa-fees,fr,www2/fr/austria-visa-fees.html,0,0,0,Intention chevauchante avec le hub destination,/fr/visa-austria,yes,PROPOSED_NOT_EXECUTED
/fr/austria-visa-processing-time,fr,www2/fr/austria-visa-processing-time.html,0,0,0,Intention chevauchante avec le hub destination,/fr/visa-austria,yes,PROPOSED_NOT_EXECUTED
/fr/austria-visa-requirements,fr,www2/fr/austria-visa-requirements.html,0,0,0,Intention chevauchante avec le hub destination,/fr/visa-austria,yes,PROPOSED_NOT_EXECUTED
/fr/belgium-visa-fees,fr,www2/fr/belgium-visa-fees.html,0,0,0,Intention chevauchante avec le hub destination,/fr/visa-belgium,yes,PROPOSED_NOT_EXECUTED
/fr/belgium-visa-processing-time,fr,www2/fr/belgium-visa-processing-time.html,0,0,0,Intention chevauchante avec le hub destination,/fr/visa-belgium,yes,PROPOSED_NOT_EXECUTED
/fr/belgium-visa-requirements,fr,www2/fr/belgium-visa-requirements.html,0,0,0,Intention chevauchante avec le hub destination,/fr/visa-belgium,yes,PROPOSED_NOT_EXECUTED
/fr/bermuda-visa-requirements,fr,www2/fr/bermuda-visa-requirements.html,0,0,0,Intention chevauchante avec le hub destination,/fr/visa-bermuda,yes,PROPOSED_NOT_EXECUTED
/fr/brazil-visa-processing-time,fr,www2/fr/brazil-visa-processing-time.html,0,0,0,Intention chevauchante avec le hub destination,/fr/visa-brazil,yes,PROPOSED_NOT_EXECUTED
/fr/brazil-visa-requirements,fr,www2/fr/brazil-visa-requirements.html,0,0,0,Intention chevauchante avec le hub destination,/fr/visa-brazil,yes,PROPOSED_NOT_EXECUTED
/fr/cambodia-visa-fees,fr,www2/fr/cambodia-visa-fees.html,0,0,0,Intention chevauchante avec le hub destination,/fr/visa-cambodia,yes,PROPOSED_NOT_EXECUTED
/fr/cambodia-visa-processing-time,fr,www2/fr/cambodia-visa-processing-time.html,0,0,0,Intention chevauchante avec le hub destination,/fr/visa-cambodia,yes,PROPOSED_NOT_EXECUTED
/fr/cambodia-visa-requirements,fr,www2/fr/cambodia-visa-requirements.html,0,0,0,Intention chevauchante avec le hub destination,/fr/visa-cambodia,yes,PROPOSED_NOT_EXECUTED
/fr/canada-visa-fees,fr,www2/fr/canada-visa-fees.html,0,0,0,Intention chevauchante avec le hub destination,/fr/visa-canada,yes,PROPOSED_NOT_EXECUTED
/fr/canada-visa-processing-time,fr,www2/fr/canada-visa-processing-time.html,0,0,0,Intention chevauchante avec le hub destination,/fr/visa-canada,yes,PROPOSED_NOT_EXECUTED
/fr/canada-visa-requirements,fr,www2/fr/canada-visa-requirements.html,0,0,0,Intention chevauchante avec le hub destination,/fr/visa-canada,yes,PROPOSED_NOT_EXECUTED
/fr/cappadocia-visa-requirements,fr,www2/fr/cappadocia-visa-requirements.html,0,0,0,Intention chevauchante avec le hub destination,/fr/visa-cappadocia,no,PROPOSED_NOT_EXECUTED
/fr/china-visa-fees,fr,www2/fr/china-visa-fees.html,0,0,0,Intention chevauchante avec le hub destination,/fr/visa-china,yes,PROPOSED_NOT_EXECUTED
/fr/china-visa-processing-time,fr,www2/fr/china-visa-processing-time.html,0,0,0,Intention chevauchante avec le hub destination,/fr/visa-china,yes,PROPOSED_NOT_EXECUTED
/fr/china-visa-requirements,fr,www2/fr/china-visa-requirements.html,0,0,0,Intention chevauchante avec le hub destination,/fr/visa-china,yes,PROPOSED_NOT_EXECUTED
/fr/colombia-visa-fees,fr,www2/fr/colombia-visa-fees.html,0,0,0,Intention chevauchante avec le hub destination,/fr/visa-colombia,yes,PROPOSED_NOT_EXECUTED
/fr/colombia-visa-requirements,fr,www2/fr/colombia-visa-requirements.html,0,0,0,Intention chevauchante avec le hub destination,/fr/visa-colombia,yes,PROPOSED_NOT_EXECUTED
/fr/costa-rica-visa-fees,fr,www2/fr/costa-rica-visa-fees.html,0,0,0,Intention chevauchante avec le hub destination,/fr/visa-costa-rica,yes,PROPOSED_NOT_EXECUTED
/fr/costa-rica-visa-processing-time,fr,www2/fr/costa-rica-visa-processing-time.html,0,0,0,Intention chevauchante avec le hub destination,/fr/visa-costa-rica,yes,PROPOSED_NOT_EXECUTED
/fr/costa-rica-visa-requirements,fr,www2/fr/costa-rica-visa-requirements.html,0,0,0,Intention chevauchante avec le hub destination,/fr/visa-costa-rica,yes,PROPOSED_NOT_EXECUTED
/fr/croatia-visa-fees,fr,www2/fr/croatia-visa-fees.html,0,0,0,Intention chevauchante avec le hub destination,/fr/visa-croatia,yes,PROPOSED_NOT_EXECUTED
/fr/croatia-visa-processing-time,fr,www2/fr/croatia-visa-processing-time.html,0,0,0,Intention chevauchante avec le hub destination,/fr/visa-croatia,yes,PROPOSED_NOT_EXECUTED
/fr/croatia-visa-requirements,fr,www2/fr/croatia-visa-requirements.html,0,0,0,Intention chevauchante avec le hub destination,/fr/visa-croatia,yes,PROPOSED_NOT_EXECUTED
/fr/czech-republic-visa-fees,fr,www2/fr/czech-republic-visa-fees.html,0,0,0,Intention chevauchante avec le hub destination,/fr/visa-czech-republic,yes,PROPOSED_NOT_EXECUTED
/fr/czech-republic-visa-processing-time,fr,www2/fr/czech-republic-visa-processing-time.html,0,0,0,Intention chevauchante avec le hub destination,/fr/visa-czech-republic,yes,PROPOSED_NOT_EXECUTED
/fr/czech-republic-visa-requirements,fr,www2/fr/czech-republic-visa-requirements.html,0,0,0,Intention chevauchante avec le hub destination,/fr/visa-czech-republic,yes,PROPOSED_NOT_EXECUTED
/fr/denmark-visa-fees,fr,www2/fr/denmark-visa-fees.html,0,0,0,Intention chevauchante avec le hub destination,/fr/visa-denmark,yes,PROPOSED_NOT_EXECUTED
/fr/denmark-visa-processing-time,fr,www2/fr/denmark-visa-processing-time.html,0,0,0,Intention chevauchante avec le hub destination,/fr/visa-denmark,yes,PROPOSED_NOT_EXECUTED
/fr/denmark-visa-requirements,fr,www2/fr/denmark-visa-requirements.html,0,0,0,Intention chevauchante avec le hub destination,/fr/visa-denmark,yes,PROPOSED_NOT_EXECUTED
/fr/france-visa-fees,fr,www2/fr/france-visa-fees.html,0,0,0,Intention chevauchante avec le hub destination,/fr/visa-france,yes,PROPOSED_NOT_EXECUTED
/fr/france-visa-requirements,fr,www2/fr/france-visa-requirements.html,0,0,0,Intention chevauchante avec le hub destination,/fr/visa-france,yes,PROPOSED_NOT_EXECUTED
/fr/germany-visa-fees,fr,www2/fr/germany-visa-fees.html,0,0,0,Intention chevauchante avec le hub destination,/fr/visa-germany,yes,PROPOSED_NOT_EXECUTED
/fr/germany-visa-processing-time,fr,www2/fr/germany-visa-processing-time.html,0,0,0,Intention chevauchante avec le hub destination,/fr/visa-germany,yes,PROPOSED_NOT_EXECUTED
/fr/germany-visa-requirements,fr,www2/fr/germany-visa-requirements.html,0,0,0,Intention chevauchante avec le hub destination,/fr/visa-germany,yes,PROPOSED_NOT_EXECUTED
/fr/greece-visa-fees,fr,www2/fr/greece-visa-fees.html,0,0,0,Intention chevauchante avec le hub destination,/fr/visa-greece,yes,PROPOSED_NOT_EXECUTED
/fr/greece-visa-processing-time,fr,www2/fr/greece-visa-processing-time.html,0,0,0,Intention chevauchante avec le hub destination,/fr/visa-greece,yes,PROPOSED_NOT_EXECUTED
/fr/greece-visa-requirements,fr,www2/fr/greece-visa-requirements.html,0,0,0,Intention chevauchante avec le hub destination,/fr/visa-greece,yes,PROPOSED_NOT_EXECUTED
/fr/hong-kong-visa-fees,fr,www2/fr/hong-kong-visa-fees.html,0,0,0,Intention chevauchante avec le hub destination,/fr/visa-hong-kong,yes,PROPOSED_NOT_EXECUTED
/fr/hong-kong-visa-processing-time,fr,www2/fr/hong-kong-visa-processing-time.html,0,0,0,Intention chevauchante avec le hub destination,/fr/visa-hong-kong,yes,PROPOSED_NOT_EXECUTED
/fr/hong-kong-visa-requirements,fr,www2/fr/hong-kong-visa-requirements.html,0,0,0,Intention chevauchante avec le hub destination,/fr/visa-hong-kong,yes,PROPOSED_NOT_EXECUTED
/fr/hungary-visa-fees,fr,www2/fr/hungary-visa-fees.html,0,0,0,Intention chevauchante avec le hub destination,/fr/visa-hungary,yes,PROPOSED_NOT_EXECUTED
/fr/hungary-visa-processing-time,fr,www2/fr/hungary-visa-processing-time.html,0,0,0,Intention chevauchante avec le hub destination,/fr/visa-hungary,yes,PROPOSED_NOT_EXECUTED
/fr/hungary-visa-requirements,fr,www2/fr/hungary-visa-requirements.html,0,0,0,Intention chevauchante avec le hub destination,/fr/visa-hungary,yes,PROPOSED_NOT_EXECUTED
/fr/india-visa-fees,fr,www2/fr/india-visa-fees.html,0,0,0,Intention chevauchante avec le hub destination,/fr/visa-india,yes,PROPOSED_NOT_EXECUTED
/fr/india-visa-processing-time,fr,www2/fr/india-visa-processing-time.html,0,0,0,Intention chevauchante avec le hub destination,/fr/visa-india,yes,PROPOSED_NOT_EXECUTED
/fr/india-visa-requirements,fr,www2/fr/india-visa-requirements.html,0,0,0,Intention chevauchante avec le hub destination,/fr/visa-india,yes,PROPOSED_NOT_EXECUTED
/fr/indonesia-visa-fees,fr,www2/fr/indonesia-visa-fees.html,0,0,0,Intention chevauchante avec le hub destination,/fr/visa-indonesia,yes,PROPOSED_NOT_EXECUTED
/fr/indonesia-visa-processing-time,fr,www2/fr/indonesia-visa-processing-time.html,0,0,0,Intention chevauchante avec le hub destination,/fr/visa-indonesia,yes,PROPOSED_NOT_EXECUTED
/fr/indonesia-visa-requirements,fr,www2/fr/indonesia-visa-requirements.html,0,0,0,Intention chevauchante avec le hub destination,/fr/visa-indonesia,yes,PROPOSED_NOT_EXECUTED
/fr/ireland-visa-fees,fr,www2/fr/ireland-visa-fees.html,0,0,0,Intention chevauchante avec le hub destination,/fr/visa-ireland,yes,PROPOSED_NOT_EXECUTED
/fr/ireland-visa-requirements,fr,www2/fr/ireland-visa-requirements.html,0,0,0,Intention chevauchante avec le hub destination,/fr/visa-ireland,yes,PROPOSED_NOT_EXECUTED
/fr/italy-visa-fees,fr,www2/fr/italy-visa-fees.html,0,0,0,Intention chevauchante avec le hub destination,/fr/visa-italy,yes,PROPOSED_NOT_EXECUTED
/fr/italy-visa-requirements,fr,www2/fr/italy-visa-requirements.html,0,0,0,Intention chevauchante avec le hub destination,/fr/visa-italy,yes,PROPOSED_NOT_EXECUTED
/fr/japan-visa-fees,fr,www2/fr/japan-visa-fees.html,0,0,0,Intention chevauchante avec le hub destination,/fr/visa-japan,yes,PROPOSED_NOT_EXECUTED
/fr/japan-visa-processing-time,fr,www2/fr/japan-visa-processing-time.html,0,0,0,Intention chevauchante avec le hub destination,/fr/visa-japan,yes,PROPOSED_NOT_EXECUTED
/fr/japan-visa-requirements,fr,www2/fr/japan-visa-requirements.html,0,0,0,Intention chevauchante avec le hub destination,/fr/visa-japan,yes,PROPOSED_NOT_EXECUTED
/fr/jordan-visa-fees,fr,www2/fr/jordan-visa-fees.html,0,0,0,Intention chevauchante avec le hub destination,/fr/visa-jordan,yes,PROPOSED_NOT_EXECUTED
/fr/jordan-visa-processing-time,fr,www2/fr/jordan-visa-processing-time.html,0,0,0,Intention chevauchante avec le hub destination,/fr/visa-jordan,yes,PROPOSED_NOT_EXECUTED
/fr/jordan-visa-requirements,fr,www2/fr/jordan-visa-requirements.html,0,0,0,Intention chevauchante avec le hub destination,/fr/visa-jordan,yes,PROPOSED_NOT_EXECUTED
/fr/laos-visa-requirements,fr,www2/fr/laos-visa-requirements.html,0,0,0,Intention chevauchante avec le hub destination,/fr/visa-laos,yes,PROPOSED_NOT_EXECUTED
/fr/macau-visa-requirements,fr,www2/fr/macau-visa-requirements.html,0,0,0,Intention chevauchante avec le hub destination,/fr/visa-macau,yes,PROPOSED_NOT_EXECUTED
/fr/machu-picchu-visa-requirements,fr,www2/fr/machu-picchu-visa-requirements.html,0,0,0,Intention chevauchante avec le hub destination,/fr/visa-machu-picchu,no,PROPOSED_NOT_EXECUTED
/fr/malaysia-visa-fees,fr,www2/fr/malaysia-visa-fees.html,0,0,0,Intention chevauchante avec le hub destination,/fr/visa-malaysia,yes,PROPOSED_NOT_EXECUTED
/fr/malaysia-visa-processing-time,fr,www2/fr/malaysia-visa-processing-time.html,0,0,0,Intention chevauchante avec le hub destination,/fr/visa-malaysia,yes,PROPOSED_NOT_EXECUTED
/fr/malaysia-visa-requirements,fr,www2/fr/malaysia-visa-requirements.html,0,0,0,Intention chevauchante avec le hub destination,/fr/visa-malaysia,yes,PROPOSED_NOT_EXECUTED
/fr/maldives-visa-fees,fr,www2/fr/maldives-visa-fees.html,0,0,0,Intention chevauchante avec le hub destination,/fr/visa-maldives,yes,PROPOSED_NOT_EXECUTED
/fr/maldives-visa-processing-time,fr,www2/fr/maldives-visa-processing-time.html,0,0,0,Intention chevauchante avec le hub destination,/fr/visa-maldives,yes,PROPOSED_NOT_EXECUTED
/fr/maldives-visa-requirements,fr,www2/fr/maldives-visa-requirements.html,0,0,0,Intention chevauchante avec le hub destination,/fr/visa-maldives,yes,PROPOSED_NOT_EXECUTED
/fr/mexico-visa-fees,fr,www2/fr/mexico-visa-fees.html,0,0,0,Intention chevauchante avec le hub destination,/fr/visa-mexico,yes,PROPOSED_NOT_EXECUTED
/fr/mexico-visa-processing-time,fr,www2/fr/mexico-visa-processing-time.html,0,0,0,Intention chevauchante avec le hub destination,/fr/visa-mexico,yes,PROPOSED_NOT_EXECUTED
/fr/mexico-visa-requirements,fr,www2/fr/mexico-visa-requirements.html,0,0,0,Intention chevauchante avec le hub destination,/fr/visa-mexico,yes,PROPOSED_NOT_EXECUTED
/fr/nepal-visa-fees,fr,www2/fr/nepal-visa-fees.html,0,0,0,Intention chevauchante avec le hub destination,/fr/visa-nepal,yes,PROPOSED_NOT_EXECUTED
/fr/nepal-visa-processing-time,fr,www2/fr/nepal-visa-processing-time.html,0,0,0,Intention chevauchante avec le hub destination,/fr/visa-nepal,yes,PROPOSED_NOT_EXECUTED
/fr/nepal-visa-requirements,fr,www2/fr/nepal-visa-requirements.html,0,0,0,Intention chevauchante avec le hub destination,/fr/visa-nepal,yes,PROPOSED_NOT_EXECUTED
/fr/netherlands-visa-fees,fr,www2/fr/netherlands-visa-fees.html,0,0,0,Intention chevauchante avec le hub destination,/fr/visa-netherlands,yes,PROPOSED_NOT_EXECUTED
/fr/netherlands-visa-processing-time,fr,www2/fr/netherlands-visa-processing-time.html,0,0,0,Intention chevauchante avec le hub destination,/fr/visa-netherlands,yes,PROPOSED_NOT_EXECUTED
/fr/netherlands-visa-requirements,fr,www2/fr/netherlands-visa-requirements.html,0,0,0,Intention chevauchante avec le hub destination,/fr/visa-netherlands,yes,PROPOSED_NOT_EXECUTED
/fr/new-zealand-visa-fees,fr,www2/fr/new-zealand-visa-fees.html,0,0,0,Intention chevauchante avec le hub destination,/fr/visa-new-zealand,yes,PROPOSED_NOT_EXECUTED
/fr/new-zealand-visa-processing-time,fr,www2/fr/new-zealand-visa-processing-time.html,0,0,0,Intention chevauchante avec le hub destination,/fr/visa-new-zealand,yes,PROPOSED_NOT_EXECUTED
/fr/norway-visa-processing-time,fr,www2/fr/norway-visa-processing-time.html,0,0,0,Intention chevauchante avec le hub destination,/fr/visa-norway,yes,PROPOSED_NOT_EXECUTED
/fr/norway-visa-requirements,fr,www2/fr/norway-visa-requirements.html,0,0,0,Intention chevauchante avec le hub destination,/fr/visa-norway,yes,PROPOSED_NOT_EXECUTED
/fr/patagonia-visa-requirements,fr,www2/fr/patagonia-visa-requirements.html,0,0,0,Intention chevauchante avec le hub destination,/fr/visa-patagonia,no,PROPOSED_NOT_EXECUTED
/fr/philippines-visa-fees,fr,www2/fr/philippines-visa-fees.html,0,0,0,Intention chevauchante avec le hub destination,/fr/visa-philippines,yes,PROPOSED_NOT_EXECUTED
/fr/philippines-visa-processing-time,fr,www2/fr/philippines-visa-processing-time.html,0,0,0,Intention chevauchante avec le hub destination,/fr/visa-philippines,yes,PROPOSED_NOT_EXECUTED
/fr/philippines-visa-requirements,fr,www2/fr/philippines-visa-requirements.html,0,0,0,Intention chevauchante avec le hub destination,/fr/visa-philippines,yes,PROPOSED_NOT_EXECUTED
/fr/poland-visa-fees,fr,www2/fr/poland-visa-fees.html,0,0,0,Intention chevauchante avec le hub destination,/fr/visa-poland,yes,PROPOSED_NOT_EXECUTED
/fr/poland-visa-processing-time,fr,www2/fr/poland-visa-processing-time.html,0,0,0,Intention chevauchante avec le hub destination,/fr/visa-poland,yes,PROPOSED_NOT_EXECUTED
/fr/poland-visa-requirements,fr,www2/fr/poland-visa-requirements.html,0,0,0,Intention chevauchante avec le hub destination,/fr/visa-poland,yes,PROPOSED_NOT_EXECUTED
/fr/portugal-visa-fees,fr,www2/fr/portugal-visa-fees.html,0,0,0,Intention chevauchante avec le hub destination,/fr/visa-portugal,yes,PROPOSED_NOT_EXECUTED
/fr/portugal-visa-processing-time,fr,www2/fr/portugal-visa-processing-time.html,0,0,0,Intention chevauchante avec le hub destination,/fr/visa-portugal,yes,PROPOSED_NOT_EXECUTED
/fr/portugal-visa-requirements,fr,www2/fr/portugal-visa-requirements.html,0,0,0,Intention chevauchante avec le hub destination,/fr/visa-portugal,yes,PROPOSED_NOT_EXECUTED
/fr/qatar-visa-fees,fr,www2/fr/qatar-visa-fees.html,0,0,0,Intention chevauchante avec le hub destination,/fr/visa-qatar,yes,PROPOSED_NOT_EXECUTED
/fr/qatar-visa-processing-time,fr,www2/fr/qatar-visa-processing-time.html,0,0,0,Intention chevauchante avec le hub destination,/fr/visa-qatar,yes,PROPOSED_NOT_EXECUTED
/fr/qatar-visa-requirements,fr,www2/fr/qatar-visa-requirements.html,0,0,0,Intention chevauchante avec le hub destination,/fr/visa-qatar,yes,PROPOSED_NOT_EXECUTED
/fr/romania-visa-fees,fr,www2/fr/romania-visa-fees.html,0,0,0,Intention chevauchante avec le hub destination,/fr/visa-romania,yes,PROPOSED_NOT_EXECUTED
/fr/romania-visa-requirements,fr,www2/fr/romania-visa-requirements.html,0,0,0,Intention chevauchante avec le hub destination,/fr/visa-romania,yes,PROPOSED_NOT_EXECUTED
/fr/singapore-visa-processing-time,fr,www2/fr/singapore-visa-processing-time.html,0,0,0,Intention chevauchante avec le hub destination,/fr/visa-singapore,yes,PROPOSED_NOT_EXECUTED
/fr/singapore-visa-requirements,fr,www2/fr/singapore-visa-requirements.html,0,0,0,Intention chevauchante avec le hub destination,/fr/visa-singapore,yes,PROPOSED_NOT_EXECUTED
/fr/spain-visa-fees,fr,www2/fr/spain-visa-fees.html,0,0,0,Intention chevauchante avec le hub destination,/fr/visa-spain,yes,PROPOSED_NOT_EXECUTED
/fr/spain-visa-processing-time,fr,www2/fr/spain-visa-processing-time.html,0,0,0,Intention chevauchante avec le hub destination,/fr/visa-spain,yes,PROPOSED_NOT_EXECUTED
/fr/spain-visa-requirements,fr,www2/fr/spain-visa-requirements.html,0,0,0,Intention chevauchante avec le hub destination,/fr/visa-spain,yes,PROPOSED_NOT_EXECUTED
/fr/sri-lanka-visa-fees,fr,www2/fr/sri-lanka-visa-fees.html,0,0,0,Intention chevauchante avec le hub destination,/fr/visa-sri-lanka,yes,PROPOSED_NOT_EXECUTED
/fr/sri-lanka-visa-requirements,fr,www2/fr/sri-lanka-visa-requirements.html,0,0,0,Intention chevauchante avec le hub destination,/fr/visa-sri-lanka,yes,PROPOSED_NOT_EXECUTED
/fr/sweden-visa-fees,fr,www2/fr/sweden-visa-fees.html,0,0,0,Intention chevauchante avec le hub destination,/fr/visa-sweden,yes,PROPOSED_NOT_EXECUTED
/fr/sweden-visa-requirements,fr,www2/fr/sweden-visa-requirements.html,0,0,0,Intention chevauchante avec le hub destination,/fr/visa-sweden,yes,PROPOSED_NOT_EXECUTED
/fr/switzerland-visa-fees,fr,www2/fr/switzerland-visa-fees.html,0,0,0,Intention chevauchante avec le hub destination,/fr/visa-switzerland,yes,PROPOSED_NOT_EXECUTED
/fr/switzerland-visa-processing-time,fr,www2/fr/switzerland-visa-processing-time.html,0,0,0,Intention chevauchante avec le hub destination,/fr/visa-switzerland,yes,PROPOSED_NOT_EXECUTED
/fr/switzerland-visa-requirements,fr,www2/fr/switzerland-visa-requirements.html,0,0,0,Intention chevauchante avec le hub destination,/fr/visa-switzerland,yes,PROPOSED_NOT_EXECUTED
/fr/taipei-visa-requirements,fr,www2/fr/taipei-visa-requirements.html,0,0,0,Intention chevauchante avec le hub destination,/fr/visa-taipei,no,PROPOSED_NOT_EXECUTED
/fr/taiwan-visa-fees,fr,www2/fr/taiwan-visa-fees.html,0,0,0,Intention chevauchante avec le hub destination,/fr/visa-taiwan,yes,PROPOSED_NOT_EXECUTED
/fr/taiwan-visa-processing-time,fr,www2/fr/taiwan-visa-processing-time.html,0,0,0,Intention chevauchante avec le hub destination,/fr/visa-taiwan,yes,PROPOSED_NOT_EXECUTED
/fr/taiwan-visa-requirements,fr,www2/fr/taiwan-visa-requirements.html,0,0,0,Intention chevauchante avec le hub destination,/fr/visa-taiwan,yes,PROPOSED_NOT_EXECUTED
/fr/thailand-visa-fees,fr,www2/fr/thailand-visa-fees.html,0,0,0,Intention chevauchante avec le hub destination,/fr/visa-thailand,yes,PROPOSED_NOT_EXECUTED
/fr/thailand-visa-processing-time,fr,www2/fr/thailand-visa-processing-time.html,0,0,0,Intention chevauchante avec le hub destination,/fr/visa-thailand,yes,PROPOSED_NOT_EXECUTED
/fr/thailand-visa-requirements,fr,www2/fr/thailand-visa-requirements.html,0,0,0,Intention chevauchante avec le hub destination,/fr/visa-thailand,yes,PROPOSED_NOT_EXECUTED
/fr/turkey-visa-fees,fr,www2/fr/turkey-visa-fees.html,0,0,0,Intention chevauchante avec le hub destination,/fr/visa-turkey,yes,PROPOSED_NOT_EXECUTED
/fr/turkey-visa-processing-time,fr,www2/fr/turkey-visa-processing-time.html,0,0,0,Intention chevauchante avec le hub destination,/fr/visa-turkey,yes,PROPOSED_NOT_EXECUTED
/fr/turkey-visa-requirements,fr,www2/fr/turkey-visa-requirements.html,0,0,0,Intention chevauchante avec le hub destination,/fr/visa-turkey,yes,PROPOSED_NOT_EXECUTED
/fr/uae-visa-fees,fr,www2/fr/uae-visa-fees.html,0,0,0,Intention chevauchante avec le hub destination,/fr/visa-uae,yes,PROPOSED_NOT_EXECUTED
/fr/uae-visa-processing-time,fr,www2/fr/uae-visa-processing-time.html,0,0,0,Intention chevauchante avec le hub destination,/fr/visa-uae,yes,PROPOSED_NOT_EXECUTED
/fr/uae-visa-requirements,fr,www2/fr/uae-visa-requirements.html,0,0,0,Intention chevauchante avec le hub destination,/fr/visa-uae,yes,PROPOSED_NOT_EXECUTED
/fr/united-kingdom-visa-fees,fr,www2/fr/united-kingdom-visa-fees.html,0,0,0,Intention chevauchante avec le hub destination,/fr/visa-united-kingdom,yes,PROPOSED_NOT_EXECUTED
/fr/united-kingdom-visa-processing-time,fr,www2/fr/united-kingdom-visa-processing-time.html,0,0,0,Intention chevauchante avec le hub destination,/fr/visa-united-kingdom,yes,PROPOSED_NOT_EXECUTED
/fr/united-kingdom-visa-requirements,fr,www2/fr/united-kingdom-visa-requirements.html,0,0,0,Intention chevauchante avec le hub destination,/fr/visa-united-kingdom,yes,PROPOSED_NOT_EXECUTED
/fr/usa-visa-fees,fr,www2/fr/usa-visa-fees.html,0,0,0,Intention chevauchante avec le hub destination,/fr/visa-usa,yes,PROPOSED_NOT_EXECUTED
/fr/usa-visa-requirements,fr,www2/fr/usa-visa-requirements.html,0,0,0,Intention chevauchante avec le hub destination,/fr/visa-usa,yes,PROPOSED_NOT_EXECUTED
/fr/vietnam-visa-fees,fr,www2/fr/vietnam-visa-fees.html,0,0,0,Intention chevauchante avec le hub destination,/fr/visa-vietnam,yes,PROPOSED_NOT_EXECUTED
/fr/vietnam-visa-processing-time,fr,www2/fr/vietnam-visa-processing-time.html,0,0,0,Intention chevauchante avec le hub destination,/fr/visa-vietnam,yes,PROPOSED_NOT_EXECUTED
/fr/vietnam-visa-requirements,fr,www2/fr/vietnam-visa-requirements.html,0,0,0,Intention chevauchante avec le hub destination,/fr/visa-vietnam,yes,PROPOSED_NOT_EXECUTED
/ja/amsterdam-visa-requirements,ja,www2/ja/amsterdam-visa-requirements.html,0,0,0,Intention chevauchante avec le hub destination,/ja/visa-amsterdam,no,PROPOSED_NOT_EXECUTED
/ja/argentina-visa-fees,ja,www2/ja/argentina-visa-fees.html,0,0,0,Intention chevauchante avec le hub destination,/ja/visa-argentina,yes,PROPOSED_NOT_EXECUTED
/ja/argentina-visa-processing-time,ja,www2/ja/argentina-visa-processing-time.html,0,0,0,Intention chevauchante avec le hub destination,/ja/visa-argentina,yes,PROPOSED_NOT_EXECUTED
/ja/argentina-visa-requirements,ja,www2/ja/argentina-visa-requirements.html,0,0,0,Intention chevauchante avec le hub destination,/ja/visa-argentina,yes,PROPOSED_NOT_EXECUTED
/ja/australia-visa-fees,ja,www2/ja/australia-visa-fees.html,0,0,0,Intention chevauchante avec le hub destination,/ja/visa-australia,yes,PROPOSED_NOT_EXECUTED
/ja/australia-visa-requirements,ja,www2/ja/australia-visa-requirements.html,0,0,0,Intention chevauchante avec le hub destination,/ja/visa-australia,yes,PROPOSED_NOT_EXECUTED
/ja/austria-visa-fees,ja,www2/ja/austria-visa-fees.html,0,0,0,Intention chevauchante avec le hub destination,/ja/visa-austria,yes,PROPOSED_NOT_EXECUTED
/ja/austria-visa-processing-time,ja,www2/ja/austria-visa-processing-time.html,0,0,0,Intention chevauchante avec le hub destination,/ja/visa-austria,yes,PROPOSED_NOT_EXECUTED
/ja/austria-visa-requirements,ja,www2/ja/austria-visa-requirements.html,0,0,0,Intention chevauchante avec le hub destination,/ja/visa-austria,yes,PROPOSED_NOT_EXECUTED
/ja/belgium-visa-requirements,ja,www2/ja/belgium-visa-requirements.html,0,0,0,Intention chevauchante avec le hub destination,/ja/visa-belgium,yes,PROPOSED_NOT_EXECUTED
/ja/bermuda-visa-requirements,ja,www2/ja/bermuda-visa-requirements.html,0,0,0,Intention chevauchante avec le hub destination,/ja/visa-bermuda,yes,PROPOSED_NOT_EXECUTED
/ja/brazil-visa-fees,ja,www2/ja/brazil-visa-fees.html,0,0,0,Intention chevauchante avec le hub destination,/ja/visa-brazil,yes,PROPOSED_NOT_EXECUTED
/ja/brazil-visa-requirements,ja,www2/ja/brazil-visa-requirements.html,0,0,0,Intention chevauchante avec le hub destination,/ja/visa-brazil,yes,PROPOSED_NOT_EXECUTED
/ja/cambodia-visa-fees,ja,www2/ja/cambodia-visa-fees.html,0,0,0,Intention chevauchante avec le hub destination,/ja/visa-cambodia,yes,PROPOSED_NOT_EXECUTED
/ja/cambodia-visa-processing-time,ja,www2/ja/cambodia-visa-processing-time.html,0,0,0,Intention chevauchante avec le hub destination,/ja/visa-cambodia,yes,PROPOSED_NOT_EXECUTED
/ja/cambodia-visa-requirements,ja,www2/ja/cambodia-visa-requirements.html,0,0,0,Intention chevauchante avec le hub destination,/ja/visa-cambodia,yes,PROPOSED_NOT_EXECUTED
/ja/canada-visa-fees,ja,www2/ja/canada-visa-fees.html,0,0,0,Intention chevauchante avec le hub destination,/ja/visa-canada,yes,PROPOSED_NOT_EXECUTED
/ja/canada-visa-processing-time,ja,www2/ja/canada-visa-processing-time.html,0,0,0,Intention chevauchante avec le hub destination,/ja/visa-canada,yes,PROPOSED_NOT_EXECUTED
/ja/canada-visa-requirements,ja,www2/ja/canada-visa-requirements.html,0,0,0,Intention chevauchante avec le hub destination,/ja/visa-canada,yes,PROPOSED_NOT_EXECUTED
/ja/cappadocia-visa-requirements,ja,www2/ja/cappadocia-visa-requirements.html,0,0,0,Intention chevauchante avec le hub destination,/ja/visa-cappadocia,no,PROPOSED_NOT_EXECUTED
/ja/china-visa-fees,ja,www2/ja/china-visa-fees.html,0,0,0,Intention chevauchante avec le hub destination,/ja/visa-china,yes,PROPOSED_NOT_EXECUTED
/ja/china-visa-processing-time,ja,www2/ja/china-visa-processing-time.html,0,0,0,Intention chevauchante avec le hub destination,/ja/visa-china,yes,PROPOSED_NOT_EXECUTED
/ja/china-visa-requirements,ja,www2/ja/china-visa-requirements.html,0,0,0,Intention chevauchante avec le hub destination,/ja/visa-china,yes,PROPOSED_NOT_EXECUTED
/ja/colombia-visa-fees,ja,www2/ja/colombia-visa-fees.html,0,0,0,Intention chevauchante avec le hub destination,/ja/visa-colombia,yes,PROPOSED_NOT_EXECUTED
/ja/colombia-visa-requirements,ja,www2/ja/colombia-visa-requirements.html,0,0,0,Intention chevauchante avec le hub destination,/ja/visa-colombia,yes,PROPOSED_NOT_EXECUTED
/ja/costa-rica-visa-fees,ja,www2/ja/costa-rica-visa-fees.html,0,0,0,Intention chevauchante avec le hub destination,/ja/visa-costa-rica,yes,PROPOSED_NOT_EXECUTED
/ja/costa-rica-visa-processing-time,ja,www2/ja/costa-rica-visa-processing-time.html,0,0,0,Intention chevauchante avec le hub destination,/ja/visa-costa-rica,yes,PROPOSED_NOT_EXECUTED
/ja/costa-rica-visa-requirements,ja,www2/ja/costa-rica-visa-requirements.html,0,0,0,Intention chevauchante avec le hub destination,/ja/visa-costa-rica,yes,PROPOSED_NOT_EXECUTED
/ja/croatia-visa-fees,ja,www2/ja/croatia-visa-fees.html,0,0,0,Intention chevauchante avec le hub destination,/ja/visa-croatia,yes,PROPOSED_NOT_EXECUTED
/ja/croatia-visa-requirements,ja,www2/ja/croatia-visa-requirements.html,0,0,0,Intention chevauchante avec le hub destination,/ja/visa-croatia,yes,PROPOSED_NOT_EXECUTED
/ja/czech-republic-visa-fees,ja,www2/ja/czech-republic-visa-fees.html,0,0,0,Intention chevauchante avec le hub destination,/ja/visa-czech-republic,yes,PROPOSED_NOT_EXECUTED
/ja/czech-republic-visa-requirements,ja,www2/ja/czech-republic-visa-requirements.html,0,0,0,Intention chevauchante avec le hub destination,/ja/visa-czech-republic,yes,PROPOSED_NOT_EXECUTED
/ja/denmark-visa-fees,ja,www2/ja/denmark-visa-fees.html,0,0,0,Intention chevauchante avec le hub destination,/ja/visa-denmark,yes,PROPOSED_NOT_EXECUTED
/ja/denmark-visa-requirements,ja,www2/ja/denmark-visa-requirements.html,0,0,0,Intention chevauchante avec le hub destination,/ja/visa-denmark,yes,PROPOSED_NOT_EXECUTED
/ja/france-visa-processing-time,ja,www2/ja/france-visa-processing-time.html,0,0,0,Intention chevauchante avec le hub destination,/ja/visa-france,yes,PROPOSED_NOT_EXECUTED
/ja/france-visa-requirements,ja,www2/ja/france-visa-requirements.html,0,0,0,Intention chevauchante avec le hub destination,/ja/visa-france,yes,PROPOSED_NOT_EXECUTED
/ja/germany-visa-fees,ja,www2/ja/germany-visa-fees.html,0,0,0,Intention chevauchante avec le hub destination,/ja/visa-germany,yes,PROPOSED_NOT_EXECUTED
/ja/germany-visa-requirements,ja,www2/ja/germany-visa-requirements.html,0,0,0,Intention chevauchante avec le hub destination,/ja/visa-germany,yes,PROPOSED_NOT_EXECUTED
/ja/greece-visa-fees,ja,www2/ja/greece-visa-fees.html,0,0,0,Intention chevauchante avec le hub destination,/ja/visa-greece,yes,PROPOSED_NOT_EXECUTED
/ja/greece-visa-processing-time,ja,www2/ja/greece-visa-processing-time.html,0,0,0,Intention chevauchante avec le hub destination,/ja/visa-greece,yes,PROPOSED_NOT_EXECUTED
/ja/greece-visa-requirements,ja,www2/ja/greece-visa-requirements.html,0,0,0,Intention chevauchante avec le hub destination,/ja/visa-greece,yes,PROPOSED_NOT_EXECUTED
/ja/hong-kong-visa-fees,ja,www2/ja/hong-kong-visa-fees.html,0,0,0,Intention chevauchante avec le hub destination,/ja/visa-hong-kong,yes,PROPOSED_NOT_EXECUTED
/ja/hong-kong-visa-processing-time,ja,www2/ja/hong-kong-visa-processing-time.html,0,0,0,Intention chevauchante avec le hub destination,/ja/visa-hong-kong,yes,PROPOSED_NOT_EXECUTED
/ja/hong-kong-visa-requirements,ja,www2/ja/hong-kong-visa-requirements.html,0,0,0,Intention chevauchante avec le hub destination,/ja/visa-hong-kong,yes,PROPOSED_NOT_EXECUTED
/ja/hungary-visa-processing-time,ja,www2/ja/hungary-visa-processing-time.html,0,0,0,Intention chevauchante avec le hub destination,/ja/visa-hungary,yes,PROPOSED_NOT_EXECUTED
/ja/hungary-visa-requirements,ja,www2/ja/hungary-visa-requirements.html,0,0,0,Intention chevauchante avec le hub destination,/ja/visa-hungary,yes,PROPOSED_NOT_EXECUTED
/ja/india-visa-processing-time,ja,www2/ja/india-visa-processing-time.html,0,0,0,Intention chevauchante avec le hub destination,/ja/visa-india,yes,PROPOSED_NOT_EXECUTED
/ja/india-visa-requirements,ja,www2/ja/india-visa-requirements.html,0,0,0,Intention chevauchante avec le hub destination,/ja/visa-india,yes,PROPOSED_NOT_EXECUTED
/ja/indonesia-visa-fees,ja,www2/ja/indonesia-visa-fees.html,0,0,0,Intention chevauchante avec le hub destination,/ja/visa-indonesia,yes,PROPOSED_NOT_EXECUTED
/ja/indonesia-visa-processing-time,ja,www2/ja/indonesia-visa-processing-time.html,0,0,0,Intention chevauchante avec le hub destination,/ja/visa-indonesia,yes,PROPOSED_NOT_EXECUTED
/ja/indonesia-visa-requirements,ja,www2/ja/indonesia-visa-requirements.html,0,0,0,Intention chevauchante avec le hub destination,/ja/visa-indonesia,yes,PROPOSED_NOT_EXECUTED
/ja/ireland-visa-fees,ja,www2/ja/ireland-visa-fees.html,0,0,0,Intention chevauchante avec le hub destination,/ja/visa-ireland,yes,PROPOSED_NOT_EXECUTED
/ja/ireland-visa-processing-time,ja,www2/ja/ireland-visa-processing-time.html,0,0,0,Intention chevauchante avec le hub destination,/ja/visa-ireland,yes,PROPOSED_NOT_EXECUTED
/ja/ireland-visa-requirements,ja,www2/ja/ireland-visa-requirements.html,0,0,0,Intention chevauchante avec le hub destination,/ja/visa-ireland,yes,PROPOSED_NOT_EXECUTED
/ja/italy-visa-requirements,ja,www2/ja/italy-visa-requirements.html,0,0,0,Intention chevauchante avec le hub destination,/ja/visa-italy,yes,PROPOSED_NOT_EXECUTED
/ja/japan-visa-fees,ja,www2/ja/japan-visa-fees.html,0,0,0,Intention chevauchante avec le hub destination,/ja/visa-japan,yes,PROPOSED_NOT_EXECUTED
/ja/japan-visa-processing-time,ja,www2/ja/japan-visa-processing-time.html,0,0,0,Intention chevauchante avec le hub destination,/ja/visa-japan,yes,PROPOSED_NOT_EXECUTED
/ja/japan-visa-requirements,ja,www2/ja/japan-visa-requirements.html,0,0,0,Intention chevauchante avec le hub destination,/ja/visa-japan,yes,PROPOSED_NOT_EXECUTED
/ja/jordan-visa-fees,ja,www2/ja/jordan-visa-fees.html,0,0,0,Intention chevauchante avec le hub destination,/ja/visa-jordan,yes,PROPOSED_NOT_EXECUTED
/ja/jordan-visa-processing-time,ja,www2/ja/jordan-visa-processing-time.html,0,0,0,Intention chevauchante avec le hub destination,/ja/visa-jordan,yes,PROPOSED_NOT_EXECUTED
/ja/jordan-visa-requirements,ja,www2/ja/jordan-visa-requirements.html,0,0,0,Intention chevauchante avec le hub destination,/ja/visa-jordan,yes,PROPOSED_NOT_EXECUTED
/ja/laos-visa-requirements,ja,www2/ja/laos-visa-requirements.html,0,0,0,Intention chevauchante avec le hub destination,/ja/visa-laos,yes,PROPOSED_NOT_EXECUTED
/ja/macau-visa-requirements,ja,www2/ja/macau-visa-requirements.html,0,0,0,Intention chevauchante avec le hub destination,/ja/visa-macau,yes,PROPOSED_NOT_EXECUTED
/ja/machu-picchu-visa-requirements,ja,www2/ja/machu-picchu-visa-requirements.html,0,0,0,Intention chevauchante avec le hub destination,/ja/visa-machu-picchu,no,PROPOSED_NOT_EXECUTED
/ja/malaysia-visa-fees,ja,www2/ja/malaysia-visa-fees.html,0,0,0,Intention chevauchante avec le hub destination,/ja/visa-malaysia,yes,PROPOSED_NOT_EXECUTED
/ja/malaysia-visa-processing-time,ja,www2/ja/malaysia-visa-processing-time.html,0,0,0,Intention chevauchante avec le hub destination,/ja/visa-malaysia,yes,PROPOSED_NOT_EXECUTED
/ja/malaysia-visa-requirements,ja,www2/ja/malaysia-visa-requirements.html,0,0,0,Intention chevauchante avec le hub destination,/ja/visa-malaysia,yes,PROPOSED_NOT_EXECUTED
/ja/maldives-visa-fees,ja,www2/ja/maldives-visa-fees.html,0,0,0,Intention chevauchante avec le hub destination,/ja/visa-maldives,yes,PROPOSED_NOT_EXECUTED
/ja/maldives-visa-processing-time,ja,www2/ja/maldives-visa-processing-time.html,0,0,0,Intention chevauchante avec le hub destination,/ja/visa-maldives,yes,PROPOSED_NOT_EXECUTED
/ja/maldives-visa-requirements,ja,www2/ja/maldives-visa-requirements.html,0,0,0,Intention chevauchante avec le hub destination,/ja/visa-maldives,yes,PROPOSED_NOT_EXECUTED
/ja/mexico-visa-fees,ja,www2/ja/mexico-visa-fees.html,0,0,0,Intention chevauchante avec le hub destination,/ja/visa-mexico,yes,PROPOSED_NOT_EXECUTED
/ja/mexico-visa-requirements,ja,www2/ja/mexico-visa-requirements.html,0,0,0,Intention chevauchante avec le hub destination,/ja/visa-mexico,yes,PROPOSED_NOT_EXECUTED
/ja/nepal-visa-fees,ja,www2/ja/nepal-visa-fees.html,0,0,0,Intention chevauchante avec le hub destination,/ja/visa-nepal,yes,PROPOSED_NOT_EXECUTED
/ja/nepal-visa-processing-time,ja,www2/ja/nepal-visa-processing-time.html,0,0,0,Intention chevauchante avec le hub destination,/ja/visa-nepal,yes,PROPOSED_NOT_EXECUTED
/ja/netherlands-visa-fees,ja,www2/ja/netherlands-visa-fees.html,0,0,0,Intention chevauchante avec le hub destination,/ja/visa-netherlands,yes,PROPOSED_NOT_EXECUTED
/ja/netherlands-visa-processing-time,ja,www2/ja/netherlands-visa-processing-time.html,0,0,0,Intention chevauchante avec le hub destination,/ja/visa-netherlands,yes,PROPOSED_NOT_EXECUTED
/ja/netherlands-visa-requirements,ja,www2/ja/netherlands-visa-requirements.html,0,0,0,Intention chevauchante avec le hub destination,/ja/visa-netherlands,yes,PROPOSED_NOT_EXECUTED
/ja/new-zealand-visa-fees,ja,www2/ja/new-zealand-visa-fees.html,0,0,0,Intention chevauchante avec le hub destination,/ja/visa-new-zealand,yes,PROPOSED_NOT_EXECUTED
/ja/new-zealand-visa-processing-time,ja,www2/ja/new-zealand-visa-processing-time.html,0,0,0,Intention chevauchante avec le hub destination,/ja/visa-new-zealand,yes,PROPOSED_NOT_EXECUTED
/ja/new-zealand-visa-requirements,ja,www2/ja/new-zealand-visa-requirements.html,0,0,0,Intention chevauchante avec le hub destination,/ja/visa-new-zealand,yes,PROPOSED_NOT_EXECUTED
/ja/norway-visa-fees,ja,www2/ja/norway-visa-fees.html,0,0,0,Intention chevauchante avec le hub destination,/ja/visa-norway,yes,PROPOSED_NOT_EXECUTED
/ja/norway-visa-processing-time,ja,www2/ja/norway-visa-processing-time.html,0,0,0,Intention chevauchante avec le hub destination,/ja/visa-norway,yes,PROPOSED_NOT_EXECUTED
/ja/norway-visa-requirements,ja,www2/ja/norway-visa-requirements.html,0,0,0,Intention chevauchante avec le hub destination,/ja/visa-norway,yes,PROPOSED_NOT_EXECUTED
/ja/patagonia-visa-requirements,ja,www2/ja/patagonia-visa-requirements.html,0,0,0,Intention chevauchante avec le hub destination,/ja/visa-patagonia,no,PROPOSED_NOT_EXECUTED
/ja/philippines-visa-fees,ja,www2/ja/philippines-visa-fees.html,0,0,0,Intention chevauchante avec le hub destination,/ja/visa-philippines,yes,PROPOSED_NOT_EXECUTED
/ja/philippines-visa-processing-time,ja,www2/ja/philippines-visa-processing-time.html,0,0,0,Intention chevauchante avec le hub destination,/ja/visa-philippines,yes,PROPOSED_NOT_EXECUTED
/ja/philippines-visa-requirements,ja,www2/ja/philippines-visa-requirements.html,0,0,0,Intention chevauchante avec le hub destination,/ja/visa-philippines,yes,PROPOSED_NOT_EXECUTED
/ja/poland-visa-fees,ja,www2/ja/poland-visa-fees.html,0,0,0,Intention chevauchante avec le hub destination,/ja/visa-poland,yes,PROPOSED_NOT_EXECUTED
/ja/poland-visa-requirements,ja,www2/ja/poland-visa-requirements.html,0,0,0,Intention chevauchante avec le hub destination,/ja/visa-poland,yes,PROPOSED_NOT_EXECUTED
/ja/portugal-visa-fees,ja,www2/ja/portugal-visa-fees.html,0,0,0,Intention chevauchante avec le hub destination,/ja/visa-portugal,yes,PROPOSED_NOT_EXECUTED
/ja/portugal-visa-processing-time,ja,www2/ja/portugal-visa-processing-time.html,0,0,0,Intention chevauchante avec le hub destination,/ja/visa-portugal,yes,PROPOSED_NOT_EXECUTED
/ja/portugal-visa-requirements,ja,www2/ja/portugal-visa-requirements.html,0,0,0,Intention chevauchante avec le hub destination,/ja/visa-portugal,yes,PROPOSED_NOT_EXECUTED
/ja/qatar-visa-fees,ja,www2/ja/qatar-visa-fees.html,0,0,0,Intention chevauchante avec le hub destination,/ja/visa-qatar,yes,PROPOSED_NOT_EXECUTED
/ja/qatar-visa-requirements,ja,www2/ja/qatar-visa-requirements.html,0,0,0,Intention chevauchante avec le hub destination,/ja/visa-qatar,yes,PROPOSED_NOT_EXECUTED
/ja/romania-visa-fees,ja,www2/ja/romania-visa-fees.html,0,0,0,Intention chevauchante avec le hub destination,/ja/visa-romania,yes,PROPOSED_NOT_EXECUTED
/ja/romania-visa-processing-time,ja,www2/ja/romania-visa-processing-time.html,0,0,0,Intention chevauchante avec le hub destination,/ja/visa-romania,yes,PROPOSED_NOT_EXECUTED
/ja/romania-visa-requirements,ja,www2/ja/romania-visa-requirements.html,0,0,0,Intention chevauchante avec le hub destination,/ja/visa-romania,yes,PROPOSED_NOT_EXECUTED
/ja/singapore-visa-fees,ja,www2/ja/singapore-visa-fees.html,0,0,0,Intention chevauchante avec le hub destination,/ja/visa-singapore,yes,PROPOSED_NOT_EXECUTED
/ja/singapore-visa-processing-time,ja,www2/ja/singapore-visa-processing-time.html,0,0,0,Intention chevauchante avec le hub destination,/ja/visa-singapore,yes,PROPOSED_NOT_EXECUTED
/ja/singapore-visa-requirements,ja,www2/ja/singapore-visa-requirements.html,0,0,0,Intention chevauchante avec le hub destination,/ja/visa-singapore,yes,PROPOSED_NOT_EXECUTED
/ja/spain-visa-fees,ja,www2/ja/spain-visa-fees.html,0,0,0,Intention chevauchante avec le hub destination,/ja/visa-spain,yes,PROPOSED_NOT_EXECUTED
/ja/spain-visa-requirements,ja,www2/ja/spain-visa-requirements.html,0,0,0,Intention chevauchante avec le hub destination,/ja/visa-spain,yes,PROPOSED_NOT_EXECUTED
/ja/sri-lanka-visa-fees,ja,www2/ja/sri-lanka-visa-fees.html,0,0,0,Intention chevauchante avec le hub destination,/ja/visa-sri-lanka,yes,PROPOSED_NOT_EXECUTED
/ja/sri-lanka-visa-requirements,ja,www2/ja/sri-lanka-visa-requirements.html,0,0,0,Intention chevauchante avec le hub destination,/ja/visa-sri-lanka,yes,PROPOSED_NOT_EXECUTED
/ja/sweden-visa-fees,ja,www2/ja/sweden-visa-fees.html,0,0,0,Intention chevauchante avec le hub destination,/ja/visa-sweden,yes,PROPOSED_NOT_EXECUTED
/ja/sweden-visa-requirements,ja,www2/ja/sweden-visa-requirements.html,0,0,0,Intention chevauchante avec le hub destination,/ja/visa-sweden,yes,PROPOSED_NOT_EXECUTED
/ja/switzerland-visa-processing-time,ja,www2/ja/switzerland-visa-processing-time.html,0,0,0,Intention chevauchante avec le hub destination,/ja/visa-switzerland,yes,PROPOSED_NOT_EXECUTED
/ja/switzerland-visa-requirements,ja,www2/ja/switzerland-visa-requirements.html,0,0,0,Intention chevauchante avec le hub destination,/ja/visa-switzerland,yes,PROPOSED_NOT_EXECUTED
/ja/taipei-visa-requirements,ja,www2/ja/taipei-visa-requirements.html,0,0,0,Intention chevauchante avec le hub destination,/ja/visa-taipei,no,PROPOSED_NOT_EXECUTED
/ja/taiwan-visa-fees,ja,www2/ja/taiwan-visa-fees.html,0,0,0,Intention chevauchante avec le hub destination,/ja/visa-taiwan,yes,PROPOSED_NOT_EXECUTED
/ja/taiwan-visa-processing-time,ja,www2/ja/taiwan-visa-processing-time.html,0,0,0,Intention chevauchante avec le hub destination,/ja/visa-taiwan,yes,PROPOSED_NOT_EXECUTED
/ja/taiwan-visa-requirements,ja,www2/ja/taiwan-visa-requirements.html,0,0,0,Intention chevauchante avec le hub destination,/ja/visa-taiwan,yes,PROPOSED_NOT_EXECUTED
/ja/thailand-visa-fees,ja,www2/ja/thailand-visa-fees.html,0,0,0,Intention chevauchante avec le hub destination,/ja/visa-thailand,yes,PROPOSED_NOT_EXECUTED
/ja/thailand-visa-requirements,ja,www2/ja/thailand-visa-requirements.html,0,0,0,Intention chevauchante avec le hub destination,/ja/visa-thailand,yes,PROPOSED_NOT_EXECUTED
/ja/turkey-visa-fees,ja,www2/ja/turkey-visa-fees.html,0,0,0,Intention chevauchante avec le hub destination,/ja/visa-turkey,yes,PROPOSED_NOT_EXECUTED
/ja/turkey-visa-processing-time,ja,www2/ja/turkey-visa-processing-time.html,0,0,0,Intention chevauchante avec le hub destination,/ja/visa-turkey,yes,PROPOSED_NOT_EXECUTED
/ja/turkey-visa-requirements,ja,www2/ja/turkey-visa-requirements.html,0,0,0,Intention chevauchante avec le hub destination,/ja/visa-turkey,yes,PROPOSED_NOT_EXECUTED
/ja/uae-visa-fees,ja,www2/ja/uae-visa-fees.html,0,0,0,Intention chevauchante avec le hub destination,/ja/visa-uae,yes,PROPOSED_NOT_EXECUTED
/ja/uae-visa-processing-time,ja,www2/ja/uae-visa-processing-time.html,0,0,0,Intention chevauchante avec le hub destination,/ja/visa-uae,yes,PROPOSED_NOT_EXECUTED
/ja/uae-visa-requirements,ja,www2/ja/uae-visa-requirements.html,0,0,0,Intention chevauchante avec le hub destination,/ja/visa-uae,yes,PROPOSED_NOT_EXECUTED
/ja/united-kingdom-visa-processing-time,ja,www2/ja/united-kingdom-visa-processing-time.html,0,0,0,Intention chevauchante avec le hub destination,/ja/visa-united-kingdom,yes,PROPOSED_NOT_EXECUTED
/ja/united-kingdom-visa-requirements,ja,www2/ja/united-kingdom-visa-requirements.html,0,0,0,Intention chevauchante avec le hub destination,/ja/visa-united-kingdom,yes,PROPOSED_NOT_EXECUTED
/ja/usa-visa-fees,ja,www2/ja/usa-visa-fees.html,0,0,0,Intention chevauchante avec le hub destination,/ja/visa-usa,yes,PROPOSED_NOT_EXECUTED
/ja/usa-visa-processing-time,ja,www2/ja/usa-visa-processing-time.html,0,0,0,Intention chevauchante avec le hub destination,/ja/visa-usa,yes,PROPOSED_NOT_EXECUTED
/ja/usa-visa-requirements,ja,www2/ja/usa-visa-requirements.html,0,0,0,Intention chevauchante avec le hub destination,/ja/visa-usa,yes,PROPOSED_NOT_EXECUTED
/ja/vietnam-visa-fees,ja,www2/ja/vietnam-visa-fees.html,0,0,0,Intention chevauchante avec le hub destination,/ja/visa-vietnam,yes,PROPOSED_NOT_EXECUTED
/ja/vietnam-visa-processing-time,ja,www2/ja/vietnam-visa-processing-time.html,0,0,0,Intention chevauchante avec le hub destination,/ja/visa-vietnam,yes,PROPOSED_NOT_EXECUTED
/ja/vietnam-visa-requirements,ja,www2/ja/vietnam-visa-requirements.html,0,0,0,Intention chevauchante avec le hub destination,/ja/visa-vietnam,yes,PROPOSED_NOT_EXECUTED
/ko/amsterdam-visa-requirements,ko,www2/ko/amsterdam-visa-requirements.html,0,0,0,Intention chevauchante avec le hub destination,/ko/visa-amsterdam,no,PROPOSED_NOT_EXECUTED
/ko/argentina-visa-fees,ko,www2/ko/argentina-visa-fees.html,0,0,0,Intention chevauchante avec le hub destination,/ko/visa-argentina,yes,PROPOSED_NOT_EXECUTED
/ko/argentina-visa-processing-time,ko,www2/ko/argentina-visa-processing-time.html,0,0,0,Intention chevauchante avec le hub destination,/ko/visa-argentina,yes,PROPOSED_NOT_EXECUTED
/ko/argentina-visa-requirements,ko,www2/ko/argentina-visa-requirements.html,0,0,0,Intention chevauchante avec le hub destination,/ko/visa-argentina,yes,PROPOSED_NOT_EXECUTED
/ko/australia-visa-fees,ko,www2/ko/australia-visa-fees.html,0,0,0,Intention chevauchante avec le hub destination,/ko/visa-australia,yes,PROPOSED_NOT_EXECUTED
/ko/australia-visa-requirements,ko,www2/ko/australia-visa-requirements.html,0,0,0,Intention chevauchante avec le hub destination,/ko/visa-australia,yes,PROPOSED_NOT_EXECUTED
/ko/austria-visa-fees,ko,www2/ko/austria-visa-fees.html,0,0,0,Intention chevauchante avec le hub destination,/ko/visa-austria,yes,PROPOSED_NOT_EXECUTED
/ko/austria-visa-processing-time,ko,www2/ko/austria-visa-processing-time.html,0,0,0,Intention chevauchante avec le hub destination,/ko/visa-austria,yes,PROPOSED_NOT_EXECUTED
/ko/austria-visa-requirements,ko,www2/ko/austria-visa-requirements.html,0,0,0,Intention chevauchante avec le hub destination,/ko/visa-austria,yes,PROPOSED_NOT_EXECUTED
/ko/belgium-visa-requirements,ko,www2/ko/belgium-visa-requirements.html,0,0,0,Intention chevauchante avec le hub destination,/ko/visa-belgium,yes,PROPOSED_NOT_EXECUTED
/ko/bermuda-visa-requirements,ko,www2/ko/bermuda-visa-requirements.html,0,0,0,Intention chevauchante avec le hub destination,/ko/visa-bermuda,yes,PROPOSED_NOT_EXECUTED
/ko/brazil-visa-fees,ko,www2/ko/brazil-visa-fees.html,0,0,0,Intention chevauchante avec le hub destination,/ko/visa-brazil,yes,PROPOSED_NOT_EXECUTED
/ko/cambodia-visa-fees,ko,www2/ko/cambodia-visa-fees.html,0,0,0,Intention chevauchante avec le hub destination,/ko/visa-cambodia,yes,PROPOSED_NOT_EXECUTED
/ko/cambodia-visa-processing-time,ko,www2/ko/cambodia-visa-processing-time.html,0,0,0,Intention chevauchante avec le hub destination,/ko/visa-cambodia,yes,PROPOSED_NOT_EXECUTED
/ko/cambodia-visa-requirements,ko,www2/ko/cambodia-visa-requirements.html,0,0,0,Intention chevauchante avec le hub destination,/ko/visa-cambodia,yes,PROPOSED_NOT_EXECUTED
/ko/canada-visa-fees,ko,www2/ko/canada-visa-fees.html,0,0,0,Intention chevauchante avec le hub destination,/ko/visa-canada,yes,PROPOSED_NOT_EXECUTED
/ko/canada-visa-requirements,ko,www2/ko/canada-visa-requirements.html,0,0,0,Intention chevauchante avec le hub destination,/ko/visa-canada,yes,PROPOSED_NOT_EXECUTED
/ko/cappadocia-visa-requirements,ko,www2/ko/cappadocia-visa-requirements.html,0,0,0,Intention chevauchante avec le hub destination,/ko/visa-cappadocia,no,PROPOSED_NOT_EXECUTED
/ko/china-visa-fees,ko,www2/ko/china-visa-fees.html,0,0,0,Intention chevauchante avec le hub destination,/ko/visa-china,yes,PROPOSED_NOT_EXECUTED
/ko/china-visa-processing-time,ko,www2/ko/china-visa-processing-time.html,0,0,0,Intention chevauchante avec le hub destination,/ko/visa-china,yes,PROPOSED_NOT_EXECUTED
/ko/china-visa-requirements,ko,www2/ko/china-visa-requirements.html,0,0,0,Intention chevauchante avec le hub destination,/ko/visa-china,yes,PROPOSED_NOT_EXECUTED
/ko/colombia-visa-fees,ko,www2/ko/colombia-visa-fees.html,0,0,0,Intention chevauchante avec le hub destination,/ko/visa-colombia,yes,PROPOSED_NOT_EXECUTED
/ko/colombia-visa-processing-time,ko,www2/ko/colombia-visa-processing-time.html,0,0,0,Intention chevauchante avec le hub destination,/ko/visa-colombia,yes,PROPOSED_NOT_EXECUTED
/ko/colombia-visa-requirements,ko,www2/ko/colombia-visa-requirements.html,0,0,0,Intention chevauchante avec le hub destination,/ko/visa-colombia,yes,PROPOSED_NOT_EXECUTED
/ko/costa-rica-visa-fees,ko,www2/ko/costa-rica-visa-fees.html,0,0,0,Intention chevauchante avec le hub destination,/ko/visa-costa-rica,yes,PROPOSED_NOT_EXECUTED
/ko/costa-rica-visa-requirements,ko,www2/ko/costa-rica-visa-requirements.html,0,0,0,Intention chevauchante avec le hub destination,/ko/visa-costa-rica,yes,PROPOSED_NOT_EXECUTED
/ko/croatia-visa-fees,ko,www2/ko/croatia-visa-fees.html,0,0,0,Intention chevauchante avec le hub destination,/ko/visa-croatia,yes,PROPOSED_NOT_EXECUTED
/ko/croatia-visa-processing-time,ko,www2/ko/croatia-visa-processing-time.html,0,0,0,Intention chevauchante avec le hub destination,/ko/visa-croatia,yes,PROPOSED_NOT_EXECUTED
/ko/croatia-visa-requirements,ko,www2/ko/croatia-visa-requirements.html,0,0,0,Intention chevauchante avec le hub destination,/ko/visa-croatia,yes,PROPOSED_NOT_EXECUTED
/ko/czech-republic-visa-fees,ko,www2/ko/czech-republic-visa-fees.html,0,0,0,Intention chevauchante avec le hub destination,/ko/visa-czech-republic,yes,PROPOSED_NOT_EXECUTED
/ko/czech-republic-visa-processing-time,ko,www2/ko/czech-republic-visa-processing-time.html,0,0,0,Intention chevauchante avec le hub destination,/ko/visa-czech-republic,yes,PROPOSED_NOT_EXECUTED
/ko/czech-republic-visa-requirements,ko,www2/ko/czech-republic-visa-requirements.html,0,0,0,Intention chevauchante avec le hub destination,/ko/visa-czech-republic,yes,PROPOSED_NOT_EXECUTED
/ko/denmark-visa-fees,ko,www2/ko/denmark-visa-fees.html,0,0,0,Intention chevauchante avec le hub destination,/ko/visa-denmark,yes,PROPOSED_NOT_EXECUTED
/ko/denmark-visa-processing-time,ko,www2/ko/denmark-visa-processing-time.html,0,0,0,Intention chevauchante avec le hub destination,/ko/visa-denmark,yes,PROPOSED_NOT_EXECUTED
/ko/denmark-visa-requirements,ko,www2/ko/denmark-visa-requirements.html,0,0,0,Intention chevauchante avec le hub destination,/ko/visa-denmark,yes,PROPOSED_NOT_EXECUTED
/ko/france-visa-processing-time,ko,www2/ko/france-visa-processing-time.html,0,0,0,Intention chevauchante avec le hub destination,/ko/visa-france,yes,PROPOSED_NOT_EXECUTED
/ko/france-visa-requirements,ko,www2/ko/france-visa-requirements.html,0,0,0,Intention chevauchante avec le hub destination,/ko/visa-france,yes,PROPOSED_NOT_EXECUTED
/ko/germany-visa-fees,ko,www2/ko/germany-visa-fees.html,0,0,0,Intention chevauchante avec le hub destination,/ko/visa-germany,yes,PROPOSED_NOT_EXECUTED
/ko/germany-visa-requirements,ko,www2/ko/germany-visa-requirements.html,0,0,0,Intention chevauchante avec le hub destination,/ko/visa-germany,yes,PROPOSED_NOT_EXECUTED
/ko/greece-visa-fees,ko,www2/ko/greece-visa-fees.html,0,0,0,Intention chevauchante avec le hub destination,/ko/visa-greece,yes,PROPOSED_NOT_EXECUTED
/ko/greece-visa-processing-time,ko,www2/ko/greece-visa-processing-time.html,0,0,0,Intention chevauchante avec le hub destination,/ko/visa-greece,yes,PROPOSED_NOT_EXECUTED
/ko/greece-visa-requirements,ko,www2/ko/greece-visa-requirements.html,0,0,0,Intention chevauchante avec le hub destination,/ko/visa-greece,yes,PROPOSED_NOT_EXECUTED
/ko/hong-kong-visa-fees,ko,www2/ko/hong-kong-visa-fees.html,0,0,0,Intention chevauchante avec le hub destination,/ko/visa-hong-kong,yes,PROPOSED_NOT_EXECUTED
/ko/hong-kong-visa-processing-time,ko,www2/ko/hong-kong-visa-processing-time.html,0,0,0,Intention chevauchante avec le hub destination,/ko/visa-hong-kong,yes,PROPOSED_NOT_EXECUTED
/ko/hong-kong-visa-requirements,ko,www2/ko/hong-kong-visa-requirements.html,0,0,0,Intention chevauchante avec le hub destination,/ko/visa-hong-kong,yes,PROPOSED_NOT_EXECUTED
/ko/hungary-visa-processing-time,ko,www2/ko/hungary-visa-processing-time.html,0,0,0,Intention chevauchante avec le hub destination,/ko/visa-hungary,yes,PROPOSED_NOT_EXECUTED
/ko/hungary-visa-requirements,ko,www2/ko/hungary-visa-requirements.html,0,0,0,Intention chevauchante avec le hub destination,/ko/visa-hungary,yes,PROPOSED_NOT_EXECUTED
/ko/india-visa-processing-time,ko,www2/ko/india-visa-processing-time.html,0,0,0,Intention chevauchante avec le hub destination,/ko/visa-india,yes,PROPOSED_NOT_EXECUTED
/ko/indonesia-visa-processing-time,ko,www2/ko/indonesia-visa-processing-time.html,0,0,0,Intention chevauchante avec le hub destination,/ko/visa-indonesia,yes,PROPOSED_NOT_EXECUTED
/ko/indonesia-visa-requirements,ko,www2/ko/indonesia-visa-requirements.html,0,0,0,Intention chevauchante avec le hub destination,/ko/visa-indonesia,yes,PROPOSED_NOT_EXECUTED
/ko/ireland-visa-fees,ko,www2/ko/ireland-visa-fees.html,0,0,0,Intention chevauchante avec le hub destination,/ko/visa-ireland,yes,PROPOSED_NOT_EXECUTED
/ko/ireland-visa-processing-time,ko,www2/ko/ireland-visa-processing-time.html,0,0,0,Intention chevauchante avec le hub destination,/ko/visa-ireland,yes,PROPOSED_NOT_EXECUTED
/ko/ireland-visa-requirements,ko,www2/ko/ireland-visa-requirements.html,0,0,0,Intention chevauchante avec le hub destination,/ko/visa-ireland,yes,PROPOSED_NOT_EXECUTED
/ko/italy-visa-fees,ko,www2/ko/italy-visa-fees.html,0,0,0,Intention chevauchante avec le hub destination,/ko/visa-italy,yes,PROPOSED_NOT_EXECUTED
/ko/italy-visa-processing-time,ko,www2/ko/italy-visa-processing-time.html,0,0,0,Intention chevauchante avec le hub destination,/ko/visa-italy,yes,PROPOSED_NOT_EXECUTED
/ko/italy-visa-requirements,ko,www2/ko/italy-visa-requirements.html,0,0,0,Intention chevauchante avec le hub destination,/ko/visa-italy,yes,PROPOSED_NOT_EXECUTED
/ko/japan-visa-fees,ko,www2/ko/japan-visa-fees.html,0,0,0,Intention chevauchante avec le hub destination,/ko/visa-japan,yes,PROPOSED_NOT_EXECUTED
/ko/japan-visa-processing-time,ko,www2/ko/japan-visa-processing-time.html,0,0,0,Intention chevauchante avec le hub destination,/ko/visa-japan,yes,PROPOSED_NOT_EXECUTED
/ko/japan-visa-requirements,ko,www2/ko/japan-visa-requirements.html,0,0,0,Intention chevauchante avec le hub destination,/ko/visa-japan,yes,PROPOSED_NOT_EXECUTED
/ko/jordan-visa-processing-time,ko,www2/ko/jordan-visa-processing-time.html,0,0,0,Intention chevauchante avec le hub destination,/ko/visa-jordan,yes,PROPOSED_NOT_EXECUTED
/ko/jordan-visa-requirements,ko,www2/ko/jordan-visa-requirements.html,0,0,0,Intention chevauchante avec le hub destination,/ko/visa-jordan,yes,PROPOSED_NOT_EXECUTED
/ko/macau-visa-requirements,ko,www2/ko/macau-visa-requirements.html,0,0,0,Intention chevauchante avec le hub destination,/ko/visa-macau,yes,PROPOSED_NOT_EXECUTED
/ko/machu-picchu-visa-requirements,ko,www2/ko/machu-picchu-visa-requirements.html,0,0,0,Intention chevauchante avec le hub destination,/ko/visa-machu-picchu,no,PROPOSED_NOT_EXECUTED
/ko/malaysia-visa-fees,ko,www2/ko/malaysia-visa-fees.html,0,0,0,Intention chevauchante avec le hub destination,/ko/visa-malaysia,yes,PROPOSED_NOT_EXECUTED
/ko/malaysia-visa-processing-time,ko,www2/ko/malaysia-visa-processing-time.html,0,0,0,Intention chevauchante avec le hub destination,/ko/visa-malaysia,yes,PROPOSED_NOT_EXECUTED
/ko/malaysia-visa-requirements,ko,www2/ko/malaysia-visa-requirements.html,0,0,0,Intention chevauchante avec le hub destination,/ko/visa-malaysia,yes,PROPOSED_NOT_EXECUTED
/ko/maldives-visa-fees,ko,www2/ko/maldives-visa-fees.html,0,0,0,Intention chevauchante avec le hub destination,/ko/visa-maldives,yes,PROPOSED_NOT_EXECUTED
/ko/maldives-visa-processing-time,ko,www2/ko/maldives-visa-processing-time.html,0,0,0,Intention chevauchante avec le hub destination,/ko/visa-maldives,yes,PROPOSED_NOT_EXECUTED
/ko/maldives-visa-requirements,ko,www2/ko/maldives-visa-requirements.html,0,0,0,Intention chevauchante avec le hub destination,/ko/visa-maldives,yes,PROPOSED_NOT_EXECUTED
/ko/mexico-visa-processing-time,ko,www2/ko/mexico-visa-processing-time.html,0,0,0,Intention chevauchante avec le hub destination,/ko/visa-mexico,yes,PROPOSED_NOT_EXECUTED
/ko/mexico-visa-requirements,ko,www2/ko/mexico-visa-requirements.html,0,0,0,Intention chevauchante avec le hub destination,/ko/visa-mexico,yes,PROPOSED_NOT_EXECUTED
/ko/nepal-visa-fees,ko,www2/ko/nepal-visa-fees.html,0,0,0,Intention chevauchante avec le hub destination,/ko/visa-nepal,yes,PROPOSED_NOT_EXECUTED
/ko/nepal-visa-processing-time,ko,www2/ko/nepal-visa-processing-time.html,0,0,0,Intention chevauchante avec le hub destination,/ko/visa-nepal,yes,PROPOSED_NOT_EXECUTED
/ko/nepal-visa-requirements,ko,www2/ko/nepal-visa-requirements.html,0,0,0,Intention chevauchante avec le hub destination,/ko/visa-nepal,yes,PROPOSED_NOT_EXECUTED
/ko/netherlands-visa-fees,ko,www2/ko/netherlands-visa-fees.html,0,0,0,Intention chevauchante avec le hub destination,/ko/visa-netherlands,yes,PROPOSED_NOT_EXECUTED
/ko/netherlands-visa-processing-time,ko,www2/ko/netherlands-visa-processing-time.html,0,0,0,Intention chevauchante avec le hub destination,/ko/visa-netherlands,yes,PROPOSED_NOT_EXECUTED
/ko/netherlands-visa-requirements,ko,www2/ko/netherlands-visa-requirements.html,0,0,0,Intention chevauchante avec le hub destination,/ko/visa-netherlands,yes,PROPOSED_NOT_EXECUTED
/ko/new-zealand-visa-fees,ko,www2/ko/new-zealand-visa-fees.html,0,0,0,Intention chevauchante avec le hub destination,/ko/visa-new-zealand,yes,PROPOSED_NOT_EXECUTED
/ko/new-zealand-visa-processing-time,ko,www2/ko/new-zealand-visa-processing-time.html,0,0,0,Intention chevauchante avec le hub destination,/ko/visa-new-zealand,yes,PROPOSED_NOT_EXECUTED
/ko/new-zealand-visa-requirements,ko,www2/ko/new-zealand-visa-requirements.html,0,0,0,Intention chevauchante avec le hub destination,/ko/visa-new-zealand,yes,PROPOSED_NOT_EXECUTED
/ko/norway-visa-fees,ko,www2/ko/norway-visa-fees.html,0,0,0,Intention chevauchante avec le hub destination,/ko/visa-norway,yes,PROPOSED_NOT_EXECUTED
/ko/norway-visa-processing-time,ko,www2/ko/norway-visa-processing-time.html,0,0,0,Intention chevauchante avec le hub destination,/ko/visa-norway,yes,PROPOSED_NOT_EXECUTED
/ko/norway-visa-requirements,ko,www2/ko/norway-visa-requirements.html,0,0,0,Intention chevauchante avec le hub destination,/ko/visa-norway,yes,PROPOSED_NOT_EXECUTED
/ko/patagonia-visa-requirements,ko,www2/ko/patagonia-visa-requirements.html,0,0,0,Intention chevauchante avec le hub destination,/ko/visa-patagonia,no,PROPOSED_NOT_EXECUTED
/ko/philippines-visa-fees,ko,www2/ko/philippines-visa-fees.html,0,0,0,Intention chevauchante avec le hub destination,/ko/visa-philippines,yes,PROPOSED_NOT_EXECUTED
/ko/philippines-visa-requirements,ko,www2/ko/philippines-visa-requirements.html,0,0,0,Intention chevauchante avec le hub destination,/ko/visa-philippines,yes,PROPOSED_NOT_EXECUTED
/ko/poland-visa-fees,ko,www2/ko/poland-visa-fees.html,0,0,0,Intention chevauchante avec le hub destination,/ko/visa-poland,yes,PROPOSED_NOT_EXECUTED
/ko/poland-visa-processing-time,ko,www2/ko/poland-visa-processing-time.html,0,0,0,Intention chevauchante avec le hub destination,/ko/visa-poland,yes,PROPOSED_NOT_EXECUTED
/ko/portugal-visa-fees,ko,www2/ko/portugal-visa-fees.html,0,0,0,Intention chevauchante avec le hub destination,/ko/visa-portugal,yes,PROPOSED_NOT_EXECUTED
/ko/portugal-visa-processing-time,ko,www2/ko/portugal-visa-processing-time.html,0,0,0,Intention chevauchante avec le hub destination,/ko/visa-portugal,yes,PROPOSED_NOT_EXECUTED
/ko/qatar-visa-fees,ko,www2/ko/qatar-visa-fees.html,0,0,0,Intention chevauchante avec le hub destination,/ko/visa-qatar,yes,PROPOSED_NOT_EXECUTED
/ko/qatar-visa-processing-time,ko,www2/ko/qatar-visa-processing-time.html,0,0,0,Intention chevauchante avec le hub destination,/ko/visa-qatar,yes,PROPOSED_NOT_EXECUTED
/ko/qatar-visa-requirements,ko,www2/ko/qatar-visa-requirements.html,0,0,0,Intention chevauchante avec le hub destination,/ko/visa-qatar,yes,PROPOSED_NOT_EXECUTED
/ko/romania-visa-fees,ko,www2/ko/romania-visa-fees.html,0,0,0,Intention chevauchante avec le hub destination,/ko/visa-romania,yes,PROPOSED_NOT_EXECUTED
/ko/romania-visa-processing-time,ko,www2/ko/romania-visa-processing-time.html,0,0,0,Intention chevauchante avec le hub destination,/ko/visa-romania,yes,PROPOSED_NOT_EXECUTED
/ko/romania-visa-requirements,ko,www2/ko/romania-visa-requirements.html,0,0,0,Intention chevauchante avec le hub destination,/ko/visa-romania,yes,PROPOSED_NOT_EXECUTED
/ko/singapore-visa-fees,ko,www2/ko/singapore-visa-fees.html,0,0,0,Intention chevauchante avec le hub destination,/ko/visa-singapore,yes,PROPOSED_NOT_EXECUTED
/ko/singapore-visa-requirements,ko,www2/ko/singapore-visa-requirements.html,0,0,0,Intention chevauchante avec le hub destination,/ko/visa-singapore,yes,PROPOSED_NOT_EXECUTED
/ko/spain-visa-fees,ko,www2/ko/spain-visa-fees.html,0,0,0,Intention chevauchante avec le hub destination,/ko/visa-spain,yes,PROPOSED_NOT_EXECUTED
/ko/spain-visa-processing-time,ko,www2/ko/spain-visa-processing-time.html,0,0,0,Intention chevauchante avec le hub destination,/ko/visa-spain,yes,PROPOSED_NOT_EXECUTED
/ko/spain-visa-requirements,ko,www2/ko/spain-visa-requirements.html,0,0,0,Intention chevauchante avec le hub destination,/ko/visa-spain,yes,PROPOSED_NOT_EXECUTED
/ko/sri-lanka-visa-processing-time,ko,www2/ko/sri-lanka-visa-processing-time.html,0,0,0,Intention chevauchante avec le hub destination,/ko/visa-sri-lanka,yes,PROPOSED_NOT_EXECUTED
/ko/sri-lanka-visa-requirements,ko,www2/ko/sri-lanka-visa-requirements.html,0,0,0,Intention chevauchante avec le hub destination,/ko/visa-sri-lanka,yes,PROPOSED_NOT_EXECUTED
/ko/sweden-visa-fees,ko,www2/ko/sweden-visa-fees.html,0,0,0,Intention chevauchante avec le hub destination,/ko/visa-sweden,yes,PROPOSED_NOT_EXECUTED
/ko/sweden-visa-requirements,ko,www2/ko/sweden-visa-requirements.html,0,0,0,Intention chevauchante avec le hub destination,/ko/visa-sweden,yes,PROPOSED_NOT_EXECUTED
/ko/switzerland-visa-fees,ko,www2/ko/switzerland-visa-fees.html,0,0,0,Intention chevauchante avec le hub destination,/ko/visa-switzerland,yes,PROPOSED_NOT_EXECUTED
/ko/switzerland-visa-processing-time,ko,www2/ko/switzerland-visa-processing-time.html,0,0,0,Intention chevauchante avec le hub destination,/ko/visa-switzerland,yes,PROPOSED_NOT_EXECUTED
/ko/switzerland-visa-requirements,ko,www2/ko/switzerland-visa-requirements.html,0,0,0,Intention chevauchante avec le hub destination,/ko/visa-switzerland,yes,PROPOSED_NOT_EXECUTED
/ko/taipei-visa-requirements,ko,www2/ko/taipei-visa-requirements.html,0,0,0,Intention chevauchante avec le hub destination,/ko/visa-taipei,no,PROPOSED_NOT_EXECUTED
/ko/taiwan-visa-fees,ko,www2/ko/taiwan-visa-fees.html,0,0,0,Intention chevauchante avec le hub destination,/ko/visa-taiwan,yes,PROPOSED_NOT_EXECUTED
/ko/taiwan-visa-processing-time,ko,www2/ko/taiwan-visa-processing-time.html,0,0,0,Intention chevauchante avec le hub destination,/ko/visa-taiwan,yes,PROPOSED_NOT_EXECUTED
/ko/taiwan-visa-requirements,ko,www2/ko/taiwan-visa-requirements.html,0,0,0,Intention chevauchante avec le hub destination,/ko/visa-taiwan,yes,PROPOSED_NOT_EXECUTED
/ko/thailand-visa-fees,ko,www2/ko/thailand-visa-fees.html,0,0,0,Intention chevauchante avec le hub destination,/ko/visa-thailand,yes,PROPOSED_NOT_EXECUTED
/ko/thailand-visa-processing-time,ko,www2/ko/thailand-visa-processing-time.html,0,0,0,Intention chevauchante avec le hub destination,/ko/visa-thailand,yes,PROPOSED_NOT_EXECUTED
/ko/thailand-visa-requirements,ko,www2/ko/thailand-visa-requirements.html,0,0,0,Intention chevauchante avec le hub destination,/ko/visa-thailand,yes,PROPOSED_NOT_EXECUTED
/ko/turkey-visa-processing-time,ko,www2/ko/turkey-visa-processing-time.html,0,0,0,Intention chevauchante avec le hub destination,/ko/visa-turkey,yes,PROPOSED_NOT_EXECUTED
/ko/turkey-visa-requirements,ko,www2/ko/turkey-visa-requirements.html,0,0,0,Intention chevauchante avec le hub destination,/ko/visa-turkey,yes,PROPOSED_NOT_EXECUTED
/ko/uae-visa-fees,ko,www2/ko/uae-visa-fees.html,0,0,0,Intention chevauchante avec le hub destination,/ko/visa-uae,yes,PROPOSED_NOT_EXECUTED
/ko/uae-visa-processing-time,ko,www2/ko/uae-visa-processing-time.html,0,0,0,Intention chevauchante avec le hub destination,/ko/visa-uae,yes,PROPOSED_NOT_EXECUTED
/ko/uae-visa-requirements,ko,www2/ko/uae-visa-requirements.html,0,0,0,Intention chevauchante avec le hub destination,/ko/visa-uae,yes,PROPOSED_NOT_EXECUTED
/ko/united-kingdom-visa-fees,ko,www2/ko/united-kingdom-visa-fees.html,0,0,0,Intention chevauchante avec le hub destination,/ko/visa-united-kingdom,yes,PROPOSED_NOT_EXECUTED
/ko/united-kingdom-visa-processing-time,ko,www2/ko/united-kingdom-visa-processing-time.html,0,0,0,Intention chevauchante avec le hub destination,/ko/visa-united-kingdom,yes,PROPOSED_NOT_EXECUTED
/ko/united-kingdom-visa-requirements,ko,www2/ko/united-kingdom-visa-requirements.html,0,0,0,Intention chevauchante avec le hub destination,/ko/visa-united-kingdom,yes,PROPOSED_NOT_EXECUTED
/ko/usa-visa-fees,ko,www2/ko/usa-visa-fees.html,0,0,0,Intention chevauchante avec le hub destination,/ko/visa-usa,yes,PROPOSED_NOT_EXECUTED
/ko/usa-visa-requirements,ko,www2/ko/usa-visa-requirements.html,0,0,0,Intention chevauchante avec le hub destination,/ko/visa-usa,yes,PROPOSED_NOT_EXECUTED
/ko/vietnam-visa-fees,ko,www2/ko/vietnam-visa-fees.html,0,0,0,Intention chevauchante avec le hub destination,/ko/visa-vietnam,yes,PROPOSED_NOT_EXECUTED
/ko/vietnam-visa-processing-time,ko,www2/ko/vietnam-visa-processing-time.html,0,0,0,Intention chevauchante avec le hub destination,/ko/visa-vietnam,yes,PROPOSED_NOT_EXECUTED
/ko/vietnam-visa-requirements,ko,www2/ko/vietnam-visa-requirements.html,0,0,0,Intention chevauchante avec le hub destination,/ko/visa-vietnam,yes,PROPOSED_NOT_EXECUTED
/pt/amsterdam-visa-requirements,pt,www2/pt/amsterdam-visa-requirements.html,0,0,0,Intention chevauchante avec le hub destination,/pt/visa-amsterdam,no,PROPOSED_NOT_EXECUTED
/pt/argentina-visa-fees,pt,www2/pt/argentina-visa-fees.html,0,0,0,Intention chevauchante avec le hub destination,/pt/visa-argentina,yes,PROPOSED_NOT_EXECUTED
/pt/argentina-visa-processing-time,pt,www2/pt/argentina-visa-processing-time.html,0,0,0,Intention chevauchante avec le hub destination,/pt/visa-argentina,yes,PROPOSED_NOT_EXECUTED
/pt/argentina-visa-requirements,pt,www2/pt/argentina-visa-requirements.html,0,0,0,Intention chevauchante avec le hub destination,/pt/visa-argentina,yes,PROPOSED_NOT_EXECUTED
/pt/australia-visa-fees,pt,www2/pt/australia-visa-fees.html,0,0,0,Intention chevauchante avec le hub destination,/pt/visa-australia,yes,PROPOSED_NOT_EXECUTED
/pt/australia-visa-processing-time,pt,www2/pt/australia-visa-processing-time.html,0,0,0,Intention chevauchante avec le hub destination,/pt/visa-australia,yes,PROPOSED_NOT_EXECUTED
/pt/australia-visa-requirements,pt,www2/pt/australia-visa-requirements.html,0,0,0,Intention chevauchante avec le hub destination,/pt/visa-australia,yes,PROPOSED_NOT_EXECUTED
/pt/austria-visa-fees,pt,www2/pt/austria-visa-fees.html,0,0,0,Intention chevauchante avec le hub destination,/pt/visa-austria,yes,PROPOSED_NOT_EXECUTED
/pt/austria-visa-processing-time,pt,www2/pt/austria-visa-processing-time.html,0,0,0,Intention chevauchante avec le hub destination,/pt/visa-austria,yes,PROPOSED_NOT_EXECUTED
/pt/austria-visa-requirements,pt,www2/pt/austria-visa-requirements.html,0,0,0,Intention chevauchante avec le hub destination,/pt/visa-austria,yes,PROPOSED_NOT_EXECUTED
/pt/belgium-visa-fees,pt,www2/pt/belgium-visa-fees.html,0,0,0,Intention chevauchante avec le hub destination,/pt/visa-belgium,yes,PROPOSED_NOT_EXECUTED
/pt/belgium-visa-requirements,pt,www2/pt/belgium-visa-requirements.html,0,0,0,Intention chevauchante avec le hub destination,/pt/visa-belgium,yes,PROPOSED_NOT_EXECUTED
/pt/bermuda-visa-requirements,pt,www2/pt/bermuda-visa-requirements.html,0,0,0,Intention chevauchante avec le hub destination,/pt/visa-bermuda,yes,PROPOSED_NOT_EXECUTED
/pt/brazil-visa-fees,pt,www2/pt/brazil-visa-fees.html,0,0,0,Intention chevauchante avec le hub destination,/pt/visa-brazil,yes,PROPOSED_NOT_EXECUTED
/pt/brazil-visa-processing-time,pt,www2/pt/brazil-visa-processing-time.html,0,0,0,Intention chevauchante avec le hub destination,/pt/visa-brazil,yes,PROPOSED_NOT_EXECUTED
/pt/brazil-visa-requirements,pt,www2/pt/brazil-visa-requirements.html,0,0,0,Intention chevauchante avec le hub destination,/pt/visa-brazil,yes,PROPOSED_NOT_EXECUTED
/pt/cambodia-visa-fees,pt,www2/pt/cambodia-visa-fees.html,0,0,0,Intention chevauchante avec le hub destination,/pt/visa-cambodia,yes,PROPOSED_NOT_EXECUTED
/pt/cambodia-visa-processing-time,pt,www2/pt/cambodia-visa-processing-time.html,0,0,0,Intention chevauchante avec le hub destination,/pt/visa-cambodia,yes,PROPOSED_NOT_EXECUTED
/pt/cambodia-visa-requirements,pt,www2/pt/cambodia-visa-requirements.html,0,0,0,Intention chevauchante avec le hub destination,/pt/visa-cambodia,yes,PROPOSED_NOT_EXECUTED
/pt/canada-visa-fees,pt,www2/pt/canada-visa-fees.html,0,0,0,Intention chevauchante avec le hub destination,/pt/visa-canada,yes,PROPOSED_NOT_EXECUTED
/pt/canada-visa-processing-time,pt,www2/pt/canada-visa-processing-time.html,0,0,0,Intention chevauchante avec le hub destination,/pt/visa-canada,yes,PROPOSED_NOT_EXECUTED
/pt/canada-visa-requirements,pt,www2/pt/canada-visa-requirements.html,0,0,0,Intention chevauchante avec le hub destination,/pt/visa-canada,yes,PROPOSED_NOT_EXECUTED
/pt/cappadocia-visa-requirements,pt,www2/pt/cappadocia-visa-requirements.html,0,0,0,Intention chevauchante avec le hub destination,/pt/visa-cappadocia,no,PROPOSED_NOT_EXECUTED
/pt/china-visa-fees,pt,www2/pt/china-visa-fees.html,0,0,0,Intention chevauchante avec le hub destination,/pt/visa-china,yes,PROPOSED_NOT_EXECUTED
/pt/china-visa-processing-time,pt,www2/pt/china-visa-processing-time.html,0,0,0,Intention chevauchante avec le hub destination,/pt/visa-china,yes,PROPOSED_NOT_EXECUTED
/pt/china-visa-requirements,pt,www2/pt/china-visa-requirements.html,0,0,0,Intention chevauchante avec le hub destination,/pt/visa-china,yes,PROPOSED_NOT_EXECUTED
/pt/colombia-visa-fees,pt,www2/pt/colombia-visa-fees.html,0,0,0,Intention chevauchante avec le hub destination,/pt/visa-colombia,yes,PROPOSED_NOT_EXECUTED
/pt/colombia-visa-requirements,pt,www2/pt/colombia-visa-requirements.html,0,0,0,Intention chevauchante avec le hub destination,/pt/visa-colombia,yes,PROPOSED_NOT_EXECUTED
/pt/costa-rica-visa-fees,pt,www2/pt/costa-rica-visa-fees.html,0,0,0,Intention chevauchante avec le hub destination,/pt/visa-costa-rica,yes,PROPOSED_NOT_EXECUTED
/pt/costa-rica-visa-processing-time,pt,www2/pt/costa-rica-visa-processing-time.html,0,0,0,Intention chevauchante avec le hub destination,/pt/visa-costa-rica,yes,PROPOSED_NOT_EXECUTED
/pt/costa-rica-visa-requirements,pt,www2/pt/costa-rica-visa-requirements.html,0,0,0,Intention chevauchante avec le hub destination,/pt/visa-costa-rica,yes,PROPOSED_NOT_EXECUTED
/pt/croatia-visa-fees,pt,www2/pt/croatia-visa-fees.html,0,0,0,Intention chevauchante avec le hub destination,/pt/visa-croatia,yes,PROPOSED_NOT_EXECUTED
/pt/croatia-visa-requirements,pt,www2/pt/croatia-visa-requirements.html,0,0,0,Intention chevauchante avec le hub destination,/pt/visa-croatia,yes,PROPOSED_NOT_EXECUTED
/pt/czech-republic-visa-fees,pt,www2/pt/czech-republic-visa-fees.html,0,0,0,Intention chevauchante avec le hub destination,/pt/visa-czech-republic,yes,PROPOSED_NOT_EXECUTED
/pt/czech-republic-visa-processing-time,pt,www2/pt/czech-republic-visa-processing-time.html,0,0,0,Intention chevauchante avec le hub destination,/pt/visa-czech-republic,yes,PROPOSED_NOT_EXECUTED
/pt/czech-republic-visa-requirements,pt,www2/pt/czech-republic-visa-requirements.html,0,0,0,Intention chevauchante avec le hub destination,/pt/visa-czech-republic,yes,PROPOSED_NOT_EXECUTED
/pt/denmark-visa-fees,pt,www2/pt/denmark-visa-fees.html,0,0,0,Intention chevauchante avec le hub destination,/pt/visa-denmark,yes,PROPOSED_NOT_EXECUTED
/pt/denmark-visa-processing-time,pt,www2/pt/denmark-visa-processing-time.html,0,0,0,Intention chevauchante avec le hub destination,/pt/visa-denmark,yes,PROPOSED_NOT_EXECUTED
/pt/denmark-visa-requirements,pt,www2/pt/denmark-visa-requirements.html,0,0,0,Intention chevauchante avec le hub destination,/pt/visa-denmark,yes,PROPOSED_NOT_EXECUTED
/pt/france-visa-fees,pt,www2/pt/france-visa-fees.html,0,0,0,Intention chevauchante avec le hub destination,/pt/visa-france,yes,PROPOSED_NOT_EXECUTED
/pt/france-visa-processing-time,pt,www2/pt/france-visa-processing-time.html,0,0,0,Intention chevauchante avec le hub destination,/pt/visa-france,yes,PROPOSED_NOT_EXECUTED
/pt/france-visa-requirements,pt,www2/pt/france-visa-requirements.html,0,0,0,Intention chevauchante avec le hub destination,/pt/visa-france,yes,PROPOSED_NOT_EXECUTED
/pt/germany-visa-fees,pt,www2/pt/germany-visa-fees.html,0,0,0,Intention chevauchante avec le hub destination,/pt/visa-germany,yes,PROPOSED_NOT_EXECUTED
/pt/germany-visa-processing-time,pt,www2/pt/germany-visa-processing-time.html,0,0,0,Intention chevauchante avec le hub destination,/pt/visa-germany,yes,PROPOSED_NOT_EXECUTED
/pt/germany-visa-requirements,pt,www2/pt/germany-visa-requirements.html,0,0,0,Intention chevauchante avec le hub destination,/pt/visa-germany,yes,PROPOSED_NOT_EXECUTED
/pt/greece-visa-fees,pt,www2/pt/greece-visa-fees.html,0,0,0,Intention chevauchante avec le hub destination,/pt/visa-greece,yes,PROPOSED_NOT_EXECUTED
/pt/greece-visa-processing-time,pt,www2/pt/greece-visa-processing-time.html,0,0,0,Intention chevauchante avec le hub destination,/pt/visa-greece,yes,PROPOSED_NOT_EXECUTED
/pt/greece-visa-requirements,pt,www2/pt/greece-visa-requirements.html,0,0,0,Intention chevauchante avec le hub destination,/pt/visa-greece,yes,PROPOSED_NOT_EXECUTED
/pt/hong-kong-visa-fees,pt,www2/pt/hong-kong-visa-fees.html,0,0,0,Intention chevauchante avec le hub destination,/pt/visa-hong-kong,yes,PROPOSED_NOT_EXECUTED
/pt/hong-kong-visa-processing-time,pt,www2/pt/hong-kong-visa-processing-time.html,0,0,0,Intention chevauchante avec le hub destination,/pt/visa-hong-kong,yes,PROPOSED_NOT_EXECUTED
/pt/hong-kong-visa-requirements,pt,www2/pt/hong-kong-visa-requirements.html,0,0,0,Intention chevauchante avec le hub destination,/pt/visa-hong-kong,yes,PROPOSED_NOT_EXECUTED
/pt/hungary-visa-fees,pt,www2/pt/hungary-visa-fees.html,0,0,0,Intention chevauchante avec le hub destination,/pt/visa-hungary,yes,PROPOSED_NOT_EXECUTED
/pt/hungary-visa-requirements,pt,www2/pt/hungary-visa-requirements.html,0,0,0,Intention chevauchante avec le hub destination,/pt/visa-hungary,yes,PROPOSED_NOT_EXECUTED
/pt/india-visa-fees,pt,www2/pt/india-visa-fees.html,0,0,0,Intention chevauchante avec le hub destination,/pt/visa-india,yes,PROPOSED_NOT_EXECUTED
/pt/india-visa-processing-time,pt,www2/pt/india-visa-processing-time.html,0,0,0,Intention chevauchante avec le hub destination,/pt/visa-india,yes,PROPOSED_NOT_EXECUTED
/pt/india-visa-requirements,pt,www2/pt/india-visa-requirements.html,0,0,0,Intention chevauchante avec le hub destination,/pt/visa-india,yes,PROPOSED_NOT_EXECUTED
/pt/indonesia-visa-fees,pt,www2/pt/indonesia-visa-fees.html,0,0,0,Intention chevauchante avec le hub destination,/pt/visa-indonesia,yes,PROPOSED_NOT_EXECUTED
/pt/indonesia-visa-requirements,pt,www2/pt/indonesia-visa-requirements.html,0,0,0,Intention chevauchante avec le hub destination,/pt/visa-indonesia,yes,PROPOSED_NOT_EXECUTED
/pt/ireland-visa-fees,pt,www2/pt/ireland-visa-fees.html,0,0,0,Intention chevauchante avec le hub destination,/pt/visa-ireland,yes,PROPOSED_NOT_EXECUTED
/pt/ireland-visa-processing-time,pt,www2/pt/ireland-visa-processing-time.html,0,0,0,Intention chevauchante avec le hub destination,/pt/visa-ireland,yes,PROPOSED_NOT_EXECUTED
/pt/ireland-visa-requirements,pt,www2/pt/ireland-visa-requirements.html,0,0,0,Intention chevauchante avec le hub destination,/pt/visa-ireland,yes,PROPOSED_NOT_EXECUTED
/pt/italy-visa-fees,pt,www2/pt/italy-visa-fees.html,0,0,0,Intention chevauchante avec le hub destination,/pt/visa-italy,yes,PROPOSED_NOT_EXECUTED
/pt/italy-visa-processing-time,pt,www2/pt/italy-visa-processing-time.html,0,0,0,Intention chevauchante avec le hub destination,/pt/visa-italy,yes,PROPOSED_NOT_EXECUTED
/pt/italy-visa-requirements,pt,www2/pt/italy-visa-requirements.html,0,0,0,Intention chevauchante avec le hub destination,/pt/visa-italy,yes,PROPOSED_NOT_EXECUTED
/pt/japan-visa-fees,pt,www2/pt/japan-visa-fees.html,0,0,0,Intention chevauchante avec le hub destination,/pt/visa-japan,yes,PROPOSED_NOT_EXECUTED
/pt/japan-visa-processing-time,pt,www2/pt/japan-visa-processing-time.html,0,0,0,Intention chevauchante avec le hub destination,/pt/visa-japan,yes,PROPOSED_NOT_EXECUTED
/pt/japan-visa-requirements,pt,www2/pt/japan-visa-requirements.html,0,0,0,Intention chevauchante avec le hub destination,/pt/visa-japan,yes,PROPOSED_NOT_EXECUTED
/pt/jordan-visa-fees,pt,www2/pt/jordan-visa-fees.html,0,0,0,Intention chevauchante avec le hub destination,/pt/visa-jordan,yes,PROPOSED_NOT_EXECUTED
/pt/jordan-visa-processing-time,pt,www2/pt/jordan-visa-processing-time.html,0,0,0,Intention chevauchante avec le hub destination,/pt/visa-jordan,yes,PROPOSED_NOT_EXECUTED
/pt/jordan-visa-requirements,pt,www2/pt/jordan-visa-requirements.html,0,0,0,Intention chevauchante avec le hub destination,/pt/visa-jordan,yes,PROPOSED_NOT_EXECUTED
/pt/laos-visa-requirements,pt,www2/pt/laos-visa-requirements.html,0,0,0,Intention chevauchante avec le hub destination,/pt/visa-laos,yes,PROPOSED_NOT_EXECUTED
/pt/macau-visa-requirements,pt,www2/pt/macau-visa-requirements.html,0,0,0,Intention chevauchante avec le hub destination,/pt/visa-macau,yes,PROPOSED_NOT_EXECUTED
/pt/machu-picchu-visa-requirements,pt,www2/pt/machu-picchu-visa-requirements.html,0,0,0,Intention chevauchante avec le hub destination,/pt/visa-machu-picchu,no,PROPOSED_NOT_EXECUTED
/pt/malaysia-visa-fees,pt,www2/pt/malaysia-visa-fees.html,0,0,0,Intention chevauchante avec le hub destination,/pt/visa-malaysia,yes,PROPOSED_NOT_EXECUTED
/pt/malaysia-visa-processing-time,pt,www2/pt/malaysia-visa-processing-time.html,0,0,0,Intention chevauchante avec le hub destination,/pt/visa-malaysia,yes,PROPOSED_NOT_EXECUTED
/pt/malaysia-visa-requirements,pt,www2/pt/malaysia-visa-requirements.html,0,0,0,Intention chevauchante avec le hub destination,/pt/visa-malaysia,yes,PROPOSED_NOT_EXECUTED
/pt/maldives-visa-processing-time,pt,www2/pt/maldives-visa-processing-time.html,0,0,0,Intention chevauchante avec le hub destination,/pt/visa-maldives,yes,PROPOSED_NOT_EXECUTED
/pt/maldives-visa-requirements,pt,www2/pt/maldives-visa-requirements.html,0,0,0,Intention chevauchante avec le hub destination,/pt/visa-maldives,yes,PROPOSED_NOT_EXECUTED
/pt/mexico-visa-fees,pt,www2/pt/mexico-visa-fees.html,0,0,0,Intention chevauchante avec le hub destination,/pt/visa-mexico,yes,PROPOSED_NOT_EXECUTED
/pt/mexico-visa-requirements,pt,www2/pt/mexico-visa-requirements.html,0,0,0,Intention chevauchante avec le hub destination,/pt/visa-mexico,yes,PROPOSED_NOT_EXECUTED
/pt/nepal-visa-fees,pt,www2/pt/nepal-visa-fees.html,0,0,0,Intention chevauchante avec le hub destination,/pt/visa-nepal,yes,PROPOSED_NOT_EXECUTED
/pt/nepal-visa-processing-time,pt,www2/pt/nepal-visa-processing-time.html,0,0,0,Intention chevauchante avec le hub destination,/pt/visa-nepal,yes,PROPOSED_NOT_EXECUTED
/pt/nepal-visa-requirements,pt,www2/pt/nepal-visa-requirements.html,0,0,0,Intention chevauchante avec le hub destination,/pt/visa-nepal,yes,PROPOSED_NOT_EXECUTED
/pt/netherlands-visa-fees,pt,www2/pt/netherlands-visa-fees.html,0,0,0,Intention chevauchante avec le hub destination,/pt/visa-netherlands,yes,PROPOSED_NOT_EXECUTED
/pt/netherlands-visa-processing-time,pt,www2/pt/netherlands-visa-processing-time.html,0,0,0,Intention chevauchante avec le hub destination,/pt/visa-netherlands,yes,PROPOSED_NOT_EXECUTED
/pt/netherlands-visa-requirements,pt,www2/pt/netherlands-visa-requirements.html,0,0,0,Intention chevauchante avec le hub destination,/pt/visa-netherlands,yes,PROPOSED_NOT_EXECUTED
/pt/new-zealand-visa-fees,pt,www2/pt/new-zealand-visa-fees.html,0,0,0,Intention chevauchante avec le hub destination,/pt/visa-new-zealand,yes,PROPOSED_NOT_EXECUTED
/pt/new-zealand-visa-processing-time,pt,www2/pt/new-zealand-visa-processing-time.html,0,0,0,Intention chevauchante avec le hub destination,/pt/visa-new-zealand,yes,PROPOSED_NOT_EXECUTED
/pt/new-zealand-visa-requirements,pt,www2/pt/new-zealand-visa-requirements.html,0,0,0,Intention chevauchante avec le hub destination,/pt/visa-new-zealand,yes,PROPOSED_NOT_EXECUTED
/pt/norway-visa-fees,pt,www2/pt/norway-visa-fees.html,0,0,0,Intention chevauchante avec le hub destination,/pt/visa-norway,yes,PROPOSED_NOT_EXECUTED
/pt/norway-visa-processing-time,pt,www2/pt/norway-visa-processing-time.html,0,0,0,Intention chevauchante avec le hub destination,/pt/visa-norway,yes,PROPOSED_NOT_EXECUTED
/pt/norway-visa-requirements,pt,www2/pt/norway-visa-requirements.html,0,0,0,Intention chevauchante avec le hub destination,/pt/visa-norway,yes,PROPOSED_NOT_EXECUTED
/pt/patagonia-visa-requirements,pt,www2/pt/patagonia-visa-requirements.html,0,0,0,Intention chevauchante avec le hub destination,/pt/visa-patagonia,no,PROPOSED_NOT_EXECUTED
/pt/philippines-visa-fees,pt,www2/pt/philippines-visa-fees.html,0,0,0,Intention chevauchante avec le hub destination,/pt/visa-philippines,yes,PROPOSED_NOT_EXECUTED
/pt/philippines-visa-processing-time,pt,www2/pt/philippines-visa-processing-time.html,0,0,0,Intention chevauchante avec le hub destination,/pt/visa-philippines,yes,PROPOSED_NOT_EXECUTED
/pt/philippines-visa-requirements,pt,www2/pt/philippines-visa-requirements.html,0,0,0,Intention chevauchante avec le hub destination,/pt/visa-philippines,yes,PROPOSED_NOT_EXECUTED
/pt/poland-visa-fees,pt,www2/pt/poland-visa-fees.html,0,0,0,Intention chevauchante avec le hub destination,/pt/visa-poland,yes,PROPOSED_NOT_EXECUTED
/pt/poland-visa-processing-time,pt,www2/pt/poland-visa-processing-time.html,0,0,0,Intention chevauchante avec le hub destination,/pt/visa-poland,yes,PROPOSED_NOT_EXECUTED
/pt/poland-visa-requirements,pt,www2/pt/poland-visa-requirements.html,0,0,0,Intention chevauchante avec le hub destination,/pt/visa-poland,yes,PROPOSED_NOT_EXECUTED
/pt/portugal-visa-fees,pt,www2/pt/portugal-visa-fees.html,0,0,0,Intention chevauchante avec le hub destination,/pt/visa-portugal,yes,PROPOSED_NOT_EXECUTED
/pt/portugal-visa-requirements,pt,www2/pt/portugal-visa-requirements.html,0,0,0,Intention chevauchante avec le hub destination,/pt/visa-portugal,yes,PROPOSED_NOT_EXECUTED
/pt/qatar-visa-fees,pt,www2/pt/qatar-visa-fees.html,0,0,0,Intention chevauchante avec le hub destination,/pt/visa-qatar,yes,PROPOSED_NOT_EXECUTED
/pt/qatar-visa-processing-time,pt,www2/pt/qatar-visa-processing-time.html,0,0,0,Intention chevauchante avec le hub destination,/pt/visa-qatar,yes,PROPOSED_NOT_EXECUTED
/pt/qatar-visa-requirements,pt,www2/pt/qatar-visa-requirements.html,0,0,0,Intention chevauchante avec le hub destination,/pt/visa-qatar,yes,PROPOSED_NOT_EXECUTED
/pt/romania-visa-fees,pt,www2/pt/romania-visa-fees.html,0,0,0,Intention chevauchante avec le hub destination,/pt/visa-romania,yes,PROPOSED_NOT_EXECUTED
/pt/romania-visa-processing-time,pt,www2/pt/romania-visa-processing-time.html,0,0,0,Intention chevauchante avec le hub destination,/pt/visa-romania,yes,PROPOSED_NOT_EXECUTED
/pt/romania-visa-requirements,pt,www2/pt/romania-visa-requirements.html,0,0,0,Intention chevauchante avec le hub destination,/pt/visa-romania,yes,PROPOSED_NOT_EXECUTED
/pt/singapore-visa-fees,pt,www2/pt/singapore-visa-fees.html,0,0,0,Intention chevauchante avec le hub destination,/pt/visa-singapore,yes,PROPOSED_NOT_EXECUTED
/pt/singapore-visa-processing-time,pt,www2/pt/singapore-visa-processing-time.html,0,0,0,Intention chevauchante avec le hub destination,/pt/visa-singapore,yes,PROPOSED_NOT_EXECUTED
/pt/singapore-visa-requirements,pt,www2/pt/singapore-visa-requirements.html,0,0,0,Intention chevauchante avec le hub destination,/pt/visa-singapore,yes,PROPOSED_NOT_EXECUTED
/pt/spain-visa-fees,pt,www2/pt/spain-visa-fees.html,0,0,0,Intention chevauchante avec le hub destination,/pt/visa-spain,yes,PROPOSED_NOT_EXECUTED
/pt/spain-visa-processing-time,pt,www2/pt/spain-visa-processing-time.html,0,0,0,Intention chevauchante avec le hub destination,/pt/visa-spain,yes,PROPOSED_NOT_EXECUTED
/pt/spain-visa-requirements,pt,www2/pt/spain-visa-requirements.html,0,0,0,Intention chevauchante avec le hub destination,/pt/visa-spain,yes,PROPOSED_NOT_EXECUTED
/pt/sri-lanka-visa-fees,pt,www2/pt/sri-lanka-visa-fees.html,0,0,0,Intention chevauchante avec le hub destination,/pt/visa-sri-lanka,yes,PROPOSED_NOT_EXECUTED
/pt/sri-lanka-visa-processing-time,pt,www2/pt/sri-lanka-visa-processing-time.html,0,0,0,Intention chevauchante avec le hub destination,/pt/visa-sri-lanka,yes,PROPOSED_NOT_EXECUTED
/pt/sri-lanka-visa-requirements,pt,www2/pt/sri-lanka-visa-requirements.html,0,0,0,Intention chevauchante avec le hub destination,/pt/visa-sri-lanka,yes,PROPOSED_NOT_EXECUTED
/pt/sweden-visa-fees,pt,www2/pt/sweden-visa-fees.html,0,0,0,Intention chevauchante avec le hub destination,/pt/visa-sweden,yes,PROPOSED_NOT_EXECUTED
/pt/sweden-visa-processing-time,pt,www2/pt/sweden-visa-processing-time.html,0,0,0,Intention chevauchante avec le hub destination,/pt/visa-sweden,yes,PROPOSED_NOT_EXECUTED
/pt/sweden-visa-requirements,pt,www2/pt/sweden-visa-requirements.html,0,0,0,Intention chevauchante avec le hub destination,/pt/visa-sweden,yes,PROPOSED_NOT_EXECUTED
/pt/switzerland-visa-fees,pt,www2/pt/switzerland-visa-fees.html,0,0,0,Intention chevauchante avec le hub destination,/pt/visa-switzerland,yes,PROPOSED_NOT_EXECUTED
/pt/switzerland-visa-processing-time,pt,www2/pt/switzerland-visa-processing-time.html,0,0,0,Intention chevauchante avec le hub destination,/pt/visa-switzerland,yes,PROPOSED_NOT_EXECUTED
/pt/switzerland-visa-requirements,pt,www2/pt/switzerland-visa-requirements.html,0,0,0,Intention chevauchante avec le hub destination,/pt/visa-switzerland,yes,PROPOSED_NOT_EXECUTED
/pt/taipei-visa-requirements,pt,www2/pt/taipei-visa-requirements.html,0,0,0,Intention chevauchante avec le hub destination,/pt/visa-taipei,no,PROPOSED_NOT_EXECUTED
/pt/taiwan-visa-fees,pt,www2/pt/taiwan-visa-fees.html,0,0,0,Intention chevauchante avec le hub destination,/pt/visa-taiwan,yes,PROPOSED_NOT_EXECUTED
/pt/taiwan-visa-processing-time,pt,www2/pt/taiwan-visa-processing-time.html,0,0,0,Intention chevauchante avec le hub destination,/pt/visa-taiwan,yes,PROPOSED_NOT_EXECUTED
/pt/taiwan-visa-requirements,pt,www2/pt/taiwan-visa-requirements.html,0,0,0,Intention chevauchante avec le hub destination,/pt/visa-taiwan,yes,PROPOSED_NOT_EXECUTED
/pt/thailand-visa-fees,pt,www2/pt/thailand-visa-fees.html,0,0,0,Intention chevauchante avec le hub destination,/pt/visa-thailand,yes,PROPOSED_NOT_EXECUTED
/pt/thailand-visa-processing-time,pt,www2/pt/thailand-visa-processing-time.html,0,0,0,Intention chevauchante avec le hub destination,/pt/visa-thailand,yes,PROPOSED_NOT_EXECUTED
/pt/thailand-visa-requirements,pt,www2/pt/thailand-visa-requirements.html,0,0,0,Intention chevauchante avec le hub destination,/pt/visa-thailand,yes,PROPOSED_NOT_EXECUTED
/pt/turkey-visa-fees,pt,www2/pt/turkey-visa-fees.html,0,0,0,Intention chevauchante avec le hub destination,/pt/visa-turkey,yes,PROPOSED_NOT_EXECUTED
/pt/turkey-visa-processing-time,pt,www2/pt/turkey-visa-processing-time.html,0,0,0,Intention chevauchante avec le hub destination,/pt/visa-turkey,yes,PROPOSED_NOT_EXECUTED
/pt/turkey-visa-requirements,pt,www2/pt/turkey-visa-requirements.html,0,0,0,Intention chevauchante avec le hub destination,/pt/visa-turkey,yes,PROPOSED_NOT_EXECUTED
/pt/uae-visa-fees,pt,www2/pt/uae-visa-fees.html,0,0,0,Intention chevauchante avec le hub destination,/pt/visa-uae,yes,PROPOSED_NOT_EXECUTED
/pt/uae-visa-processing-time,pt,www2/pt/uae-visa-processing-time.html,0,0,0,Intention chevauchante avec le hub destination,/pt/visa-uae,yes,PROPOSED_NOT_EXECUTED
/pt/uae-visa-requirements,pt,www2/pt/uae-visa-requirements.html,0,0,0,Intention chevauchante avec le hub destination,/pt/visa-uae,yes,PROPOSED_NOT_EXECUTED
/pt/united-kingdom-visa-fees,pt,www2/pt/united-kingdom-visa-fees.html,0,0,0,Intention chevauchante avec le hub destination,/pt/visa-united-kingdom,yes,PROPOSED_NOT_EXECUTED
/pt/united-kingdom-visa-processing-time,pt,www2/pt/united-kingdom-visa-processing-time.html,0,0,0,Intention chevauchante avec le hub destination,/pt/visa-united-kingdom,yes,PROPOSED_NOT_EXECUTED
/pt/united-kingdom-visa-requirements,pt,www2/pt/united-kingdom-visa-requirements.html,0,0,0,Intention chevauchante avec le hub destination,/pt/visa-united-kingdom,yes,PROPOSED_NOT_EXECUTED
/pt/usa-visa-fees,pt,www2/pt/usa-visa-fees.html,0,0,0,Intention chevauchante avec le hub destination,/pt/visa-usa,yes,PROPOSED_NOT_EXECUTED
/pt/usa-visa-processing-time,pt,www2/pt/usa-visa-processing-time.html,0,0,0,Intention chevauchante avec le hub destination,/pt/visa-usa,yes,PROPOSED_NOT_EXECUTED
/pt/usa-visa-requirements,pt,www2/pt/usa-visa-requirements.html,0,0,0,Intention chevauchante avec le hub destination,/pt/visa-usa,yes,PROPOSED_NOT_EXECUTED
/pt/vietnam-visa-fees,pt,www2/pt/vietnam-visa-fees.html,0,0,0,Intention chevauchante avec le hub destination,/pt/visa-vietnam,yes,PROPOSED_NOT_EXECUTED
/pt/vietnam-visa-processing-time,pt,www2/pt/vietnam-visa-processing-time.html,0,0,0,Intention chevauchante avec le hub destination,/pt/visa-vietnam,yes,PROPOSED_NOT_EXECUTED
/pt/vietnam-visa-requirements,pt,www2/pt/vietnam-visa-requirements.html,0,0,0,Intention chevauchante avec le hub destination,/pt/visa-vietnam,yes,PROPOSED_NOT_EXECUTED
/ru/amsterdam-visa-requirements,ru,www2/ru/amsterdam-visa-requirements.html,0,0,0,Intention chevauchante avec le hub destination,/ru/visa-amsterdam,no,PROPOSED_NOT_EXECUTED
/ru/argentina-visa-processing-time,ru,www2/ru/argentina-visa-processing-time.html,0,0,0,Intention chevauchante avec le hub destination,/ru/visa-argentina,yes,PROPOSED_NOT_EXECUTED
/ru/argentina-visa-requirements,ru,www2/ru/argentina-visa-requirements.html,0,0,0,Intention chevauchante avec le hub destination,/ru/visa-argentina,yes,PROPOSED_NOT_EXECUTED
/ru/australia-visa-fees,ru,www2/ru/australia-visa-fees.html,0,0,0,Intention chevauchante avec le hub destination,/ru/visa-australia,yes,PROPOSED_NOT_EXECUTED
/ru/australia-visa-processing-time,ru,www2/ru/australia-visa-processing-time.html,0,0,0,Intention chevauchante avec le hub destination,/ru/visa-australia,yes,PROPOSED_NOT_EXECUTED
/ru/australia-visa-requirements,ru,www2/ru/australia-visa-requirements.html,0,0,0,Intention chevauchante avec le hub destination,/ru/visa-australia,yes,PROPOSED_NOT_EXECUTED
/ru/austria-visa-fees,ru,www2/ru/austria-visa-fees.html,0,0,0,Intention chevauchante avec le hub destination,/ru/visa-austria,yes,PROPOSED_NOT_EXECUTED
/ru/austria-visa-processing-time,ru,www2/ru/austria-visa-processing-time.html,0,0,0,Intention chevauchante avec le hub destination,/ru/visa-austria,yes,PROPOSED_NOT_EXECUTED
/ru/austria-visa-requirements,ru,www2/ru/austria-visa-requirements.html,0,0,0,Intention chevauchante avec le hub destination,/ru/visa-austria,yes,PROPOSED_NOT_EXECUTED
/ru/belgium-visa-processing-time,ru,www2/ru/belgium-visa-processing-time.html,0,0,0,Intention chevauchante avec le hub destination,/ru/visa-belgium,yes,PROPOSED_NOT_EXECUTED
/ru/belgium-visa-requirements,ru,www2/ru/belgium-visa-requirements.html,0,0,0,Intention chevauchante avec le hub destination,/ru/visa-belgium,yes,PROPOSED_NOT_EXECUTED
/ru/bermuda-visa-requirements,ru,www2/ru/bermuda-visa-requirements.html,0,0,0,Intention chevauchante avec le hub destination,/ru/visa-bermuda,yes,PROPOSED_NOT_EXECUTED
/ru/brazil-visa-fees,ru,www2/ru/brazil-visa-fees.html,0,0,0,Intention chevauchante avec le hub destination,/ru/visa-brazil,yes,PROPOSED_NOT_EXECUTED
/ru/brazil-visa-requirements,ru,www2/ru/brazil-visa-requirements.html,0,0,0,Intention chevauchante avec le hub destination,/ru/visa-brazil,yes,PROPOSED_NOT_EXECUTED
/ru/cambodia-visa-fees,ru,www2/ru/cambodia-visa-fees.html,0,0,0,Intention chevauchante avec le hub destination,/ru/visa-cambodia,yes,PROPOSED_NOT_EXECUTED
/ru/cambodia-visa-processing-time,ru,www2/ru/cambodia-visa-processing-time.html,0,0,0,Intention chevauchante avec le hub destination,/ru/visa-cambodia,yes,PROPOSED_NOT_EXECUTED
/ru/cambodia-visa-requirements,ru,www2/ru/cambodia-visa-requirements.html,0,0,0,Intention chevauchante avec le hub destination,/ru/visa-cambodia,yes,PROPOSED_NOT_EXECUTED
/ru/canada-visa-fees,ru,www2/ru/canada-visa-fees.html,0,0,0,Intention chevauchante avec le hub destination,/ru/visa-canada,yes,PROPOSED_NOT_EXECUTED
/ru/canada-visa-processing-time,ru,www2/ru/canada-visa-processing-time.html,0,0,0,Intention chevauchante avec le hub destination,/ru/visa-canada,yes,PROPOSED_NOT_EXECUTED
/ru/canada-visa-requirements,ru,www2/ru/canada-visa-requirements.html,0,0,0,Intention chevauchante avec le hub destination,/ru/visa-canada,yes,PROPOSED_NOT_EXECUTED
/ru/china-visa-fees,ru,www2/ru/china-visa-fees.html,0,0,0,Intention chevauchante avec le hub destination,/ru/visa-china,yes,PROPOSED_NOT_EXECUTED
/ru/china-visa-processing-time,ru,www2/ru/china-visa-processing-time.html,0,0,0,Intention chevauchante avec le hub destination,/ru/visa-china,yes,PROPOSED_NOT_EXECUTED
/ru/china-visa-requirements,ru,www2/ru/china-visa-requirements.html,0,0,0,Intention chevauchante avec le hub destination,/ru/visa-china,yes,PROPOSED_NOT_EXECUTED
/ru/colombia-visa-fees,ru,www2/ru/colombia-visa-fees.html,0,0,0,Intention chevauchante avec le hub destination,/ru/visa-colombia,yes,PROPOSED_NOT_EXECUTED
/ru/colombia-visa-requirements,ru,www2/ru/colombia-visa-requirements.html,0,0,0,Intention chevauchante avec le hub destination,/ru/visa-colombia,yes,PROPOSED_NOT_EXECUTED
/ru/costa-rica-visa-fees,ru,www2/ru/costa-rica-visa-fees.html,0,0,0,Intention chevauchante avec le hub destination,/ru/visa-costa-rica,yes,PROPOSED_NOT_EXECUTED
/ru/costa-rica-visa-processing-time,ru,www2/ru/costa-rica-visa-processing-time.html,0,0,0,Intention chevauchante avec le hub destination,/ru/visa-costa-rica,yes,PROPOSED_NOT_EXECUTED
/ru/costa-rica-visa-requirements,ru,www2/ru/costa-rica-visa-requirements.html,0,0,0,Intention chevauchante avec le hub destination,/ru/visa-costa-rica,yes,PROPOSED_NOT_EXECUTED
/ru/croatia-visa-fees,ru,www2/ru/croatia-visa-fees.html,0,0,0,Intention chevauchante avec le hub destination,/ru/visa-croatia,yes,PROPOSED_NOT_EXECUTED
/ru/croatia-visa-processing-time,ru,www2/ru/croatia-visa-processing-time.html,0,0,0,Intention chevauchante avec le hub destination,/ru/visa-croatia,yes,PROPOSED_NOT_EXECUTED
/ru/croatia-visa-requirements,ru,www2/ru/croatia-visa-requirements.html,0,0,0,Intention chevauchante avec le hub destination,/ru/visa-croatia,yes,PROPOSED_NOT_EXECUTED
/ru/czech-republic-visa-fees,ru,www2/ru/czech-republic-visa-fees.html,0,0,0,Intention chevauchante avec le hub destination,/ru/visa-czech-republic,yes,PROPOSED_NOT_EXECUTED
/ru/czech-republic-visa-processing-time,ru,www2/ru/czech-republic-visa-processing-time.html,0,0,0,Intention chevauchante avec le hub destination,/ru/visa-czech-republic,yes,PROPOSED_NOT_EXECUTED
/ru/czech-republic-visa-requirements,ru,www2/ru/czech-republic-visa-requirements.html,0,0,0,Intention chevauchante avec le hub destination,/ru/visa-czech-republic,yes,PROPOSED_NOT_EXECUTED
/ru/denmark-visa-fees,ru,www2/ru/denmark-visa-fees.html,0,0,0,Intention chevauchante avec le hub destination,/ru/visa-denmark,yes,PROPOSED_NOT_EXECUTED
/ru/denmark-visa-requirements,ru,www2/ru/denmark-visa-requirements.html,0,0,0,Intention chevauchante avec le hub destination,/ru/visa-denmark,yes,PROPOSED_NOT_EXECUTED
/ru/france-visa-fees,ru,www2/ru/france-visa-fees.html,0,0,0,Intention chevauchante avec le hub destination,/ru/visa-france,yes,PROPOSED_NOT_EXECUTED
/ru/france-visa-processing-time,ru,www2/ru/france-visa-processing-time.html,0,0,0,Intention chevauchante avec le hub destination,/ru/visa-france,yes,PROPOSED_NOT_EXECUTED
/ru/france-visa-requirements,ru,www2/ru/france-visa-requirements.html,0,0,0,Intention chevauchante avec le hub destination,/ru/visa-france,yes,PROPOSED_NOT_EXECUTED
/ru/germany-visa-fees,ru,www2/ru/germany-visa-fees.html,0,0,0,Intention chevauchante avec le hub destination,/ru/visa-germany,yes,PROPOSED_NOT_EXECUTED
/ru/germany-visa-processing-time,ru,www2/ru/germany-visa-processing-time.html,0,0,0,Intention chevauchante avec le hub destination,/ru/visa-germany,yes,PROPOSED_NOT_EXECUTED
/ru/germany-visa-requirements,ru,www2/ru/germany-visa-requirements.html,0,0,0,Intention chevauchante avec le hub destination,/ru/visa-germany,yes,PROPOSED_NOT_EXECUTED
/ru/greece-visa-fees,ru,www2/ru/greece-visa-fees.html,0,0,0,Intention chevauchante avec le hub destination,/ru/visa-greece,yes,PROPOSED_NOT_EXECUTED
/ru/greece-visa-requirements,ru,www2/ru/greece-visa-requirements.html,0,0,0,Intention chevauchante avec le hub destination,/ru/visa-greece,yes,PROPOSED_NOT_EXECUTED
/ru/hong-kong-visa-requirements,ru,www2/ru/hong-kong-visa-requirements.html,0,0,0,Intention chevauchante avec le hub destination,/ru/visa-hong-kong,yes,PROPOSED_NOT_EXECUTED
/ru/hungary-visa-fees,ru,www2/ru/hungary-visa-fees.html,0,0,0,Intention chevauchante avec le hub destination,/ru/visa-hungary,yes,PROPOSED_NOT_EXECUTED
/ru/hungary-visa-processing-time,ru,www2/ru/hungary-visa-processing-time.html,0,0,0,Intention chevauchante avec le hub destination,/ru/visa-hungary,yes,PROPOSED_NOT_EXECUTED
/ru/hungary-visa-requirements,ru,www2/ru/hungary-visa-requirements.html,0,0,0,Intention chevauchante avec le hub destination,/ru/visa-hungary,yes,PROPOSED_NOT_EXECUTED
/ru/india-visa-fees,ru,www2/ru/india-visa-fees.html,0,0,0,Intention chevauchante avec le hub destination,/ru/visa-india,yes,PROPOSED_NOT_EXECUTED
/ru/india-visa-processing-time,ru,www2/ru/india-visa-processing-time.html,0,0,0,Intention chevauchante avec le hub destination,/ru/visa-india,yes,PROPOSED_NOT_EXECUTED
/ru/india-visa-requirements,ru,www2/ru/india-visa-requirements.html,0,0,0,Intention chevauchante avec le hub destination,/ru/visa-india,yes,PROPOSED_NOT_EXECUTED
/ru/indonesia-visa-fees,ru,www2/ru/indonesia-visa-fees.html,0,0,0,Intention chevauchante avec le hub destination,/ru/visa-indonesia,yes,PROPOSED_NOT_EXECUTED
/ru/indonesia-visa-processing-time,ru,www2/ru/indonesia-visa-processing-time.html,0,0,0,Intention chevauchante avec le hub destination,/ru/visa-indonesia,yes,PROPOSED_NOT_EXECUTED
/ru/indonesia-visa-requirements,ru,www2/ru/indonesia-visa-requirements.html,0,0,0,Intention chevauchante avec le hub destination,/ru/visa-indonesia,yes,PROPOSED_NOT_EXECUTED
/ru/ireland-visa-fees,ru,www2/ru/ireland-visa-fees.html,0,0,0,Intention chevauchante avec le hub destination,/ru/visa-ireland,yes,PROPOSED_NOT_EXECUTED
/ru/ireland-visa-processing-time,ru,www2/ru/ireland-visa-processing-time.html,0,0,0,Intention chevauchante avec le hub destination,/ru/visa-ireland,yes,PROPOSED_NOT_EXECUTED
/ru/ireland-visa-requirements,ru,www2/ru/ireland-visa-requirements.html,0,0,0,Intention chevauchante avec le hub destination,/ru/visa-ireland,yes,PROPOSED_NOT_EXECUTED
/ru/italy-visa-fees,ru,www2/ru/italy-visa-fees.html,0,0,0,Intention chevauchante avec le hub destination,/ru/visa-italy,yes,PROPOSED_NOT_EXECUTED
/ru/italy-visa-processing-time,ru,www2/ru/italy-visa-processing-time.html,0,0,0,Intention chevauchante avec le hub destination,/ru/visa-italy,yes,PROPOSED_NOT_EXECUTED
/ru/italy-visa-requirements,ru,www2/ru/italy-visa-requirements.html,0,0,0,Intention chevauchante avec le hub destination,/ru/visa-italy,yes,PROPOSED_NOT_EXECUTED
/ru/japan-visa-fees,ru,www2/ru/japan-visa-fees.html,0,0,0,Intention chevauchante avec le hub destination,/ru/visa-japan,yes,PROPOSED_NOT_EXECUTED
/ru/japan-visa-processing-time,ru,www2/ru/japan-visa-processing-time.html,0,0,0,Intention chevauchante avec le hub destination,/ru/visa-japan,yes,PROPOSED_NOT_EXECUTED
/ru/japan-visa-requirements,ru,www2/ru/japan-visa-requirements.html,0,0,0,Intention chevauchante avec le hub destination,/ru/visa-japan,yes,PROPOSED_NOT_EXECUTED
/ru/jordan-visa-fees,ru,www2/ru/jordan-visa-fees.html,0,0,0,Intention chevauchante avec le hub destination,/ru/visa-jordan,yes,PROPOSED_NOT_EXECUTED
/ru/jordan-visa-processing-time,ru,www2/ru/jordan-visa-processing-time.html,0,0,0,Intention chevauchante avec le hub destination,/ru/visa-jordan,yes,PROPOSED_NOT_EXECUTED
/ru/jordan-visa-requirements,ru,www2/ru/jordan-visa-requirements.html,0,0,0,Intention chevauchante avec le hub destination,/ru/visa-jordan,yes,PROPOSED_NOT_EXECUTED
/ru/laos-visa-requirements,ru,www2/ru/laos-visa-requirements.html,0,0,0,Intention chevauchante avec le hub destination,/ru/visa-laos,yes,PROPOSED_NOT_EXECUTED
/ru/macau-visa-requirements,ru,www2/ru/macau-visa-requirements.html,0,0,0,Intention chevauchante avec le hub destination,/ru/visa-macau,yes,PROPOSED_NOT_EXECUTED
/ru/malaysia-visa-fees,ru,www2/ru/malaysia-visa-fees.html,0,0,0,Intention chevauchante avec le hub destination,/ru/visa-malaysia,yes,PROPOSED_NOT_EXECUTED
/ru/malaysia-visa-processing-time,ru,www2/ru/malaysia-visa-processing-time.html,0,0,0,Intention chevauchante avec le hub destination,/ru/visa-malaysia,yes,PROPOSED_NOT_EXECUTED
/ru/malaysia-visa-requirements,ru,www2/ru/malaysia-visa-requirements.html,0,0,0,Intention chevauchante avec le hub destination,/ru/visa-malaysia,yes,PROPOSED_NOT_EXECUTED
/ru/maldives-visa-fees,ru,www2/ru/maldives-visa-fees.html,0,0,0,Intention chevauchante avec le hub destination,/ru/visa-maldives,yes,PROPOSED_NOT_EXECUTED
/ru/maldives-visa-processing-time,ru,www2/ru/maldives-visa-processing-time.html,0,0,0,Intention chevauchante avec le hub destination,/ru/visa-maldives,yes,PROPOSED_NOT_EXECUTED
/ru/maldives-visa-requirements,ru,www2/ru/maldives-visa-requirements.html,0,0,0,Intention chevauchante avec le hub destination,/ru/visa-maldives,yes,PROPOSED_NOT_EXECUTED
/ru/mexico-visa-fees,ru,www2/ru/mexico-visa-fees.html,0,0,0,Intention chevauchante avec le hub destination,/ru/visa-mexico,yes,PROPOSED_NOT_EXECUTED
/ru/mexico-visa-processing-time,ru,www2/ru/mexico-visa-processing-time.html,0,0,0,Intention chevauchante avec le hub destination,/ru/visa-mexico,yes,PROPOSED_NOT_EXECUTED
/ru/mexico-visa-requirements,ru,www2/ru/mexico-visa-requirements.html,0,0,0,Intention chevauchante avec le hub destination,/ru/visa-mexico,yes,PROPOSED_NOT_EXECUTED
/ru/nepal-visa-fees,ru,www2/ru/nepal-visa-fees.html,0,0,0,Intention chevauchante avec le hub destination,/ru/visa-nepal,yes,PROPOSED_NOT_EXECUTED
/ru/nepal-visa-processing-time,ru,www2/ru/nepal-visa-processing-time.html,0,0,0,Intention chevauchante avec le hub destination,/ru/visa-nepal,yes,PROPOSED_NOT_EXECUTED
/ru/nepal-visa-requirements,ru,www2/ru/nepal-visa-requirements.html,0,0,0,Intention chevauchante avec le hub destination,/ru/visa-nepal,yes,PROPOSED_NOT_EXECUTED
/ru/netherlands-visa-fees,ru,www2/ru/netherlands-visa-fees.html,0,0,0,Intention chevauchante avec le hub destination,/ru/visa-netherlands,yes,PROPOSED_NOT_EXECUTED
/ru/netherlands-visa-processing-time,ru,www2/ru/netherlands-visa-processing-time.html,0,0,0,Intention chevauchante avec le hub destination,/ru/visa-netherlands,yes,PROPOSED_NOT_EXECUTED
/ru/netherlands-visa-requirements,ru,www2/ru/netherlands-visa-requirements.html,0,0,0,Intention chevauchante avec le hub destination,/ru/visa-netherlands,yes,PROPOSED_NOT_EXECUTED
/ru/new-zealand-visa-fees,ru,www2/ru/new-zealand-visa-fees.html,0,0,0,Intention chevauchante avec le hub destination,/ru/visa-new-zealand,yes,PROPOSED_NOT_EXECUTED
/ru/new-zealand-visa-processing-time,ru,www2/ru/new-zealand-visa-processing-time.html,0,0,0,Intention chevauchante avec le hub destination,/ru/visa-new-zealand,yes,PROPOSED_NOT_EXECUTED
/ru/new-zealand-visa-requirements,ru,www2/ru/new-zealand-visa-requirements.html,0,0,0,Intention chevauchante avec le hub destination,/ru/visa-new-zealand,yes,PROPOSED_NOT_EXECUTED
/ru/norway-visa-requirements,ru,www2/ru/norway-visa-requirements.html,0,0,0,Intention chevauchante avec le hub destination,/ru/visa-norway,yes,PROPOSED_NOT_EXECUTED
/ru/patagonia-visa-requirements,ru,www2/ru/patagonia-visa-requirements.html,0,0,0,Intention chevauchante avec le hub destination,/ru/visa-patagonia,no,PROPOSED_NOT_EXECUTED
/ru/philippines-visa-fees,ru,www2/ru/philippines-visa-fees.html,0,0,0,Intention chevauchante avec le hub destination,/ru/visa-philippines,yes,PROPOSED_NOT_EXECUTED
/ru/philippines-visa-processing-time,ru,www2/ru/philippines-visa-processing-time.html,0,0,0,Intention chevauchante avec le hub destination,/ru/visa-philippines,yes,PROPOSED_NOT_EXECUTED
/ru/philippines-visa-requirements,ru,www2/ru/philippines-visa-requirements.html,0,0,0,Intention chevauchante avec le hub destination,/ru/visa-philippines,yes,PROPOSED_NOT_EXECUTED
/ru/poland-visa-fees,ru,www2/ru/poland-visa-fees.html,0,0,0,Intention chevauchante avec le hub destination,/ru/visa-poland,yes,PROPOSED_NOT_EXECUTED
/ru/poland-visa-processing-time,ru,www2/ru/poland-visa-processing-time.html,0,0,0,Intention chevauchante avec le hub destination,/ru/visa-poland,yes,PROPOSED_NOT_EXECUTED
/ru/poland-visa-requirements,ru,www2/ru/poland-visa-requirements.html,0,0,0,Intention chevauchante avec le hub destination,/ru/visa-poland,yes,PROPOSED_NOT_EXECUTED
/ru/portugal-visa-fees,ru,www2/ru/portugal-visa-fees.html,0,0,0,Intention chevauchante avec le hub destination,/ru/visa-portugal,yes,PROPOSED_NOT_EXECUTED
/ru/portugal-visa-processing-time,ru,www2/ru/portugal-visa-processing-time.html,0,0,0,Intention chevauchante avec le hub destination,/ru/visa-portugal,yes,PROPOSED_NOT_EXECUTED
/ru/portugal-visa-requirements,ru,www2/ru/portugal-visa-requirements.html,0,0,0,Intention chevauchante avec le hub destination,/ru/visa-portugal,yes,PROPOSED_NOT_EXECUTED
/ru/qatar-visa-fees,ru,www2/ru/qatar-visa-fees.html,0,0,0,Intention chevauchante avec le hub destination,/ru/visa-qatar,yes,PROPOSED_NOT_EXECUTED
/ru/qatar-visa-processing-time,ru,www2/ru/qatar-visa-processing-time.html,0,0,0,Intention chevauchante avec le hub destination,/ru/visa-qatar,yes,PROPOSED_NOT_EXECUTED
/ru/qatar-visa-requirements,ru,www2/ru/qatar-visa-requirements.html,0,0,0,Intention chevauchante avec le hub destination,/ru/visa-qatar,yes,PROPOSED_NOT_EXECUTED
/ru/romania-visa-fees,ru,www2/ru/romania-visa-fees.html,0,0,0,Intention chevauchante avec le hub destination,/ru/visa-romania,yes,PROPOSED_NOT_EXECUTED
/ru/romania-visa-requirements,ru,www2/ru/romania-visa-requirements.html,0,0,0,Intention chevauchante avec le hub destination,/ru/visa-romania,yes,PROPOSED_NOT_EXECUTED
/ru/singapore-visa-fees,ru,www2/ru/singapore-visa-fees.html,0,0,0,Intention chevauchante avec le hub destination,/ru/visa-singapore,yes,PROPOSED_NOT_EXECUTED
/ru/singapore-visa-processing-time,ru,www2/ru/singapore-visa-processing-time.html,0,0,0,Intention chevauchante avec le hub destination,/ru/visa-singapore,yes,PROPOSED_NOT_EXECUTED
/ru/singapore-visa-requirements,ru,www2/ru/singapore-visa-requirements.html,0,0,0,Intention chevauchante avec le hub destination,/ru/visa-singapore,yes,PROPOSED_NOT_EXECUTED
/ru/spain-visa-fees,ru,www2/ru/spain-visa-fees.html,0,0,0,Intention chevauchante avec le hub destination,/ru/visa-spain,yes,PROPOSED_NOT_EXECUTED
/ru/spain-visa-processing-time,ru,www2/ru/spain-visa-processing-time.html,0,0,0,Intention chevauchante avec le hub destination,/ru/visa-spain,yes,PROPOSED_NOT_EXECUTED
/ru/spain-visa-requirements,ru,www2/ru/spain-visa-requirements.html,0,0,0,Intention chevauchante avec le hub destination,/ru/visa-spain,yes,PROPOSED_NOT_EXECUTED
/ru/sri-lanka-visa-fees,ru,www2/ru/sri-lanka-visa-fees.html,0,0,0,Intention chevauchante avec le hub destination,/ru/visa-sri-lanka,yes,PROPOSED_NOT_EXECUTED
/ru/sri-lanka-visa-processing-time,ru,www2/ru/sri-lanka-visa-processing-time.html,0,0,0,Intention chevauchante avec le hub destination,/ru/visa-sri-lanka,yes,PROPOSED_NOT_EXECUTED
/ru/sri-lanka-visa-requirements,ru,www2/ru/sri-lanka-visa-requirements.html,0,0,0,Intention chevauchante avec le hub destination,/ru/visa-sri-lanka,yes,PROPOSED_NOT_EXECUTED
/ru/sweden-visa-fees,ru,www2/ru/sweden-visa-fees.html,0,0,0,Intention chevauchante avec le hub destination,/ru/visa-sweden,yes,PROPOSED_NOT_EXECUTED
/ru/sweden-visa-processing-time,ru,www2/ru/sweden-visa-processing-time.html,0,0,0,Intention chevauchante avec le hub destination,/ru/visa-sweden,yes,PROPOSED_NOT_EXECUTED
/ru/sweden-visa-requirements,ru,www2/ru/sweden-visa-requirements.html,0,0,0,Intention chevauchante avec le hub destination,/ru/visa-sweden,yes,PROPOSED_NOT_EXECUTED
/ru/switzerland-visa-fees,ru,www2/ru/switzerland-visa-fees.html,0,0,0,Intention chevauchante avec le hub destination,/ru/visa-switzerland,yes,PROPOSED_NOT_EXECUTED
/ru/switzerland-visa-processing-time,ru,www2/ru/switzerland-visa-processing-time.html,0,0,0,Intention chevauchante avec le hub destination,/ru/visa-switzerland,yes,PROPOSED_NOT_EXECUTED
/ru/switzerland-visa-requirements,ru,www2/ru/switzerland-visa-requirements.html,0,0,0,Intention chevauchante avec le hub destination,/ru/visa-switzerland,yes,PROPOSED_NOT_EXECUTED
/ru/taipei-visa-requirements,ru,www2/ru/taipei-visa-requirements.html,0,0,0,Intention chevauchante avec le hub destination,/ru/visa-taipei,no,PROPOSED_NOT_EXECUTED
/ru/taiwan-visa-fees,ru,www2/ru/taiwan-visa-fees.html,0,0,0,Intention chevauchante avec le hub destination,/ru/visa-taiwan,yes,PROPOSED_NOT_EXECUTED
/ru/taiwan-visa-processing-time,ru,www2/ru/taiwan-visa-processing-time.html,0,0,0,Intention chevauchante avec le hub destination,/ru/visa-taiwan,yes,PROPOSED_NOT_EXECUTED
/ru/taiwan-visa-requirements,ru,www2/ru/taiwan-visa-requirements.html,0,0,0,Intention chevauchante avec le hub destination,/ru/visa-taiwan,yes,PROPOSED_NOT_EXECUTED
/ru/thailand-visa-fees,ru,www2/ru/thailand-visa-fees.html,0,0,0,Intention chevauchante avec le hub destination,/ru/visa-thailand,yes,PROPOSED_NOT_EXECUTED
/ru/thailand-visa-processing-time,ru,www2/ru/thailand-visa-processing-time.html,0,0,0,Intention chevauchante avec le hub destination,/ru/visa-thailand,yes,PROPOSED_NOT_EXECUTED
/ru/thailand-visa-requirements,ru,www2/ru/thailand-visa-requirements.html,0,0,0,Intention chevauchante avec le hub destination,/ru/visa-thailand,yes,PROPOSED_NOT_EXECUTED
/ru/turkey-visa-fees,ru,www2/ru/turkey-visa-fees.html,0,0,0,Intention chevauchante avec le hub destination,/ru/visa-turkey,yes,PROPOSED_NOT_EXECUTED
/ru/turkey-visa-processing-time,ru,www2/ru/turkey-visa-processing-time.html,0,0,0,Intention chevauchante avec le hub destination,/ru/visa-turkey,yes,PROPOSED_NOT_EXECUTED
/ru/uae-visa-fees,ru,www2/ru/uae-visa-fees.html,0,0,0,Intention chevauchante avec le hub destination,/ru/visa-uae,yes,PROPOSED_NOT_EXECUTED
/ru/uae-visa-processing-time,ru,www2/ru/uae-visa-processing-time.html,0,0,0,Intention chevauchante avec le hub destination,/ru/visa-uae,yes,PROPOSED_NOT_EXECUTED
/ru/uae-visa-requirements,ru,www2/ru/uae-visa-requirements.html,0,0,0,Intention chevauchante avec le hub destination,/ru/visa-uae,yes,PROPOSED_NOT_EXECUTED
/ru/united-kingdom-visa-fees,ru,www2/ru/united-kingdom-visa-fees.html,0,0,0,Intention chevauchante avec le hub destination,/ru/visa-united-kingdom,yes,PROPOSED_NOT_EXECUTED
/ru/united-kingdom-visa-processing-time,ru,www2/ru/united-kingdom-visa-processing-time.html,0,0,0,Intention chevauchante avec le hub destination,/ru/visa-united-kingdom,yes,PROPOSED_NOT_EXECUTED
/ru/united-kingdom-visa-requirements,ru,www2/ru/united-kingdom-visa-requirements.html,0,0,0,Intention chevauchante avec le hub destination,/ru/visa-united-kingdom,yes,PROPOSED_NOT_EXECUTED
/ru/usa-visa-fees,ru,www2/ru/usa-visa-fees.html,0,0,0,Intention chevauchante avec le hub destination,/ru/visa-usa,yes,PROPOSED_NOT_EXECUTED
/ru/usa-visa-processing-time,ru,www2/ru/usa-visa-processing-time.html,0,0,0,Intention chevauchante avec le hub destination,/ru/visa-usa,yes,PROPOSED_NOT_EXECUTED
/ru/usa-visa-requirements,ru,www2/ru/usa-visa-requirements.html,0,0,0,Intention chevauchante avec le hub destination,/ru/visa-usa,yes,PROPOSED_NOT_EXECUTED
/ru/vietnam-visa-fees,ru,www2/ru/vietnam-visa-fees.html,0,0,0,Intention chevauchante avec le hub destination,/ru/visa-vietnam,yes,PROPOSED_NOT_EXECUTED
/ru/vietnam-visa-processing-time,ru,www2/ru/vietnam-visa-processing-time.html,0,0,0,Intention chevauchante avec le hub destination,/ru/visa-vietnam,yes,PROPOSED_NOT_EXECUTED
/ru/vietnam-visa-requirements,ru,www2/ru/vietnam-visa-requirements.html,0,0,0,Intention chevauchante avec le hub destination,/ru/visa-vietnam,yes,PROPOSED_NOT_EXECUTED
/th/amsterdam-visa-requirements,th,www2/th/amsterdam-visa-requirements.html,0,0,0,Intention chevauchante avec le hub destination,/th/visa-amsterdam,no,PROPOSED_NOT_EXECUTED
/th/argentina-visa-fees,th,www2/th/argentina-visa-fees.html,0,0,0,Intention chevauchante avec le hub destination,/th/visa-argentina,yes,PROPOSED_NOT_EXECUTED
/th/argentina-visa-processing-time,th,www2/th/argentina-visa-processing-time.html,0,0,0,Intention chevauchante avec le hub destination,/th/visa-argentina,yes,PROPOSED_NOT_EXECUTED
/th/argentina-visa-requirements,th,www2/th/argentina-visa-requirements.html,0,0,0,Intention chevauchante avec le hub destination,/th/visa-argentina,yes,PROPOSED_NOT_EXECUTED
/th/australia-visa-fees,th,www2/th/australia-visa-fees.html,0,0,0,Intention chevauchante avec le hub destination,/th/visa-australia,yes,PROPOSED_NOT_EXECUTED
/th/australia-visa-processing-time,th,www2/th/australia-visa-processing-time.html,0,0,0,Intention chevauchante avec le hub destination,/th/visa-australia,yes,PROPOSED_NOT_EXECUTED
/th/australia-visa-requirements,th,www2/th/australia-visa-requirements.html,0,0,0,Intention chevauchante avec le hub destination,/th/visa-australia,yes,PROPOSED_NOT_EXECUTED
/th/austria-visa-fees,th,www2/th/austria-visa-fees.html,0,0,0,Intention chevauchante avec le hub destination,/th/visa-austria,yes,PROPOSED_NOT_EXECUTED
/th/austria-visa-processing-time,th,www2/th/austria-visa-processing-time.html,0,0,0,Intention chevauchante avec le hub destination,/th/visa-austria,yes,PROPOSED_NOT_EXECUTED
/th/austria-visa-requirements,th,www2/th/austria-visa-requirements.html,0,0,0,Intention chevauchante avec le hub destination,/th/visa-austria,yes,PROPOSED_NOT_EXECUTED
/th/belgium-visa-fees,th,www2/th/belgium-visa-fees.html,0,0,0,Intention chevauchante avec le hub destination,/th/visa-belgium,yes,PROPOSED_NOT_EXECUTED
/th/belgium-visa-requirements,th,www2/th/belgium-visa-requirements.html,0,0,0,Intention chevauchante avec le hub destination,/th/visa-belgium,yes,PROPOSED_NOT_EXECUTED
/th/bermuda-visa-requirements,th,www2/th/bermuda-visa-requirements.html,0,0,0,Intention chevauchante avec le hub destination,/th/visa-bermuda,yes,PROPOSED_NOT_EXECUTED
/th/brazil-visa-fees,th,www2/th/brazil-visa-fees.html,0,0,0,Intention chevauchante avec le hub destination,/th/visa-brazil,yes,PROPOSED_NOT_EXECUTED
/th/brazil-visa-processing-time,th,www2/th/brazil-visa-processing-time.html,0,0,0,Intention chevauchante avec le hub destination,/th/visa-brazil,yes,PROPOSED_NOT_EXECUTED
/th/brazil-visa-requirements,th,www2/th/brazil-visa-requirements.html,0,0,0,Intention chevauchante avec le hub destination,/th/visa-brazil,yes,PROPOSED_NOT_EXECUTED
/th/cambodia-visa-fees,th,www2/th/cambodia-visa-fees.html,0,0,0,Intention chevauchante avec le hub destination,/th/visa-cambodia,yes,PROPOSED_NOT_EXECUTED
/th/cambodia-visa-processing-time,th,www2/th/cambodia-visa-processing-time.html,0,0,0,Intention chevauchante avec le hub destination,/th/visa-cambodia,yes,PROPOSED_NOT_EXECUTED
/th/cambodia-visa-requirements,th,www2/th/cambodia-visa-requirements.html,0,0,0,Intention chevauchante avec le hub destination,/th/visa-cambodia,yes,PROPOSED_NOT_EXECUTED
/th/canada-visa-fees,th,www2/th/canada-visa-fees.html,0,0,0,Intention chevauchante avec le hub destination,/th/visa-canada,yes,PROPOSED_NOT_EXECUTED
/th/canada-visa-requirements,th,www2/th/canada-visa-requirements.html,0,0,0,Intention chevauchante avec le hub destination,/th/visa-canada,yes,PROPOSED_NOT_EXECUTED
/th/cappadocia-visa-requirements,th,www2/th/cappadocia-visa-requirements.html,0,0,0,Intention chevauchante avec le hub destination,/th/visa-cappadocia,no,PROPOSED_NOT_EXECUTED
/th/china-visa-fees,th,www2/th/china-visa-fees.html,0,0,0,Intention chevauchante avec le hub destination,/th/visa-china,yes,PROPOSED_NOT_EXECUTED
/th/china-visa-processing-time,th,www2/th/china-visa-processing-time.html,0,0,0,Intention chevauchante avec le hub destination,/th/visa-china,yes,PROPOSED_NOT_EXECUTED
/th/china-visa-requirements,th,www2/th/china-visa-requirements.html,0,0,0,Intention chevauchante avec le hub destination,/th/visa-china,yes,PROPOSED_NOT_EXECUTED
/th/colombia-visa-requirements,th,www2/th/colombia-visa-requirements.html,0,0,0,Intention chevauchante avec le hub destination,/th/visa-colombia,yes,PROPOSED_NOT_EXECUTED
/th/costa-rica-visa-fees,th,www2/th/costa-rica-visa-fees.html,0,0,0,Intention chevauchante avec le hub destination,/th/visa-costa-rica,yes,PROPOSED_NOT_EXECUTED
/th/costa-rica-visa-processing-time,th,www2/th/costa-rica-visa-processing-time.html,0,0,0,Intention chevauchante avec le hub destination,/th/visa-costa-rica,yes,PROPOSED_NOT_EXECUTED
/th/costa-rica-visa-requirements,th,www2/th/costa-rica-visa-requirements.html,0,0,0,Intention chevauchante avec le hub destination,/th/visa-costa-rica,yes,PROPOSED_NOT_EXECUTED
/th/croatia-visa-fees,th,www2/th/croatia-visa-fees.html,0,0,0,Intention chevauchante avec le hub destination,/th/visa-croatia,yes,PROPOSED_NOT_EXECUTED
/th/croatia-visa-processing-time,th,www2/th/croatia-visa-processing-time.html,0,0,0,Intention chevauchante avec le hub destination,/th/visa-croatia,yes,PROPOSED_NOT_EXECUTED
/th/croatia-visa-requirements,th,www2/th/croatia-visa-requirements.html,0,0,0,Intention chevauchante avec le hub destination,/th/visa-croatia,yes,PROPOSED_NOT_EXECUTED
/th/czech-republic-visa-fees,th,www2/th/czech-republic-visa-fees.html,0,0,0,Intention chevauchante avec le hub destination,/th/visa-czech-republic,yes,PROPOSED_NOT_EXECUTED
/th/czech-republic-visa-processing-time,th,www2/th/czech-republic-visa-processing-time.html,0,0,0,Intention chevauchante avec le hub destination,/th/visa-czech-republic,yes,PROPOSED_NOT_EXECUTED
/th/czech-republic-visa-requirements,th,www2/th/czech-republic-visa-requirements.html,0,0,0,Intention chevauchante avec le hub destination,/th/visa-czech-republic,yes,PROPOSED_NOT_EXECUTED
/th/denmark-visa-fees,th,www2/th/denmark-visa-fees.html,0,0,0,Intention chevauchante avec le hub destination,/th/visa-denmark,yes,PROPOSED_NOT_EXECUTED
/th/denmark-visa-processing-time,th,www2/th/denmark-visa-processing-time.html,0,0,0,Intention chevauchante avec le hub destination,/th/visa-denmark,yes,PROPOSED_NOT_EXECUTED
/th/denmark-visa-requirements,th,www2/th/denmark-visa-requirements.html,0,0,0,Intention chevauchante avec le hub destination,/th/visa-denmark,yes,PROPOSED_NOT_EXECUTED
/th/france-visa-fees,th,www2/th/france-visa-fees.html,0,0,0,Intention chevauchante avec le hub destination,/th/visa-france,yes,PROPOSED_NOT_EXECUTED
/th/france-visa-processing-time,th,www2/th/france-visa-processing-time.html,0,0,0,Intention chevauchante avec le hub destination,/th/visa-france,yes,PROPOSED_NOT_EXECUTED
/th/france-visa-requirements,th,www2/th/france-visa-requirements.html,0,0,0,Intention chevauchante avec le hub destination,/th/visa-france,yes,PROPOSED_NOT_EXECUTED
/th/germany-visa-fees,th,www2/th/germany-visa-fees.html,0,0,0,Intention chevauchante avec le hub destination,/th/visa-germany,yes,PROPOSED_NOT_EXECUTED
/th/germany-visa-processing-time,th,www2/th/germany-visa-processing-time.html,0,0,0,Intention chevauchante avec le hub destination,/th/visa-germany,yes,PROPOSED_NOT_EXECUTED
/th/germany-visa-requirements,th,www2/th/germany-visa-requirements.html,0,0,0,Intention chevauchante avec le hub destination,/th/visa-germany,yes,PROPOSED_NOT_EXECUTED
/th/greece-visa-fees,th,www2/th/greece-visa-fees.html,0,0,0,Intention chevauchante avec le hub destination,/th/visa-greece,yes,PROPOSED_NOT_EXECUTED
/th/greece-visa-requirements,th,www2/th/greece-visa-requirements.html,0,0,0,Intention chevauchante avec le hub destination,/th/visa-greece,yes,PROPOSED_NOT_EXECUTED
/th/hong-kong-visa-fees,th,www2/th/hong-kong-visa-fees.html,0,0,0,Intention chevauchante avec le hub destination,/th/visa-hong-kong,yes,PROPOSED_NOT_EXECUTED
/th/hong-kong-visa-processing-time,th,www2/th/hong-kong-visa-processing-time.html,0,0,0,Intention chevauchante avec le hub destination,/th/visa-hong-kong,yes,PROPOSED_NOT_EXECUTED
/th/hong-kong-visa-requirements,th,www2/th/hong-kong-visa-requirements.html,0,0,0,Intention chevauchante avec le hub destination,/th/visa-hong-kong,yes,PROPOSED_NOT_EXECUTED
/th/hungary-visa-processing-time,th,www2/th/hungary-visa-processing-time.html,0,0,0,Intention chevauchante avec le hub destination,/th/visa-hungary,yes,PROPOSED_NOT_EXECUTED
/th/hungary-visa-requirements,th,www2/th/hungary-visa-requirements.html,0,0,0,Intention chevauchante avec le hub destination,/th/visa-hungary,yes,PROPOSED_NOT_EXECUTED
/th/india-visa-fees,th,www2/th/india-visa-fees.html,0,0,0,Intention chevauchante avec le hub destination,/th/visa-india,yes,PROPOSED_NOT_EXECUTED
/th/india-visa-processing-time,th,www2/th/india-visa-processing-time.html,0,0,0,Intention chevauchante avec le hub destination,/th/visa-india,yes,PROPOSED_NOT_EXECUTED
/th/indonesia-visa-fees,th,www2/th/indonesia-visa-fees.html,0,0,0,Intention chevauchante avec le hub destination,/th/visa-indonesia,yes,PROPOSED_NOT_EXECUTED
/th/indonesia-visa-processing-time,th,www2/th/indonesia-visa-processing-time.html,0,0,0,Intention chevauchante avec le hub destination,/th/visa-indonesia,yes,PROPOSED_NOT_EXECUTED
/th/indonesia-visa-requirements,th,www2/th/indonesia-visa-requirements.html,0,0,0,Intention chevauchante avec le hub destination,/th/visa-indonesia,yes,PROPOSED_NOT_EXECUTED
/th/ireland-visa-fees,th,www2/th/ireland-visa-fees.html,0,0,0,Intention chevauchante avec le hub destination,/th/visa-ireland,yes,PROPOSED_NOT_EXECUTED
/th/ireland-visa-processing-time,th,www2/th/ireland-visa-processing-time.html,0,0,0,Intention chevauchante avec le hub destination,/th/visa-ireland,yes,PROPOSED_NOT_EXECUTED
/th/ireland-visa-requirements,th,www2/th/ireland-visa-requirements.html,0,0,0,Intention chevauchante avec le hub destination,/th/visa-ireland,yes,PROPOSED_NOT_EXECUTED
/th/italy-visa-fees,th,www2/th/italy-visa-fees.html,0,0,0,Intention chevauchante avec le hub destination,/th/visa-italy,yes,PROPOSED_NOT_EXECUTED
/th/italy-visa-processing-time,th,www2/th/italy-visa-processing-time.html,0,0,0,Intention chevauchante avec le hub destination,/th/visa-italy,yes,PROPOSED_NOT_EXECUTED
/th/japan-visa-fees,th,www2/th/japan-visa-fees.html,0,0,0,Intention chevauchante avec le hub destination,/th/visa-japan,yes,PROPOSED_NOT_EXECUTED
/th/japan-visa-processing-time,th,www2/th/japan-visa-processing-time.html,0,0,0,Intention chevauchante avec le hub destination,/th/visa-japan,yes,PROPOSED_NOT_EXECUTED
/th/japan-visa-requirements,th,www2/th/japan-visa-requirements.html,0,0,0,Intention chevauchante avec le hub destination,/th/visa-japan,yes,PROPOSED_NOT_EXECUTED
/th/jordan-visa-requirements,th,www2/th/jordan-visa-requirements.html,0,0,0,Intention chevauchante avec le hub destination,/th/visa-jordan,yes,PROPOSED_NOT_EXECUTED
/th/laos-visa-requirements,th,www2/th/laos-visa-requirements.html,0,0,0,Intention chevauchante avec le hub destination,/th/visa-laos,yes,PROPOSED_NOT_EXECUTED
/th/macau-visa-requirements,th,www2/th/macau-visa-requirements.html,0,0,0,Intention chevauchante avec le hub destination,/th/visa-macau,yes,PROPOSED_NOT_EXECUTED
/th/machu-picchu-visa-requirements,th,www2/th/machu-picchu-visa-requirements.html,0,0,0,Intention chevauchante avec le hub destination,/th/visa-machu-picchu,no,PROPOSED_NOT_EXECUTED
/th/malaysia-visa-fees,th,www2/th/malaysia-visa-fees.html,0,0,0,Intention chevauchante avec le hub destination,/th/visa-malaysia,yes,PROPOSED_NOT_EXECUTED
/th/malaysia-visa-processing-time,th,www2/th/malaysia-visa-processing-time.html,0,0,0,Intention chevauchante avec le hub destination,/th/visa-malaysia,yes,PROPOSED_NOT_EXECUTED
/th/malaysia-visa-requirements,th,www2/th/malaysia-visa-requirements.html,0,0,0,Intention chevauchante avec le hub destination,/th/visa-malaysia,yes,PROPOSED_NOT_EXECUTED
/th/maldives-visa-fees,th,www2/th/maldives-visa-fees.html,0,0,0,Intention chevauchante avec le hub destination,/th/visa-maldives,yes,PROPOSED_NOT_EXECUTED
/th/maldives-visa-processing-time,th,www2/th/maldives-visa-processing-time.html,0,0,0,Intention chevauchante avec le hub destination,/th/visa-maldives,yes,PROPOSED_NOT_EXECUTED
/th/maldives-visa-requirements,th,www2/th/maldives-visa-requirements.html,0,0,0,Intention chevauchante avec le hub destination,/th/visa-maldives,yes,PROPOSED_NOT_EXECUTED
/th/mexico-visa-fees,th,www2/th/mexico-visa-fees.html,0,0,0,Intention chevauchante avec le hub destination,/th/visa-mexico,yes,PROPOSED_NOT_EXECUTED
/th/mexico-visa-processing-time,th,www2/th/mexico-visa-processing-time.html,0,0,0,Intention chevauchante avec le hub destination,/th/visa-mexico,yes,PROPOSED_NOT_EXECUTED
/th/mexico-visa-requirements,th,www2/th/mexico-visa-requirements.html,0,0,0,Intention chevauchante avec le hub destination,/th/visa-mexico,yes,PROPOSED_NOT_EXECUTED
/th/nepal-visa-fees,th,www2/th/nepal-visa-fees.html,0,0,0,Intention chevauchante avec le hub destination,/th/visa-nepal,yes,PROPOSED_NOT_EXECUTED
/th/nepal-visa-processing-time,th,www2/th/nepal-visa-processing-time.html,0,0,0,Intention chevauchante avec le hub destination,/th/visa-nepal,yes,PROPOSED_NOT_EXECUTED
/th/nepal-visa-requirements,th,www2/th/nepal-visa-requirements.html,0,0,0,Intention chevauchante avec le hub destination,/th/visa-nepal,yes,PROPOSED_NOT_EXECUTED
/th/netherlands-visa-fees,th,www2/th/netherlands-visa-fees.html,0,0,0,Intention chevauchante avec le hub destination,/th/visa-netherlands,yes,PROPOSED_NOT_EXECUTED
/th/netherlands-visa-processing-time,th,www2/th/netherlands-visa-processing-time.html,0,0,0,Intention chevauchante avec le hub destination,/th/visa-netherlands,yes,PROPOSED_NOT_EXECUTED
/th/netherlands-visa-requirements,th,www2/th/netherlands-visa-requirements.html,0,0,0,Intention chevauchante avec le hub destination,/th/visa-netherlands,yes,PROPOSED_NOT_EXECUTED
/th/new-zealand-visa-fees,th,www2/th/new-zealand-visa-fees.html,0,0,0,Intention chevauchante avec le hub destination,/th/visa-new-zealand,yes,PROPOSED_NOT_EXECUTED
/th/new-zealand-visa-processing-time,th,www2/th/new-zealand-visa-processing-time.html,0,0,0,Intention chevauchante avec le hub destination,/th/visa-new-zealand,yes,PROPOSED_NOT_EXECUTED
/th/new-zealand-visa-requirements,th,www2/th/new-zealand-visa-requirements.html,0,0,0,Intention chevauchante avec le hub destination,/th/visa-new-zealand,yes,PROPOSED_NOT_EXECUTED
/th/norway-visa-fees,th,www2/th/norway-visa-fees.html,0,0,0,Intention chevauchante avec le hub destination,/th/visa-norway,yes,PROPOSED_NOT_EXECUTED
/th/norway-visa-processing-time,th,www2/th/norway-visa-processing-time.html,0,0,0,Intention chevauchante avec le hub destination,/th/visa-norway,yes,PROPOSED_NOT_EXECUTED
/th/norway-visa-requirements,th,www2/th/norway-visa-requirements.html,0,0,0,Intention chevauchante avec le hub destination,/th/visa-norway,yes,PROPOSED_NOT_EXECUTED
/th/patagonia-visa-requirements,th,www2/th/patagonia-visa-requirements.html,0,0,0,Intention chevauchante avec le hub destination,/th/visa-patagonia,no,PROPOSED_NOT_EXECUTED
/th/philippines-visa-fees,th,www2/th/philippines-visa-fees.html,0,0,0,Intention chevauchante avec le hub destination,/th/visa-philippines,yes,PROPOSED_NOT_EXECUTED
/th/philippines-visa-processing-time,th,www2/th/philippines-visa-processing-time.html,0,0,0,Intention chevauchante avec le hub destination,/th/visa-philippines,yes,PROPOSED_NOT_EXECUTED
/th/philippines-visa-requirements,th,www2/th/philippines-visa-requirements.html,0,0,0,Intention chevauchante avec le hub destination,/th/visa-philippines,yes,PROPOSED_NOT_EXECUTED
/th/poland-visa-fees,th,www2/th/poland-visa-fees.html,0,0,0,Intention chevauchante avec le hub destination,/th/visa-poland,yes,PROPOSED_NOT_EXECUTED
/th/poland-visa-processing-time,th,www2/th/poland-visa-processing-time.html,0,0,0,Intention chevauchante avec le hub destination,/th/visa-poland,yes,PROPOSED_NOT_EXECUTED
/th/poland-visa-requirements,th,www2/th/poland-visa-requirements.html,0,0,0,Intention chevauchante avec le hub destination,/th/visa-poland,yes,PROPOSED_NOT_EXECUTED
/th/portugal-visa-fees,th,www2/th/portugal-visa-fees.html,0,0,0,Intention chevauchante avec le hub destination,/th/visa-portugal,yes,PROPOSED_NOT_EXECUTED
/th/portugal-visa-processing-time,th,www2/th/portugal-visa-processing-time.html,0,0,0,Intention chevauchante avec le hub destination,/th/visa-portugal,yes,PROPOSED_NOT_EXECUTED
/th/portugal-visa-requirements,th,www2/th/portugal-visa-requirements.html,0,0,0,Intention chevauchante avec le hub destination,/th/visa-portugal,yes,PROPOSED_NOT_EXECUTED
/th/qatar-visa-fees,th,www2/th/qatar-visa-fees.html,0,0,0,Intention chevauchante avec le hub destination,/th/visa-qatar,yes,PROPOSED_NOT_EXECUTED
/th/qatar-visa-processing-time,th,www2/th/qatar-visa-processing-time.html,0,0,0,Intention chevauchante avec le hub destination,/th/visa-qatar,yes,PROPOSED_NOT_EXECUTED
/th/qatar-visa-requirements,th,www2/th/qatar-visa-requirements.html,0,0,0,Intention chevauchante avec le hub destination,/th/visa-qatar,yes,PROPOSED_NOT_EXECUTED
/th/romania-visa-fees,th,www2/th/romania-visa-fees.html,0,0,0,Intention chevauchante avec le hub destination,/th/visa-romania,yes,PROPOSED_NOT_EXECUTED
/th/romania-visa-processing-time,th,www2/th/romania-visa-processing-time.html,0,0,0,Intention chevauchante avec le hub destination,/th/visa-romania,yes,PROPOSED_NOT_EXECUTED
/th/romania-visa-requirements,th,www2/th/romania-visa-requirements.html,0,0,0,Intention chevauchante avec le hub destination,/th/visa-romania,yes,PROPOSED_NOT_EXECUTED
/th/singapore-visa-fees,th,www2/th/singapore-visa-fees.html,0,0,0,Intention chevauchante avec le hub destination,/th/visa-singapore,yes,PROPOSED_NOT_EXECUTED
/th/singapore-visa-processing-time,th,www2/th/singapore-visa-processing-time.html,0,0,0,Intention chevauchante avec le hub destination,/th/visa-singapore,yes,PROPOSED_NOT_EXECUTED
/th/singapore-visa-requirements,th,www2/th/singapore-visa-requirements.html,0,0,0,Intention chevauchante avec le hub destination,/th/visa-singapore,yes,PROPOSED_NOT_EXECUTED
/th/spain-visa-fees,th,www2/th/spain-visa-fees.html,0,0,0,Intention chevauchante avec le hub destination,/th/visa-spain,yes,PROPOSED_NOT_EXECUTED
/th/spain-visa-processing-time,th,www2/th/spain-visa-processing-time.html,0,0,0,Intention chevauchante avec le hub destination,/th/visa-spain,yes,PROPOSED_NOT_EXECUTED
/th/spain-visa-requirements,th,www2/th/spain-visa-requirements.html,0,0,0,Intention chevauchante avec le hub destination,/th/visa-spain,yes,PROPOSED_NOT_EXECUTED
/th/sri-lanka-visa-fees,th,www2/th/sri-lanka-visa-fees.html,0,0,0,Intention chevauchante avec le hub destination,/th/visa-sri-lanka,yes,PROPOSED_NOT_EXECUTED
/th/sri-lanka-visa-processing-time,th,www2/th/sri-lanka-visa-processing-time.html,0,0,0,Intention chevauchante avec le hub destination,/th/visa-sri-lanka,yes,PROPOSED_NOT_EXECUTED
/th/sri-lanka-visa-requirements,th,www2/th/sri-lanka-visa-requirements.html,0,0,0,Intention chevauchante avec le hub destination,/th/visa-sri-lanka,yes,PROPOSED_NOT_EXECUTED
/th/sweden-visa-fees,th,www2/th/sweden-visa-fees.html,0,0,0,Intention chevauchante avec le hub destination,/th/visa-sweden,yes,PROPOSED_NOT_EXECUTED
/th/sweden-visa-processing-time,th,www2/th/sweden-visa-processing-time.html,0,0,0,Intention chevauchante avec le hub destination,/th/visa-sweden,yes,PROPOSED_NOT_EXECUTED
/th/sweden-visa-requirements,th,www2/th/sweden-visa-requirements.html,0,0,0,Intention chevauchante avec le hub destination,/th/visa-sweden,yes,PROPOSED_NOT_EXECUTED
/th/switzerland-visa-fees,th,www2/th/switzerland-visa-fees.html,0,0,0,Intention chevauchante avec le hub destination,/th/visa-switzerland,yes,PROPOSED_NOT_EXECUTED
/th/switzerland-visa-processing-time,th,www2/th/switzerland-visa-processing-time.html,0,0,0,Intention chevauchante avec le hub destination,/th/visa-switzerland,yes,PROPOSED_NOT_EXECUTED
/th/switzerland-visa-requirements,th,www2/th/switzerland-visa-requirements.html,0,0,0,Intention chevauchante avec le hub destination,/th/visa-switzerland,yes,PROPOSED_NOT_EXECUTED
/th/taipei-visa-requirements,th,www2/th/taipei-visa-requirements.html,0,0,0,Intention chevauchante avec le hub destination,/th/visa-taipei,no,PROPOSED_NOT_EXECUTED
/th/taiwan-visa-fees,th,www2/th/taiwan-visa-fees.html,0,0,0,Intention chevauchante avec le hub destination,/th/visa-taiwan,yes,PROPOSED_NOT_EXECUTED
/th/taiwan-visa-processing-time,th,www2/th/taiwan-visa-processing-time.html,0,0,0,Intention chevauchante avec le hub destination,/th/visa-taiwan,yes,PROPOSED_NOT_EXECUTED
/th/taiwan-visa-requirements,th,www2/th/taiwan-visa-requirements.html,0,0,0,Intention chevauchante avec le hub destination,/th/visa-taiwan,yes,PROPOSED_NOT_EXECUTED
/th/thailand-visa-fees,th,www2/th/thailand-visa-fees.html,0,0,0,Intention chevauchante avec le hub destination,/th/visa-thailand,yes,PROPOSED_NOT_EXECUTED
/th/thailand-visa-processing-time,th,www2/th/thailand-visa-processing-time.html,0,0,0,Intention chevauchante avec le hub destination,/th/visa-thailand,yes,PROPOSED_NOT_EXECUTED
/th/thailand-visa-requirements,th,www2/th/thailand-visa-requirements.html,0,0,0,Intention chevauchante avec le hub destination,/th/visa-thailand,yes,PROPOSED_NOT_EXECUTED
/th/turkey-visa-fees,th,www2/th/turkey-visa-fees.html,0,0,0,Intention chevauchante avec le hub destination,/th/visa-turkey,yes,PROPOSED_NOT_EXECUTED
/th/turkey-visa-processing-time,th,www2/th/turkey-visa-processing-time.html,0,0,0,Intention chevauchante avec le hub destination,/th/visa-turkey,yes,PROPOSED_NOT_EXECUTED
/th/turkey-visa-requirements,th,www2/th/turkey-visa-requirements.html,0,0,0,Intention chevauchante avec le hub destination,/th/visa-turkey,yes,PROPOSED_NOT_EXECUTED
/th/uae-visa-fees,th,www2/th/uae-visa-fees.html,0,0,0,Intention chevauchante avec le hub destination,/th/visa-uae,yes,PROPOSED_NOT_EXECUTED
/th/uae-visa-processing-time,th,www2/th/uae-visa-processing-time.html,0,0,0,Intention chevauchante avec le hub destination,/th/visa-uae,yes,PROPOSED_NOT_EXECUTED
/th/uae-visa-requirements,th,www2/th/uae-visa-requirements.html,0,0,0,Intention chevauchante avec le hub destination,/th/visa-uae,yes,PROPOSED_NOT_EXECUTED
/th/united-kingdom-visa-fees,th,www2/th/united-kingdom-visa-fees.html,0,0,0,Intention chevauchante avec le hub destination,/th/visa-united-kingdom,yes,PROPOSED_NOT_EXECUTED
/th/united-kingdom-visa-processing-time,th,www2/th/united-kingdom-visa-processing-time.html,0,0,0,Intention chevauchante avec le hub destination,/th/visa-united-kingdom,yes,PROPOSED_NOT_EXECUTED
/th/united-kingdom-visa-requirements,th,www2/th/united-kingdom-visa-requirements.html,0,0,0,Intention chevauchante avec le hub destination,/th/visa-united-kingdom,yes,PROPOSED_NOT_EXECUTED
/th/usa-visa-fees,th,www2/th/usa-visa-fees.html,0,0,0,Intention chevauchante avec le hub destination,/th/visa-usa,yes,PROPOSED_NOT_EXECUTED
/th/usa-visa-processing-time,th,www2/th/usa-visa-processing-time.html,0,0,0,Intention chevauchante avec le hub destination,/th/visa-usa,yes,PROPOSED_NOT_EXECUTED
/th/usa-visa-requirements,th,www2/th/usa-visa-requirements.html,0,0,0,Intention chevauchante avec le hub destination,/th/visa-usa,yes,PROPOSED_NOT_EXECUTED
/th/vietnam-visa-processing-time,th,www2/th/vietnam-visa-processing-time.html,0,0,0,Intention chevauchante avec le hub destination,/th/visa-vietnam,yes,PROPOSED_NOT_EXECUTED
/th/vietnam-visa-requirements,th,www2/th/vietnam-visa-requirements.html,0,0,0,Intention chevauchante avec le hub destination,/th/visa-vietnam,yes,PROPOSED_NOT_EXECUTED
/zh/amsterdam-visa-requirements,zh,www2/zh/amsterdam-visa-requirements.html,0,0,0,Intention chevauchante avec le hub destination,/zh/visa-amsterdam,no,PROPOSED_NOT_EXECUTED
/zh/argentina-visa-fees,zh,www2/zh/argentina-visa-fees.html,0,0,0,Intention chevauchante avec le hub destination,/zh/visa-argentina,yes,PROPOSED_NOT_EXECUTED
/zh/argentina-visa-processing-time,zh,www2/zh/argentina-visa-processing-time.html,0,0,0,Intention chevauchante avec le hub destination,/zh/visa-argentina,yes,PROPOSED_NOT_EXECUTED
/zh/argentina-visa-requirements,zh,www2/zh/argentina-visa-requirements.html,0,0,0,Intention chevauchante avec le hub destination,/zh/visa-argentina,yes,PROPOSED_NOT_EXECUTED
/zh/australia-visa-fees,zh,www2/zh/australia-visa-fees.html,0,0,0,Intention chevauchante avec le hub destination,/zh/visa-australia,yes,PROPOSED_NOT_EXECUTED
/zh/australia-visa-processing-time,zh,www2/zh/australia-visa-processing-time.html,0,0,0,Intention chevauchante avec le hub destination,/zh/visa-australia,yes,PROPOSED_NOT_EXECUTED
/zh/australia-visa-requirements,zh,www2/zh/australia-visa-requirements.html,0,0,0,Intention chevauchante avec le hub destination,/zh/visa-australia,yes,PROPOSED_NOT_EXECUTED
/zh/austria-visa-fees,zh,www2/zh/austria-visa-fees.html,0,0,0,Intention chevauchante avec le hub destination,/zh/visa-austria,yes,PROPOSED_NOT_EXECUTED
/zh/austria-visa-processing-time,zh,www2/zh/austria-visa-processing-time.html,0,0,0,Intention chevauchante avec le hub destination,/zh/visa-austria,yes,PROPOSED_NOT_EXECUTED
/zh/austria-visa-requirements,zh,www2/zh/austria-visa-requirements.html,0,0,0,Intention chevauchante avec le hub destination,/zh/visa-austria,yes,PROPOSED_NOT_EXECUTED
/zh/belgium-visa-requirements,zh,www2/zh/belgium-visa-requirements.html,0,0,0,Intention chevauchante avec le hub destination,/zh/visa-belgium,yes,PROPOSED_NOT_EXECUTED
/zh/bermuda-visa-requirements,zh,www2/zh/bermuda-visa-requirements.html,0,0,0,Intention chevauchante avec le hub destination,/zh/visa-bermuda,yes,PROPOSED_NOT_EXECUTED
/zh/brazil-visa-fees,zh,www2/zh/brazil-visa-fees.html,0,0,0,Intention chevauchante avec le hub destination,/zh/visa-brazil,yes,PROPOSED_NOT_EXECUTED
/zh/brazil-visa-processing-time,zh,www2/zh/brazil-visa-processing-time.html,0,0,0,Intention chevauchante avec le hub destination,/zh/visa-brazil,yes,PROPOSED_NOT_EXECUTED
/zh/brazil-visa-requirements,zh,www2/zh/brazil-visa-requirements.html,0,0,0,Intention chevauchante avec le hub destination,/zh/visa-brazil,yes,PROPOSED_NOT_EXECUTED
/zh/cambodia-visa-fees,zh,www2/zh/cambodia-visa-fees.html,0,0,0,Intention chevauchante avec le hub destination,/zh/visa-cambodia,yes,PROPOSED_NOT_EXECUTED
/zh/cambodia-visa-processing-time,zh,www2/zh/cambodia-visa-processing-time.html,0,0,0,Intention chevauchante avec le hub destination,/zh/visa-cambodia,yes,PROPOSED_NOT_EXECUTED
/zh/canada-visa-fees,zh,www2/zh/canada-visa-fees.html,0,0,0,Intention chevauchante avec le hub destination,/zh/visa-canada,yes,PROPOSED_NOT_EXECUTED
/zh/canada-visa-requirements,zh,www2/zh/canada-visa-requirements.html,0,0,0,Intention chevauchante avec le hub destination,/zh/visa-canada,yes,PROPOSED_NOT_EXECUTED
/zh/cappadocia-visa-requirements,zh,www2/zh/cappadocia-visa-requirements.html,0,0,0,Intention chevauchante avec le hub destination,/zh/visa-cappadocia,no,PROPOSED_NOT_EXECUTED
/zh/china-visa-fees,zh,www2/zh/china-visa-fees.html,0,0,0,Intention chevauchante avec le hub destination,/zh/visa-china,yes,PROPOSED_NOT_EXECUTED
/zh/china-visa-processing-time,zh,www2/zh/china-visa-processing-time.html,0,0,0,Intention chevauchante avec le hub destination,/zh/visa-china,yes,PROPOSED_NOT_EXECUTED
/zh/china-visa-requirements,zh,www2/zh/china-visa-requirements.html,0,0,0,Intention chevauchante avec le hub destination,/zh/visa-china,yes,PROPOSED_NOT_EXECUTED
/zh/colombia-visa-fees,zh,www2/zh/colombia-visa-fees.html,0,0,0,Intention chevauchante avec le hub destination,/zh/visa-colombia,yes,PROPOSED_NOT_EXECUTED
/zh/colombia-visa-processing-time,zh,www2/zh/colombia-visa-processing-time.html,0,0,0,Intention chevauchante avec le hub destination,/zh/visa-colombia,yes,PROPOSED_NOT_EXECUTED
/zh/colombia-visa-requirements,zh,www2/zh/colombia-visa-requirements.html,0,0,0,Intention chevauchante avec le hub destination,/zh/visa-colombia,yes,PROPOSED_NOT_EXECUTED
/zh/costa-rica-visa-fees,zh,www2/zh/costa-rica-visa-fees.html,0,0,0,Intention chevauchante avec le hub destination,/zh/visa-costa-rica,yes,PROPOSED_NOT_EXECUTED
/zh/costa-rica-visa-processing-time,zh,www2/zh/costa-rica-visa-processing-time.html,0,0,0,Intention chevauchante avec le hub destination,/zh/visa-costa-rica,yes,PROPOSED_NOT_EXECUTED
/zh/costa-rica-visa-requirements,zh,www2/zh/costa-rica-visa-requirements.html,0,0,0,Intention chevauchante avec le hub destination,/zh/visa-costa-rica,yes,PROPOSED_NOT_EXECUTED
/zh/croatia-visa-fees,zh,www2/zh/croatia-visa-fees.html,0,0,0,Intention chevauchante avec le hub destination,/zh/visa-croatia,yes,PROPOSED_NOT_EXECUTED
/zh/croatia-visa-processing-time,zh,www2/zh/croatia-visa-processing-time.html,0,0,0,Intention chevauchante avec le hub destination,/zh/visa-croatia,yes,PROPOSED_NOT_EXECUTED
/zh/croatia-visa-requirements,zh,www2/zh/croatia-visa-requirements.html,0,0,0,Intention chevauchante avec le hub destination,/zh/visa-croatia,yes,PROPOSED_NOT_EXECUTED
/zh/czech-republic-visa-fees,zh,www2/zh/czech-republic-visa-fees.html,0,0,0,Intention chevauchante avec le hub destination,/zh/visa-czech-republic,yes,PROPOSED_NOT_EXECUTED
/zh/czech-republic-visa-processing-time,zh,www2/zh/czech-republic-visa-processing-time.html,0,0,0,Intention chevauchante avec le hub destination,/zh/visa-czech-republic,yes,PROPOSED_NOT_EXECUTED
/zh/czech-republic-visa-requirements,zh,www2/zh/czech-republic-visa-requirements.html,0,0,0,Intention chevauchante avec le hub destination,/zh/visa-czech-republic,yes,PROPOSED_NOT_EXECUTED
/zh/denmark-visa-fees,zh,www2/zh/denmark-visa-fees.html,0,0,0,Intention chevauchante avec le hub destination,/zh/visa-denmark,yes,PROPOSED_NOT_EXECUTED
/zh/denmark-visa-processing-time,zh,www2/zh/denmark-visa-processing-time.html,0,0,0,Intention chevauchante avec le hub destination,/zh/visa-denmark,yes,PROPOSED_NOT_EXECUTED
/zh/denmark-visa-requirements,zh,www2/zh/denmark-visa-requirements.html,0,0,0,Intention chevauchante avec le hub destination,/zh/visa-denmark,yes,PROPOSED_NOT_EXECUTED
/zh/france-visa-fees,zh,www2/zh/france-visa-fees.html,0,0,0,Intention chevauchante avec le hub destination,/zh/visa-france,yes,PROPOSED_NOT_EXECUTED
/zh/france-visa-processing-time,zh,www2/zh/france-visa-processing-time.html,0,0,0,Intention chevauchante avec le hub destination,/zh/visa-france,yes,PROPOSED_NOT_EXECUTED
/zh/france-visa-requirements,zh,www2/zh/france-visa-requirements.html,0,0,0,Intention chevauchante avec le hub destination,/zh/visa-france,yes,PROPOSED_NOT_EXECUTED
/zh/germany-visa-processing-time,zh,www2/zh/germany-visa-processing-time.html,0,0,0,Intention chevauchante avec le hub destination,/zh/visa-germany,yes,PROPOSED_NOT_EXECUTED
/zh/germany-visa-requirements,zh,www2/zh/germany-visa-requirements.html,0,0,0,Intention chevauchante avec le hub destination,/zh/visa-germany,yes,PROPOSED_NOT_EXECUTED
/zh/greece-visa-fees,zh,www2/zh/greece-visa-fees.html,0,0,0,Intention chevauchante avec le hub destination,/zh/visa-greece,yes,PROPOSED_NOT_EXECUTED
/zh/greece-visa-processing-time,zh,www2/zh/greece-visa-processing-time.html,0,0,0,Intention chevauchante avec le hub destination,/zh/visa-greece,yes,PROPOSED_NOT_EXECUTED
/zh/hong-kong-visa-fees,zh,www2/zh/hong-kong-visa-fees.html,0,0,0,Intention chevauchante avec le hub destination,/zh/visa-hong-kong,yes,PROPOSED_NOT_EXECUTED
/zh/hong-kong-visa-processing-time,zh,www2/zh/hong-kong-visa-processing-time.html,0,0,0,Intention chevauchante avec le hub destination,/zh/visa-hong-kong,yes,PROPOSED_NOT_EXECUTED
/zh/hong-kong-visa-requirements,zh,www2/zh/hong-kong-visa-requirements.html,0,0,0,Intention chevauchante avec le hub destination,/zh/visa-hong-kong,yes,PROPOSED_NOT_EXECUTED
/zh/hungary-visa-processing-time,zh,www2/zh/hungary-visa-processing-time.html,0,0,0,Intention chevauchante avec le hub destination,/zh/visa-hungary,yes,PROPOSED_NOT_EXECUTED
/zh/hungary-visa-requirements,zh,www2/zh/hungary-visa-requirements.html,0,0,0,Intention chevauchante avec le hub destination,/zh/visa-hungary,yes,PROPOSED_NOT_EXECUTED
/zh/india-visa-fees,zh,www2/zh/india-visa-fees.html,0,0,0,Intention chevauchante avec le hub destination,/zh/visa-india,yes,PROPOSED_NOT_EXECUTED
/zh/india-visa-processing-time,zh,www2/zh/india-visa-processing-time.html,0,0,0,Intention chevauchante avec le hub destination,/zh/visa-india,yes,PROPOSED_NOT_EXECUTED
/zh/india-visa-requirements,zh,www2/zh/india-visa-requirements.html,0,0,0,Intention chevauchante avec le hub destination,/zh/visa-india,yes,PROPOSED_NOT_EXECUTED
/zh/indonesia-visa-fees,zh,www2/zh/indonesia-visa-fees.html,0,0,0,Intention chevauchante avec le hub destination,/zh/visa-indonesia,yes,PROPOSED_NOT_EXECUTED
/zh/indonesia-visa-processing-time,zh,www2/zh/indonesia-visa-processing-time.html,0,0,0,Intention chevauchante avec le hub destination,/zh/visa-indonesia,yes,PROPOSED_NOT_EXECUTED
/zh/indonesia-visa-requirements,zh,www2/zh/indonesia-visa-requirements.html,0,0,0,Intention chevauchante avec le hub destination,/zh/visa-indonesia,yes,PROPOSED_NOT_EXECUTED
/zh/ireland-visa-fees,zh,www2/zh/ireland-visa-fees.html,0,0,0,Intention chevauchante avec le hub destination,/zh/visa-ireland,yes,PROPOSED_NOT_EXECUTED
/zh/ireland-visa-requirements,zh,www2/zh/ireland-visa-requirements.html,0,0,0,Intention chevauchante avec le hub destination,/zh/visa-ireland,yes,PROPOSED_NOT_EXECUTED
/zh/italy-visa-processing-time,zh,www2/zh/italy-visa-processing-time.html,0,0,0,Intention chevauchante avec le hub destination,/zh/visa-italy,yes,PROPOSED_NOT_EXECUTED
/zh/italy-visa-requirements,zh,www2/zh/italy-visa-requirements.html,0,0,0,Intention chevauchante avec le hub destination,/zh/visa-italy,yes,PROPOSED_NOT_EXECUTED
/zh/japan-visa-fees,zh,www2/zh/japan-visa-fees.html,0,0,0,Intention chevauchante avec le hub destination,/zh/visa-japan,yes,PROPOSED_NOT_EXECUTED
/zh/japan-visa-requirements,zh,www2/zh/japan-visa-requirements.html,0,0,0,Intention chevauchante avec le hub destination,/zh/visa-japan,yes,PROPOSED_NOT_EXECUTED
/zh/jordan-visa-fees,zh,www2/zh/jordan-visa-fees.html,0,0,0,Intention chevauchante avec le hub destination,/zh/visa-jordan,yes,PROPOSED_NOT_EXECUTED
/zh/jordan-visa-processing-time,zh,www2/zh/jordan-visa-processing-time.html,0,0,0,Intention chevauchante avec le hub destination,/zh/visa-jordan,yes,PROPOSED_NOT_EXECUTED
/zh/laos-visa-requirements,zh,www2/zh/laos-visa-requirements.html,0,0,0,Intention chevauchante avec le hub destination,/zh/visa-laos,yes,PROPOSED_NOT_EXECUTED
/zh/macau-visa-requirements,zh,www2/zh/macau-visa-requirements.html,0,0,0,Intention chevauchante avec le hub destination,/zh/visa-macau,yes,PROPOSED_NOT_EXECUTED
/zh/machu-picchu-visa-requirements,zh,www2/zh/machu-picchu-visa-requirements.html,0,0,0,Intention chevauchante avec le hub destination,/zh/visa-machu-picchu,no,PROPOSED_NOT_EXECUTED
/zh/malaysia-visa-fees,zh,www2/zh/malaysia-visa-fees.html,0,0,0,Intention chevauchante avec le hub destination,/zh/visa-malaysia,yes,PROPOSED_NOT_EXECUTED
/zh/malaysia-visa-processing-time,zh,www2/zh/malaysia-visa-processing-time.html,0,0,0,Intention chevauchante avec le hub destination,/zh/visa-malaysia,yes,PROPOSED_NOT_EXECUTED
/zh/malaysia-visa-requirements,zh,www2/zh/malaysia-visa-requirements.html,0,0,0,Intention chevauchante avec le hub destination,/zh/visa-malaysia,yes,PROPOSED_NOT_EXECUTED
/zh/maldives-visa-fees,zh,www2/zh/maldives-visa-fees.html,0,0,0,Intention chevauchante avec le hub destination,/zh/visa-maldives,yes,PROPOSED_NOT_EXECUTED
/zh/maldives-visa-processing-time,zh,www2/zh/maldives-visa-processing-time.html,0,0,0,Intention chevauchante avec le hub destination,/zh/visa-maldives,yes,PROPOSED_NOT_EXECUTED
/zh/maldives-visa-requirements,zh,www2/zh/maldives-visa-requirements.html,0,0,0,Intention chevauchante avec le hub destination,/zh/visa-maldives,yes,PROPOSED_NOT_EXECUTED
/zh/mexico-visa-fees,zh,www2/zh/mexico-visa-fees.html,0,0,0,Intention chevauchante avec le hub destination,/zh/visa-mexico,yes,PROPOSED_NOT_EXECUTED
/zh/mexico-visa-processing-time,zh,www2/zh/mexico-visa-processing-time.html,0,0,0,Intention chevauchante avec le hub destination,/zh/visa-mexico,yes,PROPOSED_NOT_EXECUTED
/zh/mexico-visa-requirements,zh,www2/zh/mexico-visa-requirements.html,0,0,0,Intention chevauchante avec le hub destination,/zh/visa-mexico,yes,PROPOSED_NOT_EXECUTED
/zh/nepal-visa-fees,zh,www2/zh/nepal-visa-fees.html,0,0,0,Intention chevauchante avec le hub destination,/zh/visa-nepal,yes,PROPOSED_NOT_EXECUTED
/zh/nepal-visa-processing-time,zh,www2/zh/nepal-visa-processing-time.html,0,0,0,Intention chevauchante avec le hub destination,/zh/visa-nepal,yes,PROPOSED_NOT_EXECUTED
/zh/nepal-visa-requirements,zh,www2/zh/nepal-visa-requirements.html,0,0,0,Intention chevauchante avec le hub destination,/zh/visa-nepal,yes,PROPOSED_NOT_EXECUTED
/zh/netherlands-visa-fees,zh,www2/zh/netherlands-visa-fees.html,0,0,0,Intention chevauchante avec le hub destination,/zh/visa-netherlands,yes,PROPOSED_NOT_EXECUTED
/zh/netherlands-visa-processing-time,zh,www2/zh/netherlands-visa-processing-time.html,0,0,0,Intention chevauchante avec le hub destination,/zh/visa-netherlands,yes,PROPOSED_NOT_EXECUTED
/zh/netherlands-visa-requirements,zh,www2/zh/netherlands-visa-requirements.html,0,0,0,Intention chevauchante avec le hub destination,/zh/visa-netherlands,yes,PROPOSED_NOT_EXECUTED
/zh/new-zealand-visa-fees,zh,www2/zh/new-zealand-visa-fees.html,0,0,0,Intention chevauchante avec le hub destination,/zh/visa-new-zealand,yes,PROPOSED_NOT_EXECUTED
/zh/new-zealand-visa-requirements,zh,www2/zh/new-zealand-visa-requirements.html,0,0,0,Intention chevauchante avec le hub destination,/zh/visa-new-zealand,yes,PROPOSED_NOT_EXECUTED
/zh/norway-visa-fees,zh,www2/zh/norway-visa-fees.html,0,0,0,Intention chevauchante avec le hub destination,/zh/visa-norway,yes,PROPOSED_NOT_EXECUTED
/zh/norway-visa-processing-time,zh,www2/zh/norway-visa-processing-time.html,0,0,0,Intention chevauchante avec le hub destination,/zh/visa-norway,yes,PROPOSED_NOT_EXECUTED
/zh/norway-visa-requirements,zh,www2/zh/norway-visa-requirements.html,0,0,0,Intention chevauchante avec le hub destination,/zh/visa-norway,yes,PROPOSED_NOT_EXECUTED
/zh/patagonia-visa-requirements,zh,www2/zh/patagonia-visa-requirements.html,0,0,0,Intention chevauchante avec le hub destination,/zh/visa-patagonia,no,PROPOSED_NOT_EXECUTED
/zh/philippines-visa-fees,zh,www2/zh/philippines-visa-fees.html,0,0,0,Intention chevauchante avec le hub destination,/zh/visa-philippines,yes,PROPOSED_NOT_EXECUTED
/zh/philippines-visa-processing-time,zh,www2/zh/philippines-visa-processing-time.html,0,0,0,Intention chevauchante avec le hub destination,/zh/visa-philippines,yes,PROPOSED_NOT_EXECUTED
/zh/philippines-visa-requirements,zh,www2/zh/philippines-visa-requirements.html,0,0,0,Intention chevauchante avec le hub destination,/zh/visa-philippines,yes,PROPOSED_NOT_EXECUTED
/zh/poland-visa-fees,zh,www2/zh/poland-visa-fees.html,0,0,0,Intention chevauchante avec le hub destination,/zh/visa-poland,yes,PROPOSED_NOT_EXECUTED
/zh/poland-visa-processing-time,zh,www2/zh/poland-visa-processing-time.html,0,0,0,Intention chevauchante avec le hub destination,/zh/visa-poland,yes,PROPOSED_NOT_EXECUTED
/zh/poland-visa-requirements,zh,www2/zh/poland-visa-requirements.html,0,0,0,Intention chevauchante avec le hub destination,/zh/visa-poland,yes,PROPOSED_NOT_EXECUTED
/zh/portugal-visa-fees,zh,www2/zh/portugal-visa-fees.html,0,0,0,Intention chevauchante avec le hub destination,/zh/visa-portugal,yes,PROPOSED_NOT_EXECUTED
/zh/portugal-visa-processing-time,zh,www2/zh/portugal-visa-processing-time.html,0,0,0,Intention chevauchante avec le hub destination,/zh/visa-portugal,yes,PROPOSED_NOT_EXECUTED
/zh/portugal-visa-requirements,zh,www2/zh/portugal-visa-requirements.html,0,0,0,Intention chevauchante avec le hub destination,/zh/visa-portugal,yes,PROPOSED_NOT_EXECUTED
/zh/qatar-visa-fees,zh,www2/zh/qatar-visa-fees.html,0,0,0,Intention chevauchante avec le hub destination,/zh/visa-qatar,yes,PROPOSED_NOT_EXECUTED
/zh/qatar-visa-processing-time,zh,www2/zh/qatar-visa-processing-time.html,0,0,0,Intention chevauchante avec le hub destination,/zh/visa-qatar,yes,PROPOSED_NOT_EXECUTED
/zh/qatar-visa-requirements,zh,www2/zh/qatar-visa-requirements.html,0,0,0,Intention chevauchante avec le hub destination,/zh/visa-qatar,yes,PROPOSED_NOT_EXECUTED
/zh/romania-visa-fees,zh,www2/zh/romania-visa-fees.html,0,0,0,Intention chevauchante avec le hub destination,/zh/visa-romania,yes,PROPOSED_NOT_EXECUTED
/zh/singapore-visa-fees,zh,www2/zh/singapore-visa-fees.html,0,0,0,Intention chevauchante avec le hub destination,/zh/visa-singapore,yes,PROPOSED_NOT_EXECUTED
/zh/singapore-visa-processing-time,zh,www2/zh/singapore-visa-processing-time.html,0,0,0,Intention chevauchante avec le hub destination,/zh/visa-singapore,yes,PROPOSED_NOT_EXECUTED
/zh/singapore-visa-requirements,zh,www2/zh/singapore-visa-requirements.html,0,0,0,Intention chevauchante avec le hub destination,/zh/visa-singapore,yes,PROPOSED_NOT_EXECUTED
/zh/spain-visa-fees,zh,www2/zh/spain-visa-fees.html,0,0,0,Intention chevauchante avec le hub destination,/zh/visa-spain,yes,PROPOSED_NOT_EXECUTED
/zh/spain-visa-processing-time,zh,www2/zh/spain-visa-processing-time.html,0,0,0,Intention chevauchante avec le hub destination,/zh/visa-spain,yes,PROPOSED_NOT_EXECUTED
/zh/spain-visa-requirements,zh,www2/zh/spain-visa-requirements.html,0,0,0,Intention chevauchante avec le hub destination,/zh/visa-spain,yes,PROPOSED_NOT_EXECUTED
/zh/sri-lanka-visa-fees,zh,www2/zh/sri-lanka-visa-fees.html,0,0,0,Intention chevauchante avec le hub destination,/zh/visa-sri-lanka,yes,PROPOSED_NOT_EXECUTED
/zh/sri-lanka-visa-processing-time,zh,www2/zh/sri-lanka-visa-processing-time.html,0,0,0,Intention chevauchante avec le hub destination,/zh/visa-sri-lanka,yes,PROPOSED_NOT_EXECUTED
/zh/sweden-visa-fees,zh,www2/zh/sweden-visa-fees.html,0,0,0,Intention chevauchante avec le hub destination,/zh/visa-sweden,yes,PROPOSED_NOT_EXECUTED
/zh/sweden-visa-processing-time,zh,www2/zh/sweden-visa-processing-time.html,0,0,0,Intention chevauchante avec le hub destination,/zh/visa-sweden,yes,PROPOSED_NOT_EXECUTED
/zh/sweden-visa-requirements,zh,www2/zh/sweden-visa-requirements.html,0,0,0,Intention chevauchante avec le hub destination,/zh/visa-sweden,yes,PROPOSED_NOT_EXECUTED
/zh/switzerland-visa-fees,zh,www2/zh/switzerland-visa-fees.html,0,0,0,Intention chevauchante avec le hub destination,/zh/visa-switzerland,yes,PROPOSED_NOT_EXECUTED
/zh/switzerland-visa-processing-time,zh,www2/zh/switzerland-visa-processing-time.html,0,0,0,Intention chevauchante avec le hub destination,/zh/visa-switzerland,yes,PROPOSED_NOT_EXECUTED
/zh/switzerland-visa-requirements,zh,www2/zh/switzerland-visa-requirements.html,0,0,0,Intention chevauchante avec le hub destination,/zh/visa-switzerland,yes,PROPOSED_NOT_EXECUTED
/zh/taipei-visa-requirements,zh,www2/zh/taipei-visa-requirements.html,0,0,0,Intention chevauchante avec le hub destination,/zh/visa-taipei,no,PROPOSED_NOT_EXECUTED
/zh/taiwan-visa-fees,zh,www2/zh/taiwan-visa-fees.html,0,0,0,Intention chevauchante avec le hub destination,/zh/visa-taiwan,yes,PROPOSED_NOT_EXECUTED
/zh/taiwan-visa-processing-time,zh,www2/zh/taiwan-visa-processing-time.html,0,0,0,Intention chevauchante avec le hub destination,/zh/visa-taiwan,yes,PROPOSED_NOT_EXECUTED
/zh/taiwan-visa-requirements,zh,www2/zh/taiwan-visa-requirements.html,0,0,0,Intention chevauchante avec le hub destination,/zh/visa-taiwan,yes,PROPOSED_NOT_EXECUTED
/zh/thailand-visa-fees,zh,www2/zh/thailand-visa-fees.html,0,0,0,Intention chevauchante avec le hub destination,/zh/visa-thailand,yes,PROPOSED_NOT_EXECUTED
/zh/thailand-visa-processing-time,zh,www2/zh/thailand-visa-processing-time.html,0,0,0,Intention chevauchante avec le hub destination,/zh/visa-thailand,yes,PROPOSED_NOT_EXECUTED
/zh/thailand-visa-requirements,zh,www2/zh/thailand-visa-requirements.html,0,0,0,Intention chevauchante avec le hub destination,/zh/visa-thailand,yes,PROPOSED_NOT_EXECUTED
/zh/turkey-visa-fees,zh,www2/zh/turkey-visa-fees.html,0,0,0,Intention chevauchante avec le hub destination,/zh/visa-turkey,yes,PROPOSED_NOT_EXECUTED
/zh/turkey-visa-processing-time,zh,www2/zh/turkey-visa-processing-time.html,0,0,0,Intention chevauchante avec le hub destination,/zh/visa-turkey,yes,PROPOSED_NOT_EXECUTED
/zh/uae-visa-fees,zh,www2/zh/uae-visa-fees.html,0,0,0,Intention chevauchante avec le hub destination,/zh/visa-uae,yes,PROPOSED_NOT_EXECUTED
/zh/uae-visa-processing-time,zh,www2/zh/uae-visa-processing-time.html,0,0,0,Intention chevauchante avec le hub destination,/zh/visa-uae,yes,PROPOSED_NOT_EXECUTED
/zh/uae-visa-requirements,zh,www2/zh/uae-visa-requirements.html,0,0,0,Intention chevauchante avec le hub destination,/zh/visa-uae,yes,PROPOSED_NOT_EXECUTED
/zh/united-kingdom-visa-fees,zh,www2/zh/united-kingdom-visa-fees.html,0,0,0,Intention chevauchante avec le hub destination,/zh/visa-united-kingdom,yes,PROPOSED_NOT_EXECUTED
/zh/united-kingdom-visa-processing-time,zh,www2/zh/united-kingdom-visa-processing-time.html,0,0,0,Intention chevauchante avec le hub destination,/zh/visa-united-kingdom,yes,PROPOSED_NOT_EXECUTED
/zh/united-kingdom-visa-requirements,zh,www2/zh/united-kingdom-visa-requirements.html,0,0,0,Intention chevauchante avec le hub destination,/zh/visa-united-kingdom,yes,PROPOSED_NOT_EXECUTED
/zh/usa-visa-fees,zh,www2/zh/usa-visa-fees.html,0,0,0,Intention chevauchante avec le hub destination,/zh/visa-usa,yes,PROPOSED_NOT_EXECUTED
/zh/usa-visa-processing-time,zh,www2/zh/usa-visa-processing-time.html,0,0,0,Intention chevauchante avec le hub destination,/zh/visa-usa,yes,PROPOSED_NOT_EXECUTED
/zh/usa-visa-requirements,zh,www2/zh/usa-visa-requirements.html,0,0,0,Intention chevauchante avec le hub destination,/zh/visa-usa,yes,PROPOSED_NOT_EXECUTED
/zh/vietnam-visa-fees,zh,www2/zh/vietnam-visa-fees.html,0,0,0,Intention chevauchante avec le hub destination,/zh/visa-vietnam,yes,PROPOSED_NOT_EXECUTED
/zh/vietnam-visa-processing-time,zh,www2/zh/vietnam-visa-processing-time.html,0,0,0,Intention chevauchante avec le hub destination,/zh/visa-vietnam,yes,PROPOSED_NOT_EXECUTED
/zh/vietnam-visa-requirements,zh,www2/zh/vietnam-visa-requirements.html,0,0,0,Intention chevauchante avec le hub destination,/zh/visa-vietnam,yes,PROPOSED_NOT_EXECUTED
