old_url,new_url,status,reason,equivalent_intent,source_file
/ar/argentina-visa-fees,/ar/visa-argentina,301,Lot B : consolidation famille fees/requirements/processing-time dans le hub destination,"oui : le hub couvre frais, documents et delais",inventory/MERGED_URLS.csv
/ar/argentina-visa-processing-time,/ar/visa-argentina,301,Lot B : consolidation famille fees/requirements/processing-time dans le hub destination,"oui : le hub couvre frais, documents et delais",inventory/MERGED_URLS.csv
/ar/argentina-visa-requirements,/ar/visa-argentina,301,Lot B : consolidation famille fees/requirements/processing-time dans le hub destination,"oui : le hub couvre frais, documents et delais",inventory/MERGED_URLS.csv
/ar/australia-visa-fees,/ar/visa-australia,301,Lot B : consolidation famille fees/requirements/processing-time dans le hub destination,"oui : le hub couvre frais, documents et delais",inventory/MERGED_URLS.csv
/ar/australia-visa-processing-time,/ar/visa-australia,301,Lot B : consolidation famille fees/requirements/processing-time dans le hub destination,"oui : le hub couvre frais, documents et delais",inventory/MERGED_URLS.csv
/ar/australia-visa-requirements,/ar/visa-australia,301,Lot B : consolidation famille fees/requirements/processing-time dans le hub destination,"oui : le hub couvre frais, documents et delais",inventory/MERGED_URLS.csv
/ar/austria-visa-fees,/ar/visa-austria,301,Lot B : consolidation famille fees/requirements/processing-time dans le hub destination,"oui : le hub couvre frais, documents et delais",inventory/MERGED_URLS.csv
/ar/austria-visa-processing-time,/ar/visa-austria,301,Lot B : consolidation famille fees/requirements/processing-time dans le hub destination,"oui : le hub couvre frais, documents et delais",inventory/MERGED_URLS.csv
/ar/austria-visa-requirements,/ar/visa-austria,301,Lot B : consolidation famille fees/requirements/processing-time dans le hub destination,"oui : le hub couvre frais, documents et delais",inventory/MERGED_URLS.csv
/ar/belgium-visa-fees,/ar/visa-belgium,301,Lot B : consolidation famille fees/requirements/processing-time dans le hub destination,"oui : le hub couvre frais, documents et delais",inventory/MERGED_URLS.csv
/ar/belgium-visa-requirements,/ar/visa-belgium,301,Lot B : consolidation famille fees/requirements/processing-time dans le hub destination,"oui : le hub couvre frais, documents et delais",inventory/MERGED_URLS.csv
/ar/bermuda-visa-requirements,/ar/visa-bermuda,301,Lot B : consolidation famille fees/requirements/processing-time dans le hub destination,"oui : le hub couvre frais, documents et delais",inventory/MERGED_URLS.csv
/ar/brazil-visa-fees,/ar/visa-brazil,301,Lot B : consolidation famille fees/requirements/processing-time dans le hub destination,"oui : le hub couvre frais, documents et delais",inventory/MERGED_URLS.csv
/ar/brazil-visa-processing-time,/ar/visa-brazil,301,Lot B : consolidation famille fees/requirements/processing-time dans le hub destination,"oui : le hub couvre frais, documents et delais",inventory/MERGED_URLS.csv
/ar/brazil-visa-requirements,/ar/visa-brazil,301,Lot B : consolidation famille fees/requirements/processing-time dans le hub destination,"oui : le hub couvre frais, documents et delais",inventory/MERGED_URLS.csv
/ar/cambodia-visa-fees,/ar/visa-cambodia,301,Lot B : consolidation famille fees/requirements/processing-time dans le hub destination,"oui : le hub couvre frais, documents et delais",inventory/MERGED_URLS.csv
/ar/cambodia-visa-processing-time,/ar/visa-cambodia,301,Lot B : consolidation famille fees/requirements/processing-time dans le hub destination,"oui : le hub couvre frais, documents et delais",inventory/MERGED_URLS.csv
/ar/cambodia-visa-requirements,/ar/visa-cambodia,301,Lot B : consolidation famille fees/requirements/processing-time dans le hub destination,"oui : le hub couvre frais, documents et delais",inventory/MERGED_URLS.csv
/ar/canada-visa-fees,/ar/visa-canada,301,Lot B : consolidation famille fees/requirements/processing-time dans le hub destination,"oui : le hub couvre frais, documents et delais",inventory/MERGED_URLS.csv
/ar/canada-visa-processing-time,/ar/visa-canada,301,Lot B : consolidation famille fees/requirements/processing-time dans le hub destination,"oui : le hub couvre frais, documents et delais",inventory/MERGED_URLS.csv
/ar/canada-visa-requirements,/ar/visa-canada,301,Lot B : consolidation famille fees/requirements/processing-time dans le hub destination,"oui : le hub couvre frais, documents et delais",inventory/MERGED_URLS.csv
/ar/china-visa-fees,/ar/visa-china,301,Lot B : consolidation famille fees/requirements/processing-time dans le hub destination,"oui : le hub couvre frais, documents et delais",inventory/MERGED_URLS.csv
/ar/china-visa-processing-time,/ar/visa-china,301,Lot B : consolidation famille fees/requirements/processing-time dans le hub destination,"oui : le hub couvre frais, documents et delais",inventory/MERGED_URLS.csv
/ar/china-visa-requirements,/ar/visa-china,301,Lot B : consolidation famille fees/requirements/processing-time dans le hub destination,"oui : le hub couvre frais, documents et delais",inventory/MERGED_URLS.csv
/ar/colombia-visa-fees,/ar/visa-colombia,301,Lot B : consolidation famille fees/requirements/processing-time dans le hub destination,"oui : le hub couvre frais, documents et delais",inventory/MERGED_URLS.csv
/ar/colombia-visa-requirements,/ar/visa-colombia,301,Lot B : consolidation famille fees/requirements/processing-time dans le hub destination,"oui : le hub couvre frais, documents et delais",inventory/MERGED_URLS.csv
/ar/costa-rica-visa-fees,/ar/visa-costa-rica,301,Lot B : consolidation famille fees/requirements/processing-time dans le hub destination,"oui : le hub couvre frais, documents et delais",inventory/MERGED_URLS.csv
/ar/costa-rica-visa-processing-time,/ar/visa-costa-rica,301,Lot B : consolidation famille fees/requirements/processing-time dans le hub destination,"oui : le hub couvre frais, documents et delais",inventory/MERGED_URLS.csv
/ar/costa-rica-visa-requirements,/ar/visa-costa-rica,301,Lot B : consolidation famille fees/requirements/processing-time dans le hub destination,"oui : le hub couvre frais, documents et delais",inventory/MERGED_URLS.csv
/ar/croatia-visa-fees,/ar/visa-croatia,301,Lot B : consolidation famille fees/requirements/processing-time dans le hub destination,"oui : le hub couvre frais, documents et delais",inventory/MERGED_URLS.csv
/ar/croatia-visa-processing-time,/ar/visa-croatia,301,Lot B : consolidation famille fees/requirements/processing-time dans le hub destination,"oui : le hub couvre frais, documents et delais",inventory/MERGED_URLS.csv
/ar/croatia-visa-requirements,/ar/visa-croatia,301,Lot B : consolidation famille fees/requirements/processing-time dans le hub destination,"oui : le hub couvre frais, documents et delais",inventory/MERGED_URLS.csv
/ar/czech-republic-visa-fees,/ar/visa-czech-republic,301,Lot B : consolidation famille fees/requirements/processing-time dans le hub destination,"oui : le hub couvre frais, documents et delais",inventory/MERGED_URLS.csv
/ar/czech-republic-visa-processing-time,/ar/visa-czech-republic,301,Lot B : consolidation famille fees/requirements/processing-time dans le hub destination,"oui : le hub couvre frais, documents et delais",inventory/MERGED_URLS.csv
/ar/czech-republic-visa-requirements,/ar/visa-czech-republic,301,Lot B : consolidation famille fees/requirements/processing-time dans le hub destination,"oui : le hub couvre frais, documents et delais",inventory/MERGED_URLS.csv
/ar/denmark-visa-fees,/ar/visa-denmark,301,Lot B : consolidation famille fees/requirements/processing-time dans le hub destination,"oui : le hub couvre frais, documents et delais",inventory/MERGED_URLS.csv
/ar/denmark-visa-processing-time,/ar/visa-denmark,301,Lot B : consolidation famille fees/requirements/processing-time dans le hub destination,"oui : le hub couvre frais, documents et delais",inventory/MERGED_URLS.csv
/ar/denmark-visa-requirements,/ar/visa-denmark,301,Lot B : consolidation famille fees/requirements/processing-time dans le hub destination,"oui : le hub couvre frais, documents et delais",inventory/MERGED_URLS.csv
/ar/france-visa-fees,/ar/visa-france,301,Lot B : consolidation famille fees/requirements/processing-time dans le hub destination,"oui : le hub couvre frais, documents et delais",inventory/MERGED_URLS.csv
/ar/france-visa-processing-time,/ar/visa-france,301,Lot B : consolidation famille fees/requirements/processing-time dans le hub destination,"oui : le hub couvre frais, documents et delais",inventory/MERGED_URLS.csv
/ar/france-visa-requirements,/ar/visa-france,301,Lot B : consolidation famille fees/requirements/processing-time dans le hub destination,"oui : le hub couvre frais, documents et delais",inventory/MERGED_URLS.csv
/ar/germany-visa-fees,/ar/visa-germany,301,Lot B : consolidation famille fees/requirements/processing-time dans le hub destination,"oui : le hub couvre frais, documents et delais",inventory/MERGED_URLS.csv
/ar/germany-visa-processing-time,/ar/visa-germany,301,Lot B : consolidation famille fees/requirements/processing-time dans le hub destination,"oui : le hub couvre frais, documents et delais",inventory/MERGED_URLS.csv
/ar/germany-visa-requirements,/ar/visa-germany,301,Lot B : consolidation famille fees/requirements/processing-time dans le hub destination,"oui : le hub couvre frais, documents et delais",inventory/MERGED_URLS.csv
/ar/greece-visa-fees,/ar/visa-greece,301,Lot B : consolidation famille fees/requirements/processing-time dans le hub destination,"oui : le hub couvre frais, documents et delais",inventory/MERGED_URLS.csv
/ar/greece-visa-requirements,/ar/visa-greece,301,Lot B : consolidation famille fees/requirements/processing-time dans le hub destination,"oui : le hub couvre frais, documents et delais",inventory/MERGED_URLS.csv
/ar/hong-kong-visa-processing-time,/ar/visa-hong-kong,301,Lot B : consolidation famille fees/requirements/processing-time dans le hub destination,"oui : le hub couvre frais, documents et delais",inventory/MERGED_URLS.csv
/ar/hong-kong-visa-requirements,/ar/visa-hong-kong,301,Lot B : consolidation famille fees/requirements/processing-time dans le hub destination,"oui : le hub couvre frais, documents et delais",inventory/MERGED_URLS.csv
/ar/hungary-visa-fees,/ar/visa-hungary,301,Lot B : consolidation famille fees/requirements/processing-time dans le hub destination,"oui : le hub couvre frais, documents et delais",inventory/MERGED_URLS.csv
/ar/hungary-visa-processing-time,/ar/visa-hungary,301,Lot B : consolidation famille fees/requirements/processing-time dans le hub destination,"oui : le hub couvre frais, documents et delais",inventory/MERGED_URLS.csv
/ar/hungary-visa-requirements,/ar/visa-hungary,301,Lot B : consolidation famille fees/requirements/processing-time dans le hub destination,"oui : le hub couvre frais, documents et delais",inventory/MERGED_URLS.csv
/ar/india-visa-fees,/ar/visa-india,301,Lot B : consolidation famille fees/requirements/processing-time dans le hub destination,"oui : le hub couvre frais, documents et delais",inventory/MERGED_URLS.csv
/ar/india-visa-processing-time,/ar/visa-india,301,Lot B : consolidation famille fees/requirements/processing-time dans le hub destination,"oui : le hub couvre frais, documents et delais",inventory/MERGED_URLS.csv
/ar/india-visa-requirements,/ar/visa-india,301,Lot B : consolidation famille fees/requirements/processing-time dans le hub destination,"oui : le hub couvre frais, documents et delais",inventory/MERGED_URLS.csv
/ar/indonesia-visa-fees,/ar/visa-indonesia,301,Lot B : consolidation famille fees/requirements/processing-time dans le hub destination,"oui : le hub couvre frais, documents et delais",inventory/MERGED_URLS.csv
/ar/indonesia-visa-processing-time,/ar/visa-indonesia,301,Lot B : consolidation famille fees/requirements/processing-time dans le hub destination,"oui : le hub couvre frais, documents et delais",inventory/MERGED_URLS.csv
/ar/indonesia-visa-requirements,/ar/visa-indonesia,301,Lot B : consolidation famille fees/requirements/processing-time dans le hub destination,"oui : le hub couvre frais, documents et delais",inventory/MERGED_URLS.csv
/ar/ireland-visa-fees,/ar/visa-ireland,301,Lot B : consolidation famille fees/requirements/processing-time dans le hub destination,"oui : le hub couvre frais, documents et delais",inventory/MERGED_URLS.csv
/ar/ireland-visa-processing-time,/ar/visa-ireland,301,Lot B : consolidation famille fees/requirements/processing-time dans le hub destination,"oui : le hub couvre frais, documents et delais",inventory/MERGED_URLS.csv
/ar/ireland-visa-requirements,/ar/visa-ireland,301,Lot B : consolidation famille fees/requirements/processing-time dans le hub destination,"oui : le hub couvre frais, documents et delais",inventory/MERGED_URLS.csv
/ar/italy-visa-fees,/ar/visa-italy,301,Lot B : consolidation famille fees/requirements/processing-time dans le hub destination,"oui : le hub couvre frais, documents et delais",inventory/MERGED_URLS.csv
/ar/italy-visa-processing-time,/ar/visa-italy,301,Lot B : consolidation famille fees/requirements/processing-time dans le hub destination,"oui : le hub couvre frais, documents et delais",inventory/MERGED_URLS.csv
/ar/italy-visa-requirements,/ar/visa-italy,301,Lot B : consolidation famille fees/requirements/processing-time dans le hub destination,"oui : le hub couvre frais, documents et delais",inventory/MERGED_URLS.csv
/ar/japan-visa-fees,/ar/visa-japan,301,Lot B : consolidation famille fees/requirements/processing-time dans le hub destination,"oui : le hub couvre frais, documents et delais",inventory/MERGED_URLS.csv
/ar/japan-visa-processing-time,/ar/visa-japan,301,Lot B : consolidation famille fees/requirements/processing-time dans le hub destination,"oui : le hub couvre frais, documents et delais",inventory/MERGED_URLS.csv
/ar/japan-visa-requirements,/ar/visa-japan,301,Lot B : consolidation famille fees/requirements/processing-time dans le hub destination,"oui : le hub couvre frais, documents et delais",inventory/MERGED_URLS.csv
/ar/jordan-visa-fees,/ar/visa-jordan,301,Lot B : consolidation famille fees/requirements/processing-time dans le hub destination,"oui : le hub couvre frais, documents et delais",inventory/MERGED_URLS.csv
/ar/jordan-visa-processing-time,/ar/visa-jordan,301,Lot B : consolidation famille fees/requirements/processing-time dans le hub destination,"oui : le hub couvre frais, documents et delais",inventory/MERGED_URLS.csv
/ar/jordan-visa-requirements,/ar/visa-jordan,301,Lot B : consolidation famille fees/requirements/processing-time dans le hub destination,"oui : le hub couvre frais, documents et delais",inventory/MERGED_URLS.csv
/ar/laos-visa-requirements,/ar/visa-laos,301,Lot B : consolidation famille fees/requirements/processing-time dans le hub destination,"oui : le hub couvre frais, documents et delais",inventory/MERGED_URLS.csv
/ar/macau-visa-requirements,/ar/visa-macau,301,Lot B : consolidation famille fees/requirements/processing-time dans le hub destination,"oui : le hub couvre frais, documents et delais",inventory/MERGED_URLS.csv
/ar/malaysia-visa-fees,/ar/visa-malaysia,301,Lot B : consolidation famille fees/requirements/processing-time dans le hub destination,"oui : le hub couvre frais, documents et delais",inventory/MERGED_URLS.csv
/ar/malaysia-visa-processing-time,/ar/visa-malaysia,301,Lot B : consolidation famille fees/requirements/processing-time dans le hub destination,"oui : le hub couvre frais, documents et delais",inventory/MERGED_URLS.csv
/ar/malaysia-visa-requirements,/ar/visa-malaysia,301,Lot B : consolidation famille fees/requirements/processing-time dans le hub destination,"oui : le hub couvre frais, documents et delais",inventory/MERGED_URLS.csv
/ar/maldives-visa-fees,/ar/visa-maldives,301,Lot B : consolidation famille fees/requirements/processing-time dans le hub destination,"oui : le hub couvre frais, documents et delais",inventory/MERGED_URLS.csv
/ar/maldives-visa-processing-time,/ar/visa-maldives,301,Lot B : consolidation famille fees/requirements/processing-time dans le hub destination,"oui : le hub couvre frais, documents et delais",inventory/MERGED_URLS.csv
/ar/maldives-visa-requirements,/ar/visa-maldives,301,Lot B : consolidation famille fees/requirements/processing-time dans le hub destination,"oui : le hub couvre frais, documents et delais",inventory/MERGED_URLS.csv
/ar/mexico-visa-fees,/ar/visa-mexico,301,Lot B : consolidation famille fees/requirements/processing-time dans le hub destination,"oui : le hub couvre frais, documents et delais",inventory/MERGED_URLS.csv
/ar/mexico-visa-processing-time,/ar/visa-mexico,301,Lot B : consolidation famille fees/requirements/processing-time dans le hub destination,"oui : le hub couvre frais, documents et delais",inventory/MERGED_URLS.csv
/ar/mexico-visa-requirements,/ar/visa-mexico,301,Lot B : consolidation famille fees/requirements/processing-time dans le hub destination,"oui : le hub couvre frais, documents et delais",inventory/MERGED_URLS.csv
/ar/nepal-visa-processing-time,/ar/visa-nepal,301,Lot B : consolidation famille fees/requirements/processing-time dans le hub destination,"oui : le hub couvre frais, documents et delais",inventory/MERGED_URLS.csv
/ar/nepal-visa-requirements,/ar/visa-nepal,301,Lot B : consolidation famille fees/requirements/processing-time dans le hub destination,"oui : le hub couvre frais, documents et delais",inventory/MERGED_URLS.csv
/ar/netherlands-visa-fees,/ar/visa-netherlands,301,Lot B : consolidation famille fees/requirements/processing-time dans le hub destination,"oui : le hub couvre frais, documents et delais",inventory/MERGED_URLS.csv
/ar/netherlands-visa-processing-time,/ar/visa-netherlands,301,Lot B : consolidation famille fees/requirements/processing-time dans le hub destination,"oui : le hub couvre frais, documents et delais",inventory/MERGED_URLS.csv
/ar/netherlands-visa-requirements,/ar/visa-netherlands,301,Lot B : consolidation famille fees/requirements/processing-time dans le hub destination,"oui : le hub couvre frais, documents et delais",inventory/MERGED_URLS.csv
/ar/new-zealand-visa-fees,/ar/visa-new-zealand,301,Lot B : consolidation famille fees/requirements/processing-time dans le hub destination,"oui : le hub couvre frais, documents et delais",inventory/MERGED_URLS.csv
/ar/new-zealand-visa-processing-time,/ar/visa-new-zealand,301,Lot B : consolidation famille fees/requirements/processing-time dans le hub destination,"oui : le hub couvre frais, documents et delais",inventory/MERGED_URLS.csv
/ar/new-zealand-visa-requirements,/ar/visa-new-zealand,301,Lot B : consolidation famille fees/requirements/processing-time dans le hub destination,"oui : le hub couvre frais, documents et delais",inventory/MERGED_URLS.csv
/ar/norway-visa-fees,/ar/visa-norway,301,Lot B : consolidation famille fees/requirements/processing-time dans le hub destination,"oui : le hub couvre frais, documents et delais",inventory/MERGED_URLS.csv
/ar/norway-visa-processing-time,/ar/visa-norway,301,Lot B : consolidation famille fees/requirements/processing-time dans le hub destination,"oui : le hub couvre frais, documents et delais",inventory/MERGED_URLS.csv
/ar/norway-visa-requirements,/ar/visa-norway,301,Lot B : consolidation famille fees/requirements/processing-time dans le hub destination,"oui : le hub couvre frais, documents et delais",inventory/MERGED_URLS.csv
/ar/philippines-visa-fees,/ar/visa-philippines,301,Lot B : consolidation famille fees/requirements/processing-time dans le hub destination,"oui : le hub couvre frais, documents et delais",inventory/MERGED_URLS.csv
/ar/philippines-visa-processing-time,/ar/visa-philippines,301,Lot B : consolidation famille fees/requirements/processing-time dans le hub destination,"oui : le hub couvre frais, documents et delais",inventory/MERGED_URLS.csv
/ar/philippines-visa-requirements,/ar/visa-philippines,301,Lot B : consolidation famille fees/requirements/processing-time dans le hub destination,"oui : le hub couvre frais, documents et delais",inventory/MERGED_URLS.csv
/ar/poland-visa-fees,/ar/visa-poland,301,Lot B : consolidation famille fees/requirements/processing-time dans le hub destination,"oui : le hub couvre frais, documents et delais",inventory/MERGED_URLS.csv
/ar/poland-visa-processing-time,/ar/visa-poland,301,Lot B : consolidation famille fees/requirements/processing-time dans le hub destination,"oui : le hub couvre frais, documents et delais",inventory/MERGED_URLS.csv
/ar/poland-visa-requirements,/ar/visa-poland,301,Lot B : consolidation famille fees/requirements/processing-time dans le hub destination,"oui : le hub couvre frais, documents et delais",inventory/MERGED_URLS.csv
/ar/portugal-visa-fees,/ar/visa-portugal,301,Lot B : consolidation famille fees/requirements/processing-time dans le hub destination,"oui : le hub couvre frais, documents et delais",inventory/MERGED_URLS.csv
/ar/portugal-visa-processing-time,/ar/visa-portugal,301,Lot B : consolidation famille fees/requirements/processing-time dans le hub destination,"oui : le hub couvre frais, documents et delais",inventory/MERGED_URLS.csv
/ar/portugal-visa-requirements,/ar/visa-portugal,301,Lot B : consolidation famille fees/requirements/processing-time dans le hub destination,"oui : le hub couvre frais, documents et delais",inventory/MERGED_URLS.csv
/ar/qatar-visa-fees,/ar/visa-qatar,301,Lot B : consolidation famille fees/requirements/processing-time dans le hub destination,"oui : le hub couvre frais, documents et delais",inventory/MERGED_URLS.csv
/ar/qatar-visa-processing-time,/ar/visa-qatar,301,Lot B : consolidation famille fees/requirements/processing-time dans le hub destination,"oui : le hub couvre frais, documents et delais",inventory/MERGED_URLS.csv
/ar/qatar-visa-requirements,/ar/visa-qatar,301,Lot B : consolidation famille fees/requirements/processing-time dans le hub destination,"oui : le hub couvre frais, documents et delais",inventory/MERGED_URLS.csv
/ar/romania-visa-fees,/ar/visa-romania,301,Lot B : consolidation famille fees/requirements/processing-time dans le hub destination,"oui : le hub couvre frais, documents et delais",inventory/MERGED_URLS.csv
/ar/romania-visa-processing-time,/ar/visa-romania,301,Lot B : consolidation famille fees/requirements/processing-time dans le hub destination,"oui : le hub couvre frais, documents et delais",inventory/MERGED_URLS.csv
/ar/romania-visa-requirements,/ar/visa-romania,301,Lot B : consolidation famille fees/requirements/processing-time dans le hub destination,"oui : le hub couvre frais, documents et delais",inventory/MERGED_URLS.csv
/ar/singapore-visa-fees,/ar/visa-singapore,301,Lot B : consolidation famille fees/requirements/processing-time dans le hub destination,"oui : le hub couvre frais, documents et delais",inventory/MERGED_URLS.csv
/ar/singapore-visa-processing-time,/ar/visa-singapore,301,Lot B : consolidation famille fees/requirements/processing-time dans le hub destination,"oui : le hub couvre frais, documents et delais",inventory/MERGED_URLS.csv
/ar/singapore-visa-requirements,/ar/visa-singapore,301,Lot B : consolidation famille fees/requirements/processing-time dans le hub destination,"oui : le hub couvre frais, documents et delais",inventory/MERGED_URLS.csv
/ar/spain-visa-fees,/ar/visa-spain,301,Lot B : consolidation famille fees/requirements/processing-time dans le hub destination,"oui : le hub couvre frais, documents et delais",inventory/MERGED_URLS.csv
/ar/spain-visa-processing-time,/ar/visa-spain,301,Lot B : consolidation famille fees/requirements/processing-time dans le hub destination,"oui : le hub couvre frais, documents et delais",inventory/MERGED_URLS.csv
/ar/spain-visa-requirements,/ar/visa-spain,301,Lot B : consolidation famille fees/requirements/processing-time dans le hub destination,"oui : le hub couvre frais, documents et delais",inventory/MERGED_URLS.csv
/ar/sri-lanka-visa-fees,/ar/visa-sri-lanka,301,Lot B : consolidation famille fees/requirements/processing-time dans le hub destination,"oui : le hub couvre frais, documents et delais",inventory/MERGED_URLS.csv
/ar/sri-lanka-visa-processing-time,/ar/visa-sri-lanka,301,Lot B : consolidation famille fees/requirements/processing-time dans le hub destination,"oui : le hub couvre frais, documents et delais",inventory/MERGED_URLS.csv
/ar/sri-lanka-visa-requirements,/ar/visa-sri-lanka,301,Lot B : consolidation famille fees/requirements/processing-time dans le hub destination,"oui : le hub couvre frais, documents et delais",inventory/MERGED_URLS.csv
/ar/sweden-visa-fees,/ar/visa-sweden,301,Lot B : consolidation famille fees/requirements/processing-time dans le hub destination,"oui : le hub couvre frais, documents et delais",inventory/MERGED_URLS.csv
/ar/sweden-visa-processing-time,/ar/visa-sweden,301,Lot B : consolidation famille fees/requirements/processing-time dans le hub destination,"oui : le hub couvre frais, documents et delais",inventory/MERGED_URLS.csv
/ar/sweden-visa-requirements,/ar/visa-sweden,301,Lot B : consolidation famille fees/requirements/processing-time dans le hub destination,"oui : le hub couvre frais, documents et delais",inventory/MERGED_URLS.csv
/ar/switzerland-visa-processing-time,/ar/visa-switzerland,301,Lot B : consolidation famille fees/requirements/processing-time dans le hub destination,"oui : le hub couvre frais, documents et delais",inventory/MERGED_URLS.csv
/ar/switzerland-visa-requirements,/ar/visa-switzerland,301,Lot B : consolidation famille fees/requirements/processing-time dans le hub destination,"oui : le hub couvre frais, documents et delais",inventory/MERGED_URLS.csv
/ar/taiwan-visa-fees,/ar/visa-taiwan,301,Lot B : consolidation famille fees/requirements/processing-time dans le hub destination,"oui : le hub couvre frais, documents et delais",inventory/MERGED_URLS.csv
/ar/taiwan-visa-processing-time,/ar/visa-taiwan,301,Lot B : consolidation famille fees/requirements/processing-time dans le hub destination,"oui : le hub couvre frais, documents et delais",inventory/MERGED_URLS.csv
/ar/taiwan-visa-requirements,/ar/visa-taiwan,301,Lot B : consolidation famille fees/requirements/processing-time dans le hub destination,"oui : le hub couvre frais, documents et delais",inventory/MERGED_URLS.csv
/ar/thailand-visa-fees,/ar/visa-thailand,301,Lot B : consolidation famille fees/requirements/processing-time dans le hub destination,"oui : le hub couvre frais, documents et delais",inventory/MERGED_URLS.csv
/ar/thailand-visa-processing-time,/ar/visa-thailand,301,Lot B : consolidation famille fees/requirements/processing-time dans le hub destination,"oui : le hub couvre frais, documents et delais",inventory/MERGED_URLS.csv
/ar/thailand-visa-requirements,/ar/visa-thailand,301,Lot B : consolidation famille fees/requirements/processing-time dans le hub destination,"oui : le hub couvre frais, documents et delais",inventory/MERGED_URLS.csv
/ar/turkey-visa-fees,/ar/visa-turkey,301,Lot B : consolidation famille fees/requirements/processing-time dans le hub destination,"oui : le hub couvre frais, documents et delais",inventory/MERGED_URLS.csv
/ar/turkey-visa-processing-time,/ar/visa-turkey,301,Lot B : consolidation famille fees/requirements/processing-time dans le hub destination,"oui : le hub couvre frais, documents et delais",inventory/MERGED_URLS.csv
/ar/turkey-visa-requirements,/ar/visa-turkey,301,Lot B : consolidation famille fees/requirements/processing-time dans le hub destination,"oui : le hub couvre frais, documents et delais",inventory/MERGED_URLS.csv
/ar/uae-visa-fees,/ar/visa-uae,301,Lot B : consolidation famille fees/requirements/processing-time dans le hub destination,"oui : le hub couvre frais, documents et delais",inventory/MERGED_URLS.csv
/ar/uae-visa-processing-time,/ar/visa-uae,301,Lot B : consolidation famille fees/requirements/processing-time dans le hub destination,"oui : le hub couvre frais, documents et delais",inventory/MERGED_URLS.csv
/ar/uae-visa-requirements,/ar/visa-uae,301,Lot B : consolidation famille fees/requirements/processing-time dans le hub destination,"oui : le hub couvre frais, documents et delais",inventory/MERGED_URLS.csv
/ar/united-kingdom-visa-fees,/ar/visa-united-kingdom,301,Lot B : consolidation famille fees/requirements/processing-time dans le hub destination,"oui : le hub couvre frais, documents et delais",inventory/MERGED_URLS.csv
/ar/united-kingdom-visa-processing-time,/ar/visa-united-kingdom,301,Lot B : consolidation famille fees/requirements/processing-time dans le hub destination,"oui : le hub couvre frais, documents et delais",inventory/MERGED_URLS.csv
/ar/united-kingdom-visa-requirements,/ar/visa-united-kingdom,301,Lot B : consolidation famille fees/requirements/processing-time dans le hub destination,"oui : le hub couvre frais, documents et delais",inventory/MERGED_URLS.csv
/ar/usa-visa-fees,/ar/visa-usa,301,Lot B : consolidation famille fees/requirements/processing-time dans le hub destination,"oui : le hub couvre frais, documents et delais",inventory/MERGED_URLS.csv
/ar/usa-visa-processing-time,/ar/visa-usa,301,Lot B : consolidation famille fees/requirements/processing-time dans le hub destination,"oui : le hub couvre frais, documents et delais",inventory/MERGED_URLS.csv
/ar/usa-visa-requirements,/ar/visa-usa,301,Lot B : consolidation famille fees/requirements/processing-time dans le hub destination,"oui : le hub couvre frais, documents et delais",inventory/MERGED_URLS.csv
/ar/vietnam-visa-fees,/ar/visa-vietnam,301,Lot B : consolidation famille fees/requirements/processing-time dans le hub destination,"oui : le hub couvre frais, documents et delais",inventory/MERGED_URLS.csv
/ar/vietnam-visa-processing-time,/ar/visa-vietnam,301,Lot B : consolidation famille fees/requirements/processing-time dans le hub destination,"oui : le hub couvre frais, documents et delais",inventory/MERGED_URLS.csv
/ar/vietnam-visa-requirements,/ar/visa-vietnam,301,Lot B : consolidation famille fees/requirements/processing-time dans le hub destination,"oui : le hub couvre frais, documents et delais",inventory/MERGED_URLS.csv
/en/argentina-visa-fees,/en/visa-argentina,301,Lot B : consolidation famille fees/requirements/processing-time dans le hub destination,"oui : le hub couvre frais, documents et delais",inventory/MERGED_URLS.csv
/en/australia-visa-fees,/en/visa-australia,301,Lot B : consolidation famille fees/requirements/processing-time dans le hub destination,"oui : le hub couvre frais, documents et delais",inventory/MERGED_URLS.csv
/en/australia-visa-requirements,/en/visa-australia,301,Lot B : consolidation famille fees/requirements/processing-time dans le hub destination,"oui : le hub couvre frais, documents et delais",inventory/MERGED_URLS.csv
/en/austria-visa-fees,/en/visa-austria,301,Lot B : consolidation famille fees/requirements/processing-time dans le hub destination,"oui : le hub couvre frais, documents et delais",inventory/MERGED_URLS.csv
/en/austria-visa-processing-time,/en/visa-austria,301,Lot B : consolidation famille fees/requirements/processing-time dans le hub destination,"oui : le hub couvre frais, documents et delais",inventory/MERGED_URLS.csv
/en/belgium-visa-fees,/en/visa-belgium,301,Lot B : consolidation famille fees/requirements/processing-time dans le hub destination,"oui : le hub couvre frais, documents et delais",inventory/MERGED_URLS.csv
/en/belgium-visa-requirements,/en/visa-belgium,301,Lot B : consolidation famille fees/requirements/processing-time dans le hub destination,"oui : le hub couvre frais, documents et delais",inventory/MERGED_URLS.csv
/en/brazil-visa-fees,/en/visa-brazil,301,Lot B : consolidation famille fees/requirements/processing-time dans le hub destination,"oui : le hub couvre frais, documents et delais",inventory/MERGED_URLS.csv
/en/brazil-visa-requirements,/en/visa-brazil,301,Lot B : consolidation famille fees/requirements/processing-time dans le hub destination,"oui : le hub couvre frais, documents et delais",inventory/MERGED_URLS.csv
/en/cambodia-visa-fees,/en/visa-cambodia,301,Lot B : consolidation famille fees/requirements/processing-time dans le hub destination,"oui : le hub couvre frais, documents et delais",inventory/MERGED_URLS.csv
/en/cambodia-visa-processing-time,/en/visa-cambodia,301,Lot B : consolidation famille fees/requirements/processing-time dans le hub destination,"oui : le hub couvre frais, documents et delais",inventory/MERGED_URLS.csv
/en/cambodia-visa-requirements,/en/visa-cambodia,301,Lot B : consolidation famille fees/requirements/processing-time dans le hub destination,"oui : le hub couvre frais, documents et delais",inventory/MERGED_URLS.csv
/en/canada-visa-fees,/en/visa-canada,301,Lot B : consolidation famille fees/requirements/processing-time dans le hub destination,"oui : le hub couvre frais, documents et delais",inventory/MERGED_URLS.csv
/en/canada-visa-processing-time,/en/visa-canada,301,Lot B : consolidation famille fees/requirements/processing-time dans le hub destination,"oui : le hub couvre frais, documents et delais",inventory/MERGED_URLS.csv
/en/canada-visa-requirements,/en/visa-canada,301,Lot B : consolidation famille fees/requirements/processing-time dans le hub destination,"oui : le hub couvre frais, documents et delais",inventory/MERGED_URLS.csv
/en/china-visa-fees,/en/visa-china,301,Lot B : consolidation famille fees/requirements/processing-time dans le hub destination,"oui : le hub couvre frais, documents et delais",inventory/MERGED_URLS.csv
/en/china-visa-processing-time,/en/visa-china,301,Lot B : consolidation famille fees/requirements/processing-time dans le hub destination,"oui : le hub couvre frais, documents et delais",inventory/MERGED_URLS.csv
/en/china-visa-requirements,/en/visa-china,301,Lot B : consolidation famille fees/requirements/processing-time dans le hub destination,"oui : le hub couvre frais, documents et delais",inventory/MERGED_URLS.csv
/en/colombia-visa-fees,/en/visa-colombia,301,Lot B : consolidation famille fees/requirements/processing-time dans le hub destination,"oui : le hub couvre frais, documents et delais",inventory/MERGED_URLS.csv
/en/colombia-visa-processing-time,/en/visa-colombia,301,Lot B : consolidation famille fees/requirements/processing-time dans le hub destination,"oui : le hub couvre frais, documents et delais",inventory/MERGED_URLS.csv
/en/colombia-visa-requirements,/en/visa-colombia,301,Lot B : consolidation famille fees/requirements/processing-time dans le hub destination,"oui : le hub couvre frais, documents et delais",inventory/MERGED_URLS.csv
/en/costa-rica-visa-fees,/en/visa-costa-rica,301,Lot B : consolidation famille fees/requirements/processing-time dans le hub destination,"oui : le hub couvre frais, documents et delais",inventory/MERGED_URLS.csv
/en/costa-rica-visa-requirements,/en/visa-costa-rica,301,Lot B : consolidation famille fees/requirements/processing-time dans le hub destination,"oui : le hub couvre frais, documents et delais",inventory/MERGED_URLS.csv
/en/croatia-visa-fees,/en/visa-croatia,301,Lot B : consolidation famille fees/requirements/processing-time dans le hub destination,"oui : le hub couvre frais, documents et delais",inventory/MERGED_URLS.csv
/en/croatia-visa-requirements,/en/visa-croatia,301,Lot B : consolidation famille fees/requirements/processing-time dans le hub destination,"oui : le hub couvre frais, documents et delais",inventory/MERGED_URLS.csv
/en/czech-republic-visa-fees,/en/visa-czech-republic,301,Lot B : consolidation famille fees/requirements/processing-time dans le hub destination,"oui : le hub couvre frais, documents et delais",inventory/MERGED_URLS.csv
/en/czech-republic-visa-processing-time,/en/visa-czech-republic,301,Lot B : consolidation famille fees/requirements/processing-time dans le hub destination,"oui : le hub couvre frais, documents et delais",inventory/MERGED_URLS.csv
/en/czech-republic-visa-requirements,/en/visa-czech-republic,301,Lot B : consolidation famille fees/requirements/processing-time dans le hub destination,"oui : le hub couvre frais, documents et delais",inventory/MERGED_URLS.csv
/en/denmark-visa-processing-time,/en/visa-denmark,301,Lot B : consolidation famille fees/requirements/processing-time dans le hub destination,"oui : le hub couvre frais, documents et delais",inventory/MERGED_URLS.csv
/en/denmark-visa-requirements,/en/visa-denmark,301,Lot B : consolidation famille fees/requirements/processing-time dans le hub destination,"oui : le hub couvre frais, documents et delais",inventory/MERGED_URLS.csv
/en/germany-visa-fees,/en/visa-germany,301,Lot B : consolidation famille fees/requirements/processing-time dans le hub destination,"oui : le hub couvre frais, documents et delais",inventory/MERGED_URLS.csv
/en/germany-visa-processing-time,/en/visa-germany,301,Lot B : consolidation famille fees/requirements/processing-time dans le hub destination,"oui : le hub couvre frais, documents et delais",inventory/MERGED_URLS.csv
/en/germany-visa-requirements,/en/visa-germany,301,Lot B : consolidation famille fees/requirements/processing-time dans le hub destination,"oui : le hub couvre frais, documents et delais",inventory/MERGED_URLS.csv
/en/greece-visa-fees,/en/visa-greece,301,Lot B : consolidation famille fees/requirements/processing-time dans le hub destination,"oui : le hub couvre frais, documents et delais",inventory/MERGED_URLS.csv
/en/greece-visa-processing-time,/en/visa-greece,301,Lot B : consolidation famille fees/requirements/processing-time dans le hub destination,"oui : le hub couvre frais, documents et delais",inventory/MERGED_URLS.csv
/en/greece-visa-requirements,/en/visa-greece,301,Lot B : consolidation famille fees/requirements/processing-time dans le hub destination,"oui : le hub couvre frais, documents et delais",inventory/MERGED_URLS.csv
/en/hong-kong-visa-processing-time,/en/visa-hong-kong,301,Lot B : consolidation famille fees/requirements/processing-time dans le hub destination,"oui : le hub couvre frais, documents et delais",inventory/MERGED_URLS.csv
/en/hong-kong-visa-requirements,/en/visa-hong-kong,301,Lot B : consolidation famille fees/requirements/processing-time dans le hub destination,"oui : le hub couvre frais, documents et delais",inventory/MERGED_URLS.csv
/en/hungary-visa-requirements,/en/visa-hungary,301,Lot B : consolidation famille fees/requirements/processing-time dans le hub destination,"oui : le hub couvre frais, documents et delais",inventory/MERGED_URLS.csv
/en/india-visa-fees,/en/visa-india,301,Lot B : consolidation famille fees/requirements/processing-time dans le hub destination,"oui : le hub couvre frais, documents et delais",inventory/MERGED_URLS.csv
/en/india-visa-processing-time,/en/visa-india,301,Lot B : consolidation famille fees/requirements/processing-time dans le hub destination,"oui : le hub couvre frais, documents et delais",inventory/MERGED_URLS.csv
/en/india-visa-requirements,/en/visa-india,301,Lot B : consolidation famille fees/requirements/processing-time dans le hub destination,"oui : le hub couvre frais, documents et delais",inventory/MERGED_URLS.csv
/en/ireland-visa-fees,/en/visa-ireland,301,Lot B : consolidation famille fees/requirements/processing-time dans le hub destination,"oui : le hub couvre frais, documents et delais",inventory/MERGED_URLS.csv
/en/ireland-visa-requirements,/en/visa-ireland,301,Lot B : consolidation famille fees/requirements/processing-time dans le hub destination,"oui : le hub couvre frais, documents et delais",inventory/MERGED_URLS.csv
/en/italy-visa-fees,/en/visa-italy,301,Lot B : consolidation famille fees/requirements/processing-time dans le hub destination,"oui : le hub couvre frais, documents et delais",inventory/MERGED_URLS.csv
/en/italy-visa-processing-time,/en/visa-italy,301,Lot B : consolidation famille fees/requirements/processing-time dans le hub destination,"oui : le hub couvre frais, documents et delais",inventory/MERGED_URLS.csv
/en/italy-visa-requirements,/en/visa-italy,301,Lot B : consolidation famille fees/requirements/processing-time dans le hub destination,"oui : le hub couvre frais, documents et delais",inventory/MERGED_URLS.csv
/en/japan-visa-fees,/en/visa-japan,301,Lot B : consolidation famille fees/requirements/processing-time dans le hub destination,"oui : le hub couvre frais, documents et delais",inventory/MERGED_URLS.csv
/en/japan-visa-processing-time,/en/visa-japan,301,Lot B : consolidation famille fees/requirements/processing-time dans le hub destination,"oui : le hub couvre frais, documents et delais",inventory/MERGED_URLS.csv
/en/japan-visa-requirements,/en/visa-japan,301,Lot B : consolidation famille fees/requirements/processing-time dans le hub destination,"oui : le hub couvre frais, documents et delais",inventory/MERGED_URLS.csv
/en/jordan-visa-fees,/en/visa-jordan,301,Lot B : consolidation famille fees/requirements/processing-time dans le hub destination,"oui : le hub couvre frais, documents et delais",inventory/MERGED_URLS.csv
/en/jordan-visa-requirements,/en/visa-jordan,301,Lot B : consolidation famille fees/requirements/processing-time dans le hub destination,"oui : le hub couvre frais, documents et delais",inventory/MERGED_URLS.csv
/en/laos-visa-requirements,/en/visa-laos,301,Lot B : consolidation famille fees/requirements/processing-time dans le hub destination,"oui : le hub couvre frais, documents et delais",inventory/MERGED_URLS.csv
/en/macau-visa-requirements,/en/visa-macau,301,Lot B : consolidation famille fees/requirements/processing-time dans le hub destination,"oui : le hub couvre frais, documents et delais",inventory/MERGED_URLS.csv
/en/malaysia-visa-fees,/en/visa-malaysia,301,Lot B : consolidation famille fees/requirements/processing-time dans le hub destination,"oui : le hub couvre frais, documents et delais",inventory/MERGED_URLS.csv
/en/malaysia-visa-processing-time,/en/visa-malaysia,301,Lot B : consolidation famille fees/requirements/processing-time dans le hub destination,"oui : le hub couvre frais, documents et delais",inventory/MERGED_URLS.csv
/en/malaysia-visa-requirements,/en/visa-malaysia,301,Lot B : consolidation famille fees/requirements/processing-time dans le hub destination,"oui : le hub couvre frais, documents et delais",inventory/MERGED_URLS.csv
/en/maldives-visa-processing-time,/en/visa-maldives,301,Lot B : consolidation famille fees/requirements/processing-time dans le hub destination,"oui : le hub couvre frais, documents et delais",inventory/MERGED_URLS.csv
/en/maldives-visa-requirements,/en/visa-maldives,301,Lot B : consolidation famille fees/requirements/processing-time dans le hub destination,"oui : le hub couvre frais, documents et delais",inventory/MERGED_URLS.csv
/en/mexico-visa-fees,/en/visa-mexico,301,Lot B : consolidation famille fees/requirements/processing-time dans le hub destination,"oui : le hub couvre frais, documents et delais",inventory/MERGED_URLS.csv
/en/mexico-visa-processing-time,/en/visa-mexico,301,Lot B : consolidation famille fees/requirements/processing-time dans le hub destination,"oui : le hub couvre frais, documents et delais",inventory/MERGED_URLS.csv
/en/mexico-visa-requirements,/en/visa-mexico,301,Lot B : consolidation famille fees/requirements/processing-time dans le hub destination,"oui : le hub couvre frais, documents et delais",inventory/MERGED_URLS.csv
/en/nepal-visa-fees,/en/visa-nepal,301,Lot B : consolidation famille fees/requirements/processing-time dans le hub destination,"oui : le hub couvre frais, documents et delais",inventory/MERGED_URLS.csv
/en/nepal-visa-processing-time,/en/visa-nepal,301,Lot B : consolidation famille fees/requirements/processing-time dans le hub destination,"oui : le hub couvre frais, documents et delais",inventory/MERGED_URLS.csv
/en/nepal-visa-requirements,/en/visa-nepal,301,Lot B : consolidation famille fees/requirements/processing-time dans le hub destination,"oui : le hub couvre frais, documents et delais",inventory/MERGED_URLS.csv
/en/netherlands-visa-fees,/en/visa-netherlands,301,Lot B : consolidation famille fees/requirements/processing-time dans le hub destination,"oui : le hub couvre frais, documents et delais",inventory/MERGED_URLS.csv
/en/netherlands-visa-processing-time,/en/visa-netherlands,301,Lot B : consolidation famille fees/requirements/processing-time dans le hub destination,"oui : le hub couvre frais, documents et delais",inventory/MERGED_URLS.csv
/en/netherlands-visa-requirements,/en/visa-netherlands,301,Lot B : consolidation famille fees/requirements/processing-time dans le hub destination,"oui : le hub couvre frais, documents et delais",inventory/MERGED_URLS.csv
/en/new-zealand-visa-fees,/en/visa-new-zealand,301,Lot B : consolidation famille fees/requirements/processing-time dans le hub destination,"oui : le hub couvre frais, documents et delais",inventory/MERGED_URLS.csv
/en/new-zealand-visa-processing-time,/en/visa-new-zealand,301,Lot B : consolidation famille fees/requirements/processing-time dans le hub destination,"oui : le hub couvre frais, documents et delais",inventory/MERGED_URLS.csv
/en/new-zealand-visa-requirements,/en/visa-new-zealand,301,Lot B : consolidation famille fees/requirements/processing-time dans le hub destination,"oui : le hub couvre frais, documents et delais",inventory/MERGED_URLS.csv
/en/norway-visa-fees,/en/visa-norway,301,Lot B : consolidation famille fees/requirements/processing-time dans le hub destination,"oui : le hub couvre frais, documents et delais",inventory/MERGED_URLS.csv
/en/norway-visa-requirements,/en/visa-norway,301,Lot B : consolidation famille fees/requirements/processing-time dans le hub destination,"oui : le hub couvre frais, documents et delais",inventory/MERGED_URLS.csv
/en/philippines-visa-fees,/en/visa-philippines,301,Lot B : consolidation famille fees/requirements/processing-time dans le hub destination,"oui : le hub couvre frais, documents et delais",inventory/MERGED_URLS.csv
/en/philippines-visa-processing-time,/en/visa-philippines,301,Lot B : consolidation famille fees/requirements/processing-time dans le hub destination,"oui : le hub couvre frais, documents et delais",inventory/MERGED_URLS.csv
/en/philippines-visa-requirements,/en/visa-philippines,301,Lot B : consolidation famille fees/requirements/processing-time dans le hub destination,"oui : le hub couvre frais, documents et delais",inventory/MERGED_URLS.csv
/en/poland-visa-fees,/en/visa-poland,301,Lot B : consolidation famille fees/requirements/processing-time dans le hub destination,"oui : le hub couvre frais, documents et delais",inventory/MERGED_URLS.csv
/en/poland-visa-requirements,/en/visa-poland,301,Lot B : consolidation famille fees/requirements/processing-time dans le hub destination,"oui : le hub couvre frais, documents et delais",inventory/MERGED_URLS.csv
/en/portugal-visa-fees,/en/visa-portugal,301,Lot B : consolidation famille fees/requirements/processing-time dans le hub destination,"oui : le hub couvre frais, documents et delais",inventory/MERGED_URLS.csv
/en/portugal-visa-processing-time,/en/visa-portugal,301,Lot B : consolidation famille fees/requirements/processing-time dans le hub destination,"oui : le hub couvre frais, documents et delais",inventory/MERGED_URLS.csv
/en/portugal-visa-requirements,/en/visa-portugal,301,Lot B : consolidation famille fees/requirements/processing-time dans le hub destination,"oui : le hub couvre frais, documents et delais",inventory/MERGED_URLS.csv
/en/qatar-visa-requirements,/en/visa-qatar,301,Lot B : consolidation famille fees/requirements/processing-time dans le hub destination,"oui : le hub couvre frais, documents et delais",inventory/MERGED_URLS.csv
/en/romania-visa-fees,/en/visa-romania,301,Lot B : consolidation famille fees/requirements/processing-time dans le hub destination,"oui : le hub couvre frais, documents et delais",inventory/MERGED_URLS.csv
/en/singapore-visa-fees,/en/visa-singapore,301,Lot B : consolidation famille fees/requirements/processing-time dans le hub destination,"oui : le hub couvre frais, documents et delais",inventory/MERGED_URLS.csv
/en/singapore-visa-processing-time,/en/visa-singapore,301,Lot B : consolidation famille fees/requirements/processing-time dans le hub destination,"oui : le hub couvre frais, documents et delais",inventory/MERGED_URLS.csv
/en/singapore-visa-requirements,/en/visa-singapore,301,Lot B : consolidation famille fees/requirements/processing-time dans le hub destination,"oui : le hub couvre frais, documents et delais",inventory/MERGED_URLS.csv
/en/spain-visa-processing-time,/en/visa-spain,301,Lot B : consolidation famille fees/requirements/processing-time dans le hub destination,"oui : le hub couvre frais, documents et delais",inventory/MERGED_URLS.csv
/en/sri-lanka-visa-fees,/en/visa-sri-lanka,301,Lot B : consolidation famille fees/requirements/processing-time dans le hub destination,"oui : le hub couvre frais, documents et delais",inventory/MERGED_URLS.csv
/en/sri-lanka-visa-processing-time,/en/visa-sri-lanka,301,Lot B : consolidation famille fees/requirements/processing-time dans le hub destination,"oui : le hub couvre frais, documents et delais",inventory/MERGED_URLS.csv
/en/sri-lanka-visa-requirements,/en/visa-sri-lanka,301,Lot B : consolidation famille fees/requirements/processing-time dans le hub destination,"oui : le hub couvre frais, documents et delais",inventory/MERGED_URLS.csv
/en/sweden-visa-fees,/en/visa-sweden,301,Lot B : consolidation famille fees/requirements/processing-time dans le hub destination,"oui : le hub couvre frais, documents et delais",inventory/MERGED_URLS.csv
/en/sweden-visa-requirements,/en/visa-sweden,301,Lot B : consolidation famille fees/requirements/processing-time dans le hub destination,"oui : le hub couvre frais, documents et delais",inventory/MERGED_URLS.csv
/en/switzerland-visa-fees,/en/visa-switzerland,301,Lot B : consolidation famille fees/requirements/processing-time dans le hub destination,"oui : le hub couvre frais, documents et delais",inventory/MERGED_URLS.csv
/en/switzerland-visa-processing-time,/en/visa-switzerland,301,Lot B : consolidation famille fees/requirements/processing-time dans le hub destination,"oui : le hub couvre frais, documents et delais",inventory/MERGED_URLS.csv
/en/switzerland-visa-requirements,/en/visa-switzerland,301,Lot B : consolidation famille fees/requirements/processing-time dans le hub destination,"oui : le hub couvre frais, documents et delais",inventory/MERGED_URLS.csv
/en/taiwan-visa-processing-time,/en/visa-taiwan,301,Lot B : consolidation famille fees/requirements/processing-time dans le hub destination,"oui : le hub couvre frais, documents et delais",inventory/MERGED_URLS.csv
/en/thailand-visa-fees,/en/visa-thailand,301,Lot B : consolidation famille fees/requirements/processing-time dans le hub destination,"oui : le hub couvre frais, documents et delais",inventory/MERGED_URLS.csv
/en/thailand-visa-requirements,/en/visa-thailand,301,Lot B : consolidation famille fees/requirements/processing-time dans le hub destination,"oui : le hub couvre frais, documents et delais",inventory/MERGED_URLS.csv
/en/turkey-visa-fees,/en/visa-turkey,301,Lot B : consolidation famille fees/requirements/processing-time dans le hub destination,"oui : le hub couvre frais, documents et delais",inventory/MERGED_URLS.csv
/en/turkey-visa-processing-time,/en/visa-turkey,301,Lot B : consolidation famille fees/requirements/processing-time dans le hub destination,"oui : le hub couvre frais, documents et delais",inventory/MERGED_URLS.csv
/en/turkey-visa-requirements,/en/visa-turkey,301,Lot B : consolidation famille fees/requirements/processing-time dans le hub destination,"oui : le hub couvre frais, documents et delais",inventory/MERGED_URLS.csv
/en/uae-visa-fees,/en/visa-uae,301,Lot B : consolidation famille fees/requirements/processing-time dans le hub destination,"oui : le hub couvre frais, documents et delais",inventory/MERGED_URLS.csv
/en/uae-visa-processing-time,/en/visa-uae,301,Lot B : consolidation famille fees/requirements/processing-time dans le hub destination,"oui : le hub couvre frais, documents et delais",inventory/MERGED_URLS.csv
/en/uae-visa-requirements,/en/visa-uae,301,Lot B : consolidation famille fees/requirements/processing-time dans le hub destination,"oui : le hub couvre frais, documents et delais",inventory/MERGED_URLS.csv
/en/united-kingdom-visa-fees,/en/visa-united-kingdom,301,Lot B : consolidation famille fees/requirements/processing-time dans le hub destination,"oui : le hub couvre frais, documents et delais",inventory/MERGED_URLS.csv
/en/united-kingdom-visa-requirements,/en/visa-united-kingdom,301,Lot B : consolidation famille fees/requirements/processing-time dans le hub destination,"oui : le hub couvre frais, documents et delais",inventory/MERGED_URLS.csv
/en/usa-visa-fees,/en/visa-usa,301,Lot B : consolidation famille fees/requirements/processing-time dans le hub destination,"oui : le hub couvre frais, documents et delais",inventory/MERGED_URLS.csv
/en/usa-visa-processing-time,/en/visa-usa,301,Lot B : consolidation famille fees/requirements/processing-time dans le hub destination,"oui : le hub couvre frais, documents et delais",inventory/MERGED_URLS.csv
/en/usa-visa-requirements,/en/visa-usa,301,Lot B : consolidation famille fees/requirements/processing-time dans le hub destination,"oui : le hub couvre frais, documents et delais",inventory/MERGED_URLS.csv
/en/vietnam-visa-fees,/en/visa-vietnam,301,Lot B : consolidation famille fees/requirements/processing-time dans le hub destination,"oui : le hub couvre frais, documents et delais",inventory/MERGED_URLS.csv
/en/vietnam-visa-processing-time,/en/visa-vietnam,301,Lot B : consolidation famille fees/requirements/processing-time dans le hub destination,"oui : le hub couvre frais, documents et delais",inventory/MERGED_URLS.csv
/en/vietnam-visa-requirements,/en/visa-vietnam,301,Lot B : consolidation famille fees/requirements/processing-time dans le hub destination,"oui : le hub couvre frais, documents et delais",inventory/MERGED_URLS.csv
/es/argentina-visa-fees,/es/visa-argentina,301,Lot B : consolidation famille fees/requirements/processing-time dans le hub destination,"oui : le hub couvre frais, documents et delais",inventory/MERGED_URLS.csv
/es/argentina-visa-processing-time,/es/visa-argentina,301,Lot B : consolidation famille fees/requirements/processing-time dans le hub destination,"oui : le hub couvre frais, documents et delais",inventory/MERGED_URLS.csv
/es/argentina-visa-requirements,/es/visa-argentina,301,Lot B : consolidation famille fees/requirements/processing-time dans le hub destination,"oui : le hub couvre frais, documents et delais",inventory/MERGED_URLS.csv
/es/australia-visa-fees,/es/visa-australia,301,Lot B : consolidation famille fees/requirements/processing-time dans le hub destination,"oui : le hub couvre frais, documents et delais",inventory/MERGED_URLS.csv
/es/australia-visa-requirements,/es/visa-australia,301,Lot B : consolidation famille fees/requirements/processing-time dans le hub destination,"oui : le hub couvre frais, documents et delais",inventory/MERGED_URLS.csv
/es/austria-visa-fees,/es/visa-austria,301,Lot B : consolidation famille fees/requirements/processing-time dans le hub destination,"oui : le hub couvre frais, documents et delais",inventory/MERGED_URLS.csv
/es/austria-visa-requirements,/es/visa-austria,301,Lot B : consolidation famille fees/requirements/processing-time dans le hub destination,"oui : le hub couvre frais, documents et delais",inventory/MERGED_URLS.csv
/es/belgium-visa-fees,/es/visa-belgium,301,Lot B : consolidation famille fees/requirements/processing-time dans le hub destination,"oui : le hub couvre frais, documents et delais",inventory/MERGED_URLS.csv
/es/belgium-visa-processing-time,/es/visa-belgium,301,Lot B : consolidation famille fees/requirements/processing-time dans le hub destination,"oui : le hub couvre frais, documents et delais",inventory/MERGED_URLS.csv
/es/belgium-visa-requirements,/es/visa-belgium,301,Lot B : consolidation famille fees/requirements/processing-time dans le hub destination,"oui : le hub couvre frais, documents et delais",inventory/MERGED_URLS.csv
/es/bermuda-visa-requirements,/es/visa-bermuda,301,Lot B : consolidation famille fees/requirements/processing-time dans le hub destination,"oui : le hub couvre frais, documents et delais",inventory/MERGED_URLS.csv
/es/brazil-visa-processing-time,/es/visa-brazil,301,Lot B : consolidation famille fees/requirements/processing-time dans le hub destination,"oui : le hub couvre frais, documents et delais",inventory/MERGED_URLS.csv
/es/brazil-visa-requirements,/es/visa-brazil,301,Lot B : consolidation famille fees/requirements/processing-time dans le hub destination,"oui : le hub couvre frais, documents et delais",inventory/MERGED_URLS.csv
/es/cambodia-visa-fees,/es/visa-cambodia,301,Lot B : consolidation famille fees/requirements/processing-time dans le hub destination,"oui : le hub couvre frais, documents et delais",inventory/MERGED_URLS.csv
/es/cambodia-visa-processing-time,/es/visa-cambodia,301,Lot B : consolidation famille fees/requirements/processing-time dans le hub destination,"oui : le hub couvre frais, documents et delais",inventory/MERGED_URLS.csv
/es/cambodia-visa-requirements,/es/visa-cambodia,301,Lot B : consolidation famille fees/requirements/processing-time dans le hub destination,"oui : le hub couvre frais, documents et delais",inventory/MERGED_URLS.csv
/es/canada-visa-fees,/es/visa-canada,301,Lot B : consolidation famille fees/requirements/processing-time dans le hub destination,"oui : le hub couvre frais, documents et delais",inventory/MERGED_URLS.csv
/es/canada-visa-processing-time,/es/visa-canada,301,Lot B : consolidation famille fees/requirements/processing-time dans le hub destination,"oui : le hub couvre frais, documents et delais",inventory/MERGED_URLS.csv
/es/canada-visa-requirements,/es/visa-canada,301,Lot B : consolidation famille fees/requirements/processing-time dans le hub destination,"oui : le hub couvre frais, documents et delais",inventory/MERGED_URLS.csv
/es/china-visa-fees,/es/visa-china,301,Lot B : consolidation famille fees/requirements/processing-time dans le hub destination,"oui : le hub couvre frais, documents et delais",inventory/MERGED_URLS.csv
/es/china-visa-requirements,/es/visa-china,301,Lot B : consolidation famille fees/requirements/processing-time dans le hub destination,"oui : le hub couvre frais, documents et delais",inventory/MERGED_URLS.csv
/es/colombia-visa-fees,/es/visa-colombia,301,Lot B : consolidation famille fees/requirements/processing-time dans le hub destination,"oui : le hub couvre frais, documents et delais",inventory/MERGED_URLS.csv
/es/colombia-visa-processing-time,/es/visa-colombia,301,Lot B : consolidation famille fees/requirements/processing-time dans le hub destination,"oui : le hub couvre frais, documents et delais",inventory/MERGED_URLS.csv
/es/colombia-visa-requirements,/es/visa-colombia,301,Lot B : consolidation famille fees/requirements/processing-time dans le hub destination,"oui : le hub couvre frais, documents et delais",inventory/MERGED_URLS.csv
/es/costa-rica-visa-fees,/es/visa-costa-rica,301,Lot B : consolidation famille fees/requirements/processing-time dans le hub destination,"oui : le hub couvre frais, documents et delais",inventory/MERGED_URLS.csv
/es/costa-rica-visa-processing-time,/es/visa-costa-rica,301,Lot B : consolidation famille fees/requirements/processing-time dans le hub destination,"oui : le hub couvre frais, documents et delais",inventory/MERGED_URLS.csv
/es/costa-rica-visa-requirements,/es/visa-costa-rica,301,Lot B : consolidation famille fees/requirements/processing-time dans le hub destination,"oui : le hub couvre frais, documents et delais",inventory/MERGED_URLS.csv
/es/croatia-visa-fees,/es/visa-croatia,301,Lot B : consolidation famille fees/requirements/processing-time dans le hub destination,"oui : le hub couvre frais, documents et delais",inventory/MERGED_URLS.csv
/es/croatia-visa-processing-time,/es/visa-croatia,301,Lot B : consolidation famille fees/requirements/processing-time dans le hub destination,"oui : le hub couvre frais, documents et delais",inventory/MERGED_URLS.csv
/es/croatia-visa-requirements,/es/visa-croatia,301,Lot B : consolidation famille fees/requirements/processing-time dans le hub destination,"oui : le hub couvre frais, documents et delais",inventory/MERGED_URLS.csv
/es/czech-republic-visa-fees,/es/visa-czech-republic,301,Lot B : consolidation famille fees/requirements/processing-time dans le hub destination,"oui : le hub couvre frais, documents et delais",inventory/MERGED_URLS.csv
/es/czech-republic-visa-requirements,/es/visa-czech-republic,301,Lot B : consolidation famille fees/requirements/processing-time dans le hub destination,"oui : le hub couvre frais, documents et delais",inventory/MERGED_URLS.csv
/es/denmark-visa-fees,/es/visa-denmark,301,Lot B : consolidation famille fees/requirements/processing-time dans le hub destination,"oui : le hub couvre frais, documents et delais",inventory/MERGED_URLS.csv
/es/denmark-visa-processing-time,/es/visa-denmark,301,Lot B : consolidation famille fees/requirements/processing-time dans le hub destination,"oui : le hub couvre frais, documents et delais",inventory/MERGED_URLS.csv
/es/denmark-visa-requirements,/es/visa-denmark,301,Lot B : consolidation famille fees/requirements/processing-time dans le hub destination,"oui : le hub couvre frais, documents et delais",inventory/MERGED_URLS.csv
/es/france-visa-fees,/es/visa-france,301,Lot B : consolidation famille fees/requirements/processing-time dans le hub destination,"oui : le hub couvre frais, documents et delais",inventory/MERGED_URLS.csv
/es/france-visa-requirements,/es/visa-france,301,Lot B : consolidation famille fees/requirements/processing-time dans le hub destination,"oui : le hub couvre frais, documents et delais",inventory/MERGED_URLS.csv
/es/germany-visa-fees,/es/visa-germany,301,Lot B : consolidation famille fees/requirements/processing-time dans le hub destination,"oui : le hub couvre frais, documents et delais",inventory/MERGED_URLS.csv
/es/germany-visa-requirements,/es/visa-germany,301,Lot B : consolidation famille fees/requirements/processing-time dans le hub destination,"oui : le hub couvre frais, documents et delais",inventory/MERGED_URLS.csv
/es/greece-visa-fees,/es/visa-greece,301,Lot B : consolidation famille fees/requirements/processing-time dans le hub destination,"oui : le hub couvre frais, documents et delais",inventory/MERGED_URLS.csv
/es/greece-visa-processing-time,/es/visa-greece,301,Lot B : consolidation famille fees/requirements/processing-time dans le hub destination,"oui : le hub couvre frais, documents et delais",inventory/MERGED_URLS.csv
/es/greece-visa-requirements,/es/visa-greece,301,Lot B : consolidation famille fees/requirements/processing-time dans le hub destination,"oui : le hub couvre frais, documents et delais",inventory/MERGED_URLS.csv
/es/hong-kong-visa-processing-time,/es/visa-hong-kong,301,Lot B : consolidation famille fees/requirements/processing-time dans le hub destination,"oui : le hub couvre frais, documents et delais",inventory/MERGED_URLS.csv
/es/hong-kong-visa-requirements,/es/visa-hong-kong,301,Lot B : consolidation famille fees/requirements/processing-time dans le hub destination,"oui : le hub couvre frais, documents et delais",inventory/MERGED_URLS.csv
/es/hungary-visa-fees,/es/visa-hungary,301,Lot B : consolidation famille fees/requirements/processing-time dans le hub destination,"oui : le hub couvre frais, documents et delais",inventory/MERGED_URLS.csv
/es/hungary-visa-processing-time,/es/visa-hungary,301,Lot B : consolidation famille fees/requirements/processing-time dans le hub destination,"oui : le hub couvre frais, documents et delais",inventory/MERGED_URLS.csv
/es/hungary-visa-requirements,/es/visa-hungary,301,Lot B : consolidation famille fees/requirements/processing-time dans le hub destination,"oui : le hub couvre frais, documents et delais",inventory/MERGED_URLS.csv
/es/india-visa-fees,/es/visa-india,301,Lot B : consolidation famille fees/requirements/processing-time dans le hub destination,"oui : le hub couvre frais, documents et delais",inventory/MERGED_URLS.csv
/es/india-visa-processing-time,/es/visa-india,301,Lot B : consolidation famille fees/requirements/processing-time dans le hub destination,"oui : le hub couvre frais, documents et delais",inventory/MERGED_URLS.csv
/es/india-visa-requirements,/es/visa-india,301,Lot B : consolidation famille fees/requirements/processing-time dans le hub destination,"oui : le hub couvre frais, documents et delais",inventory/MERGED_URLS.csv
/es/indonesia-visa-fees,/es/visa-indonesia,301,Lot B : consolidation famille fees/requirements/processing-time dans le hub destination,"oui : le hub couvre frais, documents et delais",inventory/MERGED_URLS.csv
/es/indonesia-visa-processing-time,/es/visa-indonesia,301,Lot B : consolidation famille fees/requirements/processing-time dans le hub destination,"oui : le hub couvre frais, documents et delais",inventory/MERGED_URLS.csv
/es/indonesia-visa-requirements,/es/visa-indonesia,301,Lot B : consolidation famille fees/requirements/processing-time dans le hub destination,"oui : le hub couvre frais, documents et delais",inventory/MERGED_URLS.csv
/es/ireland-visa-fees,/es/visa-ireland,301,Lot B : consolidation famille fees/requirements/processing-time dans le hub destination,"oui : le hub couvre frais, documents et delais",inventory/MERGED_URLS.csv
/es/ireland-visa-requirements,/es/visa-ireland,301,Lot B : consolidation famille fees/requirements/processing-time dans le hub destination,"oui : le hub couvre frais, documents et delais",inventory/MERGED_URLS.csv
/es/italy-visa-fees,/es/visa-italy,301,Lot B : consolidation famille fees/requirements/processing-time dans le hub destination,"oui : le hub couvre frais, documents et delais",inventory/MERGED_URLS.csv
/es/italy-visa-processing-time,/es/visa-italy,301,Lot B : consolidation famille fees/requirements/processing-time dans le hub destination,"oui : le hub couvre frais, documents et delais",inventory/MERGED_URLS.csv
/es/italy-visa-requirements,/es/visa-italy,301,Lot B : consolidation famille fees/requirements/processing-time dans le hub destination,"oui : le hub couvre frais, documents et delais",inventory/MERGED_URLS.csv
/es/japan-visa-fees,/es/visa-japan,301,Lot B : consolidation famille fees/requirements/processing-time dans le hub destination,"oui : le hub couvre frais, documents et delais",inventory/MERGED_URLS.csv
/es/japan-visa-processing-time,/es/visa-japan,301,Lot B : consolidation famille fees/requirements/processing-time dans le hub destination,"oui : le hub couvre frais, documents et delais",inventory/MERGED_URLS.csv
/es/japan-visa-requirements,/es/visa-japan,301,Lot B : consolidation famille fees/requirements/processing-time dans le hub destination,"oui : le hub couvre frais, documents et delais",inventory/MERGED_URLS.csv
/es/jordan-visa-fees,/es/visa-jordan,301,Lot B : consolidation famille fees/requirements/processing-time dans le hub destination,"oui : le hub couvre frais, documents et delais",inventory/MERGED_URLS.csv
/es/jordan-visa-processing-time,/es/visa-jordan,301,Lot B : consolidation famille fees/requirements/processing-time dans le hub destination,"oui : le hub couvre frais, documents et delais",inventory/MERGED_URLS.csv
/es/jordan-visa-requirements,/es/visa-jordan,301,Lot B : consolidation famille fees/requirements/processing-time dans le hub destination,"oui : le hub couvre frais, documents et delais",inventory/MERGED_URLS.csv
/es/laos-visa-requirements,/es/visa-laos,301,Lot B : consolidation famille fees/requirements/processing-time dans le hub destination,"oui : le hub couvre frais, documents et delais",inventory/MERGED_URLS.csv
/es/macau-visa-requirements,/es/visa-macau,301,Lot B : consolidation famille fees/requirements/processing-time dans le hub destination,"oui : le hub couvre frais, documents et delais",inventory/MERGED_URLS.csv
/es/malaysia-visa-fees,/es/visa-malaysia,301,Lot B : consolidation famille fees/requirements/processing-time dans le hub destination,"oui : le hub couvre frais, documents et delais",inventory/MERGED_URLS.csv
/es/malaysia-visa-processing-time,/es/visa-malaysia,301,Lot B : consolidation famille fees/requirements/processing-time dans le hub destination,"oui : le hub couvre frais, documents et delais",inventory/MERGED_URLS.csv
/es/malaysia-visa-requirements,/es/visa-malaysia,301,Lot B : consolidation famille fees/requirements/processing-time dans le hub destination,"oui : le hub couvre frais, documents et delais",inventory/MERGED_URLS.csv
/es/maldives-visa-fees,/es/visa-maldives,301,Lot B : consolidation famille fees/requirements/processing-time dans le hub destination,"oui : le hub couvre frais, documents et delais",inventory/MERGED_URLS.csv
/es/maldives-visa-processing-time,/es/visa-maldives,301,Lot B : consolidation famille fees/requirements/processing-time dans le hub destination,"oui : le hub couvre frais, documents et delais",inventory/MERGED_URLS.csv
/es/maldives-visa-requirements,/es/visa-maldives,301,Lot B : consolidation famille fees/requirements/processing-time dans le hub destination,"oui : le hub couvre frais, documents et delais",inventory/MERGED_URLS.csv
/es/mexico-visa-fees,/es/visa-mexico,301,Lot B : consolidation famille fees/requirements/processing-time dans le hub destination,"oui : le hub couvre frais, documents et delais",inventory/MERGED_URLS.csv
/es/mexico-visa-processing-time,/es/visa-mexico,301,Lot B : consolidation famille fees/requirements/processing-time dans le hub destination,"oui : le hub couvre frais, documents et delais",inventory/MERGED_URLS.csv
/es/mexico-visa-requirements,/es/visa-mexico,301,Lot B : consolidation famille fees/requirements/processing-time dans le hub destination,"oui : le hub couvre frais, documents et delais",inventory/MERGED_URLS.csv
/es/nepal-visa-fees,/es/visa-nepal,301,Lot B : consolidation famille fees/requirements/processing-time dans le hub destination,"oui : le hub couvre frais, documents et delais",inventory/MERGED_URLS.csv
/es/nepal-visa-requirements,/es/visa-nepal,301,Lot B : consolidation famille fees/requirements/processing-time dans le hub destination,"oui : le hub couvre frais, documents et delais",inventory/MERGED_URLS.csv
/es/netherlands-visa-fees,/es/visa-netherlands,301,Lot B : consolidation famille fees/requirements/processing-time dans le hub destination,"oui : le hub couvre frais, documents et delais",inventory/MERGED_URLS.csv
/es/netherlands-visa-processing-time,/es/visa-netherlands,301,Lot B : consolidation famille fees/requirements/processing-time dans le hub destination,"oui : le hub couvre frais, documents et delais",inventory/MERGED_URLS.csv
/es/netherlands-visa-requirements,/es/visa-netherlands,301,Lot B : consolidation famille fees/requirements/processing-time dans le hub destination,"oui : le hub couvre frais, documents et delais",inventory/MERGED_URLS.csv
/es/new-zealand-visa-fees,/es/visa-new-zealand,301,Lot B : consolidation famille fees/requirements/processing-time dans le hub destination,"oui : le hub couvre frais, documents et delais",inventory/MERGED_URLS.csv
/es/new-zealand-visa-processing-time,/es/visa-new-zealand,301,Lot B : consolidation famille fees/requirements/processing-time dans le hub destination,"oui : le hub couvre frais, documents et delais",inventory/MERGED_URLS.csv
/es/new-zealand-visa-requirements,/es/visa-new-zealand,301,Lot B : consolidation famille fees/requirements/processing-time dans le hub destination,"oui : le hub couvre frais, documents et delais",inventory/MERGED_URLS.csv
/es/norway-visa-fees,/es/visa-norway,301,Lot B : consolidation famille fees/requirements/processing-time dans le hub destination,"oui : le hub couvre frais, documents et delais",inventory/MERGED_URLS.csv
/es/norway-visa-processing-time,/es/visa-norway,301,Lot B : consolidation famille fees/requirements/processing-time dans le hub destination,"oui : le hub couvre frais, documents et delais",inventory/MERGED_URLS.csv
/es/norway-visa-requirements,/es/visa-norway,301,Lot B : consolidation famille fees/requirements/processing-time dans le hub destination,"oui : le hub couvre frais, documents et delais",inventory/MERGED_URLS.csv
/es/philippines-visa-fees,/es/visa-philippines,301,Lot B : consolidation famille fees/requirements/processing-time dans le hub destination,"oui : le hub couvre frais, documents et delais",inventory/MERGED_URLS.csv
/es/philippines-visa-processing-time,/es/visa-philippines,301,Lot B : consolidation famille fees/requirements/processing-time dans le hub destination,"oui : le hub couvre frais, documents et delais",inventory/MERGED_URLS.csv
/es/philippines-visa-requirements,/es/visa-philippines,301,Lot B : consolidation famille fees/requirements/processing-time dans le hub destination,"oui : le hub couvre frais, documents et delais",inventory/MERGED_URLS.csv
/es/poland-visa-processing-time,/es/visa-poland,301,Lot B : consolidation famille fees/requirements/processing-time dans le hub destination,"oui : le hub couvre frais, documents et delais",inventory/MERGED_URLS.csv
/es/poland-visa-requirements,/es/visa-poland,301,Lot B : consolidation famille fees/requirements/processing-time dans le hub destination,"oui : le hub couvre frais, documents et delais",inventory/MERGED_URLS.csv
/es/portugal-visa-fees,/es/visa-portugal,301,Lot B : consolidation famille fees/requirements/processing-time dans le hub destination,"oui : le hub couvre frais, documents et delais",inventory/MERGED_URLS.csv
/es/portugal-visa-processing-time,/es/visa-portugal,301,Lot B : consolidation famille fees/requirements/processing-time dans le hub destination,"oui : le hub couvre frais, documents et delais",inventory/MERGED_URLS.csv
/es/portugal-visa-requirements,/es/visa-portugal,301,Lot B : consolidation famille fees/requirements/processing-time dans le hub destination,"oui : le hub couvre frais, documents et delais",inventory/MERGED_URLS.csv
/es/qatar-visa-fees,/es/visa-qatar,301,Lot B : consolidation famille fees/requirements/processing-time dans le hub destination,"oui : le hub couvre frais, documents et delais",inventory/MERGED_URLS.csv
/es/qatar-visa-processing-time,/es/visa-qatar,301,Lot B : consolidation famille fees/requirements/processing-time dans le hub destination,"oui : le hub couvre frais, documents et delais",inventory/MERGED_URLS.csv
/es/qatar-visa-requirements,/es/visa-qatar,301,Lot B : consolidation famille fees/requirements/processing-time dans le hub destination,"oui : le hub couvre frais, documents et delais",inventory/MERGED_URLS.csv
/es/romania-visa-fees,/es/visa-romania,301,Lot B : consolidation famille fees/requirements/processing-time dans le hub destination,"oui : le hub couvre frais, documents et delais",inventory/MERGED_URLS.csv
/es/romania-visa-processing-time,/es/visa-romania,301,Lot B : consolidation famille fees/requirements/processing-time dans le hub destination,"oui : le hub couvre frais, documents et delais",inventory/MERGED_URLS.csv
/es/romania-visa-requirements,/es/visa-romania,301,Lot B : consolidation famille fees/requirements/processing-time dans le hub destination,"oui : le hub couvre frais, documents et delais",inventory/MERGED_URLS.csv
/es/singapore-visa-processing-time,/es/visa-singapore,301,Lot B : consolidation famille fees/requirements/processing-time dans le hub destination,"oui : le hub couvre frais, documents et delais",inventory/MERGED_URLS.csv
/es/singapore-visa-requirements,/es/visa-singapore,301,Lot B : consolidation famille fees/requirements/processing-time dans le hub destination,"oui : le hub couvre frais, documents et delais",inventory/MERGED_URLS.csv
/es/spain-visa-fees,/es/visa-spain,301,Lot B : consolidation famille fees/requirements/processing-time dans le hub destination,"oui : le hub couvre frais, documents et delais",inventory/MERGED_URLS.csv
/es/spain-visa-processing-time,/es/visa-spain,301,Lot B : consolidation famille fees/requirements/processing-time dans le hub destination,"oui : le hub couvre frais, documents et delais",inventory/MERGED_URLS.csv
/es/spain-visa-requirements,/es/visa-spain,301,Lot B : consolidation famille fees/requirements/processing-time dans le hub destination,"oui : le hub couvre frais, documents et delais",inventory/MERGED_URLS.csv
/es/sri-lanka-visa-fees,/es/visa-sri-lanka,301,Lot B : consolidation famille fees/requirements/processing-time dans le hub destination,"oui : le hub couvre frais, documents et delais",inventory/MERGED_URLS.csv
/es/sri-lanka-visa-processing-time,/es/visa-sri-lanka,301,Lot B : consolidation famille fees/requirements/processing-time dans le hub destination,"oui : le hub couvre frais, documents et delais",inventory/MERGED_URLS.csv
/es/sri-lanka-visa-requirements,/es/visa-sri-lanka,301,Lot B : consolidation famille fees/requirements/processing-time dans le hub destination,"oui : le hub couvre frais, documents et delais",inventory/MERGED_URLS.csv
/es/sweden-visa-fees,/es/visa-sweden,301,Lot B : consolidation famille fees/requirements/processing-time dans le hub destination,"oui : le hub couvre frais, documents et delais",inventory/MERGED_URLS.csv
/es/sweden-visa-processing-time,/es/visa-sweden,301,Lot B : consolidation famille fees/requirements/processing-time dans le hub destination,"oui : le hub couvre frais, documents et delais",inventory/MERGED_URLS.csv
/es/sweden-visa-requirements,/es/visa-sweden,301,Lot B : consolidation famille fees/requirements/processing-time dans le hub destination,"oui : le hub couvre frais, documents et delais",inventory/MERGED_URLS.csv
/es/switzerland-visa-fees,/es/visa-switzerland,301,Lot B : consolidation famille fees/requirements/processing-time dans le hub destination,"oui : le hub couvre frais, documents et delais",inventory/MERGED_URLS.csv
/es/switzerland-visa-processing-time,/es/visa-switzerland,301,Lot B : consolidation famille fees/requirements/processing-time dans le hub destination,"oui : le hub couvre frais, documents et delais",inventory/MERGED_URLS.csv
/es/switzerland-visa-requirements,/es/visa-switzerland,301,Lot B : consolidation famille fees/requirements/processing-time dans le hub destination,"oui : le hub couvre frais, documents et delais",inventory/MERGED_URLS.csv
/es/taiwan-visa-fees,/es/visa-taiwan,301,Lot B : consolidation famille fees/requirements/processing-time dans le hub destination,"oui : le hub couvre frais, documents et delais",inventory/MERGED_URLS.csv
/es/taiwan-visa-requirements,/es/visa-taiwan,301,Lot B : consolidation famille fees/requirements/processing-time dans le hub destination,"oui : le hub couvre frais, documents et delais",inventory/MERGED_URLS.csv
/es/thailand-visa-fees,/es/visa-thailand,301,Lot B : consolidation famille fees/requirements/processing-time dans le hub destination,"oui : le hub couvre frais, documents et delais",inventory/MERGED_URLS.csv
/es/thailand-visa-requirements,/es/visa-thailand,301,Lot B : consolidation famille fees/requirements/processing-time dans le hub destination,"oui : le hub couvre frais, documents et delais",inventory/MERGED_URLS.csv
/es/turkey-visa-fees,/es/visa-turkey,301,Lot B : consolidation famille fees/requirements/processing-time dans le hub destination,"oui : le hub couvre frais, documents et delais",inventory/MERGED_URLS.csv
/es/turkey-visa-processing-time,/es/visa-turkey,301,Lot B : consolidation famille fees/requirements/processing-time dans le hub destination,"oui : le hub couvre frais, documents et delais",inventory/MERGED_URLS.csv
/es/turkey-visa-requirements,/es/visa-turkey,301,Lot B : consolidation famille fees/requirements/processing-time dans le hub destination,"oui : le hub couvre frais, documents et delais",inventory/MERGED_URLS.csv
/es/uae-visa-fees,/es/visa-uae,301,Lot B : consolidation famille fees/requirements/processing-time dans le hub destination,"oui : le hub couvre frais, documents et delais",inventory/MERGED_URLS.csv
/es/uae-visa-processing-time,/es/visa-uae,301,Lot B : consolidation famille fees/requirements/processing-time dans le hub destination,"oui : le hub couvre frais, documents et delais",inventory/MERGED_URLS.csv
/es/uae-visa-requirements,/es/visa-uae,301,Lot B : consolidation famille fees/requirements/processing-time dans le hub destination,"oui : le hub couvre frais, documents et delais",inventory/MERGED_URLS.csv
/es/united-kingdom-visa-fees,/es/visa-united-kingdom,301,Lot B : consolidation famille fees/requirements/processing-time dans le hub destination,"oui : le hub couvre frais, documents et delais",inventory/MERGED_URLS.csv
/es/united-kingdom-visa-processing-time,/es/visa-united-kingdom,301,Lot B : consolidation famille fees/requirements/processing-time dans le hub destination,"oui : le hub couvre frais, documents et delais",inventory/MERGED_URLS.csv
/es/united-kingdom-visa-requirements,/es/visa-united-kingdom,301,Lot B : consolidation famille fees/requirements/processing-time dans le hub destination,"oui : le hub couvre frais, documents et delais",inventory/MERGED_URLS.csv
/es/usa-visa-fees,/es/visa-usa,301,Lot B : consolidation famille fees/requirements/processing-time dans le hub destination,"oui : le hub couvre frais, documents et delais",inventory/MERGED_URLS.csv
/es/usa-visa-processing-time,/es/visa-usa,301,Lot B : consolidation famille fees/requirements/processing-time dans le hub destination,"oui : le hub couvre frais, documents et delais",inventory/MERGED_URLS.csv
/es/usa-visa-requirements,/es/visa-usa,301,Lot B : consolidation famille fees/requirements/processing-time dans le hub destination,"oui : le hub couvre frais, documents et delais",inventory/MERGED_URLS.csv
/es/vietnam-visa-fees,/es/visa-vietnam,301,Lot B : consolidation famille fees/requirements/processing-time dans le hub destination,"oui : le hub couvre frais, documents et delais",inventory/MERGED_URLS.csv
/es/vietnam-visa-processing-time,/es/visa-vietnam,301,Lot B : consolidation famille fees/requirements/processing-time dans le hub destination,"oui : le hub couvre frais, documents et delais",inventory/MERGED_URLS.csv
/es/vietnam-visa-requirements,/es/visa-vietnam,301,Lot B : consolidation famille fees/requirements/processing-time dans le hub destination,"oui : le hub couvre frais, documents et delais",inventory/MERGED_URLS.csv
/fr/argentina-visa-fees,/fr/visa-argentina,301,Lot B : consolidation famille fees/requirements/processing-time dans le hub destination,"oui : le hub couvre frais, documents et delais",inventory/MERGED_URLS.csv
/fr/argentina-visa-processing-time,/fr/visa-argentina,301,Lot B : consolidation famille fees/requirements/processing-time dans le hub destination,"oui : le hub couvre frais, documents et delais",inventory/MERGED_URLS.csv
/fr/argentina-visa-requirements,/fr/visa-argentina,301,Lot B : consolidation famille fees/requirements/processing-time dans le hub destination,"oui : le hub couvre frais, documents et delais",inventory/MERGED_URLS.csv
/fr/australia-visa-fees,/fr/visa-australia,301,Lot B : consolidation famille fees/requirements/processing-time dans le hub destination,"oui : le hub couvre frais, documents et delais",inventory/MERGED_URLS.csv
/fr/australia-visa-processing-time,/fr/visa-australia,301,Lot B : consolidation famille fees/requirements/processing-time dans le hub destination,"oui : le hub couvre frais, documents et delais",inventory/MERGED_URLS.csv
/fr/australia-visa-requirements,/fr/visa-australia,301,Lot B : consolidation famille fees/requirements/processing-time dans le hub destination,"oui : le hub couvre frais, documents et delais",inventory/MERGED_URLS.csv
/fr/austria-visa-fees,/fr/visa-austria,301,Lot B : consolidation famille fees/requirements/processing-time dans le hub destination,"oui : le hub couvre frais, documents et delais",inventory/MERGED_URLS.csv
/fr/austria-visa-processing-time,/fr/visa-austria,301,Lot B : consolidation famille fees/requirements/processing-time dans le hub destination,"oui : le hub couvre frais, documents et delais",inventory/MERGED_URLS.csv
/fr/austria-visa-requirements,/fr/visa-austria,301,Lot B : consolidation famille fees/requirements/processing-time dans le hub destination,"oui : le hub couvre frais, documents et delais",inventory/MERGED_URLS.csv
/fr/belgium-visa-fees,/fr/visa-belgium,301,Lot B : consolidation famille fees/requirements/processing-time dans le hub destination,"oui : le hub couvre frais, documents et delais",inventory/MERGED_URLS.csv
/fr/belgium-visa-processing-time,/fr/visa-belgium,301,Lot B : consolidation famille fees/requirements/processing-time dans le hub destination,"oui : le hub couvre frais, documents et delais",inventory/MERGED_URLS.csv
/fr/belgium-visa-requirements,/fr/visa-belgium,301,Lot B : consolidation famille fees/requirements/processing-time dans le hub destination,"oui : le hub couvre frais, documents et delais",inventory/MERGED_URLS.csv
/fr/bermuda-visa-requirements,/fr/visa-bermuda,301,Lot B : consolidation famille fees/requirements/processing-time dans le hub destination,"oui : le hub couvre frais, documents et delais",inventory/MERGED_URLS.csv
/fr/brazil-visa-processing-time,/fr/visa-brazil,301,Lot B : consolidation famille fees/requirements/processing-time dans le hub destination,"oui : le hub couvre frais, documents et delais",inventory/MERGED_URLS.csv
/fr/brazil-visa-requirements,/fr/visa-brazil,301,Lot B : consolidation famille fees/requirements/processing-time dans le hub destination,"oui : le hub couvre frais, documents et delais",inventory/MERGED_URLS.csv
/fr/cambodia-visa-fees,/fr/visa-cambodia,301,Lot B : consolidation famille fees/requirements/processing-time dans le hub destination,"oui : le hub couvre frais, documents et delais",inventory/MERGED_URLS.csv
/fr/cambodia-visa-processing-time,/fr/visa-cambodia,301,Lot B : consolidation famille fees/requirements/processing-time dans le hub destination,"oui : le hub couvre frais, documents et delais",inventory/MERGED_URLS.csv
/fr/cambodia-visa-requirements,/fr/visa-cambodia,301,Lot B : consolidation famille fees/requirements/processing-time dans le hub destination,"oui : le hub couvre frais, documents et delais",inventory/MERGED_URLS.csv
/fr/canada-visa-fees,/fr/visa-canada,301,Lot B : consolidation famille fees/requirements/processing-time dans le hub destination,"oui : le hub couvre frais, documents et delais",inventory/MERGED_URLS.csv
/fr/canada-visa-processing-time,/fr/visa-canada,301,Lot B : consolidation famille fees/requirements/processing-time dans le hub destination,"oui : le hub couvre frais, documents et delais",inventory/MERGED_URLS.csv
/fr/canada-visa-requirements,/fr/visa-canada,301,Lot B : consolidation famille fees/requirements/processing-time dans le hub destination,"oui : le hub couvre frais, documents et delais",inventory/MERGED_URLS.csv
/fr/china-visa-fees,/fr/visa-china,301,Lot B : consolidation famille fees/requirements/processing-time dans le hub destination,"oui : le hub couvre frais, documents et delais",inventory/MERGED_URLS.csv
/fr/china-visa-processing-time,/fr/visa-china,301,Lot B : consolidation famille fees/requirements/processing-time dans le hub destination,"oui : le hub couvre frais, documents et delais",inventory/MERGED_URLS.csv
/fr/china-visa-requirements,/fr/visa-china,301,Lot B : consolidation famille fees/requirements/processing-time dans le hub destination,"oui : le hub couvre frais, documents et delais",inventory/MERGED_URLS.csv
/fr/colombia-visa-fees,/fr/visa-colombia,301,Lot B : consolidation famille fees/requirements/processing-time dans le hub destination,"oui : le hub couvre frais, documents et delais",inventory/MERGED_URLS.csv
/fr/colombia-visa-requirements,/fr/visa-colombia,301,Lot B : consolidation famille fees/requirements/processing-time dans le hub destination,"oui : le hub couvre frais, documents et delais",inventory/MERGED_URLS.csv
/fr/costa-rica-visa-fees,/fr/visa-costa-rica,301,Lot B : consolidation famille fees/requirements/processing-time dans le hub destination,"oui : le hub couvre frais, documents et delais",inventory/MERGED_URLS.csv
/fr/costa-rica-visa-processing-time,/fr/visa-costa-rica,301,Lot B : consolidation famille fees/requirements/processing-time dans le hub destination,"oui : le hub couvre frais, documents et delais",inventory/MERGED_URLS.csv
/fr/costa-rica-visa-requirements,/fr/visa-costa-rica,301,Lot B : consolidation famille fees/requirements/processing-time dans le hub destination,"oui : le hub couvre frais, documents et delais",inventory/MERGED_URLS.csv
/fr/croatia-visa-fees,/fr/visa-croatia,301,Lot B : consolidation famille fees/requirements/processing-time dans le hub destination,"oui : le hub couvre frais, documents et delais",inventory/MERGED_URLS.csv
/fr/croatia-visa-processing-time,/fr/visa-croatia,301,Lot B : consolidation famille fees/requirements/processing-time dans le hub destination,"oui : le hub couvre frais, documents et delais",inventory/MERGED_URLS.csv
/fr/croatia-visa-requirements,/fr/visa-croatia,301,Lot B : consolidation famille fees/requirements/processing-time dans le hub destination,"oui : le hub couvre frais, documents et delais",inventory/MERGED_URLS.csv
/fr/czech-republic-visa-fees,/fr/visa-czech-republic,301,Lot B : consolidation famille fees/requirements/processing-time dans le hub destination,"oui : le hub couvre frais, documents et delais",inventory/MERGED_URLS.csv
/fr/czech-republic-visa-processing-time,/fr/visa-czech-republic,301,Lot B : consolidation famille fees/requirements/processing-time dans le hub destination,"oui : le hub couvre frais, documents et delais",inventory/MERGED_URLS.csv
/fr/czech-republic-visa-requirements,/fr/visa-czech-republic,301,Lot B : consolidation famille fees/requirements/processing-time dans le hub destination,"oui : le hub couvre frais, documents et delais",inventory/MERGED_URLS.csv
/fr/denmark-visa-fees,/fr/visa-denmark,301,Lot B : consolidation famille fees/requirements/processing-time dans le hub destination,"oui : le hub couvre frais, documents et delais",inventory/MERGED_URLS.csv
/fr/denmark-visa-processing-time,/fr/visa-denmark,301,Lot B : consolidation famille fees/requirements/processing-time dans le hub destination,"oui : le hub couvre frais, documents et delais",inventory/MERGED_URLS.csv
/fr/denmark-visa-requirements,/fr/visa-denmark,301,Lot B : consolidation famille fees/requirements/processing-time dans le hub destination,"oui : le hub couvre frais, documents et delais",inventory/MERGED_URLS.csv
/fr/france-visa-fees,/fr/visa-france,301,Lot B : consolidation famille fees/requirements/processing-time dans le hub destination,"oui : le hub couvre frais, documents et delais",inventory/MERGED_URLS.csv
/fr/france-visa-requirements,/fr/visa-france,301,Lot B : consolidation famille fees/requirements/processing-time dans le hub destination,"oui : le hub couvre frais, documents et delais",inventory/MERGED_URLS.csv
/fr/germany-visa-fees,/fr/visa-germany,301,Lot B : consolidation famille fees/requirements/processing-time dans le hub destination,"oui : le hub couvre frais, documents et delais",inventory/MERGED_URLS.csv
/fr/germany-visa-processing-time,/fr/visa-germany,301,Lot B : consolidation famille fees/requirements/processing-time dans le hub destination,"oui : le hub couvre frais, documents et delais",inventory/MERGED_URLS.csv
/fr/germany-visa-requirements,/fr/visa-germany,301,Lot B : consolidation famille fees/requirements/processing-time dans le hub destination,"oui : le hub couvre frais, documents et delais",inventory/MERGED_URLS.csv
/fr/greece-visa-fees,/fr/visa-greece,301,Lot B : consolidation famille fees/requirements/processing-time dans le hub destination,"oui : le hub couvre frais, documents et delais",inventory/MERGED_URLS.csv
/fr/greece-visa-processing-time,/fr/visa-greece,301,Lot B : consolidation famille fees/requirements/processing-time dans le hub destination,"oui : le hub couvre frais, documents et delais",inventory/MERGED_URLS.csv
/fr/greece-visa-requirements,/fr/visa-greece,301,Lot B : consolidation famille fees/requirements/processing-time dans le hub destination,"oui : le hub couvre frais, documents et delais",inventory/MERGED_URLS.csv
/fr/hong-kong-visa-fees,/fr/visa-hong-kong,301,Lot B : consolidation famille fees/requirements/processing-time dans le hub destination,"oui : le hub couvre frais, documents et delais",inventory/MERGED_URLS.csv
/fr/hong-kong-visa-processing-time,/fr/visa-hong-kong,301,Lot B : consolidation famille fees/requirements/processing-time dans le hub destination,"oui : le hub couvre frais, documents et delais",inventory/MERGED_URLS.csv
/fr/hong-kong-visa-requirements,/fr/visa-hong-kong,301,Lot B : consolidation famille fees/requirements/processing-time dans le hub destination,"oui : le hub couvre frais, documents et delais",inventory/MERGED_URLS.csv
/fr/hungary-visa-fees,/fr/visa-hungary,301,Lot B : consolidation famille fees/requirements/processing-time dans le hub destination,"oui : le hub couvre frais, documents et delais",inventory/MERGED_URLS.csv
/fr/hungary-visa-processing-time,/fr/visa-hungary,301,Lot B : consolidation famille fees/requirements/processing-time dans le hub destination,"oui : le hub couvre frais, documents et delais",inventory/MERGED_URLS.csv
/fr/hungary-visa-requirements,/fr/visa-hungary,301,Lot B : consolidation famille fees/requirements/processing-time dans le hub destination,"oui : le hub couvre frais, documents et delais",inventory/MERGED_URLS.csv
/fr/india-visa-fees,/fr/visa-india,301,Lot B : consolidation famille fees/requirements/processing-time dans le hub destination,"oui : le hub couvre frais, documents et delais",inventory/MERGED_URLS.csv
/fr/india-visa-processing-time,/fr/visa-india,301,Lot B : consolidation famille fees/requirements/processing-time dans le hub destination,"oui : le hub couvre frais, documents et delais",inventory/MERGED_URLS.csv
/fr/india-visa-requirements,/fr/visa-india,301,Lot B : consolidation famille fees/requirements/processing-time dans le hub destination,"oui : le hub couvre frais, documents et delais",inventory/MERGED_URLS.csv
/fr/indonesia-visa-fees,/fr/visa-indonesia,301,Lot B : consolidation famille fees/requirements/processing-time dans le hub destination,"oui : le hub couvre frais, documents et delais",inventory/MERGED_URLS.csv
/fr/indonesia-visa-processing-time,/fr/visa-indonesia,301,Lot B : consolidation famille fees/requirements/processing-time dans le hub destination,"oui : le hub couvre frais, documents et delais",inventory/MERGED_URLS.csv
/fr/indonesia-visa-requirements,/fr/visa-indonesia,301,Lot B : consolidation famille fees/requirements/processing-time dans le hub destination,"oui : le hub couvre frais, documents et delais",inventory/MERGED_URLS.csv
/fr/ireland-visa-fees,/fr/visa-ireland,301,Lot B : consolidation famille fees/requirements/processing-time dans le hub destination,"oui : le hub couvre frais, documents et delais",inventory/MERGED_URLS.csv
/fr/ireland-visa-requirements,/fr/visa-ireland,301,Lot B : consolidation famille fees/requirements/processing-time dans le hub destination,"oui : le hub couvre frais, documents et delais",inventory/MERGED_URLS.csv
/fr/italy-visa-fees,/fr/visa-italy,301,Lot B : consolidation famille fees/requirements/processing-time dans le hub destination,"oui : le hub couvre frais, documents et delais",inventory/MERGED_URLS.csv
/fr/italy-visa-requirements,/fr/visa-italy,301,Lot B : consolidation famille fees/requirements/processing-time dans le hub destination,"oui : le hub couvre frais, documents et delais",inventory/MERGED_URLS.csv
/fr/japan-visa-fees,/fr/visa-japan,301,Lot B : consolidation famille fees/requirements/processing-time dans le hub destination,"oui : le hub couvre frais, documents et delais",inventory/MERGED_URLS.csv
/fr/japan-visa-processing-time,/fr/visa-japan,301,Lot B : consolidation famille fees/requirements/processing-time dans le hub destination,"oui : le hub couvre frais, documents et delais",inventory/MERGED_URLS.csv
/fr/japan-visa-requirements,/fr/visa-japan,301,Lot B : consolidation famille fees/requirements/processing-time dans le hub destination,"oui : le hub couvre frais, documents et delais",inventory/MERGED_URLS.csv
/fr/jordan-visa-fees,/fr/visa-jordan,301,Lot B : consolidation famille fees/requirements/processing-time dans le hub destination,"oui : le hub couvre frais, documents et delais",inventory/MERGED_URLS.csv
/fr/jordan-visa-processing-time,/fr/visa-jordan,301,Lot B : consolidation famille fees/requirements/processing-time dans le hub destination,"oui : le hub couvre frais, documents et delais",inventory/MERGED_URLS.csv
/fr/jordan-visa-requirements,/fr/visa-jordan,301,Lot B : consolidation famille fees/requirements/processing-time dans le hub destination,"oui : le hub couvre frais, documents et delais",inventory/MERGED_URLS.csv
/fr/laos-visa-requirements,/fr/visa-laos,301,Lot B : consolidation famille fees/requirements/processing-time dans le hub destination,"oui : le hub couvre frais, documents et delais",inventory/MERGED_URLS.csv
/fr/macau-visa-requirements,/fr/visa-macau,301,Lot B : consolidation famille fees/requirements/processing-time dans le hub destination,"oui : le hub couvre frais, documents et delais",inventory/MERGED_URLS.csv
/fr/malaysia-visa-fees,/fr/visa-malaysia,301,Lot B : consolidation famille fees/requirements/processing-time dans le hub destination,"oui : le hub couvre frais, documents et delais",inventory/MERGED_URLS.csv
/fr/malaysia-visa-processing-time,/fr/visa-malaysia,301,Lot B : consolidation famille fees/requirements/processing-time dans le hub destination,"oui : le hub couvre frais, documents et delais",inventory/MERGED_URLS.csv
/fr/malaysia-visa-requirements,/fr/visa-malaysia,301,Lot B : consolidation famille fees/requirements/processing-time dans le hub destination,"oui : le hub couvre frais, documents et delais",inventory/MERGED_URLS.csv
/fr/maldives-visa-fees,/fr/visa-maldives,301,Lot B : consolidation famille fees/requirements/processing-time dans le hub destination,"oui : le hub couvre frais, documents et delais",inventory/MERGED_URLS.csv
/fr/maldives-visa-processing-time,/fr/visa-maldives,301,Lot B : consolidation famille fees/requirements/processing-time dans le hub destination,"oui : le hub couvre frais, documents et delais",inventory/MERGED_URLS.csv
/fr/maldives-visa-requirements,/fr/visa-maldives,301,Lot B : consolidation famille fees/requirements/processing-time dans le hub destination,"oui : le hub couvre frais, documents et delais",inventory/MERGED_URLS.csv
/fr/mexico-visa-fees,/fr/visa-mexico,301,Lot B : consolidation famille fees/requirements/processing-time dans le hub destination,"oui : le hub couvre frais, documents et delais",inventory/MERGED_URLS.csv
/fr/mexico-visa-processing-time,/fr/visa-mexico,301,Lot B : consolidation famille fees/requirements/processing-time dans le hub destination,"oui : le hub couvre frais, documents et delais",inventory/MERGED_URLS.csv
/fr/mexico-visa-requirements,/fr/visa-mexico,301,Lot B : consolidation famille fees/requirements/processing-time dans le hub destination,"oui : le hub couvre frais, documents et delais",inventory/MERGED_URLS.csv
/fr/nepal-visa-fees,/fr/visa-nepal,301,Lot B : consolidation famille fees/requirements/processing-time dans le hub destination,"oui : le hub couvre frais, documents et delais",inventory/MERGED_URLS.csv
/fr/nepal-visa-processing-time,/fr/visa-nepal,301,Lot B : consolidation famille fees/requirements/processing-time dans le hub destination,"oui : le hub couvre frais, documents et delais",inventory/MERGED_URLS.csv
/fr/nepal-visa-requirements,/fr/visa-nepal,301,Lot B : consolidation famille fees/requirements/processing-time dans le hub destination,"oui : le hub couvre frais, documents et delais",inventory/MERGED_URLS.csv
/fr/netherlands-visa-fees,/fr/visa-netherlands,301,Lot B : consolidation famille fees/requirements/processing-time dans le hub destination,"oui : le hub couvre frais, documents et delais",inventory/MERGED_URLS.csv
/fr/netherlands-visa-processing-time,/fr/visa-netherlands,301,Lot B : consolidation famille fees/requirements/processing-time dans le hub destination,"oui : le hub couvre frais, documents et delais",inventory/MERGED_URLS.csv
/fr/netherlands-visa-requirements,/fr/visa-netherlands,301,Lot B : consolidation famille fees/requirements/processing-time dans le hub destination,"oui : le hub couvre frais, documents et delais",inventory/MERGED_URLS.csv
/fr/new-zealand-visa-fees,/fr/visa-new-zealand,301,Lot B : consolidation famille fees/requirements/processing-time dans le hub destination,"oui : le hub couvre frais, documents et delais",inventory/MERGED_URLS.csv
/fr/new-zealand-visa-processing-time,/fr/visa-new-zealand,301,Lot B : consolidation famille fees/requirements/processing-time dans le hub destination,"oui : le hub couvre frais, documents et delais",inventory/MERGED_URLS.csv
/fr/norway-visa-processing-time,/fr/visa-norway,301,Lot B : consolidation famille fees/requirements/processing-time dans le hub destination,"oui : le hub couvre frais, documents et delais",inventory/MERGED_URLS.csv
/fr/norway-visa-requirements,/fr/visa-norway,301,Lot B : consolidation famille fees/requirements/processing-time dans le hub destination,"oui : le hub couvre frais, documents et delais",inventory/MERGED_URLS.csv
/fr/philippines-visa-fees,/fr/visa-philippines,301,Lot B : consolidation famille fees/requirements/processing-time dans le hub destination,"oui : le hub couvre frais, documents et delais",inventory/MERGED_URLS.csv
/fr/philippines-visa-processing-time,/fr/visa-philippines,301,Lot B : consolidation famille fees/requirements/processing-time dans le hub destination,"oui : le hub couvre frais, documents et delais",inventory/MERGED_URLS.csv
/fr/philippines-visa-requirements,/fr/visa-philippines,301,Lot B : consolidation famille fees/requirements/processing-time dans le hub destination,"oui : le hub couvre frais, documents et delais",inventory/MERGED_URLS.csv
/fr/poland-visa-fees,/fr/visa-poland,301,Lot B : consolidation famille fees/requirements/processing-time dans le hub destination,"oui : le hub couvre frais, documents et delais",inventory/MERGED_URLS.csv
/fr/poland-visa-processing-time,/fr/visa-poland,301,Lot B : consolidation famille fees/requirements/processing-time dans le hub destination,"oui : le hub couvre frais, documents et delais",inventory/MERGED_URLS.csv
/fr/poland-visa-requirements,/fr/visa-poland,301,Lot B : consolidation famille fees/requirements/processing-time dans le hub destination,"oui : le hub couvre frais, documents et delais",inventory/MERGED_URLS.csv
/fr/portugal-visa-fees,/fr/visa-portugal,301,Lot B : consolidation famille fees/requirements/processing-time dans le hub destination,"oui : le hub couvre frais, documents et delais",inventory/MERGED_URLS.csv
/fr/portugal-visa-processing-time,/fr/visa-portugal,301,Lot B : consolidation famille fees/requirements/processing-time dans le hub destination,"oui : le hub couvre frais, documents et delais",inventory/MERGED_URLS.csv
/fr/portugal-visa-requirements,/fr/visa-portugal,301,Lot B : consolidation famille fees/requirements/processing-time dans le hub destination,"oui : le hub couvre frais, documents et delais",inventory/MERGED_URLS.csv
/fr/qatar-visa-fees,/fr/visa-qatar,301,Lot B : consolidation famille fees/requirements/processing-time dans le hub destination,"oui : le hub couvre frais, documents et delais",inventory/MERGED_URLS.csv
/fr/qatar-visa-processing-time,/fr/visa-qatar,301,Lot B : consolidation famille fees/requirements/processing-time dans le hub destination,"oui : le hub couvre frais, documents et delais",inventory/MERGED_URLS.csv
/fr/qatar-visa-requirements,/fr/visa-qatar,301,Lot B : consolidation famille fees/requirements/processing-time dans le hub destination,"oui : le hub couvre frais, documents et delais",inventory/MERGED_URLS.csv
/fr/romania-visa-fees,/fr/visa-romania,301,Lot B : consolidation famille fees/requirements/processing-time dans le hub destination,"oui : le hub couvre frais, documents et delais",inventory/MERGED_URLS.csv
/fr/romania-visa-requirements,/fr/visa-romania,301,Lot B : consolidation famille fees/requirements/processing-time dans le hub destination,"oui : le hub couvre frais, documents et delais",inventory/MERGED_URLS.csv
/fr/singapore-visa-processing-time,/fr/visa-singapore,301,Lot B : consolidation famille fees/requirements/processing-time dans le hub destination,"oui : le hub couvre frais, documents et delais",inventory/MERGED_URLS.csv
/fr/singapore-visa-requirements,/fr/visa-singapore,301,Lot B : consolidation famille fees/requirements/processing-time dans le hub destination,"oui : le hub couvre frais, documents et delais",inventory/MERGED_URLS.csv
/fr/spain-visa-fees,/fr/visa-spain,301,Lot B : consolidation famille fees/requirements/processing-time dans le hub destination,"oui : le hub couvre frais, documents et delais",inventory/MERGED_URLS.csv
/fr/spain-visa-processing-time,/fr/visa-spain,301,Lot B : consolidation famille fees/requirements/processing-time dans le hub destination,"oui : le hub couvre frais, documents et delais",inventory/MERGED_URLS.csv
/fr/spain-visa-requirements,/fr/visa-spain,301,Lot B : consolidation famille fees/requirements/processing-time dans le hub destination,"oui : le hub couvre frais, documents et delais",inventory/MERGED_URLS.csv
/fr/sri-lanka-visa-fees,/fr/visa-sri-lanka,301,Lot B : consolidation famille fees/requirements/processing-time dans le hub destination,"oui : le hub couvre frais, documents et delais",inventory/MERGED_URLS.csv
/fr/sri-lanka-visa-requirements,/fr/visa-sri-lanka,301,Lot B : consolidation famille fees/requirements/processing-time dans le hub destination,"oui : le hub couvre frais, documents et delais",inventory/MERGED_URLS.csv
/fr/sweden-visa-fees,/fr/visa-sweden,301,Lot B : consolidation famille fees/requirements/processing-time dans le hub destination,"oui : le hub couvre frais, documents et delais",inventory/MERGED_URLS.csv
/fr/sweden-visa-requirements,/fr/visa-sweden,301,Lot B : consolidation famille fees/requirements/processing-time dans le hub destination,"oui : le hub couvre frais, documents et delais",inventory/MERGED_URLS.csv
/fr/switzerland-visa-fees,/fr/visa-switzerland,301,Lot B : consolidation famille fees/requirements/processing-time dans le hub destination,"oui : le hub couvre frais, documents et delais",inventory/MERGED_URLS.csv
/fr/switzerland-visa-processing-time,/fr/visa-switzerland,301,Lot B : consolidation famille fees/requirements/processing-time dans le hub destination,"oui : le hub couvre frais, documents et delais",inventory/MERGED_URLS.csv
/fr/switzerland-visa-requirements,/fr/visa-switzerland,301,Lot B : consolidation famille fees/requirements/processing-time dans le hub destination,"oui : le hub couvre frais, documents et delais",inventory/MERGED_URLS.csv
/fr/taiwan-visa-fees,/fr/visa-taiwan,301,Lot B : consolidation famille fees/requirements/processing-time dans le hub destination,"oui : le hub couvre frais, documents et delais",inventory/MERGED_URLS.csv
/fr/taiwan-visa-processing-time,/fr/visa-taiwan,301,Lot B : consolidation famille fees/requirements/processing-time dans le hub destination,"oui : le hub couvre frais, documents et delais",inventory/MERGED_URLS.csv
/fr/taiwan-visa-requirements,/fr/visa-taiwan,301,Lot B : consolidation famille fees/requirements/processing-time dans le hub destination,"oui : le hub couvre frais, documents et delais",inventory/MERGED_URLS.csv
/fr/thailand-visa-fees,/fr/visa-thailand,301,Lot B : consolidation famille fees/requirements/processing-time dans le hub destination,"oui : le hub couvre frais, documents et delais",inventory/MERGED_URLS.csv
/fr/thailand-visa-processing-time,/fr/visa-thailand,301,Lot B : consolidation famille fees/requirements/processing-time dans le hub destination,"oui : le hub couvre frais, documents et delais",inventory/MERGED_URLS.csv
/fr/thailand-visa-requirements,/fr/visa-thailand,301,Lot B : consolidation famille fees/requirements/processing-time dans le hub destination,"oui : le hub couvre frais, documents et delais",inventory/MERGED_URLS.csv
/fr/turkey-visa-fees,/fr/visa-turkey,301,Lot B : consolidation famille fees/requirements/processing-time dans le hub destination,"oui : le hub couvre frais, documents et delais",inventory/MERGED_URLS.csv
/fr/turkey-visa-processing-time,/fr/visa-turkey,301,Lot B : consolidation famille fees/requirements/processing-time dans le hub destination,"oui : le hub couvre frais, documents et delais",inventory/MERGED_URLS.csv
/fr/turkey-visa-requirements,/fr/visa-turkey,301,Lot B : consolidation famille fees/requirements/processing-time dans le hub destination,"oui : le hub couvre frais, documents et delais",inventory/MERGED_URLS.csv
/fr/uae-visa-fees,/fr/visa-uae,301,Lot B : consolidation famille fees/requirements/processing-time dans le hub destination,"oui : le hub couvre frais, documents et delais",inventory/MERGED_URLS.csv
/fr/uae-visa-processing-time,/fr/visa-uae,301,Lot B : consolidation famille fees/requirements/processing-time dans le hub destination,"oui : le hub couvre frais, documents et delais",inventory/MERGED_URLS.csv
/fr/uae-visa-requirements,/fr/visa-uae,301,Lot B : consolidation famille fees/requirements/processing-time dans le hub destination,"oui : le hub couvre frais, documents et delais",inventory/MERGED_URLS.csv
/fr/united-kingdom-visa-fees,/fr/visa-united-kingdom,301,Lot B : consolidation famille fees/requirements/processing-time dans le hub destination,"oui : le hub couvre frais, documents et delais",inventory/MERGED_URLS.csv
/fr/united-kingdom-visa-processing-time,/fr/visa-united-kingdom,301,Lot B : consolidation famille fees/requirements/processing-time dans le hub destination,"oui : le hub couvre frais, documents et delais",inventory/MERGED_URLS.csv
/fr/united-kingdom-visa-requirements,/fr/visa-united-kingdom,301,Lot B : consolidation famille fees/requirements/processing-time dans le hub destination,"oui : le hub couvre frais, documents et delais",inventory/MERGED_URLS.csv
/fr/usa-visa-fees,/fr/visa-usa,301,Lot B : consolidation famille fees/requirements/processing-time dans le hub destination,"oui : le hub couvre frais, documents et delais",inventory/MERGED_URLS.csv
/fr/usa-visa-requirements,/fr/visa-usa,301,Lot B : consolidation famille fees/requirements/processing-time dans le hub destination,"oui : le hub couvre frais, documents et delais",inventory/MERGED_URLS.csv
/fr/vietnam-visa-fees,/fr/visa-vietnam,301,Lot B : consolidation famille fees/requirements/processing-time dans le hub destination,"oui : le hub couvre frais, documents et delais",inventory/MERGED_URLS.csv
/fr/vietnam-visa-processing-time,/fr/visa-vietnam,301,Lot B : consolidation famille fees/requirements/processing-time dans le hub destination,"oui : le hub couvre frais, documents et delais",inventory/MERGED_URLS.csv
/fr/vietnam-visa-requirements,/fr/visa-vietnam,301,Lot B : consolidation famille fees/requirements/processing-time dans le hub destination,"oui : le hub couvre frais, documents et delais",inventory/MERGED_URLS.csv
/ja/argentina-visa-fees,/ja/visa-argentina,301,Lot B : consolidation famille fees/requirements/processing-time dans le hub destination,"oui : le hub couvre frais, documents et delais",inventory/MERGED_URLS.csv
/ja/argentina-visa-processing-time,/ja/visa-argentina,301,Lot B : consolidation famille fees/requirements/processing-time dans le hub destination,"oui : le hub couvre frais, documents et delais",inventory/MERGED_URLS.csv
/ja/argentina-visa-requirements,/ja/visa-argentina,301,Lot B : consolidation famille fees/requirements/processing-time dans le hub destination,"oui : le hub couvre frais, documents et delais",inventory/MERGED_URLS.csv
/ja/australia-visa-fees,/ja/visa-australia,301,Lot B : consolidation famille fees/requirements/processing-time dans le hub destination,"oui : le hub couvre frais, documents et delais",inventory/MERGED_URLS.csv
/ja/australia-visa-requirements,/ja/visa-australia,301,Lot B : consolidation famille fees/requirements/processing-time dans le hub destination,"oui : le hub couvre frais, documents et delais",inventory/MERGED_URLS.csv
/ja/austria-visa-fees,/ja/visa-austria,301,Lot B : consolidation famille fees/requirements/processing-time dans le hub destination,"oui : le hub couvre frais, documents et delais",inventory/MERGED_URLS.csv
/ja/austria-visa-processing-time,/ja/visa-austria,301,Lot B : consolidation famille fees/requirements/processing-time dans le hub destination,"oui : le hub couvre frais, documents et delais",inventory/MERGED_URLS.csv
/ja/austria-visa-requirements,/ja/visa-austria,301,Lot B : consolidation famille fees/requirements/processing-time dans le hub destination,"oui : le hub couvre frais, documents et delais",inventory/MERGED_URLS.csv
/ja/belgium-visa-requirements,/ja/visa-belgium,301,Lot B : consolidation famille fees/requirements/processing-time dans le hub destination,"oui : le hub couvre frais, documents et delais",inventory/MERGED_URLS.csv
/ja/bermuda-visa-requirements,/ja/visa-bermuda,301,Lot B : consolidation famille fees/requirements/processing-time dans le hub destination,"oui : le hub couvre frais, documents et delais",inventory/MERGED_URLS.csv
/ja/brazil-visa-fees,/ja/visa-brazil,301,Lot B : consolidation famille fees/requirements/processing-time dans le hub destination,"oui : le hub couvre frais, documents et delais",inventory/MERGED_URLS.csv
/ja/brazil-visa-requirements,/ja/visa-brazil,301,Lot B : consolidation famille fees/requirements/processing-time dans le hub destination,"oui : le hub couvre frais, documents et delais",inventory/MERGED_URLS.csv
/ja/cambodia-visa-fees,/ja/visa-cambodia,301,Lot B : consolidation famille fees/requirements/processing-time dans le hub destination,"oui : le hub couvre frais, documents et delais",inventory/MERGED_URLS.csv
/ja/cambodia-visa-processing-time,/ja/visa-cambodia,301,Lot B : consolidation famille fees/requirements/processing-time dans le hub destination,"oui : le hub couvre frais, documents et delais",inventory/MERGED_URLS.csv
/ja/cambodia-visa-requirements,/ja/visa-cambodia,301,Lot B : consolidation famille fees/requirements/processing-time dans le hub destination,"oui : le hub couvre frais, documents et delais",inventory/MERGED_URLS.csv
/ja/canada-visa-fees,/ja/visa-canada,301,Lot B : consolidation famille fees/requirements/processing-time dans le hub destination,"oui : le hub couvre frais, documents et delais",inventory/MERGED_URLS.csv
/ja/canada-visa-processing-time,/ja/visa-canada,301,Lot B : consolidation famille fees/requirements/processing-time dans le hub destination,"oui : le hub couvre frais, documents et delais",inventory/MERGED_URLS.csv
/ja/canada-visa-requirements,/ja/visa-canada,301,Lot B : consolidation famille fees/requirements/processing-time dans le hub destination,"oui : le hub couvre frais, documents et delais",inventory/MERGED_URLS.csv
/ja/china-visa-fees,/ja/visa-china,301,Lot B : consolidation famille fees/requirements/processing-time dans le hub destination,"oui : le hub couvre frais, documents et delais",inventory/MERGED_URLS.csv
/ja/china-visa-processing-time,/ja/visa-china,301,Lot B : consolidation famille fees/requirements/processing-time dans le hub destination,"oui : le hub couvre frais, documents et delais",inventory/MERGED_URLS.csv
/ja/china-visa-requirements,/ja/visa-china,301,Lot B : consolidation famille fees/requirements/processing-time dans le hub destination,"oui : le hub couvre frais, documents et delais",inventory/MERGED_URLS.csv
/ja/colombia-visa-fees,/ja/visa-colombia,301,Lot B : consolidation famille fees/requirements/processing-time dans le hub destination,"oui : le hub couvre frais, documents et delais",inventory/MERGED_URLS.csv
/ja/colombia-visa-requirements,/ja/visa-colombia,301,Lot B : consolidation famille fees/requirements/processing-time dans le hub destination,"oui : le hub couvre frais, documents et delais",inventory/MERGED_URLS.csv
/ja/costa-rica-visa-fees,/ja/visa-costa-rica,301,Lot B : consolidation famille fees/requirements/processing-time dans le hub destination,"oui : le hub couvre frais, documents et delais",inventory/MERGED_URLS.csv
/ja/costa-rica-visa-processing-time,/ja/visa-costa-rica,301,Lot B : consolidation famille fees/requirements/processing-time dans le hub destination,"oui : le hub couvre frais, documents et delais",inventory/MERGED_URLS.csv
/ja/costa-rica-visa-requirements,/ja/visa-costa-rica,301,Lot B : consolidation famille fees/requirements/processing-time dans le hub destination,"oui : le hub couvre frais, documents et delais",inventory/MERGED_URLS.csv
/ja/croatia-visa-fees,/ja/visa-croatia,301,Lot B : consolidation famille fees/requirements/processing-time dans le hub destination,"oui : le hub couvre frais, documents et delais",inventory/MERGED_URLS.csv
/ja/croatia-visa-requirements,/ja/visa-croatia,301,Lot B : consolidation famille fees/requirements/processing-time dans le hub destination,"oui : le hub couvre frais, documents et delais",inventory/MERGED_URLS.csv
/ja/czech-republic-visa-fees,/ja/visa-czech-republic,301,Lot B : consolidation famille fees/requirements/processing-time dans le hub destination,"oui : le hub couvre frais, documents et delais",inventory/MERGED_URLS.csv
/ja/czech-republic-visa-requirements,/ja/visa-czech-republic,301,Lot B : consolidation famille fees/requirements/processing-time dans le hub destination,"oui : le hub couvre frais, documents et delais",inventory/MERGED_URLS.csv
/ja/denmark-visa-fees,/ja/visa-denmark,301,Lot B : consolidation famille fees/requirements/processing-time dans le hub destination,"oui : le hub couvre frais, documents et delais",inventory/MERGED_URLS.csv
/ja/denmark-visa-requirements,/ja/visa-denmark,301,Lot B : consolidation famille fees/requirements/processing-time dans le hub destination,"oui : le hub couvre frais, documents et delais",inventory/MERGED_URLS.csv
/ja/france-visa-processing-time,/ja/visa-france,301,Lot B : consolidation famille fees/requirements/processing-time dans le hub destination,"oui : le hub couvre frais, documents et delais",inventory/MERGED_URLS.csv
/ja/france-visa-requirements,/ja/visa-france,301,Lot B : consolidation famille fees/requirements/processing-time dans le hub destination,"oui : le hub couvre frais, documents et delais",inventory/MERGED_URLS.csv
/ja/germany-visa-fees,/ja/visa-germany,301,Lot B : consolidation famille fees/requirements/processing-time dans le hub destination,"oui : le hub couvre frais, documents et delais",inventory/MERGED_URLS.csv
/ja/germany-visa-requirements,/ja/visa-germany,301,Lot B : consolidation famille fees/requirements/processing-time dans le hub destination,"oui : le hub couvre frais, documents et delais",inventory/MERGED_URLS.csv
/ja/greece-visa-fees,/ja/visa-greece,301,Lot B : consolidation famille fees/requirements/processing-time dans le hub destination,"oui : le hub couvre frais, documents et delais",inventory/MERGED_URLS.csv
/ja/greece-visa-processing-time,/ja/visa-greece,301,Lot B : consolidation famille fees/requirements/processing-time dans le hub destination,"oui : le hub couvre frais, documents et delais",inventory/MERGED_URLS.csv
/ja/greece-visa-requirements,/ja/visa-greece,301,Lot B : consolidation famille fees/requirements/processing-time dans le hub destination,"oui : le hub couvre frais, documents et delais",inventory/MERGED_URLS.csv
/ja/hong-kong-visa-fees,/ja/visa-hong-kong,301,Lot B : consolidation famille fees/requirements/processing-time dans le hub destination,"oui : le hub couvre frais, documents et delais",inventory/MERGED_URLS.csv
/ja/hong-kong-visa-processing-time,/ja/visa-hong-kong,301,Lot B : consolidation famille fees/requirements/processing-time dans le hub destination,"oui : le hub couvre frais, documents et delais",inventory/MERGED_URLS.csv
/ja/hong-kong-visa-requirements,/ja/visa-hong-kong,301,Lot B : consolidation famille fees/requirements/processing-time dans le hub destination,"oui : le hub couvre frais, documents et delais",inventory/MERGED_URLS.csv
/ja/hungary-visa-processing-time,/ja/visa-hungary,301,Lot B : consolidation famille fees/requirements/processing-time dans le hub destination,"oui : le hub couvre frais, documents et delais",inventory/MERGED_URLS.csv
/ja/hungary-visa-requirements,/ja/visa-hungary,301,Lot B : consolidation famille fees/requirements/processing-time dans le hub destination,"oui : le hub couvre frais, documents et delais",inventory/MERGED_URLS.csv
/ja/india-visa-processing-time,/ja/visa-india,301,Lot B : consolidation famille fees/requirements/processing-time dans le hub destination,"oui : le hub couvre frais, documents et delais",inventory/MERGED_URLS.csv
/ja/india-visa-requirements,/ja/visa-india,301,Lot B : consolidation famille fees/requirements/processing-time dans le hub destination,"oui : le hub couvre frais, documents et delais",inventory/MERGED_URLS.csv
/ja/indonesia-visa-fees,/ja/visa-indonesia,301,Lot B : consolidation famille fees/requirements/processing-time dans le hub destination,"oui : le hub couvre frais, documents et delais",inventory/MERGED_URLS.csv
/ja/indonesia-visa-processing-time,/ja/visa-indonesia,301,Lot B : consolidation famille fees/requirements/processing-time dans le hub destination,"oui : le hub couvre frais, documents et delais",inventory/MERGED_URLS.csv
/ja/indonesia-visa-requirements,/ja/visa-indonesia,301,Lot B : consolidation famille fees/requirements/processing-time dans le hub destination,"oui : le hub couvre frais, documents et delais",inventory/MERGED_URLS.csv
/ja/ireland-visa-fees,/ja/visa-ireland,301,Lot B : consolidation famille fees/requirements/processing-time dans le hub destination,"oui : le hub couvre frais, documents et delais",inventory/MERGED_URLS.csv
/ja/ireland-visa-processing-time,/ja/visa-ireland,301,Lot B : consolidation famille fees/requirements/processing-time dans le hub destination,"oui : le hub couvre frais, documents et delais",inventory/MERGED_URLS.csv
/ja/ireland-visa-requirements,/ja/visa-ireland,301,Lot B : consolidation famille fees/requirements/processing-time dans le hub destination,"oui : le hub couvre frais, documents et delais",inventory/MERGED_URLS.csv
/ja/italy-visa-requirements,/ja/visa-italy,301,Lot B : consolidation famille fees/requirements/processing-time dans le hub destination,"oui : le hub couvre frais, documents et delais",inventory/MERGED_URLS.csv
/ja/japan-visa-fees,/ja/visa-japan,301,Lot B : consolidation famille fees/requirements/processing-time dans le hub destination,"oui : le hub couvre frais, documents et delais",inventory/MERGED_URLS.csv
/ja/japan-visa-processing-time,/ja/visa-japan,301,Lot B : consolidation famille fees/requirements/processing-time dans le hub destination,"oui : le hub couvre frais, documents et delais",inventory/MERGED_URLS.csv
/ja/japan-visa-requirements,/ja/visa-japan,301,Lot B : consolidation famille fees/requirements/processing-time dans le hub destination,"oui : le hub couvre frais, documents et delais",inventory/MERGED_URLS.csv
/ja/jordan-visa-fees,/ja/visa-jordan,301,Lot B : consolidation famille fees/requirements/processing-time dans le hub destination,"oui : le hub couvre frais, documents et delais",inventory/MERGED_URLS.csv
/ja/jordan-visa-processing-time,/ja/visa-jordan,301,Lot B : consolidation famille fees/requirements/processing-time dans le hub destination,"oui : le hub couvre frais, documents et delais",inventory/MERGED_URLS.csv
/ja/jordan-visa-requirements,/ja/visa-jordan,301,Lot B : consolidation famille fees/requirements/processing-time dans le hub destination,"oui : le hub couvre frais, documents et delais",inventory/MERGED_URLS.csv
/ja/laos-visa-requirements,/ja/visa-laos,301,Lot B : consolidation famille fees/requirements/processing-time dans le hub destination,"oui : le hub couvre frais, documents et delais",inventory/MERGED_URLS.csv
/ja/macau-visa-requirements,/ja/visa-macau,301,Lot B : consolidation famille fees/requirements/processing-time dans le hub destination,"oui : le hub couvre frais, documents et delais",inventory/MERGED_URLS.csv
/ja/malaysia-visa-fees,/ja/visa-malaysia,301,Lot B : consolidation famille fees/requirements/processing-time dans le hub destination,"oui : le hub couvre frais, documents et delais",inventory/MERGED_URLS.csv
/ja/malaysia-visa-processing-time,/ja/visa-malaysia,301,Lot B : consolidation famille fees/requirements/processing-time dans le hub destination,"oui : le hub couvre frais, documents et delais",inventory/MERGED_URLS.csv
/ja/malaysia-visa-requirements,/ja/visa-malaysia,301,Lot B : consolidation famille fees/requirements/processing-time dans le hub destination,"oui : le hub couvre frais, documents et delais",inventory/MERGED_URLS.csv
/ja/maldives-visa-fees,/ja/visa-maldives,301,Lot B : consolidation famille fees/requirements/processing-time dans le hub destination,"oui : le hub couvre frais, documents et delais",inventory/MERGED_URLS.csv
/ja/maldives-visa-processing-time,/ja/visa-maldives,301,Lot B : consolidation famille fees/requirements/processing-time dans le hub destination,"oui : le hub couvre frais, documents et delais",inventory/MERGED_URLS.csv
/ja/maldives-visa-requirements,/ja/visa-maldives,301,Lot B : consolidation famille fees/requirements/processing-time dans le hub destination,"oui : le hub couvre frais, documents et delais",inventory/MERGED_URLS.csv
/ja/mexico-visa-fees,/ja/visa-mexico,301,Lot B : consolidation famille fees/requirements/processing-time dans le hub destination,"oui : le hub couvre frais, documents et delais",inventory/MERGED_URLS.csv
/ja/mexico-visa-requirements,/ja/visa-mexico,301,Lot B : consolidation famille fees/requirements/processing-time dans le hub destination,"oui : le hub couvre frais, documents et delais",inventory/MERGED_URLS.csv
/ja/nepal-visa-fees,/ja/visa-nepal,301,Lot B : consolidation famille fees/requirements/processing-time dans le hub destination,"oui : le hub couvre frais, documents et delais",inventory/MERGED_URLS.csv
/ja/nepal-visa-processing-time,/ja/visa-nepal,301,Lot B : consolidation famille fees/requirements/processing-time dans le hub destination,"oui : le hub couvre frais, documents et delais",inventory/MERGED_URLS.csv
/ja/netherlands-visa-fees,/ja/visa-netherlands,301,Lot B : consolidation famille fees/requirements/processing-time dans le hub destination,"oui : le hub couvre frais, documents et delais",inventory/MERGED_URLS.csv
/ja/netherlands-visa-processing-time,/ja/visa-netherlands,301,Lot B : consolidation famille fees/requirements/processing-time dans le hub destination,"oui : le hub couvre frais, documents et delais",inventory/MERGED_URLS.csv
/ja/netherlands-visa-requirements,/ja/visa-netherlands,301,Lot B : consolidation famille fees/requirements/processing-time dans le hub destination,"oui : le hub couvre frais, documents et delais",inventory/MERGED_URLS.csv
/ja/new-zealand-visa-fees,/ja/visa-new-zealand,301,Lot B : consolidation famille fees/requirements/processing-time dans le hub destination,"oui : le hub couvre frais, documents et delais",inventory/MERGED_URLS.csv
/ja/new-zealand-visa-processing-time,/ja/visa-new-zealand,301,Lot B : consolidation famille fees/requirements/processing-time dans le hub destination,"oui : le hub couvre frais, documents et delais",inventory/MERGED_URLS.csv
/ja/new-zealand-visa-requirements,/ja/visa-new-zealand,301,Lot B : consolidation famille fees/requirements/processing-time dans le hub destination,"oui : le hub couvre frais, documents et delais",inventory/MERGED_URLS.csv
/ja/norway-visa-fees,/ja/visa-norway,301,Lot B : consolidation famille fees/requirements/processing-time dans le hub destination,"oui : le hub couvre frais, documents et delais",inventory/MERGED_URLS.csv
/ja/norway-visa-processing-time,/ja/visa-norway,301,Lot B : consolidation famille fees/requirements/processing-time dans le hub destination,"oui : le hub couvre frais, documents et delais",inventory/MERGED_URLS.csv
/ja/norway-visa-requirements,/ja/visa-norway,301,Lot B : consolidation famille fees/requirements/processing-time dans le hub destination,"oui : le hub couvre frais, documents et delais",inventory/MERGED_URLS.csv
/ja/philippines-visa-fees,/ja/visa-philippines,301,Lot B : consolidation famille fees/requirements/processing-time dans le hub destination,"oui : le hub couvre frais, documents et delais",inventory/MERGED_URLS.csv
/ja/philippines-visa-processing-time,/ja/visa-philippines,301,Lot B : consolidation famille fees/requirements/processing-time dans le hub destination,"oui : le hub couvre frais, documents et delais",inventory/MERGED_URLS.csv
/ja/philippines-visa-requirements,/ja/visa-philippines,301,Lot B : consolidation famille fees/requirements/processing-time dans le hub destination,"oui : le hub couvre frais, documents et delais",inventory/MERGED_URLS.csv
/ja/poland-visa-fees,/ja/visa-poland,301,Lot B : consolidation famille fees/requirements/processing-time dans le hub destination,"oui : le hub couvre frais, documents et delais",inventory/MERGED_URLS.csv
/ja/poland-visa-requirements,/ja/visa-poland,301,Lot B : consolidation famille fees/requirements/processing-time dans le hub destination,"oui : le hub couvre frais, documents et delais",inventory/MERGED_URLS.csv
/ja/portugal-visa-fees,/ja/visa-portugal,301,Lot B : consolidation famille fees/requirements/processing-time dans le hub destination,"oui : le hub couvre frais, documents et delais",inventory/MERGED_URLS.csv
/ja/portugal-visa-processing-time,/ja/visa-portugal,301,Lot B : consolidation famille fees/requirements/processing-time dans le hub destination,"oui : le hub couvre frais, documents et delais",inventory/MERGED_URLS.csv
/ja/portugal-visa-requirements,/ja/visa-portugal,301,Lot B : consolidation famille fees/requirements/processing-time dans le hub destination,"oui : le hub couvre frais, documents et delais",inventory/MERGED_URLS.csv
/ja/qatar-visa-fees,/ja/visa-qatar,301,Lot B : consolidation famille fees/requirements/processing-time dans le hub destination,"oui : le hub couvre frais, documents et delais",inventory/MERGED_URLS.csv
/ja/qatar-visa-requirements,/ja/visa-qatar,301,Lot B : consolidation famille fees/requirements/processing-time dans le hub destination,"oui : le hub couvre frais, documents et delais",inventory/MERGED_URLS.csv
/ja/romania-visa-fees,/ja/visa-romania,301,Lot B : consolidation famille fees/requirements/processing-time dans le hub destination,"oui : le hub couvre frais, documents et delais",inventory/MERGED_URLS.csv
/ja/romania-visa-processing-time,/ja/visa-romania,301,Lot B : consolidation famille fees/requirements/processing-time dans le hub destination,"oui : le hub couvre frais, documents et delais",inventory/MERGED_URLS.csv
/ja/romania-visa-requirements,/ja/visa-romania,301,Lot B : consolidation famille fees/requirements/processing-time dans le hub destination,"oui : le hub couvre frais, documents et delais",inventory/MERGED_URLS.csv
/ja/singapore-visa-fees,/ja/visa-singapore,301,Lot B : consolidation famille fees/requirements/processing-time dans le hub destination,"oui : le hub couvre frais, documents et delais",inventory/MERGED_URLS.csv
/ja/singapore-visa-processing-time,/ja/visa-singapore,301,Lot B : consolidation famille fees/requirements/processing-time dans le hub destination,"oui : le hub couvre frais, documents et delais",inventory/MERGED_URLS.csv
/ja/singapore-visa-requirements,/ja/visa-singapore,301,Lot B : consolidation famille fees/requirements/processing-time dans le hub destination,"oui : le hub couvre frais, documents et delais",inventory/MERGED_URLS.csv
/ja/spain-visa-fees,/ja/visa-spain,301,Lot B : consolidation famille fees/requirements/processing-time dans le hub destination,"oui : le hub couvre frais, documents et delais",inventory/MERGED_URLS.csv
/ja/spain-visa-requirements,/ja/visa-spain,301,Lot B : consolidation famille fees/requirements/processing-time dans le hub destination,"oui : le hub couvre frais, documents et delais",inventory/MERGED_URLS.csv
/ja/sri-lanka-visa-fees,/ja/visa-sri-lanka,301,Lot B : consolidation famille fees/requirements/processing-time dans le hub destination,"oui : le hub couvre frais, documents et delais",inventory/MERGED_URLS.csv
/ja/sri-lanka-visa-requirements,/ja/visa-sri-lanka,301,Lot B : consolidation famille fees/requirements/processing-time dans le hub destination,"oui : le hub couvre frais, documents et delais",inventory/MERGED_URLS.csv
/ja/sweden-visa-fees,/ja/visa-sweden,301,Lot B : consolidation famille fees/requirements/processing-time dans le hub destination,"oui : le hub couvre frais, documents et delais",inventory/MERGED_URLS.csv
/ja/sweden-visa-requirements,/ja/visa-sweden,301,Lot B : consolidation famille fees/requirements/processing-time dans le hub destination,"oui : le hub couvre frais, documents et delais",inventory/MERGED_URLS.csv
/ja/switzerland-visa-processing-time,/ja/visa-switzerland,301,Lot B : consolidation famille fees/requirements/processing-time dans le hub destination,"oui : le hub couvre frais, documents et delais",inventory/MERGED_URLS.csv
/ja/switzerland-visa-requirements,/ja/visa-switzerland,301,Lot B : consolidation famille fees/requirements/processing-time dans le hub destination,"oui : le hub couvre frais, documents et delais",inventory/MERGED_URLS.csv
/ja/taiwan-visa-fees,/ja/visa-taiwan,301,Lot B : consolidation famille fees/requirements/processing-time dans le hub destination,"oui : le hub couvre frais, documents et delais",inventory/MERGED_URLS.csv
/ja/taiwan-visa-processing-time,/ja/visa-taiwan,301,Lot B : consolidation famille fees/requirements/processing-time dans le hub destination,"oui : le hub couvre frais, documents et delais",inventory/MERGED_URLS.csv
/ja/taiwan-visa-requirements,/ja/visa-taiwan,301,Lot B : consolidation famille fees/requirements/processing-time dans le hub destination,"oui : le hub couvre frais, documents et delais",inventory/MERGED_URLS.csv
/ja/thailand-visa-fees,/ja/visa-thailand,301,Lot B : consolidation famille fees/requirements/processing-time dans le hub destination,"oui : le hub couvre frais, documents et delais",inventory/MERGED_URLS.csv
/ja/thailand-visa-requirements,/ja/visa-thailand,301,Lot B : consolidation famille fees/requirements/processing-time dans le hub destination,"oui : le hub couvre frais, documents et delais",inventory/MERGED_URLS.csv
/ja/turkey-visa-fees,/ja/visa-turkey,301,Lot B : consolidation famille fees/requirements/processing-time dans le hub destination,"oui : le hub couvre frais, documents et delais",inventory/MERGED_URLS.csv
/ja/turkey-visa-processing-time,/ja/visa-turkey,301,Lot B : consolidation famille fees/requirements/processing-time dans le hub destination,"oui : le hub couvre frais, documents et delais",inventory/MERGED_URLS.csv
/ja/turkey-visa-requirements,/ja/visa-turkey,301,Lot B : consolidation famille fees/requirements/processing-time dans le hub destination,"oui : le hub couvre frais, documents et delais",inventory/MERGED_URLS.csv
/ja/uae-visa-fees,/ja/visa-uae,301,Lot B : consolidation famille fees/requirements/processing-time dans le hub destination,"oui : le hub couvre frais, documents et delais",inventory/MERGED_URLS.csv
/ja/uae-visa-processing-time,/ja/visa-uae,301,Lot B : consolidation famille fees/requirements/processing-time dans le hub destination,"oui : le hub couvre frais, documents et delais",inventory/MERGED_URLS.csv
/ja/uae-visa-requirements,/ja/visa-uae,301,Lot B : consolidation famille fees/requirements/processing-time dans le hub destination,"oui : le hub couvre frais, documents et delais",inventory/MERGED_URLS.csv
/ja/united-kingdom-visa-processing-time,/ja/visa-united-kingdom,301,Lot B : consolidation famille fees/requirements/processing-time dans le hub destination,"oui : le hub couvre frais, documents et delais",inventory/MERGED_URLS.csv
/ja/united-kingdom-visa-requirements,/ja/visa-united-kingdom,301,Lot B : consolidation famille fees/requirements/processing-time dans le hub destination,"oui : le hub couvre frais, documents et delais",inventory/MERGED_URLS.csv
/ja/usa-visa-fees,/ja/visa-usa,301,Lot B : consolidation famille fees/requirements/processing-time dans le hub destination,"oui : le hub couvre frais, documents et delais",inventory/MERGED_URLS.csv
/ja/usa-visa-processing-time,/ja/visa-usa,301,Lot B : consolidation famille fees/requirements/processing-time dans le hub destination,"oui : le hub couvre frais, documents et delais",inventory/MERGED_URLS.csv
/ja/usa-visa-requirements,/ja/visa-usa,301,Lot B : consolidation famille fees/requirements/processing-time dans le hub destination,"oui : le hub couvre frais, documents et delais",inventory/MERGED_URLS.csv
/ja/vietnam-visa-fees,/ja/visa-vietnam,301,Lot B : consolidation famille fees/requirements/processing-time dans le hub destination,"oui : le hub couvre frais, documents et delais",inventory/MERGED_URLS.csv
/ja/vietnam-visa-processing-time,/ja/visa-vietnam,301,Lot B : consolidation famille fees/requirements/processing-time dans le hub destination,"oui : le hub couvre frais, documents et delais",inventory/MERGED_URLS.csv
/ja/vietnam-visa-requirements,/ja/visa-vietnam,301,Lot B : consolidation famille fees/requirements/processing-time dans le hub destination,"oui : le hub couvre frais, documents et delais",inventory/MERGED_URLS.csv
/ko/argentina-visa-fees,/ko/visa-argentina,301,Lot B : consolidation famille fees/requirements/processing-time dans le hub destination,"oui : le hub couvre frais, documents et delais",inventory/MERGED_URLS.csv
/ko/argentina-visa-processing-time,/ko/visa-argentina,301,Lot B : consolidation famille fees/requirements/processing-time dans le hub destination,"oui : le hub couvre frais, documents et delais",inventory/MERGED_URLS.csv
/ko/argentina-visa-requirements,/ko/visa-argentina,301,Lot B : consolidation famille fees/requirements/processing-time dans le hub destination,"oui : le hub couvre frais, documents et delais",inventory/MERGED_URLS.csv
/ko/australia-visa-fees,/ko/visa-australia,301,Lot B : consolidation famille fees/requirements/processing-time dans le hub destination,"oui : le hub couvre frais, documents et delais",inventory/MERGED_URLS.csv
/ko/australia-visa-requirements,/ko/visa-australia,301,Lot B : consolidation famille fees/requirements/processing-time dans le hub destination,"oui : le hub couvre frais, documents et delais",inventory/MERGED_URLS.csv
/ko/austria-visa-fees,/ko/visa-austria,301,Lot B : consolidation famille fees/requirements/processing-time dans le hub destination,"oui : le hub couvre frais, documents et delais",inventory/MERGED_URLS.csv
/ko/austria-visa-processing-time,/ko/visa-austria,301,Lot B : consolidation famille fees/requirements/processing-time dans le hub destination,"oui : le hub couvre frais, documents et delais",inventory/MERGED_URLS.csv
/ko/austria-visa-requirements,/ko/visa-austria,301,Lot B : consolidation famille fees/requirements/processing-time dans le hub destination,"oui : le hub couvre frais, documents et delais",inventory/MERGED_URLS.csv
/ko/belgium-visa-requirements,/ko/visa-belgium,301,Lot B : consolidation famille fees/requirements/processing-time dans le hub destination,"oui : le hub couvre frais, documents et delais",inventory/MERGED_URLS.csv
/ko/bermuda-visa-requirements,/ko/visa-bermuda,301,Lot B : consolidation famille fees/requirements/processing-time dans le hub destination,"oui : le hub couvre frais, documents et delais",inventory/MERGED_URLS.csv
/ko/brazil-visa-fees,/ko/visa-brazil,301,Lot B : consolidation famille fees/requirements/processing-time dans le hub destination,"oui : le hub couvre frais, documents et delais",inventory/MERGED_URLS.csv
/ko/cambodia-visa-fees,/ko/visa-cambodia,301,Lot B : consolidation famille fees/requirements/processing-time dans le hub destination,"oui : le hub couvre frais, documents et delais",inventory/MERGED_URLS.csv
/ko/cambodia-visa-processing-time,/ko/visa-cambodia,301,Lot B : consolidation famille fees/requirements/processing-time dans le hub destination,"oui : le hub couvre frais, documents et delais",inventory/MERGED_URLS.csv
/ko/cambodia-visa-requirements,/ko/visa-cambodia,301,Lot B : consolidation famille fees/requirements/processing-time dans le hub destination,"oui : le hub couvre frais, documents et delais",inventory/MERGED_URLS.csv
/ko/canada-visa-fees,/ko/visa-canada,301,Lot B : consolidation famille fees/requirements/processing-time dans le hub destination,"oui : le hub couvre frais, documents et delais",inventory/MERGED_URLS.csv
/ko/canada-visa-requirements,/ko/visa-canada,301,Lot B : consolidation famille fees/requirements/processing-time dans le hub destination,"oui : le hub couvre frais, documents et delais",inventory/MERGED_URLS.csv
/ko/china-visa-fees,/ko/visa-china,301,Lot B : consolidation famille fees/requirements/processing-time dans le hub destination,"oui : le hub couvre frais, documents et delais",inventory/MERGED_URLS.csv
/ko/china-visa-processing-time,/ko/visa-china,301,Lot B : consolidation famille fees/requirements/processing-time dans le hub destination,"oui : le hub couvre frais, documents et delais",inventory/MERGED_URLS.csv
/ko/china-visa-requirements,/ko/visa-china,301,Lot B : consolidation famille fees/requirements/processing-time dans le hub destination,"oui : le hub couvre frais, documents et delais",inventory/MERGED_URLS.csv
/ko/colombia-visa-fees,/ko/visa-colombia,301,Lot B : consolidation famille fees/requirements/processing-time dans le hub destination,"oui : le hub couvre frais, documents et delais",inventory/MERGED_URLS.csv
/ko/colombia-visa-processing-time,/ko/visa-colombia,301,Lot B : consolidation famille fees/requirements/processing-time dans le hub destination,"oui : le hub couvre frais, documents et delais",inventory/MERGED_URLS.csv
/ko/colombia-visa-requirements,/ko/visa-colombia,301,Lot B : consolidation famille fees/requirements/processing-time dans le hub destination,"oui : le hub couvre frais, documents et delais",inventory/MERGED_URLS.csv
/ko/costa-rica-visa-fees,/ko/visa-costa-rica,301,Lot B : consolidation famille fees/requirements/processing-time dans le hub destination,"oui : le hub couvre frais, documents et delais",inventory/MERGED_URLS.csv
/ko/costa-rica-visa-requirements,/ko/visa-costa-rica,301,Lot B : consolidation famille fees/requirements/processing-time dans le hub destination,"oui : le hub couvre frais, documents et delais",inventory/MERGED_URLS.csv
/ko/croatia-visa-fees,/ko/visa-croatia,301,Lot B : consolidation famille fees/requirements/processing-time dans le hub destination,"oui : le hub couvre frais, documents et delais",inventory/MERGED_URLS.csv
/ko/croatia-visa-processing-time,/ko/visa-croatia,301,Lot B : consolidation famille fees/requirements/processing-time dans le hub destination,"oui : le hub couvre frais, documents et delais",inventory/MERGED_URLS.csv
/ko/croatia-visa-requirements,/ko/visa-croatia,301,Lot B : consolidation famille fees/requirements/processing-time dans le hub destination,"oui : le hub couvre frais, documents et delais",inventory/MERGED_URLS.csv
/ko/czech-republic-visa-fees,/ko/visa-czech-republic,301,Lot B : consolidation famille fees/requirements/processing-time dans le hub destination,"oui : le hub couvre frais, documents et delais",inventory/MERGED_URLS.csv
/ko/czech-republic-visa-processing-time,/ko/visa-czech-republic,301,Lot B : consolidation famille fees/requirements/processing-time dans le hub destination,"oui : le hub couvre frais, documents et delais",inventory/MERGED_URLS.csv
/ko/czech-republic-visa-requirements,/ko/visa-czech-republic,301,Lot B : consolidation famille fees/requirements/processing-time dans le hub destination,"oui : le hub couvre frais, documents et delais",inventory/MERGED_URLS.csv
/ko/denmark-visa-fees,/ko/visa-denmark,301,Lot B : consolidation famille fees/requirements/processing-time dans le hub destination,"oui : le hub couvre frais, documents et delais",inventory/MERGED_URLS.csv
/ko/denmark-visa-processing-time,/ko/visa-denmark,301,Lot B : consolidation famille fees/requirements/processing-time dans le hub destination,"oui : le hub couvre frais, documents et delais",inventory/MERGED_URLS.csv
/ko/denmark-visa-requirements,/ko/visa-denmark,301,Lot B : consolidation famille fees/requirements/processing-time dans le hub destination,"oui : le hub couvre frais, documents et delais",inventory/MERGED_URLS.csv
/ko/france-visa-processing-time,/ko/visa-france,301,Lot B : consolidation famille fees/requirements/processing-time dans le hub destination,"oui : le hub couvre frais, documents et delais",inventory/MERGED_URLS.csv
/ko/france-visa-requirements,/ko/visa-france,301,Lot B : consolidation famille fees/requirements/processing-time dans le hub destination,"oui : le hub couvre frais, documents et delais",inventory/MERGED_URLS.csv
/ko/germany-visa-fees,/ko/visa-germany,301,Lot B : consolidation famille fees/requirements/processing-time dans le hub destination,"oui : le hub couvre frais, documents et delais",inventory/MERGED_URLS.csv
/ko/germany-visa-requirements,/ko/visa-germany,301,Lot B : consolidation famille fees/requirements/processing-time dans le hub destination,"oui : le hub couvre frais, documents et delais",inventory/MERGED_URLS.csv
/ko/greece-visa-fees,/ko/visa-greece,301,Lot B : consolidation famille fees/requirements/processing-time dans le hub destination,"oui : le hub couvre frais, documents et delais",inventory/MERGED_URLS.csv
/ko/greece-visa-processing-time,/ko/visa-greece,301,Lot B : consolidation famille fees/requirements/processing-time dans le hub destination,"oui : le hub couvre frais, documents et delais",inventory/MERGED_URLS.csv
/ko/greece-visa-requirements,/ko/visa-greece,301,Lot B : consolidation famille fees/requirements/processing-time dans le hub destination,"oui : le hub couvre frais, documents et delais",inventory/MERGED_URLS.csv
/ko/hong-kong-visa-fees,/ko/visa-hong-kong,301,Lot B : consolidation famille fees/requirements/processing-time dans le hub destination,"oui : le hub couvre frais, documents et delais",inventory/MERGED_URLS.csv
/ko/hong-kong-visa-processing-time,/ko/visa-hong-kong,301,Lot B : consolidation famille fees/requirements/processing-time dans le hub destination,"oui : le hub couvre frais, documents et delais",inventory/MERGED_URLS.csv
/ko/hong-kong-visa-requirements,/ko/visa-hong-kong,301,Lot B : consolidation famille fees/requirements/processing-time dans le hub destination,"oui : le hub couvre frais, documents et delais",inventory/MERGED_URLS.csv
/ko/hungary-visa-processing-time,/ko/visa-hungary,301,Lot B : consolidation famille fees/requirements/processing-time dans le hub destination,"oui : le hub couvre frais, documents et delais",inventory/MERGED_URLS.csv
/ko/hungary-visa-requirements,/ko/visa-hungary,301,Lot B : consolidation famille fees/requirements/processing-time dans le hub destination,"oui : le hub couvre frais, documents et delais",inventory/MERGED_URLS.csv
/ko/india-visa-processing-time,/ko/visa-india,301,Lot B : consolidation famille fees/requirements/processing-time dans le hub destination,"oui : le hub couvre frais, documents et delais",inventory/MERGED_URLS.csv
/ko/indonesia-visa-processing-time,/ko/visa-indonesia,301,Lot B : consolidation famille fees/requirements/processing-time dans le hub destination,"oui : le hub couvre frais, documents et delais",inventory/MERGED_URLS.csv
/ko/indonesia-visa-requirements,/ko/visa-indonesia,301,Lot B : consolidation famille fees/requirements/processing-time dans le hub destination,"oui : le hub couvre frais, documents et delais",inventory/MERGED_URLS.csv
/ko/ireland-visa-fees,/ko/visa-ireland,301,Lot B : consolidation famille fees/requirements/processing-time dans le hub destination,"oui : le hub couvre frais, documents et delais",inventory/MERGED_URLS.csv
/ko/ireland-visa-processing-time,/ko/visa-ireland,301,Lot B : consolidation famille fees/requirements/processing-time dans le hub destination,"oui : le hub couvre frais, documents et delais",inventory/MERGED_URLS.csv
/ko/ireland-visa-requirements,/ko/visa-ireland,301,Lot B : consolidation famille fees/requirements/processing-time dans le hub destination,"oui : le hub couvre frais, documents et delais",inventory/MERGED_URLS.csv
/ko/italy-visa-fees,/ko/visa-italy,301,Lot B : consolidation famille fees/requirements/processing-time dans le hub destination,"oui : le hub couvre frais, documents et delais",inventory/MERGED_URLS.csv
/ko/italy-visa-processing-time,/ko/visa-italy,301,Lot B : consolidation famille fees/requirements/processing-time dans le hub destination,"oui : le hub couvre frais, documents et delais",inventory/MERGED_URLS.csv
/ko/italy-visa-requirements,/ko/visa-italy,301,Lot B : consolidation famille fees/requirements/processing-time dans le hub destination,"oui : le hub couvre frais, documents et delais",inventory/MERGED_URLS.csv
/ko/japan-visa-fees,/ko/visa-japan,301,Lot B : consolidation famille fees/requirements/processing-time dans le hub destination,"oui : le hub couvre frais, documents et delais",inventory/MERGED_URLS.csv
/ko/japan-visa-processing-time,/ko/visa-japan,301,Lot B : consolidation famille fees/requirements/processing-time dans le hub destination,"oui : le hub couvre frais, documents et delais",inventory/MERGED_URLS.csv
/ko/japan-visa-requirements,/ko/visa-japan,301,Lot B : consolidation famille fees/requirements/processing-time dans le hub destination,"oui : le hub couvre frais, documents et delais",inventory/MERGED_URLS.csv
/ko/jordan-visa-processing-time,/ko/visa-jordan,301,Lot B : consolidation famille fees/requirements/processing-time dans le hub destination,"oui : le hub couvre frais, documents et delais",inventory/MERGED_URLS.csv
/ko/jordan-visa-requirements,/ko/visa-jordan,301,Lot B : consolidation famille fees/requirements/processing-time dans le hub destination,"oui : le hub couvre frais, documents et delais",inventory/MERGED_URLS.csv
/ko/macau-visa-requirements,/ko/visa-macau,301,Lot B : consolidation famille fees/requirements/processing-time dans le hub destination,"oui : le hub couvre frais, documents et delais",inventory/MERGED_URLS.csv
/ko/malaysia-visa-fees,/ko/visa-malaysia,301,Lot B : consolidation famille fees/requirements/processing-time dans le hub destination,"oui : le hub couvre frais, documents et delais",inventory/MERGED_URLS.csv
/ko/malaysia-visa-processing-time,/ko/visa-malaysia,301,Lot B : consolidation famille fees/requirements/processing-time dans le hub destination,"oui : le hub couvre frais, documents et delais",inventory/MERGED_URLS.csv
/ko/malaysia-visa-requirements,/ko/visa-malaysia,301,Lot B : consolidation famille fees/requirements/processing-time dans le hub destination,"oui : le hub couvre frais, documents et delais",inventory/MERGED_URLS.csv
/ko/maldives-visa-fees,/ko/visa-maldives,301,Lot B : consolidation famille fees/requirements/processing-time dans le hub destination,"oui : le hub couvre frais, documents et delais",inventory/MERGED_URLS.csv
/ko/maldives-visa-processing-time,/ko/visa-maldives,301,Lot B : consolidation famille fees/requirements/processing-time dans le hub destination,"oui : le hub couvre frais, documents et delais",inventory/MERGED_URLS.csv
/ko/maldives-visa-requirements,/ko/visa-maldives,301,Lot B : consolidation famille fees/requirements/processing-time dans le hub destination,"oui : le hub couvre frais, documents et delais",inventory/MERGED_URLS.csv
/ko/mexico-visa-processing-time,/ko/visa-mexico,301,Lot B : consolidation famille fees/requirements/processing-time dans le hub destination,"oui : le hub couvre frais, documents et delais",inventory/MERGED_URLS.csv
/ko/mexico-visa-requirements,/ko/visa-mexico,301,Lot B : consolidation famille fees/requirements/processing-time dans le hub destination,"oui : le hub couvre frais, documents et delais",inventory/MERGED_URLS.csv
/ko/nepal-visa-fees,/ko/visa-nepal,301,Lot B : consolidation famille fees/requirements/processing-time dans le hub destination,"oui : le hub couvre frais, documents et delais",inventory/MERGED_URLS.csv
/ko/nepal-visa-processing-time,/ko/visa-nepal,301,Lot B : consolidation famille fees/requirements/processing-time dans le hub destination,"oui : le hub couvre frais, documents et delais",inventory/MERGED_URLS.csv
/ko/nepal-visa-requirements,/ko/visa-nepal,301,Lot B : consolidation famille fees/requirements/processing-time dans le hub destination,"oui : le hub couvre frais, documents et delais",inventory/MERGED_URLS.csv
/ko/netherlands-visa-fees,/ko/visa-netherlands,301,Lot B : consolidation famille fees/requirements/processing-time dans le hub destination,"oui : le hub couvre frais, documents et delais",inventory/MERGED_URLS.csv
/ko/netherlands-visa-processing-time,/ko/visa-netherlands,301,Lot B : consolidation famille fees/requirements/processing-time dans le hub destination,"oui : le hub couvre frais, documents et delais",inventory/MERGED_URLS.csv
/ko/netherlands-visa-requirements,/ko/visa-netherlands,301,Lot B : consolidation famille fees/requirements/processing-time dans le hub destination,"oui : le hub couvre frais, documents et delais",inventory/MERGED_URLS.csv
/ko/new-zealand-visa-fees,/ko/visa-new-zealand,301,Lot B : consolidation famille fees/requirements/processing-time dans le hub destination,"oui : le hub couvre frais, documents et delais",inventory/MERGED_URLS.csv
/ko/new-zealand-visa-processing-time,/ko/visa-new-zealand,301,Lot B : consolidation famille fees/requirements/processing-time dans le hub destination,"oui : le hub couvre frais, documents et delais",inventory/MERGED_URLS.csv
/ko/new-zealand-visa-requirements,/ko/visa-new-zealand,301,Lot B : consolidation famille fees/requirements/processing-time dans le hub destination,"oui : le hub couvre frais, documents et delais",inventory/MERGED_URLS.csv
/ko/norway-visa-fees,/ko/visa-norway,301,Lot B : consolidation famille fees/requirements/processing-time dans le hub destination,"oui : le hub couvre frais, documents et delais",inventory/MERGED_URLS.csv
/ko/norway-visa-processing-time,/ko/visa-norway,301,Lot B : consolidation famille fees/requirements/processing-time dans le hub destination,"oui : le hub couvre frais, documents et delais",inventory/MERGED_URLS.csv
/ko/norway-visa-requirements,/ko/visa-norway,301,Lot B : consolidation famille fees/requirements/processing-time dans le hub destination,"oui : le hub couvre frais, documents et delais",inventory/MERGED_URLS.csv
/ko/philippines-visa-fees,/ko/visa-philippines,301,Lot B : consolidation famille fees/requirements/processing-time dans le hub destination,"oui : le hub couvre frais, documents et delais",inventory/MERGED_URLS.csv
/ko/philippines-visa-requirements,/ko/visa-philippines,301,Lot B : consolidation famille fees/requirements/processing-time dans le hub destination,"oui : le hub couvre frais, documents et delais",inventory/MERGED_URLS.csv
/ko/poland-visa-fees,/ko/visa-poland,301,Lot B : consolidation famille fees/requirements/processing-time dans le hub destination,"oui : le hub couvre frais, documents et delais",inventory/MERGED_URLS.csv
/ko/poland-visa-processing-time,/ko/visa-poland,301,Lot B : consolidation famille fees/requirements/processing-time dans le hub destination,"oui : le hub couvre frais, documents et delais",inventory/MERGED_URLS.csv
/ko/portugal-visa-fees,/ko/visa-portugal,301,Lot B : consolidation famille fees/requirements/processing-time dans le hub destination,"oui : le hub couvre frais, documents et delais",inventory/MERGED_URLS.csv
/ko/portugal-visa-processing-time,/ko/visa-portugal,301,Lot B : consolidation famille fees/requirements/processing-time dans le hub destination,"oui : le hub couvre frais, documents et delais",inventory/MERGED_URLS.csv
/ko/qatar-visa-fees,/ko/visa-qatar,301,Lot B : consolidation famille fees/requirements/processing-time dans le hub destination,"oui : le hub couvre frais, documents et delais",inventory/MERGED_URLS.csv
/ko/qatar-visa-processing-time,/ko/visa-qatar,301,Lot B : consolidation famille fees/requirements/processing-time dans le hub destination,"oui : le hub couvre frais, documents et delais",inventory/MERGED_URLS.csv
/ko/qatar-visa-requirements,/ko/visa-qatar,301,Lot B : consolidation famille fees/requirements/processing-time dans le hub destination,"oui : le hub couvre frais, documents et delais",inventory/MERGED_URLS.csv
/ko/romania-visa-fees,/ko/visa-romania,301,Lot B : consolidation famille fees/requirements/processing-time dans le hub destination,"oui : le hub couvre frais, documents et delais",inventory/MERGED_URLS.csv
/ko/romania-visa-processing-time,/ko/visa-romania,301,Lot B : consolidation famille fees/requirements/processing-time dans le hub destination,"oui : le hub couvre frais, documents et delais",inventory/MERGED_URLS.csv
/ko/romania-visa-requirements,/ko/visa-romania,301,Lot B : consolidation famille fees/requirements/processing-time dans le hub destination,"oui : le hub couvre frais, documents et delais",inventory/MERGED_URLS.csv
/ko/singapore-visa-fees,/ko/visa-singapore,301,Lot B : consolidation famille fees/requirements/processing-time dans le hub destination,"oui : le hub couvre frais, documents et delais",inventory/MERGED_URLS.csv
/ko/singapore-visa-requirements,/ko/visa-singapore,301,Lot B : consolidation famille fees/requirements/processing-time dans le hub destination,"oui : le hub couvre frais, documents et delais",inventory/MERGED_URLS.csv
/ko/spain-visa-fees,/ko/visa-spain,301,Lot B : consolidation famille fees/requirements/processing-time dans le hub destination,"oui : le hub couvre frais, documents et delais",inventory/MERGED_URLS.csv
/ko/spain-visa-processing-time,/ko/visa-spain,301,Lot B : consolidation famille fees/requirements/processing-time dans le hub destination,"oui : le hub couvre frais, documents et delais",inventory/MERGED_URLS.csv
/ko/spain-visa-requirements,/ko/visa-spain,301,Lot B : consolidation famille fees/requirements/processing-time dans le hub destination,"oui : le hub couvre frais, documents et delais",inventory/MERGED_URLS.csv
/ko/sri-lanka-visa-processing-time,/ko/visa-sri-lanka,301,Lot B : consolidation famille fees/requirements/processing-time dans le hub destination,"oui : le hub couvre frais, documents et delais",inventory/MERGED_URLS.csv
/ko/sri-lanka-visa-requirements,/ko/visa-sri-lanka,301,Lot B : consolidation famille fees/requirements/processing-time dans le hub destination,"oui : le hub couvre frais, documents et delais",inventory/MERGED_URLS.csv
/ko/sweden-visa-fees,/ko/visa-sweden,301,Lot B : consolidation famille fees/requirements/processing-time dans le hub destination,"oui : le hub couvre frais, documents et delais",inventory/MERGED_URLS.csv
/ko/sweden-visa-requirements,/ko/visa-sweden,301,Lot B : consolidation famille fees/requirements/processing-time dans le hub destination,"oui : le hub couvre frais, documents et delais",inventory/MERGED_URLS.csv
/ko/switzerland-visa-fees,/ko/visa-switzerland,301,Lot B : consolidation famille fees/requirements/processing-time dans le hub destination,"oui : le hub couvre frais, documents et delais",inventory/MERGED_URLS.csv
/ko/switzerland-visa-processing-time,/ko/visa-switzerland,301,Lot B : consolidation famille fees/requirements/processing-time dans le hub destination,"oui : le hub couvre frais, documents et delais",inventory/MERGED_URLS.csv
/ko/switzerland-visa-requirements,/ko/visa-switzerland,301,Lot B : consolidation famille fees/requirements/processing-time dans le hub destination,"oui : le hub couvre frais, documents et delais",inventory/MERGED_URLS.csv
/ko/taiwan-visa-fees,/ko/visa-taiwan,301,Lot B : consolidation famille fees/requirements/processing-time dans le hub destination,"oui : le hub couvre frais, documents et delais",inventory/MERGED_URLS.csv
/ko/taiwan-visa-processing-time,/ko/visa-taiwan,301,Lot B : consolidation famille fees/requirements/processing-time dans le hub destination,"oui : le hub couvre frais, documents et delais",inventory/MERGED_URLS.csv
/ko/taiwan-visa-requirements,/ko/visa-taiwan,301,Lot B : consolidation famille fees/requirements/processing-time dans le hub destination,"oui : le hub couvre frais, documents et delais",inventory/MERGED_URLS.csv
/ko/thailand-visa-fees,/ko/visa-thailand,301,Lot B : consolidation famille fees/requirements/processing-time dans le hub destination,"oui : le hub couvre frais, documents et delais",inventory/MERGED_URLS.csv
/ko/thailand-visa-processing-time,/ko/visa-thailand,301,Lot B : consolidation famille fees/requirements/processing-time dans le hub destination,"oui : le hub couvre frais, documents et delais",inventory/MERGED_URLS.csv
/ko/thailand-visa-requirements,/ko/visa-thailand,301,Lot B : consolidation famille fees/requirements/processing-time dans le hub destination,"oui : le hub couvre frais, documents et delais",inventory/MERGED_URLS.csv
/ko/turkey-visa-processing-time,/ko/visa-turkey,301,Lot B : consolidation famille fees/requirements/processing-time dans le hub destination,"oui : le hub couvre frais, documents et delais",inventory/MERGED_URLS.csv
/ko/turkey-visa-requirements,/ko/visa-turkey,301,Lot B : consolidation famille fees/requirements/processing-time dans le hub destination,"oui : le hub couvre frais, documents et delais",inventory/MERGED_URLS.csv
/ko/uae-visa-fees,/ko/visa-uae,301,Lot B : consolidation famille fees/requirements/processing-time dans le hub destination,"oui : le hub couvre frais, documents et delais",inventory/MERGED_URLS.csv
/ko/uae-visa-processing-time,/ko/visa-uae,301,Lot B : consolidation famille fees/requirements/processing-time dans le hub destination,"oui : le hub couvre frais, documents et delais",inventory/MERGED_URLS.csv
/ko/uae-visa-requirements,/ko/visa-uae,301,Lot B : consolidation famille fees/requirements/processing-time dans le hub destination,"oui : le hub couvre frais, documents et delais",inventory/MERGED_URLS.csv
/ko/united-kingdom-visa-fees,/ko/visa-united-kingdom,301,Lot B : consolidation famille fees/requirements/processing-time dans le hub destination,"oui : le hub couvre frais, documents et delais",inventory/MERGED_URLS.csv
/ko/united-kingdom-visa-processing-time,/ko/visa-united-kingdom,301,Lot B : consolidation famille fees/requirements/processing-time dans le hub destination,"oui : le hub couvre frais, documents et delais",inventory/MERGED_URLS.csv
/ko/united-kingdom-visa-requirements,/ko/visa-united-kingdom,301,Lot B : consolidation famille fees/requirements/processing-time dans le hub destination,"oui : le hub couvre frais, documents et delais",inventory/MERGED_URLS.csv
/ko/usa-visa-fees,/ko/visa-usa,301,Lot B : consolidation famille fees/requirements/processing-time dans le hub destination,"oui : le hub couvre frais, documents et delais",inventory/MERGED_URLS.csv
/ko/usa-visa-requirements,/ko/visa-usa,301,Lot B : consolidation famille fees/requirements/processing-time dans le hub destination,"oui : le hub couvre frais, documents et delais",inventory/MERGED_URLS.csv
/ko/vietnam-visa-fees,/ko/visa-vietnam,301,Lot B : consolidation famille fees/requirements/processing-time dans le hub destination,"oui : le hub couvre frais, documents et delais",inventory/MERGED_URLS.csv
/ko/vietnam-visa-processing-time,/ko/visa-vietnam,301,Lot B : consolidation famille fees/requirements/processing-time dans le hub destination,"oui : le hub couvre frais, documents et delais",inventory/MERGED_URLS.csv
/ko/vietnam-visa-requirements,/ko/visa-vietnam,301,Lot B : consolidation famille fees/requirements/processing-time dans le hub destination,"oui : le hub couvre frais, documents et delais",inventory/MERGED_URLS.csv
/pt/argentina-visa-fees,/pt/visa-argentina,301,Lot B : consolidation famille fees/requirements/processing-time dans le hub destination,"oui : le hub couvre frais, documents et delais",inventory/MERGED_URLS.csv
/pt/argentina-visa-processing-time,/pt/visa-argentina,301,Lot B : consolidation famille fees/requirements/processing-time dans le hub destination,"oui : le hub couvre frais, documents et delais",inventory/MERGED_URLS.csv
/pt/argentina-visa-requirements,/pt/visa-argentina,301,Lot B : consolidation famille fees/requirements/processing-time dans le hub destination,"oui : le hub couvre frais, documents et delais",inventory/MERGED_URLS.csv
/pt/australia-visa-fees,/pt/visa-australia,301,Lot B : consolidation famille fees/requirements/processing-time dans le hub destination,"oui : le hub couvre frais, documents et delais",inventory/MERGED_URLS.csv
/pt/australia-visa-processing-time,/pt/visa-australia,301,Lot B : consolidation famille fees/requirements/processing-time dans le hub destination,"oui : le hub couvre frais, documents et delais",inventory/MERGED_URLS.csv
/pt/australia-visa-requirements,/pt/visa-australia,301,Lot B : consolidation famille fees/requirements/processing-time dans le hub destination,"oui : le hub couvre frais, documents et delais",inventory/MERGED_URLS.csv
/pt/austria-visa-fees,/pt/visa-austria,301,Lot B : consolidation famille fees/requirements/processing-time dans le hub destination,"oui : le hub couvre frais, documents et delais",inventory/MERGED_URLS.csv
/pt/austria-visa-processing-time,/pt/visa-austria,301,Lot B : consolidation famille fees/requirements/processing-time dans le hub destination,"oui : le hub couvre frais, documents et delais",inventory/MERGED_URLS.csv
/pt/austria-visa-requirements,/pt/visa-austria,301,Lot B : consolidation famille fees/requirements/processing-time dans le hub destination,"oui : le hub couvre frais, documents et delais",inventory/MERGED_URLS.csv
/pt/belgium-visa-fees,/pt/visa-belgium,301,Lot B : consolidation famille fees/requirements/processing-time dans le hub destination,"oui : le hub couvre frais, documents et delais",inventory/MERGED_URLS.csv
/pt/belgium-visa-requirements,/pt/visa-belgium,301,Lot B : consolidation famille fees/requirements/processing-time dans le hub destination,"oui : le hub couvre frais, documents et delais",inventory/MERGED_URLS.csv
/pt/bermuda-visa-requirements,/pt/visa-bermuda,301,Lot B : consolidation famille fees/requirements/processing-time dans le hub destination,"oui : le hub couvre frais, documents et delais",inventory/MERGED_URLS.csv
/pt/brazil-visa-fees,/pt/visa-brazil,301,Lot B : consolidation famille fees/requirements/processing-time dans le hub destination,"oui : le hub couvre frais, documents et delais",inventory/MERGED_URLS.csv
/pt/brazil-visa-processing-time,/pt/visa-brazil,301,Lot B : consolidation famille fees/requirements/processing-time dans le hub destination,"oui : le hub couvre frais, documents et delais",inventory/MERGED_URLS.csv
/pt/brazil-visa-requirements,/pt/visa-brazil,301,Lot B : consolidation famille fees/requirements/processing-time dans le hub destination,"oui : le hub couvre frais, documents et delais",inventory/MERGED_URLS.csv
/pt/cambodia-visa-fees,/pt/visa-cambodia,301,Lot B : consolidation famille fees/requirements/processing-time dans le hub destination,"oui : le hub couvre frais, documents et delais",inventory/MERGED_URLS.csv
/pt/cambodia-visa-processing-time,/pt/visa-cambodia,301,Lot B : consolidation famille fees/requirements/processing-time dans le hub destination,"oui : le hub couvre frais, documents et delais",inventory/MERGED_URLS.csv
/pt/cambodia-visa-requirements,/pt/visa-cambodia,301,Lot B : consolidation famille fees/requirements/processing-time dans le hub destination,"oui : le hub couvre frais, documents et delais",inventory/MERGED_URLS.csv
/pt/canada-visa-fees,/pt/visa-canada,301,Lot B : consolidation famille fees/requirements/processing-time dans le hub destination,"oui : le hub couvre frais, documents et delais",inventory/MERGED_URLS.csv
/pt/canada-visa-processing-time,/pt/visa-canada,301,Lot B : consolidation famille fees/requirements/processing-time dans le hub destination,"oui : le hub couvre frais, documents et delais",inventory/MERGED_URLS.csv
/pt/canada-visa-requirements,/pt/visa-canada,301,Lot B : consolidation famille fees/requirements/processing-time dans le hub destination,"oui : le hub couvre frais, documents et delais",inventory/MERGED_URLS.csv
/pt/china-visa-fees,/pt/visa-china,301,Lot B : consolidation famille fees/requirements/processing-time dans le hub destination,"oui : le hub couvre frais, documents et delais",inventory/MERGED_URLS.csv
/pt/china-visa-processing-time,/pt/visa-china,301,Lot B : consolidation famille fees/requirements/processing-time dans le hub destination,"oui : le hub couvre frais, documents et delais",inventory/MERGED_URLS.csv
/pt/china-visa-requirements,/pt/visa-china,301,Lot B : consolidation famille fees/requirements/processing-time dans le hub destination,"oui : le hub couvre frais, documents et delais",inventory/MERGED_URLS.csv
/pt/colombia-visa-fees,/pt/visa-colombia,301,Lot B : consolidation famille fees/requirements/processing-time dans le hub destination,"oui : le hub couvre frais, documents et delais",inventory/MERGED_URLS.csv
/pt/colombia-visa-requirements,/pt/visa-colombia,301,Lot B : consolidation famille fees/requirements/processing-time dans le hub destination,"oui : le hub couvre frais, documents et delais",inventory/MERGED_URLS.csv
/pt/costa-rica-visa-fees,/pt/visa-costa-rica,301,Lot B : consolidation famille fees/requirements/processing-time dans le hub destination,"oui : le hub couvre frais, documents et delais",inventory/MERGED_URLS.csv
/pt/costa-rica-visa-processing-time,/pt/visa-costa-rica,301,Lot B : consolidation famille fees/requirements/processing-time dans le hub destination,"oui : le hub couvre frais, documents et delais",inventory/MERGED_URLS.csv
/pt/costa-rica-visa-requirements,/pt/visa-costa-rica,301,Lot B : consolidation famille fees/requirements/processing-time dans le hub destination,"oui : le hub couvre frais, documents et delais",inventory/MERGED_URLS.csv
/pt/croatia-visa-fees,/pt/visa-croatia,301,Lot B : consolidation famille fees/requirements/processing-time dans le hub destination,"oui : le hub couvre frais, documents et delais",inventory/MERGED_URLS.csv
/pt/croatia-visa-requirements,/pt/visa-croatia,301,Lot B : consolidation famille fees/requirements/processing-time dans le hub destination,"oui : le hub couvre frais, documents et delais",inventory/MERGED_URLS.csv
/pt/czech-republic-visa-fees,/pt/visa-czech-republic,301,Lot B : consolidation famille fees/requirements/processing-time dans le hub destination,"oui : le hub couvre frais, documents et delais",inventory/MERGED_URLS.csv
/pt/czech-republic-visa-processing-time,/pt/visa-czech-republic,301,Lot B : consolidation famille fees/requirements/processing-time dans le hub destination,"oui : le hub couvre frais, documents et delais",inventory/MERGED_URLS.csv
/pt/czech-republic-visa-requirements,/pt/visa-czech-republic,301,Lot B : consolidation famille fees/requirements/processing-time dans le hub destination,"oui : le hub couvre frais, documents et delais",inventory/MERGED_URLS.csv
/pt/denmark-visa-fees,/pt/visa-denmark,301,Lot B : consolidation famille fees/requirements/processing-time dans le hub destination,"oui : le hub couvre frais, documents et delais",inventory/MERGED_URLS.csv
/pt/denmark-visa-processing-time,/pt/visa-denmark,301,Lot B : consolidation famille fees/requirements/processing-time dans le hub destination,"oui : le hub couvre frais, documents et delais",inventory/MERGED_URLS.csv
/pt/denmark-visa-requirements,/pt/visa-denmark,301,Lot B : consolidation famille fees/requirements/processing-time dans le hub destination,"oui : le hub couvre frais, documents et delais",inventory/MERGED_URLS.csv
/pt/france-visa-fees,/pt/visa-france,301,Lot B : consolidation famille fees/requirements/processing-time dans le hub destination,"oui : le hub couvre frais, documents et delais",inventory/MERGED_URLS.csv
/pt/france-visa-processing-time,/pt/visa-france,301,Lot B : consolidation famille fees/requirements/processing-time dans le hub destination,"oui : le hub couvre frais, documents et delais",inventory/MERGED_URLS.csv
/pt/france-visa-requirements,/pt/visa-france,301,Lot B : consolidation famille fees/requirements/processing-time dans le hub destination,"oui : le hub couvre frais, documents et delais",inventory/MERGED_URLS.csv
/pt/germany-visa-fees,/pt/visa-germany,301,Lot B : consolidation famille fees/requirements/processing-time dans le hub destination,"oui : le hub couvre frais, documents et delais",inventory/MERGED_URLS.csv
/pt/germany-visa-processing-time,/pt/visa-germany,301,Lot B : consolidation famille fees/requirements/processing-time dans le hub destination,"oui : le hub couvre frais, documents et delais",inventory/MERGED_URLS.csv
/pt/germany-visa-requirements,/pt/visa-germany,301,Lot B : consolidation famille fees/requirements/processing-time dans le hub destination,"oui : le hub couvre frais, documents et delais",inventory/MERGED_URLS.csv
/pt/greece-visa-fees,/pt/visa-greece,301,Lot B : consolidation famille fees/requirements/processing-time dans le hub destination,"oui : le hub couvre frais, documents et delais",inventory/MERGED_URLS.csv
/pt/greece-visa-processing-time,/pt/visa-greece,301,Lot B : consolidation famille fees/requirements/processing-time dans le hub destination,"oui : le hub couvre frais, documents et delais",inventory/MERGED_URLS.csv
/pt/greece-visa-requirements,/pt/visa-greece,301,Lot B : consolidation famille fees/requirements/processing-time dans le hub destination,"oui : le hub couvre frais, documents et delais",inventory/MERGED_URLS.csv
/pt/hong-kong-visa-fees,/pt/visa-hong-kong,301,Lot B : consolidation famille fees/requirements/processing-time dans le hub destination,"oui : le hub couvre frais, documents et delais",inventory/MERGED_URLS.csv
/pt/hong-kong-visa-processing-time,/pt/visa-hong-kong,301,Lot B : consolidation famille fees/requirements/processing-time dans le hub destination,"oui : le hub couvre frais, documents et delais",inventory/MERGED_URLS.csv
/pt/hong-kong-visa-requirements,/pt/visa-hong-kong,301,Lot B : consolidation famille fees/requirements/processing-time dans le hub destination,"oui : le hub couvre frais, documents et delais",inventory/MERGED_URLS.csv
/pt/hungary-visa-fees,/pt/visa-hungary,301,Lot B : consolidation famille fees/requirements/processing-time dans le hub destination,"oui : le hub couvre frais, documents et delais",inventory/MERGED_URLS.csv
/pt/hungary-visa-requirements,/pt/visa-hungary,301,Lot B : consolidation famille fees/requirements/processing-time dans le hub destination,"oui : le hub couvre frais, documents et delais",inventory/MERGED_URLS.csv
/pt/india-visa-fees,/pt/visa-india,301,Lot B : consolidation famille fees/requirements/processing-time dans le hub destination,"oui : le hub couvre frais, documents et delais",inventory/MERGED_URLS.csv
/pt/india-visa-processing-time,/pt/visa-india,301,Lot B : consolidation famille fees/requirements/processing-time dans le hub destination,"oui : le hub couvre frais, documents et delais",inventory/MERGED_URLS.csv
/pt/india-visa-requirements,/pt/visa-india,301,Lot B : consolidation famille fees/requirements/processing-time dans le hub destination,"oui : le hub couvre frais, documents et delais",inventory/MERGED_URLS.csv
/pt/indonesia-visa-fees,/pt/visa-indonesia,301,Lot B : consolidation famille fees/requirements/processing-time dans le hub destination,"oui : le hub couvre frais, documents et delais",inventory/MERGED_URLS.csv
/pt/indonesia-visa-requirements,/pt/visa-indonesia,301,Lot B : consolidation famille fees/requirements/processing-time dans le hub destination,"oui : le hub couvre frais, documents et delais",inventory/MERGED_URLS.csv
/pt/ireland-visa-fees,/pt/visa-ireland,301,Lot B : consolidation famille fees/requirements/processing-time dans le hub destination,"oui : le hub couvre frais, documents et delais",inventory/MERGED_URLS.csv
/pt/ireland-visa-processing-time,/pt/visa-ireland,301,Lot B : consolidation famille fees/requirements/processing-time dans le hub destination,"oui : le hub couvre frais, documents et delais",inventory/MERGED_URLS.csv
/pt/ireland-visa-requirements,/pt/visa-ireland,301,Lot B : consolidation famille fees/requirements/processing-time dans le hub destination,"oui : le hub couvre frais, documents et delais",inventory/MERGED_URLS.csv
/pt/italy-visa-fees,/pt/visa-italy,301,Lot B : consolidation famille fees/requirements/processing-time dans le hub destination,"oui : le hub couvre frais, documents et delais",inventory/MERGED_URLS.csv
/pt/italy-visa-processing-time,/pt/visa-italy,301,Lot B : consolidation famille fees/requirements/processing-time dans le hub destination,"oui : le hub couvre frais, documents et delais",inventory/MERGED_URLS.csv
/pt/italy-visa-requirements,/pt/visa-italy,301,Lot B : consolidation famille fees/requirements/processing-time dans le hub destination,"oui : le hub couvre frais, documents et delais",inventory/MERGED_URLS.csv
/pt/japan-visa-fees,/pt/visa-japan,301,Lot B : consolidation famille fees/requirements/processing-time dans le hub destination,"oui : le hub couvre frais, documents et delais",inventory/MERGED_URLS.csv
/pt/japan-visa-processing-time,/pt/visa-japan,301,Lot B : consolidation famille fees/requirements/processing-time dans le hub destination,"oui : le hub couvre frais, documents et delais",inventory/MERGED_URLS.csv
/pt/japan-visa-requirements,/pt/visa-japan,301,Lot B : consolidation famille fees/requirements/processing-time dans le hub destination,"oui : le hub couvre frais, documents et delais",inventory/MERGED_URLS.csv
/pt/jordan-visa-fees,/pt/visa-jordan,301,Lot B : consolidation famille fees/requirements/processing-time dans le hub destination,"oui : le hub couvre frais, documents et delais",inventory/MERGED_URLS.csv
/pt/jordan-visa-processing-time,/pt/visa-jordan,301,Lot B : consolidation famille fees/requirements/processing-time dans le hub destination,"oui : le hub couvre frais, documents et delais",inventory/MERGED_URLS.csv
/pt/jordan-visa-requirements,/pt/visa-jordan,301,Lot B : consolidation famille fees/requirements/processing-time dans le hub destination,"oui : le hub couvre frais, documents et delais",inventory/MERGED_URLS.csv
/pt/laos-visa-requirements,/pt/visa-laos,301,Lot B : consolidation famille fees/requirements/processing-time dans le hub destination,"oui : le hub couvre frais, documents et delais",inventory/MERGED_URLS.csv
/pt/macau-visa-requirements,/pt/visa-macau,301,Lot B : consolidation famille fees/requirements/processing-time dans le hub destination,"oui : le hub couvre frais, documents et delais",inventory/MERGED_URLS.csv
/pt/malaysia-visa-fees,/pt/visa-malaysia,301,Lot B : consolidation famille fees/requirements/processing-time dans le hub destination,"oui : le hub couvre frais, documents et delais",inventory/MERGED_URLS.csv
/pt/malaysia-visa-processing-time,/pt/visa-malaysia,301,Lot B : consolidation famille fees/requirements/processing-time dans le hub destination,"oui : le hub couvre frais, documents et delais",inventory/MERGED_URLS.csv
/pt/malaysia-visa-requirements,/pt/visa-malaysia,301,Lot B : consolidation famille fees/requirements/processing-time dans le hub destination,"oui : le hub couvre frais, documents et delais",inventory/MERGED_URLS.csv
/pt/maldives-visa-processing-time,/pt/visa-maldives,301,Lot B : consolidation famille fees/requirements/processing-time dans le hub destination,"oui : le hub couvre frais, documents et delais",inventory/MERGED_URLS.csv
/pt/maldives-visa-requirements,/pt/visa-maldives,301,Lot B : consolidation famille fees/requirements/processing-time dans le hub destination,"oui : le hub couvre frais, documents et delais",inventory/MERGED_URLS.csv
/pt/mexico-visa-fees,/pt/visa-mexico,301,Lot B : consolidation famille fees/requirements/processing-time dans le hub destination,"oui : le hub couvre frais, documents et delais",inventory/MERGED_URLS.csv
/pt/mexico-visa-requirements,/pt/visa-mexico,301,Lot B : consolidation famille fees/requirements/processing-time dans le hub destination,"oui : le hub couvre frais, documents et delais",inventory/MERGED_URLS.csv
/pt/nepal-visa-fees,/pt/visa-nepal,301,Lot B : consolidation famille fees/requirements/processing-time dans le hub destination,"oui : le hub couvre frais, documents et delais",inventory/MERGED_URLS.csv
/pt/nepal-visa-processing-time,/pt/visa-nepal,301,Lot B : consolidation famille fees/requirements/processing-time dans le hub destination,"oui : le hub couvre frais, documents et delais",inventory/MERGED_URLS.csv
/pt/nepal-visa-requirements,/pt/visa-nepal,301,Lot B : consolidation famille fees/requirements/processing-time dans le hub destination,"oui : le hub couvre frais, documents et delais",inventory/MERGED_URLS.csv
/pt/netherlands-visa-fees,/pt/visa-netherlands,301,Lot B : consolidation famille fees/requirements/processing-time dans le hub destination,"oui : le hub couvre frais, documents et delais",inventory/MERGED_URLS.csv
/pt/netherlands-visa-processing-time,/pt/visa-netherlands,301,Lot B : consolidation famille fees/requirements/processing-time dans le hub destination,"oui : le hub couvre frais, documents et delais",inventory/MERGED_URLS.csv
/pt/netherlands-visa-requirements,/pt/visa-netherlands,301,Lot B : consolidation famille fees/requirements/processing-time dans le hub destination,"oui : le hub couvre frais, documents et delais",inventory/MERGED_URLS.csv
/pt/new-zealand-visa-fees,/pt/visa-new-zealand,301,Lot B : consolidation famille fees/requirements/processing-time dans le hub destination,"oui : le hub couvre frais, documents et delais",inventory/MERGED_URLS.csv
/pt/new-zealand-visa-processing-time,/pt/visa-new-zealand,301,Lot B : consolidation famille fees/requirements/processing-time dans le hub destination,"oui : le hub couvre frais, documents et delais",inventory/MERGED_URLS.csv
/pt/new-zealand-visa-requirements,/pt/visa-new-zealand,301,Lot B : consolidation famille fees/requirements/processing-time dans le hub destination,"oui : le hub couvre frais, documents et delais",inventory/MERGED_URLS.csv
/pt/norway-visa-fees,/pt/visa-norway,301,Lot B : consolidation famille fees/requirements/processing-time dans le hub destination,"oui : le hub couvre frais, documents et delais",inventory/MERGED_URLS.csv
/pt/norway-visa-processing-time,/pt/visa-norway,301,Lot B : consolidation famille fees/requirements/processing-time dans le hub destination,"oui : le hub couvre frais, documents et delais",inventory/MERGED_URLS.csv
/pt/norway-visa-requirements,/pt/visa-norway,301,Lot B : consolidation famille fees/requirements/processing-time dans le hub destination,"oui : le hub couvre frais, documents et delais",inventory/MERGED_URLS.csv
/pt/philippines-visa-fees,/pt/visa-philippines,301,Lot B : consolidation famille fees/requirements/processing-time dans le hub destination,"oui : le hub couvre frais, documents et delais",inventory/MERGED_URLS.csv
/pt/philippines-visa-processing-time,/pt/visa-philippines,301,Lot B : consolidation famille fees/requirements/processing-time dans le hub destination,"oui : le hub couvre frais, documents et delais",inventory/MERGED_URLS.csv
/pt/philippines-visa-requirements,/pt/visa-philippines,301,Lot B : consolidation famille fees/requirements/processing-time dans le hub destination,"oui : le hub couvre frais, documents et delais",inventory/MERGED_URLS.csv
/pt/poland-visa-fees,/pt/visa-poland,301,Lot B : consolidation famille fees/requirements/processing-time dans le hub destination,"oui : le hub couvre frais, documents et delais",inventory/MERGED_URLS.csv
/pt/poland-visa-processing-time,/pt/visa-poland,301,Lot B : consolidation famille fees/requirements/processing-time dans le hub destination,"oui : le hub couvre frais, documents et delais",inventory/MERGED_URLS.csv
/pt/poland-visa-requirements,/pt/visa-poland,301,Lot B : consolidation famille fees/requirements/processing-time dans le hub destination,"oui : le hub couvre frais, documents et delais",inventory/MERGED_URLS.csv
/pt/portugal-visa-fees,/pt/visa-portugal,301,Lot B : consolidation famille fees/requirements/processing-time dans le hub destination,"oui : le hub couvre frais, documents et delais",inventory/MERGED_URLS.csv
/pt/portugal-visa-requirements,/pt/visa-portugal,301,Lot B : consolidation famille fees/requirements/processing-time dans le hub destination,"oui : le hub couvre frais, documents et delais",inventory/MERGED_URLS.csv
/pt/qatar-visa-fees,/pt/visa-qatar,301,Lot B : consolidation famille fees/requirements/processing-time dans le hub destination,"oui : le hub couvre frais, documents et delais",inventory/MERGED_URLS.csv
/pt/qatar-visa-processing-time,/pt/visa-qatar,301,Lot B : consolidation famille fees/requirements/processing-time dans le hub destination,"oui : le hub couvre frais, documents et delais",inventory/MERGED_URLS.csv
/pt/qatar-visa-requirements,/pt/visa-qatar,301,Lot B : consolidation famille fees/requirements/processing-time dans le hub destination,"oui : le hub couvre frais, documents et delais",inventory/MERGED_URLS.csv
/pt/romania-visa-fees,/pt/visa-romania,301,Lot B : consolidation famille fees/requirements/processing-time dans le hub destination,"oui : le hub couvre frais, documents et delais",inventory/MERGED_URLS.csv
/pt/romania-visa-processing-time,/pt/visa-romania,301,Lot B : consolidation famille fees/requirements/processing-time dans le hub destination,"oui : le hub couvre frais, documents et delais",inventory/MERGED_URLS.csv
/pt/romania-visa-requirements,/pt/visa-romania,301,Lot B : consolidation famille fees/requirements/processing-time dans le hub destination,"oui : le hub couvre frais, documents et delais",inventory/MERGED_URLS.csv
/pt/singapore-visa-fees,/pt/visa-singapore,301,Lot B : consolidation famille fees/requirements/processing-time dans le hub destination,"oui : le hub couvre frais, documents et delais",inventory/MERGED_URLS.csv
/pt/singapore-visa-processing-time,/pt/visa-singapore,301,Lot B : consolidation famille fees/requirements/processing-time dans le hub destination,"oui : le hub couvre frais, documents et delais",inventory/MERGED_URLS.csv
/pt/singapore-visa-requirements,/pt/visa-singapore,301,Lot B : consolidation famille fees/requirements/processing-time dans le hub destination,"oui : le hub couvre frais, documents et delais",inventory/MERGED_URLS.csv
/pt/spain-visa-fees,/pt/visa-spain,301,Lot B : consolidation famille fees/requirements/processing-time dans le hub destination,"oui : le hub couvre frais, documents et delais",inventory/MERGED_URLS.csv
/pt/spain-visa-processing-time,/pt/visa-spain,301,Lot B : consolidation famille fees/requirements/processing-time dans le hub destination,"oui : le hub couvre frais, documents et delais",inventory/MERGED_URLS.csv
/pt/spain-visa-requirements,/pt/visa-spain,301,Lot B : consolidation famille fees/requirements/processing-time dans le hub destination,"oui : le hub couvre frais, documents et delais",inventory/MERGED_URLS.csv
/pt/sri-lanka-visa-fees,/pt/visa-sri-lanka,301,Lot B : consolidation famille fees/requirements/processing-time dans le hub destination,"oui : le hub couvre frais, documents et delais",inventory/MERGED_URLS.csv
/pt/sri-lanka-visa-processing-time,/pt/visa-sri-lanka,301,Lot B : consolidation famille fees/requirements/processing-time dans le hub destination,"oui : le hub couvre frais, documents et delais",inventory/MERGED_URLS.csv
/pt/sri-lanka-visa-requirements,/pt/visa-sri-lanka,301,Lot B : consolidation famille fees/requirements/processing-time dans le hub destination,"oui : le hub couvre frais, documents et delais",inventory/MERGED_URLS.csv
/pt/sweden-visa-fees,/pt/visa-sweden,301,Lot B : consolidation famille fees/requirements/processing-time dans le hub destination,"oui : le hub couvre frais, documents et delais",inventory/MERGED_URLS.csv
/pt/sweden-visa-processing-time,/pt/visa-sweden,301,Lot B : consolidation famille fees/requirements/processing-time dans le hub destination,"oui : le hub couvre frais, documents et delais",inventory/MERGED_URLS.csv
/pt/sweden-visa-requirements,/pt/visa-sweden,301,Lot B : consolidation famille fees/requirements/processing-time dans le hub destination,"oui : le hub couvre frais, documents et delais",inventory/MERGED_URLS.csv
/pt/switzerland-visa-fees,/pt/visa-switzerland,301,Lot B : consolidation famille fees/requirements/processing-time dans le hub destination,"oui : le hub couvre frais, documents et delais",inventory/MERGED_URLS.csv
/pt/switzerland-visa-processing-time,/pt/visa-switzerland,301,Lot B : consolidation famille fees/requirements/processing-time dans le hub destination,"oui : le hub couvre frais, documents et delais",inventory/MERGED_URLS.csv
/pt/switzerland-visa-requirements,/pt/visa-switzerland,301,Lot B : consolidation famille fees/requirements/processing-time dans le hub destination,"oui : le hub couvre frais, documents et delais",inventory/MERGED_URLS.csv
/pt/taiwan-visa-fees,/pt/visa-taiwan,301,Lot B : consolidation famille fees/requirements/processing-time dans le hub destination,"oui : le hub couvre frais, documents et delais",inventory/MERGED_URLS.csv
/pt/taiwan-visa-processing-time,/pt/visa-taiwan,301,Lot B : consolidation famille fees/requirements/processing-time dans le hub destination,"oui : le hub couvre frais, documents et delais",inventory/MERGED_URLS.csv
/pt/taiwan-visa-requirements,/pt/visa-taiwan,301,Lot B : consolidation famille fees/requirements/processing-time dans le hub destination,"oui : le hub couvre frais, documents et delais",inventory/MERGED_URLS.csv
/pt/thailand-visa-fees,/pt/visa-thailand,301,Lot B : consolidation famille fees/requirements/processing-time dans le hub destination,"oui : le hub couvre frais, documents et delais",inventory/MERGED_URLS.csv
/pt/thailand-visa-processing-time,/pt/visa-thailand,301,Lot B : consolidation famille fees/requirements/processing-time dans le hub destination,"oui : le hub couvre frais, documents et delais",inventory/MERGED_URLS.csv
/pt/thailand-visa-requirements,/pt/visa-thailand,301,Lot B : consolidation famille fees/requirements/processing-time dans le hub destination,"oui : le hub couvre frais, documents et delais",inventory/MERGED_URLS.csv
/pt/turkey-visa-fees,/pt/visa-turkey,301,Lot B : consolidation famille fees/requirements/processing-time dans le hub destination,"oui : le hub couvre frais, documents et delais",inventory/MERGED_URLS.csv
/pt/turkey-visa-processing-time,/pt/visa-turkey,301,Lot B : consolidation famille fees/requirements/processing-time dans le hub destination,"oui : le hub couvre frais, documents et delais",inventory/MERGED_URLS.csv
/pt/turkey-visa-requirements,/pt/visa-turkey,301,Lot B : consolidation famille fees/requirements/processing-time dans le hub destination,"oui : le hub couvre frais, documents et delais",inventory/MERGED_URLS.csv
/pt/uae-visa-fees,/pt/visa-uae,301,Lot B : consolidation famille fees/requirements/processing-time dans le hub destination,"oui : le hub couvre frais, documents et delais",inventory/MERGED_URLS.csv
/pt/uae-visa-processing-time,/pt/visa-uae,301,Lot B : consolidation famille fees/requirements/processing-time dans le hub destination,"oui : le hub couvre frais, documents et delais",inventory/MERGED_URLS.csv
/pt/uae-visa-requirements,/pt/visa-uae,301,Lot B : consolidation famille fees/requirements/processing-time dans le hub destination,"oui : le hub couvre frais, documents et delais",inventory/MERGED_URLS.csv
/pt/united-kingdom-visa-fees,/pt/visa-united-kingdom,301,Lot B : consolidation famille fees/requirements/processing-time dans le hub destination,"oui : le hub couvre frais, documents et delais",inventory/MERGED_URLS.csv
/pt/united-kingdom-visa-processing-time,/pt/visa-united-kingdom,301,Lot B : consolidation famille fees/requirements/processing-time dans le hub destination,"oui : le hub couvre frais, documents et delais",inventory/MERGED_URLS.csv
/pt/united-kingdom-visa-requirements,/pt/visa-united-kingdom,301,Lot B : consolidation famille fees/requirements/processing-time dans le hub destination,"oui : le hub couvre frais, documents et delais",inventory/MERGED_URLS.csv
/pt/usa-visa-fees,/pt/visa-usa,301,Lot B : consolidation famille fees/requirements/processing-time dans le hub destination,"oui : le hub couvre frais, documents et delais",inventory/MERGED_URLS.csv
/pt/usa-visa-processing-time,/pt/visa-usa,301,Lot B : consolidation famille fees/requirements/processing-time dans le hub destination,"oui : le hub couvre frais, documents et delais",inventory/MERGED_URLS.csv
/pt/usa-visa-requirements,/pt/visa-usa,301,Lot B : consolidation famille fees/requirements/processing-time dans le hub destination,"oui : le hub couvre frais, documents et delais",inventory/MERGED_URLS.csv
/pt/vietnam-visa-fees,/pt/visa-vietnam,301,Lot B : consolidation famille fees/requirements/processing-time dans le hub destination,"oui : le hub couvre frais, documents et delais",inventory/MERGED_URLS.csv
/pt/vietnam-visa-processing-time,/pt/visa-vietnam,301,Lot B : consolidation famille fees/requirements/processing-time dans le hub destination,"oui : le hub couvre frais, documents et delais",inventory/MERGED_URLS.csv
/pt/vietnam-visa-requirements,/pt/visa-vietnam,301,Lot B : consolidation famille fees/requirements/processing-time dans le hub destination,"oui : le hub couvre frais, documents et delais",inventory/MERGED_URLS.csv
/ru/argentina-visa-processing-time,/ru/visa-argentina,301,Lot B : consolidation famille fees/requirements/processing-time dans le hub destination,"oui : le hub couvre frais, documents et delais",inventory/MERGED_URLS.csv
/ru/argentina-visa-requirements,/ru/visa-argentina,301,Lot B : consolidation famille fees/requirements/processing-time dans le hub destination,"oui : le hub couvre frais, documents et delais",inventory/MERGED_URLS.csv
/ru/australia-visa-fees,/ru/visa-australia,301,Lot B : consolidation famille fees/requirements/processing-time dans le hub destination,"oui : le hub couvre frais, documents et delais",inventory/MERGED_URLS.csv
/ru/australia-visa-processing-time,/ru/visa-australia,301,Lot B : consolidation famille fees/requirements/processing-time dans le hub destination,"oui : le hub couvre frais, documents et delais",inventory/MERGED_URLS.csv
/ru/australia-visa-requirements,/ru/visa-australia,301,Lot B : consolidation famille fees/requirements/processing-time dans le hub destination,"oui : le hub couvre frais, documents et delais",inventory/MERGED_URLS.csv
/ru/austria-visa-fees,/ru/visa-austria,301,Lot B : consolidation famille fees/requirements/processing-time dans le hub destination,"oui : le hub couvre frais, documents et delais",inventory/MERGED_URLS.csv
/ru/austria-visa-processing-time,/ru/visa-austria,301,Lot B : consolidation famille fees/requirements/processing-time dans le hub destination,"oui : le hub couvre frais, documents et delais",inventory/MERGED_URLS.csv
/ru/austria-visa-requirements,/ru/visa-austria,301,Lot B : consolidation famille fees/requirements/processing-time dans le hub destination,"oui : le hub couvre frais, documents et delais",inventory/MERGED_URLS.csv
/ru/belgium-visa-processing-time,/ru/visa-belgium,301,Lot B : consolidation famille fees/requirements/processing-time dans le hub destination,"oui : le hub couvre frais, documents et delais",inventory/MERGED_URLS.csv
/ru/belgium-visa-requirements,/ru/visa-belgium,301,Lot B : consolidation famille fees/requirements/processing-time dans le hub destination,"oui : le hub couvre frais, documents et delais",inventory/MERGED_URLS.csv
/ru/bermuda-visa-requirements,/ru/visa-bermuda,301,Lot B : consolidation famille fees/requirements/processing-time dans le hub destination,"oui : le hub couvre frais, documents et delais",inventory/MERGED_URLS.csv
/ru/brazil-visa-fees,/ru/visa-brazil,301,Lot B : consolidation famille fees/requirements/processing-time dans le hub destination,"oui : le hub couvre frais, documents et delais",inventory/MERGED_URLS.csv
/ru/brazil-visa-requirements,/ru/visa-brazil,301,Lot B : consolidation famille fees/requirements/processing-time dans le hub destination,"oui : le hub couvre frais, documents et delais",inventory/MERGED_URLS.csv
/ru/cambodia-visa-fees,/ru/visa-cambodia,301,Lot B : consolidation famille fees/requirements/processing-time dans le hub destination,"oui : le hub couvre frais, documents et delais",inventory/MERGED_URLS.csv
/ru/cambodia-visa-processing-time,/ru/visa-cambodia,301,Lot B : consolidation famille fees/requirements/processing-time dans le hub destination,"oui : le hub couvre frais, documents et delais",inventory/MERGED_URLS.csv
/ru/cambodia-visa-requirements,/ru/visa-cambodia,301,Lot B : consolidation famille fees/requirements/processing-time dans le hub destination,"oui : le hub couvre frais, documents et delais",inventory/MERGED_URLS.csv
/ru/canada-visa-fees,/ru/visa-canada,301,Lot B : consolidation famille fees/requirements/processing-time dans le hub destination,"oui : le hub couvre frais, documents et delais",inventory/MERGED_URLS.csv
/ru/canada-visa-processing-time,/ru/visa-canada,301,Lot B : consolidation famille fees/requirements/processing-time dans le hub destination,"oui : le hub couvre frais, documents et delais",inventory/MERGED_URLS.csv
/ru/canada-visa-requirements,/ru/visa-canada,301,Lot B : consolidation famille fees/requirements/processing-time dans le hub destination,"oui : le hub couvre frais, documents et delais",inventory/MERGED_URLS.csv
/ru/china-visa-fees,/ru/visa-china,301,Lot B : consolidation famille fees/requirements/processing-time dans le hub destination,"oui : le hub couvre frais, documents et delais",inventory/MERGED_URLS.csv
/ru/china-visa-processing-time,/ru/visa-china,301,Lot B : consolidation famille fees/requirements/processing-time dans le hub destination,"oui : le hub couvre frais, documents et delais",inventory/MERGED_URLS.csv
/ru/china-visa-requirements,/ru/visa-china,301,Lot B : consolidation famille fees/requirements/processing-time dans le hub destination,"oui : le hub couvre frais, documents et delais",inventory/MERGED_URLS.csv
/ru/colombia-visa-fees,/ru/visa-colombia,301,Lot B : consolidation famille fees/requirements/processing-time dans le hub destination,"oui : le hub couvre frais, documents et delais",inventory/MERGED_URLS.csv
/ru/colombia-visa-requirements,/ru/visa-colombia,301,Lot B : consolidation famille fees/requirements/processing-time dans le hub destination,"oui : le hub couvre frais, documents et delais",inventory/MERGED_URLS.csv
/ru/costa-rica-visa-fees,/ru/visa-costa-rica,301,Lot B : consolidation famille fees/requirements/processing-time dans le hub destination,"oui : le hub couvre frais, documents et delais",inventory/MERGED_URLS.csv
/ru/costa-rica-visa-processing-time,/ru/visa-costa-rica,301,Lot B : consolidation famille fees/requirements/processing-time dans le hub destination,"oui : le hub couvre frais, documents et delais",inventory/MERGED_URLS.csv
/ru/costa-rica-visa-requirements,/ru/visa-costa-rica,301,Lot B : consolidation famille fees/requirements/processing-time dans le hub destination,"oui : le hub couvre frais, documents et delais",inventory/MERGED_URLS.csv
/ru/croatia-visa-fees,/ru/visa-croatia,301,Lot B : consolidation famille fees/requirements/processing-time dans le hub destination,"oui : le hub couvre frais, documents et delais",inventory/MERGED_URLS.csv
/ru/croatia-visa-processing-time,/ru/visa-croatia,301,Lot B : consolidation famille fees/requirements/processing-time dans le hub destination,"oui : le hub couvre frais, documents et delais",inventory/MERGED_URLS.csv
/ru/croatia-visa-requirements,/ru/visa-croatia,301,Lot B : consolidation famille fees/requirements/processing-time dans le hub destination,"oui : le hub couvre frais, documents et delais",inventory/MERGED_URLS.csv
/ru/czech-republic-visa-fees,/ru/visa-czech-republic,301,Lot B : consolidation famille fees/requirements/processing-time dans le hub destination,"oui : le hub couvre frais, documents et delais",inventory/MERGED_URLS.csv
/ru/czech-republic-visa-processing-time,/ru/visa-czech-republic,301,Lot B : consolidation famille fees/requirements/processing-time dans le hub destination,"oui : le hub couvre frais, documents et delais",inventory/MERGED_URLS.csv
/ru/czech-republic-visa-requirements,/ru/visa-czech-republic,301,Lot B : consolidation famille fees/requirements/processing-time dans le hub destination,"oui : le hub couvre frais, documents et delais",inventory/MERGED_URLS.csv
/ru/denmark-visa-fees,/ru/visa-denmark,301,Lot B : consolidation famille fees/requirements/processing-time dans le hub destination,"oui : le hub couvre frais, documents et delais",inventory/MERGED_URLS.csv
/ru/denmark-visa-requirements,/ru/visa-denmark,301,Lot B : consolidation famille fees/requirements/processing-time dans le hub destination,"oui : le hub couvre frais, documents et delais",inventory/MERGED_URLS.csv
/ru/france-visa-fees,/ru/visa-france,301,Lot B : consolidation famille fees/requirements/processing-time dans le hub destination,"oui : le hub couvre frais, documents et delais",inventory/MERGED_URLS.csv
/ru/france-visa-processing-time,/ru/visa-france,301,Lot B : consolidation famille fees/requirements/processing-time dans le hub destination,"oui : le hub couvre frais, documents et delais",inventory/MERGED_URLS.csv
/ru/france-visa-requirements,/ru/visa-france,301,Lot B : consolidation famille fees/requirements/processing-time dans le hub destination,"oui : le hub couvre frais, documents et delais",inventory/MERGED_URLS.csv
/ru/germany-visa-fees,/ru/visa-germany,301,Lot B : consolidation famille fees/requirements/processing-time dans le hub destination,"oui : le hub couvre frais, documents et delais",inventory/MERGED_URLS.csv
/ru/germany-visa-processing-time,/ru/visa-germany,301,Lot B : consolidation famille fees/requirements/processing-time dans le hub destination,"oui : le hub couvre frais, documents et delais",inventory/MERGED_URLS.csv
/ru/germany-visa-requirements,/ru/visa-germany,301,Lot B : consolidation famille fees/requirements/processing-time dans le hub destination,"oui : le hub couvre frais, documents et delais",inventory/MERGED_URLS.csv
/ru/greece-visa-fees,/ru/visa-greece,301,Lot B : consolidation famille fees/requirements/processing-time dans le hub destination,"oui : le hub couvre frais, documents et delais",inventory/MERGED_URLS.csv
/ru/greece-visa-requirements,/ru/visa-greece,301,Lot B : consolidation famille fees/requirements/processing-time dans le hub destination,"oui : le hub couvre frais, documents et delais",inventory/MERGED_URLS.csv
/ru/hong-kong-visa-requirements,/ru/visa-hong-kong,301,Lot B : consolidation famille fees/requirements/processing-time dans le hub destination,"oui : le hub couvre frais, documents et delais",inventory/MERGED_URLS.csv
/ru/hungary-visa-fees,/ru/visa-hungary,301,Lot B : consolidation famille fees/requirements/processing-time dans le hub destination,"oui : le hub couvre frais, documents et delais",inventory/MERGED_URLS.csv
/ru/hungary-visa-processing-time,/ru/visa-hungary,301,Lot B : consolidation famille fees/requirements/processing-time dans le hub destination,"oui : le hub couvre frais, documents et delais",inventory/MERGED_URLS.csv
/ru/hungary-visa-requirements,/ru/visa-hungary,301,Lot B : consolidation famille fees/requirements/processing-time dans le hub destination,"oui : le hub couvre frais, documents et delais",inventory/MERGED_URLS.csv
/ru/india-visa-fees,/ru/visa-india,301,Lot B : consolidation famille fees/requirements/processing-time dans le hub destination,"oui : le hub couvre frais, documents et delais",inventory/MERGED_URLS.csv
/ru/india-visa-processing-time,/ru/visa-india,301,Lot B : consolidation famille fees/requirements/processing-time dans le hub destination,"oui : le hub couvre frais, documents et delais",inventory/MERGED_URLS.csv
/ru/india-visa-requirements,/ru/visa-india,301,Lot B : consolidation famille fees/requirements/processing-time dans le hub destination,"oui : le hub couvre frais, documents et delais",inventory/MERGED_URLS.csv
/ru/indonesia-visa-fees,/ru/visa-indonesia,301,Lot B : consolidation famille fees/requirements/processing-time dans le hub destination,"oui : le hub couvre frais, documents et delais",inventory/MERGED_URLS.csv
/ru/indonesia-visa-processing-time,/ru/visa-indonesia,301,Lot B : consolidation famille fees/requirements/processing-time dans le hub destination,"oui : le hub couvre frais, documents et delais",inventory/MERGED_URLS.csv
/ru/indonesia-visa-requirements,/ru/visa-indonesia,301,Lot B : consolidation famille fees/requirements/processing-time dans le hub destination,"oui : le hub couvre frais, documents et delais",inventory/MERGED_URLS.csv
/ru/ireland-visa-fees,/ru/visa-ireland,301,Lot B : consolidation famille fees/requirements/processing-time dans le hub destination,"oui : le hub couvre frais, documents et delais",inventory/MERGED_URLS.csv
/ru/ireland-visa-processing-time,/ru/visa-ireland,301,Lot B : consolidation famille fees/requirements/processing-time dans le hub destination,"oui : le hub couvre frais, documents et delais",inventory/MERGED_URLS.csv
/ru/ireland-visa-requirements,/ru/visa-ireland,301,Lot B : consolidation famille fees/requirements/processing-time dans le hub destination,"oui : le hub couvre frais, documents et delais",inventory/MERGED_URLS.csv
/ru/italy-visa-fees,/ru/visa-italy,301,Lot B : consolidation famille fees/requirements/processing-time dans le hub destination,"oui : le hub couvre frais, documents et delais",inventory/MERGED_URLS.csv
/ru/italy-visa-processing-time,/ru/visa-italy,301,Lot B : consolidation famille fees/requirements/processing-time dans le hub destination,"oui : le hub couvre frais, documents et delais",inventory/MERGED_URLS.csv
/ru/italy-visa-requirements,/ru/visa-italy,301,Lot B : consolidation famille fees/requirements/processing-time dans le hub destination,"oui : le hub couvre frais, documents et delais",inventory/MERGED_URLS.csv
/ru/japan-visa-fees,/ru/visa-japan,301,Lot B : consolidation famille fees/requirements/processing-time dans le hub destination,"oui : le hub couvre frais, documents et delais",inventory/MERGED_URLS.csv
/ru/japan-visa-processing-time,/ru/visa-japan,301,Lot B : consolidation famille fees/requirements/processing-time dans le hub destination,"oui : le hub couvre frais, documents et delais",inventory/MERGED_URLS.csv
/ru/japan-visa-requirements,/ru/visa-japan,301,Lot B : consolidation famille fees/requirements/processing-time dans le hub destination,"oui : le hub couvre frais, documents et delais",inventory/MERGED_URLS.csv
/ru/jordan-visa-fees,/ru/visa-jordan,301,Lot B : consolidation famille fees/requirements/processing-time dans le hub destination,"oui : le hub couvre frais, documents et delais",inventory/MERGED_URLS.csv
/ru/jordan-visa-processing-time,/ru/visa-jordan,301,Lot B : consolidation famille fees/requirements/processing-time dans le hub destination,"oui : le hub couvre frais, documents et delais",inventory/MERGED_URLS.csv
/ru/jordan-visa-requirements,/ru/visa-jordan,301,Lot B : consolidation famille fees/requirements/processing-time dans le hub destination,"oui : le hub couvre frais, documents et delais",inventory/MERGED_URLS.csv
/ru/laos-visa-requirements,/ru/visa-laos,301,Lot B : consolidation famille fees/requirements/processing-time dans le hub destination,"oui : le hub couvre frais, documents et delais",inventory/MERGED_URLS.csv
/ru/macau-visa-requirements,/ru/visa-macau,301,Lot B : consolidation famille fees/requirements/processing-time dans le hub destination,"oui : le hub couvre frais, documents et delais",inventory/MERGED_URLS.csv
/ru/malaysia-visa-fees,/ru/visa-malaysia,301,Lot B : consolidation famille fees/requirements/processing-time dans le hub destination,"oui : le hub couvre frais, documents et delais",inventory/MERGED_URLS.csv
/ru/malaysia-visa-processing-time,/ru/visa-malaysia,301,Lot B : consolidation famille fees/requirements/processing-time dans le hub destination,"oui : le hub couvre frais, documents et delais",inventory/MERGED_URLS.csv
/ru/malaysia-visa-requirements,/ru/visa-malaysia,301,Lot B : consolidation famille fees/requirements/processing-time dans le hub destination,"oui : le hub couvre frais, documents et delais",inventory/MERGED_URLS.csv
/ru/maldives-visa-fees,/ru/visa-maldives,301,Lot B : consolidation famille fees/requirements/processing-time dans le hub destination,"oui : le hub couvre frais, documents et delais",inventory/MERGED_URLS.csv
/ru/maldives-visa-processing-time,/ru/visa-maldives,301,Lot B : consolidation famille fees/requirements/processing-time dans le hub destination,"oui : le hub couvre frais, documents et delais",inventory/MERGED_URLS.csv
/ru/maldives-visa-requirements,/ru/visa-maldives,301,Lot B : consolidation famille fees/requirements/processing-time dans le hub destination,"oui : le hub couvre frais, documents et delais",inventory/MERGED_URLS.csv
/ru/mexico-visa-fees,/ru/visa-mexico,301,Lot B : consolidation famille fees/requirements/processing-time dans le hub destination,"oui : le hub couvre frais, documents et delais",inventory/MERGED_URLS.csv
/ru/mexico-visa-processing-time,/ru/visa-mexico,301,Lot B : consolidation famille fees/requirements/processing-time dans le hub destination,"oui : le hub couvre frais, documents et delais",inventory/MERGED_URLS.csv
/ru/mexico-visa-requirements,/ru/visa-mexico,301,Lot B : consolidation famille fees/requirements/processing-time dans le hub destination,"oui : le hub couvre frais, documents et delais",inventory/MERGED_URLS.csv
/ru/nepal-visa-fees,/ru/visa-nepal,301,Lot B : consolidation famille fees/requirements/processing-time dans le hub destination,"oui : le hub couvre frais, documents et delais",inventory/MERGED_URLS.csv
/ru/nepal-visa-processing-time,/ru/visa-nepal,301,Lot B : consolidation famille fees/requirements/processing-time dans le hub destination,"oui : le hub couvre frais, documents et delais",inventory/MERGED_URLS.csv
/ru/nepal-visa-requirements,/ru/visa-nepal,301,Lot B : consolidation famille fees/requirements/processing-time dans le hub destination,"oui : le hub couvre frais, documents et delais",inventory/MERGED_URLS.csv
/ru/netherlands-visa-fees,/ru/visa-netherlands,301,Lot B : consolidation famille fees/requirements/processing-time dans le hub destination,"oui : le hub couvre frais, documents et delais",inventory/MERGED_URLS.csv
/ru/netherlands-visa-processing-time,/ru/visa-netherlands,301,Lot B : consolidation famille fees/requirements/processing-time dans le hub destination,"oui : le hub couvre frais, documents et delais",inventory/MERGED_URLS.csv
/ru/netherlands-visa-requirements,/ru/visa-netherlands,301,Lot B : consolidation famille fees/requirements/processing-time dans le hub destination,"oui : le hub couvre frais, documents et delais",inventory/MERGED_URLS.csv
/ru/new-zealand-visa-fees,/ru/visa-new-zealand,301,Lot B : consolidation famille fees/requirements/processing-time dans le hub destination,"oui : le hub couvre frais, documents et delais",inventory/MERGED_URLS.csv
/ru/new-zealand-visa-processing-time,/ru/visa-new-zealand,301,Lot B : consolidation famille fees/requirements/processing-time dans le hub destination,"oui : le hub couvre frais, documents et delais",inventory/MERGED_URLS.csv
/ru/new-zealand-visa-requirements,/ru/visa-new-zealand,301,Lot B : consolidation famille fees/requirements/processing-time dans le hub destination,"oui : le hub couvre frais, documents et delais",inventory/MERGED_URLS.csv
/ru/norway-visa-requirements,/ru/visa-norway,301,Lot B : consolidation famille fees/requirements/processing-time dans le hub destination,"oui : le hub couvre frais, documents et delais",inventory/MERGED_URLS.csv
/ru/philippines-visa-fees,/ru/visa-philippines,301,Lot B : consolidation famille fees/requirements/processing-time dans le hub destination,"oui : le hub couvre frais, documents et delais",inventory/MERGED_URLS.csv
/ru/philippines-visa-processing-time,/ru/visa-philippines,301,Lot B : consolidation famille fees/requirements/processing-time dans le hub destination,"oui : le hub couvre frais, documents et delais",inventory/MERGED_URLS.csv
/ru/philippines-visa-requirements,/ru/visa-philippines,301,Lot B : consolidation famille fees/requirements/processing-time dans le hub destination,"oui : le hub couvre frais, documents et delais",inventory/MERGED_URLS.csv
/ru/poland-visa-fees,/ru/visa-poland,301,Lot B : consolidation famille fees/requirements/processing-time dans le hub destination,"oui : le hub couvre frais, documents et delais",inventory/MERGED_URLS.csv
/ru/poland-visa-processing-time,/ru/visa-poland,301,Lot B : consolidation famille fees/requirements/processing-time dans le hub destination,"oui : le hub couvre frais, documents et delais",inventory/MERGED_URLS.csv
/ru/poland-visa-requirements,/ru/visa-poland,301,Lot B : consolidation famille fees/requirements/processing-time dans le hub destination,"oui : le hub couvre frais, documents et delais",inventory/MERGED_URLS.csv
/ru/portugal-visa-fees,/ru/visa-portugal,301,Lot B : consolidation famille fees/requirements/processing-time dans le hub destination,"oui : le hub couvre frais, documents et delais",inventory/MERGED_URLS.csv
/ru/portugal-visa-processing-time,/ru/visa-portugal,301,Lot B : consolidation famille fees/requirements/processing-time dans le hub destination,"oui : le hub couvre frais, documents et delais",inventory/MERGED_URLS.csv
/ru/portugal-visa-requirements,/ru/visa-portugal,301,Lot B : consolidation famille fees/requirements/processing-time dans le hub destination,"oui : le hub couvre frais, documents et delais",inventory/MERGED_URLS.csv
/ru/qatar-visa-fees,/ru/visa-qatar,301,Lot B : consolidation famille fees/requirements/processing-time dans le hub destination,"oui : le hub couvre frais, documents et delais",inventory/MERGED_URLS.csv
/ru/qatar-visa-processing-time,/ru/visa-qatar,301,Lot B : consolidation famille fees/requirements/processing-time dans le hub destination,"oui : le hub couvre frais, documents et delais",inventory/MERGED_URLS.csv
/ru/qatar-visa-requirements,/ru/visa-qatar,301,Lot B : consolidation famille fees/requirements/processing-time dans le hub destination,"oui : le hub couvre frais, documents et delais",inventory/MERGED_URLS.csv
/ru/romania-visa-fees,/ru/visa-romania,301,Lot B : consolidation famille fees/requirements/processing-time dans le hub destination,"oui : le hub couvre frais, documents et delais",inventory/MERGED_URLS.csv
/ru/romania-visa-requirements,/ru/visa-romania,301,Lot B : consolidation famille fees/requirements/processing-time dans le hub destination,"oui : le hub couvre frais, documents et delais",inventory/MERGED_URLS.csv
/ru/singapore-visa-fees,/ru/visa-singapore,301,Lot B : consolidation famille fees/requirements/processing-time dans le hub destination,"oui : le hub couvre frais, documents et delais",inventory/MERGED_URLS.csv
/ru/singapore-visa-processing-time,/ru/visa-singapore,301,Lot B : consolidation famille fees/requirements/processing-time dans le hub destination,"oui : le hub couvre frais, documents et delais",inventory/MERGED_URLS.csv
/ru/singapore-visa-requirements,/ru/visa-singapore,301,Lot B : consolidation famille fees/requirements/processing-time dans le hub destination,"oui : le hub couvre frais, documents et delais",inventory/MERGED_URLS.csv
/ru/spain-visa-fees,/ru/visa-spain,301,Lot B : consolidation famille fees/requirements/processing-time dans le hub destination,"oui : le hub couvre frais, documents et delais",inventory/MERGED_URLS.csv
/ru/spain-visa-processing-time,/ru/visa-spain,301,Lot B : consolidation famille fees/requirements/processing-time dans le hub destination,"oui : le hub couvre frais, documents et delais",inventory/MERGED_URLS.csv
/ru/spain-visa-requirements,/ru/visa-spain,301,Lot B : consolidation famille fees/requirements/processing-time dans le hub destination,"oui : le hub couvre frais, documents et delais",inventory/MERGED_URLS.csv
/ru/sri-lanka-visa-fees,/ru/visa-sri-lanka,301,Lot B : consolidation famille fees/requirements/processing-time dans le hub destination,"oui : le hub couvre frais, documents et delais",inventory/MERGED_URLS.csv
/ru/sri-lanka-visa-processing-time,/ru/visa-sri-lanka,301,Lot B : consolidation famille fees/requirements/processing-time dans le hub destination,"oui : le hub couvre frais, documents et delais",inventory/MERGED_URLS.csv
/ru/sri-lanka-visa-requirements,/ru/visa-sri-lanka,301,Lot B : consolidation famille fees/requirements/processing-time dans le hub destination,"oui : le hub couvre frais, documents et delais",inventory/MERGED_URLS.csv
/ru/sweden-visa-fees,/ru/visa-sweden,301,Lot B : consolidation famille fees/requirements/processing-time dans le hub destination,"oui : le hub couvre frais, documents et delais",inventory/MERGED_URLS.csv
/ru/sweden-visa-processing-time,/ru/visa-sweden,301,Lot B : consolidation famille fees/requirements/processing-time dans le hub destination,"oui : le hub couvre frais, documents et delais",inventory/MERGED_URLS.csv
/ru/sweden-visa-requirements,/ru/visa-sweden,301,Lot B : consolidation famille fees/requirements/processing-time dans le hub destination,"oui : le hub couvre frais, documents et delais",inventory/MERGED_URLS.csv
/ru/switzerland-visa-fees,/ru/visa-switzerland,301,Lot B : consolidation famille fees/requirements/processing-time dans le hub destination,"oui : le hub couvre frais, documents et delais",inventory/MERGED_URLS.csv
/ru/switzerland-visa-processing-time,/ru/visa-switzerland,301,Lot B : consolidation famille fees/requirements/processing-time dans le hub destination,"oui : le hub couvre frais, documents et delais",inventory/MERGED_URLS.csv
/ru/switzerland-visa-requirements,/ru/visa-switzerland,301,Lot B : consolidation famille fees/requirements/processing-time dans le hub destination,"oui : le hub couvre frais, documents et delais",inventory/MERGED_URLS.csv
/ru/taiwan-visa-fees,/ru/visa-taiwan,301,Lot B : consolidation famille fees/requirements/processing-time dans le hub destination,"oui : le hub couvre frais, documents et delais",inventory/MERGED_URLS.csv
/ru/taiwan-visa-processing-time,/ru/visa-taiwan,301,Lot B : consolidation famille fees/requirements/processing-time dans le hub destination,"oui : le hub couvre frais, documents et delais",inventory/MERGED_URLS.csv
/ru/taiwan-visa-requirements,/ru/visa-taiwan,301,Lot B : consolidation famille fees/requirements/processing-time dans le hub destination,"oui : le hub couvre frais, documents et delais",inventory/MERGED_URLS.csv
/ru/thailand-visa-fees,/ru/visa-thailand,301,Lot B : consolidation famille fees/requirements/processing-time dans le hub destination,"oui : le hub couvre frais, documents et delais",inventory/MERGED_URLS.csv
/ru/thailand-visa-processing-time,/ru/visa-thailand,301,Lot B : consolidation famille fees/requirements/processing-time dans le hub destination,"oui : le hub couvre frais, documents et delais",inventory/MERGED_URLS.csv
/ru/thailand-visa-requirements,/ru/visa-thailand,301,Lot B : consolidation famille fees/requirements/processing-time dans le hub destination,"oui : le hub couvre frais, documents et delais",inventory/MERGED_URLS.csv
/ru/turkey-visa-fees,/ru/visa-turkey,301,Lot B : consolidation famille fees/requirements/processing-time dans le hub destination,"oui : le hub couvre frais, documents et delais",inventory/MERGED_URLS.csv
/ru/turkey-visa-processing-time,/ru/visa-turkey,301,Lot B : consolidation famille fees/requirements/processing-time dans le hub destination,"oui : le hub couvre frais, documents et delais",inventory/MERGED_URLS.csv
/ru/uae-visa-fees,/ru/visa-uae,301,Lot B : consolidation famille fees/requirements/processing-time dans le hub destination,"oui : le hub couvre frais, documents et delais",inventory/MERGED_URLS.csv
/ru/uae-visa-processing-time,/ru/visa-uae,301,Lot B : consolidation famille fees/requirements/processing-time dans le hub destination,"oui : le hub couvre frais, documents et delais",inventory/MERGED_URLS.csv
/ru/uae-visa-requirements,/ru/visa-uae,301,Lot B : consolidation famille fees/requirements/processing-time dans le hub destination,"oui : le hub couvre frais, documents et delais",inventory/MERGED_URLS.csv
/ru/united-kingdom-visa-fees,/ru/visa-united-kingdom,301,Lot B : consolidation famille fees/requirements/processing-time dans le hub destination,"oui : le hub couvre frais, documents et delais",inventory/MERGED_URLS.csv
/ru/united-kingdom-visa-processing-time,/ru/visa-united-kingdom,301,Lot B : consolidation famille fees/requirements/processing-time dans le hub destination,"oui : le hub couvre frais, documents et delais",inventory/MERGED_URLS.csv
/ru/united-kingdom-visa-requirements,/ru/visa-united-kingdom,301,Lot B : consolidation famille fees/requirements/processing-time dans le hub destination,"oui : le hub couvre frais, documents et delais",inventory/MERGED_URLS.csv
/ru/usa-visa-fees,/ru/visa-usa,301,Lot B : consolidation famille fees/requirements/processing-time dans le hub destination,"oui : le hub couvre frais, documents et delais",inventory/MERGED_URLS.csv
/ru/usa-visa-processing-time,/ru/visa-usa,301,Lot B : consolidation famille fees/requirements/processing-time dans le hub destination,"oui : le hub couvre frais, documents et delais",inventory/MERGED_URLS.csv
/ru/usa-visa-requirements,/ru/visa-usa,301,Lot B : consolidation famille fees/requirements/processing-time dans le hub destination,"oui : le hub couvre frais, documents et delais",inventory/MERGED_URLS.csv
/ru/vietnam-visa-fees,/ru/visa-vietnam,301,Lot B : consolidation famille fees/requirements/processing-time dans le hub destination,"oui : le hub couvre frais, documents et delais",inventory/MERGED_URLS.csv
/ru/vietnam-visa-processing-time,/ru/visa-vietnam,301,Lot B : consolidation famille fees/requirements/processing-time dans le hub destination,"oui : le hub couvre frais, documents et delais",inventory/MERGED_URLS.csv
/ru/vietnam-visa-requirements,/ru/visa-vietnam,301,Lot B : consolidation famille fees/requirements/processing-time dans le hub destination,"oui : le hub couvre frais, documents et delais",inventory/MERGED_URLS.csv
/th/argentina-visa-fees,/th/visa-argentina,301,Lot B : consolidation famille fees/requirements/processing-time dans le hub destination,"oui : le hub couvre frais, documents et delais",inventory/MERGED_URLS.csv
/th/argentina-visa-processing-time,/th/visa-argentina,301,Lot B : consolidation famille fees/requirements/processing-time dans le hub destination,"oui : le hub couvre frais, documents et delais",inventory/MERGED_URLS.csv
/th/argentina-visa-requirements,/th/visa-argentina,301,Lot B : consolidation famille fees/requirements/processing-time dans le hub destination,"oui : le hub couvre frais, documents et delais",inventory/MERGED_URLS.csv
/th/australia-visa-fees,/th/visa-australia,301,Lot B : consolidation famille fees/requirements/processing-time dans le hub destination,"oui : le hub couvre frais, documents et delais",inventory/MERGED_URLS.csv
/th/australia-visa-processing-time,/th/visa-australia,301,Lot B : consolidation famille fees/requirements/processing-time dans le hub destination,"oui : le hub couvre frais, documents et delais",inventory/MERGED_URLS.csv
/th/australia-visa-requirements,/th/visa-australia,301,Lot B : consolidation famille fees/requirements/processing-time dans le hub destination,"oui : le hub couvre frais, documents et delais",inventory/MERGED_URLS.csv
/th/austria-visa-fees,/th/visa-austria,301,Lot B : consolidation famille fees/requirements/processing-time dans le hub destination,"oui : le hub couvre frais, documents et delais",inventory/MERGED_URLS.csv
/th/austria-visa-processing-time,/th/visa-austria,301,Lot B : consolidation famille fees/requirements/processing-time dans le hub destination,"oui : le hub couvre frais, documents et delais",inventory/MERGED_URLS.csv
/th/austria-visa-requirements,/th/visa-austria,301,Lot B : consolidation famille fees/requirements/processing-time dans le hub destination,"oui : le hub couvre frais, documents et delais",inventory/MERGED_URLS.csv
/th/belgium-visa-fees,/th/visa-belgium,301,Lot B : consolidation famille fees/requirements/processing-time dans le hub destination,"oui : le hub couvre frais, documents et delais",inventory/MERGED_URLS.csv
/th/belgium-visa-requirements,/th/visa-belgium,301,Lot B : consolidation famille fees/requirements/processing-time dans le hub destination,"oui : le hub couvre frais, documents et delais",inventory/MERGED_URLS.csv
/th/bermuda-visa-requirements,/th/visa-bermuda,301,Lot B : consolidation famille fees/requirements/processing-time dans le hub destination,"oui : le hub couvre frais, documents et delais",inventory/MERGED_URLS.csv
/th/brazil-visa-fees,/th/visa-brazil,301,Lot B : consolidation famille fees/requirements/processing-time dans le hub destination,"oui : le hub couvre frais, documents et delais",inventory/MERGED_URLS.csv
/th/brazil-visa-processing-time,/th/visa-brazil,301,Lot B : consolidation famille fees/requirements/processing-time dans le hub destination,"oui : le hub couvre frais, documents et delais",inventory/MERGED_URLS.csv
/th/brazil-visa-requirements,/th/visa-brazil,301,Lot B : consolidation famille fees/requirements/processing-time dans le hub destination,"oui : le hub couvre frais, documents et delais",inventory/MERGED_URLS.csv
/th/cambodia-visa-fees,/th/visa-cambodia,301,Lot B : consolidation famille fees/requirements/processing-time dans le hub destination,"oui : le hub couvre frais, documents et delais",inventory/MERGED_URLS.csv
/th/cambodia-visa-processing-time,/th/visa-cambodia,301,Lot B : consolidation famille fees/requirements/processing-time dans le hub destination,"oui : le hub couvre frais, documents et delais",inventory/MERGED_URLS.csv
/th/cambodia-visa-requirements,/th/visa-cambodia,301,Lot B : consolidation famille fees/requirements/processing-time dans le hub destination,"oui : le hub couvre frais, documents et delais",inventory/MERGED_URLS.csv
/th/canada-visa-fees,/th/visa-canada,301,Lot B : consolidation famille fees/requirements/processing-time dans le hub destination,"oui : le hub couvre frais, documents et delais",inventory/MERGED_URLS.csv
/th/canada-visa-requirements,/th/visa-canada,301,Lot B : consolidation famille fees/requirements/processing-time dans le hub destination,"oui : le hub couvre frais, documents et delais",inventory/MERGED_URLS.csv
/th/china-visa-fees,/th/visa-china,301,Lot B : consolidation famille fees/requirements/processing-time dans le hub destination,"oui : le hub couvre frais, documents et delais",inventory/MERGED_URLS.csv
/th/china-visa-processing-time,/th/visa-china,301,Lot B : consolidation famille fees/requirements/processing-time dans le hub destination,"oui : le hub couvre frais, documents et delais",inventory/MERGED_URLS.csv
/th/china-visa-requirements,/th/visa-china,301,Lot B : consolidation famille fees/requirements/processing-time dans le hub destination,"oui : le hub couvre frais, documents et delais",inventory/MERGED_URLS.csv
/th/colombia-visa-requirements,/th/visa-colombia,301,Lot B : consolidation famille fees/requirements/processing-time dans le hub destination,"oui : le hub couvre frais, documents et delais",inventory/MERGED_URLS.csv
/th/costa-rica-visa-fees,/th/visa-costa-rica,301,Lot B : consolidation famille fees/requirements/processing-time dans le hub destination,"oui : le hub couvre frais, documents et delais",inventory/MERGED_URLS.csv
/th/costa-rica-visa-processing-time,/th/visa-costa-rica,301,Lot B : consolidation famille fees/requirements/processing-time dans le hub destination,"oui : le hub couvre frais, documents et delais",inventory/MERGED_URLS.csv
/th/costa-rica-visa-requirements,/th/visa-costa-rica,301,Lot B : consolidation famille fees/requirements/processing-time dans le hub destination,"oui : le hub couvre frais, documents et delais",inventory/MERGED_URLS.csv
/th/croatia-visa-fees,/th/visa-croatia,301,Lot B : consolidation famille fees/requirements/processing-time dans le hub destination,"oui : le hub couvre frais, documents et delais",inventory/MERGED_URLS.csv
/th/croatia-visa-processing-time,/th/visa-croatia,301,Lot B : consolidation famille fees/requirements/processing-time dans le hub destination,"oui : le hub couvre frais, documents et delais",inventory/MERGED_URLS.csv
/th/croatia-visa-requirements,/th/visa-croatia,301,Lot B : consolidation famille fees/requirements/processing-time dans le hub destination,"oui : le hub couvre frais, documents et delais",inventory/MERGED_URLS.csv
/th/czech-republic-visa-fees,/th/visa-czech-republic,301,Lot B : consolidation famille fees/requirements/processing-time dans le hub destination,"oui : le hub couvre frais, documents et delais",inventory/MERGED_URLS.csv
/th/czech-republic-visa-processing-time,/th/visa-czech-republic,301,Lot B : consolidation famille fees/requirements/processing-time dans le hub destination,"oui : le hub couvre frais, documents et delais",inventory/MERGED_URLS.csv
/th/czech-republic-visa-requirements,/th/visa-czech-republic,301,Lot B : consolidation famille fees/requirements/processing-time dans le hub destination,"oui : le hub couvre frais, documents et delais",inventory/MERGED_URLS.csv
/th/denmark-visa-fees,/th/visa-denmark,301,Lot B : consolidation famille fees/requirements/processing-time dans le hub destination,"oui : le hub couvre frais, documents et delais",inventory/MERGED_URLS.csv
/th/denmark-visa-processing-time,/th/visa-denmark,301,Lot B : consolidation famille fees/requirements/processing-time dans le hub destination,"oui : le hub couvre frais, documents et delais",inventory/MERGED_URLS.csv
/th/denmark-visa-requirements,/th/visa-denmark,301,Lot B : consolidation famille fees/requirements/processing-time dans le hub destination,"oui : le hub couvre frais, documents et delais",inventory/MERGED_URLS.csv
/th/france-visa-fees,/th/visa-france,301,Lot B : consolidation famille fees/requirements/processing-time dans le hub destination,"oui : le hub couvre frais, documents et delais",inventory/MERGED_URLS.csv
/th/france-visa-processing-time,/th/visa-france,301,Lot B : consolidation famille fees/requirements/processing-time dans le hub destination,"oui : le hub couvre frais, documents et delais",inventory/MERGED_URLS.csv
/th/france-visa-requirements,/th/visa-france,301,Lot B : consolidation famille fees/requirements/processing-time dans le hub destination,"oui : le hub couvre frais, documents et delais",inventory/MERGED_URLS.csv
/th/germany-visa-fees,/th/visa-germany,301,Lot B : consolidation famille fees/requirements/processing-time dans le hub destination,"oui : le hub couvre frais, documents et delais",inventory/MERGED_URLS.csv
/th/germany-visa-processing-time,/th/visa-germany,301,Lot B : consolidation famille fees/requirements/processing-time dans le hub destination,"oui : le hub couvre frais, documents et delais",inventory/MERGED_URLS.csv
/th/germany-visa-requirements,/th/visa-germany,301,Lot B : consolidation famille fees/requirements/processing-time dans le hub destination,"oui : le hub couvre frais, documents et delais",inventory/MERGED_URLS.csv
/th/greece-visa-fees,/th/visa-greece,301,Lot B : consolidation famille fees/requirements/processing-time dans le hub destination,"oui : le hub couvre frais, documents et delais",inventory/MERGED_URLS.csv
/th/greece-visa-requirements,/th/visa-greece,301,Lot B : consolidation famille fees/requirements/processing-time dans le hub destination,"oui : le hub couvre frais, documents et delais",inventory/MERGED_URLS.csv
/th/hong-kong-visa-fees,/th/visa-hong-kong,301,Lot B : consolidation famille fees/requirements/processing-time dans le hub destination,"oui : le hub couvre frais, documents et delais",inventory/MERGED_URLS.csv
/th/hong-kong-visa-processing-time,/th/visa-hong-kong,301,Lot B : consolidation famille fees/requirements/processing-time dans le hub destination,"oui : le hub couvre frais, documents et delais",inventory/MERGED_URLS.csv
/th/hong-kong-visa-requirements,/th/visa-hong-kong,301,Lot B : consolidation famille fees/requirements/processing-time dans le hub destination,"oui : le hub couvre frais, documents et delais",inventory/MERGED_URLS.csv
/th/hungary-visa-processing-time,/th/visa-hungary,301,Lot B : consolidation famille fees/requirements/processing-time dans le hub destination,"oui : le hub couvre frais, documents et delais",inventory/MERGED_URLS.csv
/th/hungary-visa-requirements,/th/visa-hungary,301,Lot B : consolidation famille fees/requirements/processing-time dans le hub destination,"oui : le hub couvre frais, documents et delais",inventory/MERGED_URLS.csv
/th/india-visa-fees,/th/visa-india,301,Lot B : consolidation famille fees/requirements/processing-time dans le hub destination,"oui : le hub couvre frais, documents et delais",inventory/MERGED_URLS.csv
/th/india-visa-processing-time,/th/visa-india,301,Lot B : consolidation famille fees/requirements/processing-time dans le hub destination,"oui : le hub couvre frais, documents et delais",inventory/MERGED_URLS.csv
/th/indonesia-visa-fees,/th/visa-indonesia,301,Lot B : consolidation famille fees/requirements/processing-time dans le hub destination,"oui : le hub couvre frais, documents et delais",inventory/MERGED_URLS.csv
/th/indonesia-visa-processing-time,/th/visa-indonesia,301,Lot B : consolidation famille fees/requirements/processing-time dans le hub destination,"oui : le hub couvre frais, documents et delais",inventory/MERGED_URLS.csv
/th/indonesia-visa-requirements,/th/visa-indonesia,301,Lot B : consolidation famille fees/requirements/processing-time dans le hub destination,"oui : le hub couvre frais, documents et delais",inventory/MERGED_URLS.csv
/th/ireland-visa-fees,/th/visa-ireland,301,Lot B : consolidation famille fees/requirements/processing-time dans le hub destination,"oui : le hub couvre frais, documents et delais",inventory/MERGED_URLS.csv
/th/ireland-visa-processing-time,/th/visa-ireland,301,Lot B : consolidation famille fees/requirements/processing-time dans le hub destination,"oui : le hub couvre frais, documents et delais",inventory/MERGED_URLS.csv
/th/ireland-visa-requirements,/th/visa-ireland,301,Lot B : consolidation famille fees/requirements/processing-time dans le hub destination,"oui : le hub couvre frais, documents et delais",inventory/MERGED_URLS.csv
/th/italy-visa-fees,/th/visa-italy,301,Lot B : consolidation famille fees/requirements/processing-time dans le hub destination,"oui : le hub couvre frais, documents et delais",inventory/MERGED_URLS.csv
/th/italy-visa-processing-time,/th/visa-italy,301,Lot B : consolidation famille fees/requirements/processing-time dans le hub destination,"oui : le hub couvre frais, documents et delais",inventory/MERGED_URLS.csv
/th/japan-visa-fees,/th/visa-japan,301,Lot B : consolidation famille fees/requirements/processing-time dans le hub destination,"oui : le hub couvre frais, documents et delais",inventory/MERGED_URLS.csv
/th/japan-visa-processing-time,/th/visa-japan,301,Lot B : consolidation famille fees/requirements/processing-time dans le hub destination,"oui : le hub couvre frais, documents et delais",inventory/MERGED_URLS.csv
/th/japan-visa-requirements,/th/visa-japan,301,Lot B : consolidation famille fees/requirements/processing-time dans le hub destination,"oui : le hub couvre frais, documents et delais",inventory/MERGED_URLS.csv
/th/jordan-visa-requirements,/th/visa-jordan,301,Lot B : consolidation famille fees/requirements/processing-time dans le hub destination,"oui : le hub couvre frais, documents et delais",inventory/MERGED_URLS.csv
/th/laos-visa-requirements,/th/visa-laos,301,Lot B : consolidation famille fees/requirements/processing-time dans le hub destination,"oui : le hub couvre frais, documents et delais",inventory/MERGED_URLS.csv
/th/macau-visa-requirements,/th/visa-macau,301,Lot B : consolidation famille fees/requirements/processing-time dans le hub destination,"oui : le hub couvre frais, documents et delais",inventory/MERGED_URLS.csv
/th/malaysia-visa-fees,/th/visa-malaysia,301,Lot B : consolidation famille fees/requirements/processing-time dans le hub destination,"oui : le hub couvre frais, documents et delais",inventory/MERGED_URLS.csv
/th/malaysia-visa-processing-time,/th/visa-malaysia,301,Lot B : consolidation famille fees/requirements/processing-time dans le hub destination,"oui : le hub couvre frais, documents et delais",inventory/MERGED_URLS.csv
/th/malaysia-visa-requirements,/th/visa-malaysia,301,Lot B : consolidation famille fees/requirements/processing-time dans le hub destination,"oui : le hub couvre frais, documents et delais",inventory/MERGED_URLS.csv
/th/maldives-visa-fees,/th/visa-maldives,301,Lot B : consolidation famille fees/requirements/processing-time dans le hub destination,"oui : le hub couvre frais, documents et delais",inventory/MERGED_URLS.csv
/th/maldives-visa-processing-time,/th/visa-maldives,301,Lot B : consolidation famille fees/requirements/processing-time dans le hub destination,"oui : le hub couvre frais, documents et delais",inventory/MERGED_URLS.csv
/th/maldives-visa-requirements,/th/visa-maldives,301,Lot B : consolidation famille fees/requirements/processing-time dans le hub destination,"oui : le hub couvre frais, documents et delais",inventory/MERGED_URLS.csv
/th/mexico-visa-fees,/th/visa-mexico,301,Lot B : consolidation famille fees/requirements/processing-time dans le hub destination,"oui : le hub couvre frais, documents et delais",inventory/MERGED_URLS.csv
/th/mexico-visa-processing-time,/th/visa-mexico,301,Lot B : consolidation famille fees/requirements/processing-time dans le hub destination,"oui : le hub couvre frais, documents et delais",inventory/MERGED_URLS.csv
/th/mexico-visa-requirements,/th/visa-mexico,301,Lot B : consolidation famille fees/requirements/processing-time dans le hub destination,"oui : le hub couvre frais, documents et delais",inventory/MERGED_URLS.csv
/th/nepal-visa-fees,/th/visa-nepal,301,Lot B : consolidation famille fees/requirements/processing-time dans le hub destination,"oui : le hub couvre frais, documents et delais",inventory/MERGED_URLS.csv
/th/nepal-visa-processing-time,/th/visa-nepal,301,Lot B : consolidation famille fees/requirements/processing-time dans le hub destination,"oui : le hub couvre frais, documents et delais",inventory/MERGED_URLS.csv
/th/nepal-visa-requirements,/th/visa-nepal,301,Lot B : consolidation famille fees/requirements/processing-time dans le hub destination,"oui : le hub couvre frais, documents et delais",inventory/MERGED_URLS.csv
/th/netherlands-visa-fees,/th/visa-netherlands,301,Lot B : consolidation famille fees/requirements/processing-time dans le hub destination,"oui : le hub couvre frais, documents et delais",inventory/MERGED_URLS.csv
/th/netherlands-visa-processing-time,/th/visa-netherlands,301,Lot B : consolidation famille fees/requirements/processing-time dans le hub destination,"oui : le hub couvre frais, documents et delais",inventory/MERGED_URLS.csv
/th/netherlands-visa-requirements,/th/visa-netherlands,301,Lot B : consolidation famille fees/requirements/processing-time dans le hub destination,"oui : le hub couvre frais, documents et delais",inventory/MERGED_URLS.csv
/th/new-zealand-visa-fees,/th/visa-new-zealand,301,Lot B : consolidation famille fees/requirements/processing-time dans le hub destination,"oui : le hub couvre frais, documents et delais",inventory/MERGED_URLS.csv
/th/new-zealand-visa-processing-time,/th/visa-new-zealand,301,Lot B : consolidation famille fees/requirements/processing-time dans le hub destination,"oui : le hub couvre frais, documents et delais",inventory/MERGED_URLS.csv
/th/new-zealand-visa-requirements,/th/visa-new-zealand,301,Lot B : consolidation famille fees/requirements/processing-time dans le hub destination,"oui : le hub couvre frais, documents et delais",inventory/MERGED_URLS.csv
/th/norway-visa-fees,/th/visa-norway,301,Lot B : consolidation famille fees/requirements/processing-time dans le hub destination,"oui : le hub couvre frais, documents et delais",inventory/MERGED_URLS.csv
/th/norway-visa-processing-time,/th/visa-norway,301,Lot B : consolidation famille fees/requirements/processing-time dans le hub destination,"oui : le hub couvre frais, documents et delais",inventory/MERGED_URLS.csv
/th/norway-visa-requirements,/th/visa-norway,301,Lot B : consolidation famille fees/requirements/processing-time dans le hub destination,"oui : le hub couvre frais, documents et delais",inventory/MERGED_URLS.csv
/th/philippines-visa-fees,/th/visa-philippines,301,Lot B : consolidation famille fees/requirements/processing-time dans le hub destination,"oui : le hub couvre frais, documents et delais",inventory/MERGED_URLS.csv
/th/philippines-visa-processing-time,/th/visa-philippines,301,Lot B : consolidation famille fees/requirements/processing-time dans le hub destination,"oui : le hub couvre frais, documents et delais",inventory/MERGED_URLS.csv
/th/philippines-visa-requirements,/th/visa-philippines,301,Lot B : consolidation famille fees/requirements/processing-time dans le hub destination,"oui : le hub couvre frais, documents et delais",inventory/MERGED_URLS.csv
/th/poland-visa-fees,/th/visa-poland,301,Lot B : consolidation famille fees/requirements/processing-time dans le hub destination,"oui : le hub couvre frais, documents et delais",inventory/MERGED_URLS.csv
/th/poland-visa-processing-time,/th/visa-poland,301,Lot B : consolidation famille fees/requirements/processing-time dans le hub destination,"oui : le hub couvre frais, documents et delais",inventory/MERGED_URLS.csv
/th/poland-visa-requirements,/th/visa-poland,301,Lot B : consolidation famille fees/requirements/processing-time dans le hub destination,"oui : le hub couvre frais, documents et delais",inventory/MERGED_URLS.csv
/th/portugal-visa-fees,/th/visa-portugal,301,Lot B : consolidation famille fees/requirements/processing-time dans le hub destination,"oui : le hub couvre frais, documents et delais",inventory/MERGED_URLS.csv
/th/portugal-visa-processing-time,/th/visa-portugal,301,Lot B : consolidation famille fees/requirements/processing-time dans le hub destination,"oui : le hub couvre frais, documents et delais",inventory/MERGED_URLS.csv
/th/portugal-visa-requirements,/th/visa-portugal,301,Lot B : consolidation famille fees/requirements/processing-time dans le hub destination,"oui : le hub couvre frais, documents et delais",inventory/MERGED_URLS.csv
/th/qatar-visa-fees,/th/visa-qatar,301,Lot B : consolidation famille fees/requirements/processing-time dans le hub destination,"oui : le hub couvre frais, documents et delais",inventory/MERGED_URLS.csv
/th/qatar-visa-processing-time,/th/visa-qatar,301,Lot B : consolidation famille fees/requirements/processing-time dans le hub destination,"oui : le hub couvre frais, documents et delais",inventory/MERGED_URLS.csv
/th/qatar-visa-requirements,/th/visa-qatar,301,Lot B : consolidation famille fees/requirements/processing-time dans le hub destination,"oui : le hub couvre frais, documents et delais",inventory/MERGED_URLS.csv
/th/romania-visa-fees,/th/visa-romania,301,Lot B : consolidation famille fees/requirements/processing-time dans le hub destination,"oui : le hub couvre frais, documents et delais",inventory/MERGED_URLS.csv
/th/romania-visa-processing-time,/th/visa-romania,301,Lot B : consolidation famille fees/requirements/processing-time dans le hub destination,"oui : le hub couvre frais, documents et delais",inventory/MERGED_URLS.csv
/th/romania-visa-requirements,/th/visa-romania,301,Lot B : consolidation famille fees/requirements/processing-time dans le hub destination,"oui : le hub couvre frais, documents et delais",inventory/MERGED_URLS.csv
/th/singapore-visa-fees,/th/visa-singapore,301,Lot B : consolidation famille fees/requirements/processing-time dans le hub destination,"oui : le hub couvre frais, documents et delais",inventory/MERGED_URLS.csv
/th/singapore-visa-processing-time,/th/visa-singapore,301,Lot B : consolidation famille fees/requirements/processing-time dans le hub destination,"oui : le hub couvre frais, documents et delais",inventory/MERGED_URLS.csv
/th/singapore-visa-requirements,/th/visa-singapore,301,Lot B : consolidation famille fees/requirements/processing-time dans le hub destination,"oui : le hub couvre frais, documents et delais",inventory/MERGED_URLS.csv
/th/spain-visa-fees,/th/visa-spain,301,Lot B : consolidation famille fees/requirements/processing-time dans le hub destination,"oui : le hub couvre frais, documents et delais",inventory/MERGED_URLS.csv
/th/spain-visa-processing-time,/th/visa-spain,301,Lot B : consolidation famille fees/requirements/processing-time dans le hub destination,"oui : le hub couvre frais, documents et delais",inventory/MERGED_URLS.csv
/th/spain-visa-requirements,/th/visa-spain,301,Lot B : consolidation famille fees/requirements/processing-time dans le hub destination,"oui : le hub couvre frais, documents et delais",inventory/MERGED_URLS.csv
/th/sri-lanka-visa-fees,/th/visa-sri-lanka,301,Lot B : consolidation famille fees/requirements/processing-time dans le hub destination,"oui : le hub couvre frais, documents et delais",inventory/MERGED_URLS.csv
/th/sri-lanka-visa-processing-time,/th/visa-sri-lanka,301,Lot B : consolidation famille fees/requirements/processing-time dans le hub destination,"oui : le hub couvre frais, documents et delais",inventory/MERGED_URLS.csv
/th/sri-lanka-visa-requirements,/th/visa-sri-lanka,301,Lot B : consolidation famille fees/requirements/processing-time dans le hub destination,"oui : le hub couvre frais, documents et delais",inventory/MERGED_URLS.csv
/th/sweden-visa-fees,/th/visa-sweden,301,Lot B : consolidation famille fees/requirements/processing-time dans le hub destination,"oui : le hub couvre frais, documents et delais",inventory/MERGED_URLS.csv
/th/sweden-visa-processing-time,/th/visa-sweden,301,Lot B : consolidation famille fees/requirements/processing-time dans le hub destination,"oui : le hub couvre frais, documents et delais",inventory/MERGED_URLS.csv
/th/sweden-visa-requirements,/th/visa-sweden,301,Lot B : consolidation famille fees/requirements/processing-time dans le hub destination,"oui : le hub couvre frais, documents et delais",inventory/MERGED_URLS.csv
/th/switzerland-visa-fees,/th/visa-switzerland,301,Lot B : consolidation famille fees/requirements/processing-time dans le hub destination,"oui : le hub couvre frais, documents et delais",inventory/MERGED_URLS.csv
/th/switzerland-visa-processing-time,/th/visa-switzerland,301,Lot B : consolidation famille fees/requirements/processing-time dans le hub destination,"oui : le hub couvre frais, documents et delais",inventory/MERGED_URLS.csv
/th/switzerland-visa-requirements,/th/visa-switzerland,301,Lot B : consolidation famille fees/requirements/processing-time dans le hub destination,"oui : le hub couvre frais, documents et delais",inventory/MERGED_URLS.csv
/th/taiwan-visa-fees,/th/visa-taiwan,301,Lot B : consolidation famille fees/requirements/processing-time dans le hub destination,"oui : le hub couvre frais, documents et delais",inventory/MERGED_URLS.csv
/th/taiwan-visa-processing-time,/th/visa-taiwan,301,Lot B : consolidation famille fees/requirements/processing-time dans le hub destination,"oui : le hub couvre frais, documents et delais",inventory/MERGED_URLS.csv
/th/taiwan-visa-requirements,/th/visa-taiwan,301,Lot B : consolidation famille fees/requirements/processing-time dans le hub destination,"oui : le hub couvre frais, documents et delais",inventory/MERGED_URLS.csv
/th/thailand-visa-fees,/th/visa-thailand,301,Lot B : consolidation famille fees/requirements/processing-time dans le hub destination,"oui : le hub couvre frais, documents et delais",inventory/MERGED_URLS.csv
/th/thailand-visa-processing-time,/th/visa-thailand,301,Lot B : consolidation famille fees/requirements/processing-time dans le hub destination,"oui : le hub couvre frais, documents et delais",inventory/MERGED_URLS.csv
/th/thailand-visa-requirements,/th/visa-thailand,301,Lot B : consolidation famille fees/requirements/processing-time dans le hub destination,"oui : le hub couvre frais, documents et delais",inventory/MERGED_URLS.csv
/th/turkey-visa-fees,/th/visa-turkey,301,Lot B : consolidation famille fees/requirements/processing-time dans le hub destination,"oui : le hub couvre frais, documents et delais",inventory/MERGED_URLS.csv
/th/turkey-visa-processing-time,/th/visa-turkey,301,Lot B : consolidation famille fees/requirements/processing-time dans le hub destination,"oui : le hub couvre frais, documents et delais",inventory/MERGED_URLS.csv
/th/turkey-visa-requirements,/th/visa-turkey,301,Lot B : consolidation famille fees/requirements/processing-time dans le hub destination,"oui : le hub couvre frais, documents et delais",inventory/MERGED_URLS.csv
/th/uae-visa-fees,/th/visa-uae,301,Lot B : consolidation famille fees/requirements/processing-time dans le hub destination,"oui : le hub couvre frais, documents et delais",inventory/MERGED_URLS.csv
/th/uae-visa-processing-time,/th/visa-uae,301,Lot B : consolidation famille fees/requirements/processing-time dans le hub destination,"oui : le hub couvre frais, documents et delais",inventory/MERGED_URLS.csv
/th/uae-visa-requirements,/th/visa-uae,301,Lot B : consolidation famille fees/requirements/processing-time dans le hub destination,"oui : le hub couvre frais, documents et delais",inventory/MERGED_URLS.csv
/th/united-kingdom-visa-fees,/th/visa-united-kingdom,301,Lot B : consolidation famille fees/requirements/processing-time dans le hub destination,"oui : le hub couvre frais, documents et delais",inventory/MERGED_URLS.csv
/th/united-kingdom-visa-processing-time,/th/visa-united-kingdom,301,Lot B : consolidation famille fees/requirements/processing-time dans le hub destination,"oui : le hub couvre frais, documents et delais",inventory/MERGED_URLS.csv
/th/united-kingdom-visa-requirements,/th/visa-united-kingdom,301,Lot B : consolidation famille fees/requirements/processing-time dans le hub destination,"oui : le hub couvre frais, documents et delais",inventory/MERGED_URLS.csv
/th/usa-visa-fees,/th/visa-usa,301,Lot B : consolidation famille fees/requirements/processing-time dans le hub destination,"oui : le hub couvre frais, documents et delais",inventory/MERGED_URLS.csv
/th/usa-visa-processing-time,/th/visa-usa,301,Lot B : consolidation famille fees/requirements/processing-time dans le hub destination,"oui : le hub couvre frais, documents et delais",inventory/MERGED_URLS.csv
/th/usa-visa-requirements,/th/visa-usa,301,Lot B : consolidation famille fees/requirements/processing-time dans le hub destination,"oui : le hub couvre frais, documents et delais",inventory/MERGED_URLS.csv
/th/vietnam-visa-processing-time,/th/visa-vietnam,301,Lot B : consolidation famille fees/requirements/processing-time dans le hub destination,"oui : le hub couvre frais, documents et delais",inventory/MERGED_URLS.csv
/th/vietnam-visa-requirements,/th/visa-vietnam,301,Lot B : consolidation famille fees/requirements/processing-time dans le hub destination,"oui : le hub couvre frais, documents et delais",inventory/MERGED_URLS.csv
/zh/argentina-visa-fees,/zh/visa-argentina,301,Lot B : consolidation famille fees/requirements/processing-time dans le hub destination,"oui : le hub couvre frais, documents et delais",inventory/MERGED_URLS.csv
/zh/argentina-visa-processing-time,/zh/visa-argentina,301,Lot B : consolidation famille fees/requirements/processing-time dans le hub destination,"oui : le hub couvre frais, documents et delais",inventory/MERGED_URLS.csv
/zh/argentina-visa-requirements,/zh/visa-argentina,301,Lot B : consolidation famille fees/requirements/processing-time dans le hub destination,"oui : le hub couvre frais, documents et delais",inventory/MERGED_URLS.csv
/zh/australia-visa-fees,/zh/visa-australia,301,Lot B : consolidation famille fees/requirements/processing-time dans le hub destination,"oui : le hub couvre frais, documents et delais",inventory/MERGED_URLS.csv
/zh/australia-visa-processing-time,/zh/visa-australia,301,Lot B : consolidation famille fees/requirements/processing-time dans le hub destination,"oui : le hub couvre frais, documents et delais",inventory/MERGED_URLS.csv
/zh/australia-visa-requirements,/zh/visa-australia,301,Lot B : consolidation famille fees/requirements/processing-time dans le hub destination,"oui : le hub couvre frais, documents et delais",inventory/MERGED_URLS.csv
/zh/austria-visa-fees,/zh/visa-austria,301,Lot B : consolidation famille fees/requirements/processing-time dans le hub destination,"oui : le hub couvre frais, documents et delais",inventory/MERGED_URLS.csv
/zh/austria-visa-processing-time,/zh/visa-austria,301,Lot B : consolidation famille fees/requirements/processing-time dans le hub destination,"oui : le hub couvre frais, documents et delais",inventory/MERGED_URLS.csv
/zh/austria-visa-requirements,/zh/visa-austria,301,Lot B : consolidation famille fees/requirements/processing-time dans le hub destination,"oui : le hub couvre frais, documents et delais",inventory/MERGED_URLS.csv
/zh/belgium-visa-requirements,/zh/visa-belgium,301,Lot B : consolidation famille fees/requirements/processing-time dans le hub destination,"oui : le hub couvre frais, documents et delais",inventory/MERGED_URLS.csv
/zh/bermuda-visa-requirements,/zh/visa-bermuda,301,Lot B : consolidation famille fees/requirements/processing-time dans le hub destination,"oui : le hub couvre frais, documents et delais",inventory/MERGED_URLS.csv
/zh/brazil-visa-fees,/zh/visa-brazil,301,Lot B : consolidation famille fees/requirements/processing-time dans le hub destination,"oui : le hub couvre frais, documents et delais",inventory/MERGED_URLS.csv
/zh/brazil-visa-processing-time,/zh/visa-brazil,301,Lot B : consolidation famille fees/requirements/processing-time dans le hub destination,"oui : le hub couvre frais, documents et delais",inventory/MERGED_URLS.csv
/zh/brazil-visa-requirements,/zh/visa-brazil,301,Lot B : consolidation famille fees/requirements/processing-time dans le hub destination,"oui : le hub couvre frais, documents et delais",inventory/MERGED_URLS.csv
/zh/cambodia-visa-fees,/zh/visa-cambodia,301,Lot B : consolidation famille fees/requirements/processing-time dans le hub destination,"oui : le hub couvre frais, documents et delais",inventory/MERGED_URLS.csv
/zh/cambodia-visa-processing-time,/zh/visa-cambodia,301,Lot B : consolidation famille fees/requirements/processing-time dans le hub destination,"oui : le hub couvre frais, documents et delais",inventory/MERGED_URLS.csv
/zh/canada-visa-fees,/zh/visa-canada,301,Lot B : consolidation famille fees/requirements/processing-time dans le hub destination,"oui : le hub couvre frais, documents et delais",inventory/MERGED_URLS.csv
/zh/canada-visa-requirements,/zh/visa-canada,301,Lot B : consolidation famille fees/requirements/processing-time dans le hub destination,"oui : le hub couvre frais, documents et delais",inventory/MERGED_URLS.csv
/zh/china-visa-fees,/zh/visa-china,301,Lot B : consolidation famille fees/requirements/processing-time dans le hub destination,"oui : le hub couvre frais, documents et delais",inventory/MERGED_URLS.csv
/zh/china-visa-processing-time,/zh/visa-china,301,Lot B : consolidation famille fees/requirements/processing-time dans le hub destination,"oui : le hub couvre frais, documents et delais",inventory/MERGED_URLS.csv
/zh/china-visa-requirements,/zh/visa-china,301,Lot B : consolidation famille fees/requirements/processing-time dans le hub destination,"oui : le hub couvre frais, documents et delais",inventory/MERGED_URLS.csv
/zh/colombia-visa-fees,/zh/visa-colombia,301,Lot B : consolidation famille fees/requirements/processing-time dans le hub destination,"oui : le hub couvre frais, documents et delais",inventory/MERGED_URLS.csv
/zh/colombia-visa-processing-time,/zh/visa-colombia,301,Lot B : consolidation famille fees/requirements/processing-time dans le hub destination,"oui : le hub couvre frais, documents et delais",inventory/MERGED_URLS.csv
/zh/colombia-visa-requirements,/zh/visa-colombia,301,Lot B : consolidation famille fees/requirements/processing-time dans le hub destination,"oui : le hub couvre frais, documents et delais",inventory/MERGED_URLS.csv
/zh/costa-rica-visa-fees,/zh/visa-costa-rica,301,Lot B : consolidation famille fees/requirements/processing-time dans le hub destination,"oui : le hub couvre frais, documents et delais",inventory/MERGED_URLS.csv
/zh/costa-rica-visa-processing-time,/zh/visa-costa-rica,301,Lot B : consolidation famille fees/requirements/processing-time dans le hub destination,"oui : le hub couvre frais, documents et delais",inventory/MERGED_URLS.csv
/zh/costa-rica-visa-requirements,/zh/visa-costa-rica,301,Lot B : consolidation famille fees/requirements/processing-time dans le hub destination,"oui : le hub couvre frais, documents et delais",inventory/MERGED_URLS.csv
/zh/croatia-visa-fees,/zh/visa-croatia,301,Lot B : consolidation famille fees/requirements/processing-time dans le hub destination,"oui : le hub couvre frais, documents et delais",inventory/MERGED_URLS.csv
/zh/croatia-visa-processing-time,/zh/visa-croatia,301,Lot B : consolidation famille fees/requirements/processing-time dans le hub destination,"oui : le hub couvre frais, documents et delais",inventory/MERGED_URLS.csv
/zh/croatia-visa-requirements,/zh/visa-croatia,301,Lot B : consolidation famille fees/requirements/processing-time dans le hub destination,"oui : le hub couvre frais, documents et delais",inventory/MERGED_URLS.csv
/zh/czech-republic-visa-fees,/zh/visa-czech-republic,301,Lot B : consolidation famille fees/requirements/processing-time dans le hub destination,"oui : le hub couvre frais, documents et delais",inventory/MERGED_URLS.csv
/zh/czech-republic-visa-processing-time,/zh/visa-czech-republic,301,Lot B : consolidation famille fees/requirements/processing-time dans le hub destination,"oui : le hub couvre frais, documents et delais",inventory/MERGED_URLS.csv
/zh/czech-republic-visa-requirements,/zh/visa-czech-republic,301,Lot B : consolidation famille fees/requirements/processing-time dans le hub destination,"oui : le hub couvre frais, documents et delais",inventory/MERGED_URLS.csv
/zh/denmark-visa-fees,/zh/visa-denmark,301,Lot B : consolidation famille fees/requirements/processing-time dans le hub destination,"oui : le hub couvre frais, documents et delais",inventory/MERGED_URLS.csv
/zh/denmark-visa-processing-time,/zh/visa-denmark,301,Lot B : consolidation famille fees/requirements/processing-time dans le hub destination,"oui : le hub couvre frais, documents et delais",inventory/MERGED_URLS.csv
/zh/denmark-visa-requirements,/zh/visa-denmark,301,Lot B : consolidation famille fees/requirements/processing-time dans le hub destination,"oui : le hub couvre frais, documents et delais",inventory/MERGED_URLS.csv
/zh/france-visa-fees,/zh/visa-france,301,Lot B : consolidation famille fees/requirements/processing-time dans le hub destination,"oui : le hub couvre frais, documents et delais",inventory/MERGED_URLS.csv
/zh/france-visa-processing-time,/zh/visa-france,301,Lot B : consolidation famille fees/requirements/processing-time dans le hub destination,"oui : le hub couvre frais, documents et delais",inventory/MERGED_URLS.csv
/zh/france-visa-requirements,/zh/visa-france,301,Lot B : consolidation famille fees/requirements/processing-time dans le hub destination,"oui : le hub couvre frais, documents et delais",inventory/MERGED_URLS.csv
/zh/germany-visa-processing-time,/zh/visa-germany,301,Lot B : consolidation famille fees/requirements/processing-time dans le hub destination,"oui : le hub couvre frais, documents et delais",inventory/MERGED_URLS.csv
/zh/germany-visa-requirements,/zh/visa-germany,301,Lot B : consolidation famille fees/requirements/processing-time dans le hub destination,"oui : le hub couvre frais, documents et delais",inventory/MERGED_URLS.csv
/zh/greece-visa-fees,/zh/visa-greece,301,Lot B : consolidation famille fees/requirements/processing-time dans le hub destination,"oui : le hub couvre frais, documents et delais",inventory/MERGED_URLS.csv
/zh/greece-visa-processing-time,/zh/visa-greece,301,Lot B : consolidation famille fees/requirements/processing-time dans le hub destination,"oui : le hub couvre frais, documents et delais",inventory/MERGED_URLS.csv
/zh/hong-kong-visa-fees,/zh/visa-hong-kong,301,Lot B : consolidation famille fees/requirements/processing-time dans le hub destination,"oui : le hub couvre frais, documents et delais",inventory/MERGED_URLS.csv
/zh/hong-kong-visa-processing-time,/zh/visa-hong-kong,301,Lot B : consolidation famille fees/requirements/processing-time dans le hub destination,"oui : le hub couvre frais, documents et delais",inventory/MERGED_URLS.csv
/zh/hong-kong-visa-requirements,/zh/visa-hong-kong,301,Lot B : consolidation famille fees/requirements/processing-time dans le hub destination,"oui : le hub couvre frais, documents et delais",inventory/MERGED_URLS.csv
/zh/hungary-visa-processing-time,/zh/visa-hungary,301,Lot B : consolidation famille fees/requirements/processing-time dans le hub destination,"oui : le hub couvre frais, documents et delais",inventory/MERGED_URLS.csv
/zh/hungary-visa-requirements,/zh/visa-hungary,301,Lot B : consolidation famille fees/requirements/processing-time dans le hub destination,"oui : le hub couvre frais, documents et delais",inventory/MERGED_URLS.csv
/zh/india-visa-fees,/zh/visa-india,301,Lot B : consolidation famille fees/requirements/processing-time dans le hub destination,"oui : le hub couvre frais, documents et delais",inventory/MERGED_URLS.csv
/zh/india-visa-processing-time,/zh/visa-india,301,Lot B : consolidation famille fees/requirements/processing-time dans le hub destination,"oui : le hub couvre frais, documents et delais",inventory/MERGED_URLS.csv
/zh/india-visa-requirements,/zh/visa-india,301,Lot B : consolidation famille fees/requirements/processing-time dans le hub destination,"oui : le hub couvre frais, documents et delais",inventory/MERGED_URLS.csv
/zh/indonesia-visa-fees,/zh/visa-indonesia,301,Lot B : consolidation famille fees/requirements/processing-time dans le hub destination,"oui : le hub couvre frais, documents et delais",inventory/MERGED_URLS.csv
/zh/indonesia-visa-processing-time,/zh/visa-indonesia,301,Lot B : consolidation famille fees/requirements/processing-time dans le hub destination,"oui : le hub couvre frais, documents et delais",inventory/MERGED_URLS.csv
/zh/indonesia-visa-requirements,/zh/visa-indonesia,301,Lot B : consolidation famille fees/requirements/processing-time dans le hub destination,"oui : le hub couvre frais, documents et delais",inventory/MERGED_URLS.csv
/zh/ireland-visa-fees,/zh/visa-ireland,301,Lot B : consolidation famille fees/requirements/processing-time dans le hub destination,"oui : le hub couvre frais, documents et delais",inventory/MERGED_URLS.csv
/zh/ireland-visa-requirements,/zh/visa-ireland,301,Lot B : consolidation famille fees/requirements/processing-time dans le hub destination,"oui : le hub couvre frais, documents et delais",inventory/MERGED_URLS.csv
/zh/italy-visa-processing-time,/zh/visa-italy,301,Lot B : consolidation famille fees/requirements/processing-time dans le hub destination,"oui : le hub couvre frais, documents et delais",inventory/MERGED_URLS.csv
/zh/italy-visa-requirements,/zh/visa-italy,301,Lot B : consolidation famille fees/requirements/processing-time dans le hub destination,"oui : le hub couvre frais, documents et delais",inventory/MERGED_URLS.csv
/zh/japan-visa-fees,/zh/visa-japan,301,Lot B : consolidation famille fees/requirements/processing-time dans le hub destination,"oui : le hub couvre frais, documents et delais",inventory/MERGED_URLS.csv
/zh/japan-visa-requirements,/zh/visa-japan,301,Lot B : consolidation famille fees/requirements/processing-time dans le hub destination,"oui : le hub couvre frais, documents et delais",inventory/MERGED_URLS.csv
/zh/jordan-visa-fees,/zh/visa-jordan,301,Lot B : consolidation famille fees/requirements/processing-time dans le hub destination,"oui : le hub couvre frais, documents et delais",inventory/MERGED_URLS.csv
/zh/jordan-visa-processing-time,/zh/visa-jordan,301,Lot B : consolidation famille fees/requirements/processing-time dans le hub destination,"oui : le hub couvre frais, documents et delais",inventory/MERGED_URLS.csv
/zh/laos-visa-requirements,/zh/visa-laos,301,Lot B : consolidation famille fees/requirements/processing-time dans le hub destination,"oui : le hub couvre frais, documents et delais",inventory/MERGED_URLS.csv
/zh/macau-visa-requirements,/zh/visa-macau,301,Lot B : consolidation famille fees/requirements/processing-time dans le hub destination,"oui : le hub couvre frais, documents et delais",inventory/MERGED_URLS.csv
/zh/malaysia-visa-fees,/zh/visa-malaysia,301,Lot B : consolidation famille fees/requirements/processing-time dans le hub destination,"oui : le hub couvre frais, documents et delais",inventory/MERGED_URLS.csv
/zh/malaysia-visa-processing-time,/zh/visa-malaysia,301,Lot B : consolidation famille fees/requirements/processing-time dans le hub destination,"oui : le hub couvre frais, documents et delais",inventory/MERGED_URLS.csv
/zh/malaysia-visa-requirements,/zh/visa-malaysia,301,Lot B : consolidation famille fees/requirements/processing-time dans le hub destination,"oui : le hub couvre frais, documents et delais",inventory/MERGED_URLS.csv
/zh/maldives-visa-fees,/zh/visa-maldives,301,Lot B : consolidation famille fees/requirements/processing-time dans le hub destination,"oui : le hub couvre frais, documents et delais",inventory/MERGED_URLS.csv
/zh/maldives-visa-processing-time,/zh/visa-maldives,301,Lot B : consolidation famille fees/requirements/processing-time dans le hub destination,"oui : le hub couvre frais, documents et delais",inventory/MERGED_URLS.csv
/zh/maldives-visa-requirements,/zh/visa-maldives,301,Lot B : consolidation famille fees/requirements/processing-time dans le hub destination,"oui : le hub couvre frais, documents et delais",inventory/MERGED_URLS.csv
/zh/mexico-visa-fees,/zh/visa-mexico,301,Lot B : consolidation famille fees/requirements/processing-time dans le hub destination,"oui : le hub couvre frais, documents et delais",inventory/MERGED_URLS.csv
/zh/mexico-visa-processing-time,/zh/visa-mexico,301,Lot B : consolidation famille fees/requirements/processing-time dans le hub destination,"oui : le hub couvre frais, documents et delais",inventory/MERGED_URLS.csv
/zh/mexico-visa-requirements,/zh/visa-mexico,301,Lot B : consolidation famille fees/requirements/processing-time dans le hub destination,"oui : le hub couvre frais, documents et delais",inventory/MERGED_URLS.csv
/zh/nepal-visa-fees,/zh/visa-nepal,301,Lot B : consolidation famille fees/requirements/processing-time dans le hub destination,"oui : le hub couvre frais, documents et delais",inventory/MERGED_URLS.csv
/zh/nepal-visa-processing-time,/zh/visa-nepal,301,Lot B : consolidation famille fees/requirements/processing-time dans le hub destination,"oui : le hub couvre frais, documents et delais",inventory/MERGED_URLS.csv
/zh/nepal-visa-requirements,/zh/visa-nepal,301,Lot B : consolidation famille fees/requirements/processing-time dans le hub destination,"oui : le hub couvre frais, documents et delais",inventory/MERGED_URLS.csv
/zh/netherlands-visa-fees,/zh/visa-netherlands,301,Lot B : consolidation famille fees/requirements/processing-time dans le hub destination,"oui : le hub couvre frais, documents et delais",inventory/MERGED_URLS.csv
/zh/netherlands-visa-processing-time,/zh/visa-netherlands,301,Lot B : consolidation famille fees/requirements/processing-time dans le hub destination,"oui : le hub couvre frais, documents et delais",inventory/MERGED_URLS.csv
/zh/netherlands-visa-requirements,/zh/visa-netherlands,301,Lot B : consolidation famille fees/requirements/processing-time dans le hub destination,"oui : le hub couvre frais, documents et delais",inventory/MERGED_URLS.csv
/zh/new-zealand-visa-fees,/zh/visa-new-zealand,301,Lot B : consolidation famille fees/requirements/processing-time dans le hub destination,"oui : le hub couvre frais, documents et delais",inventory/MERGED_URLS.csv
/zh/new-zealand-visa-requirements,/zh/visa-new-zealand,301,Lot B : consolidation famille fees/requirements/processing-time dans le hub destination,"oui : le hub couvre frais, documents et delais",inventory/MERGED_URLS.csv
/zh/norway-visa-fees,/zh/visa-norway,301,Lot B : consolidation famille fees/requirements/processing-time dans le hub destination,"oui : le hub couvre frais, documents et delais",inventory/MERGED_URLS.csv
/zh/norway-visa-processing-time,/zh/visa-norway,301,Lot B : consolidation famille fees/requirements/processing-time dans le hub destination,"oui : le hub couvre frais, documents et delais",inventory/MERGED_URLS.csv
/zh/norway-visa-requirements,/zh/visa-norway,301,Lot B : consolidation famille fees/requirements/processing-time dans le hub destination,"oui : le hub couvre frais, documents et delais",inventory/MERGED_URLS.csv
/zh/philippines-visa-fees,/zh/visa-philippines,301,Lot B : consolidation famille fees/requirements/processing-time dans le hub destination,"oui : le hub couvre frais, documents et delais",inventory/MERGED_URLS.csv
/zh/philippines-visa-processing-time,/zh/visa-philippines,301,Lot B : consolidation famille fees/requirements/processing-time dans le hub destination,"oui : le hub couvre frais, documents et delais",inventory/MERGED_URLS.csv
/zh/philippines-visa-requirements,/zh/visa-philippines,301,Lot B : consolidation famille fees/requirements/processing-time dans le hub destination,"oui : le hub couvre frais, documents et delais",inventory/MERGED_URLS.csv
/zh/poland-visa-fees,/zh/visa-poland,301,Lot B : consolidation famille fees/requirements/processing-time dans le hub destination,"oui : le hub couvre frais, documents et delais",inventory/MERGED_URLS.csv
/zh/poland-visa-processing-time,/zh/visa-poland,301,Lot B : consolidation famille fees/requirements/processing-time dans le hub destination,"oui : le hub couvre frais, documents et delais",inventory/MERGED_URLS.csv
/zh/poland-visa-requirements,/zh/visa-poland,301,Lot B : consolidation famille fees/requirements/processing-time dans le hub destination,"oui : le hub couvre frais, documents et delais",inventory/MERGED_URLS.csv
/zh/portugal-visa-fees,/zh/visa-portugal,301,Lot B : consolidation famille fees/requirements/processing-time dans le hub destination,"oui : le hub couvre frais, documents et delais",inventory/MERGED_URLS.csv
/zh/portugal-visa-processing-time,/zh/visa-portugal,301,Lot B : consolidation famille fees/requirements/processing-time dans le hub destination,"oui : le hub couvre frais, documents et delais",inventory/MERGED_URLS.csv
/zh/portugal-visa-requirements,/zh/visa-portugal,301,Lot B : consolidation famille fees/requirements/processing-time dans le hub destination,"oui : le hub couvre frais, documents et delais",inventory/MERGED_URLS.csv
/zh/qatar-visa-fees,/zh/visa-qatar,301,Lot B : consolidation famille fees/requirements/processing-time dans le hub destination,"oui : le hub couvre frais, documents et delais",inventory/MERGED_URLS.csv
/zh/qatar-visa-processing-time,/zh/visa-qatar,301,Lot B : consolidation famille fees/requirements/processing-time dans le hub destination,"oui : le hub couvre frais, documents et delais",inventory/MERGED_URLS.csv
/zh/qatar-visa-requirements,/zh/visa-qatar,301,Lot B : consolidation famille fees/requirements/processing-time dans le hub destination,"oui : le hub couvre frais, documents et delais",inventory/MERGED_URLS.csv
/zh/romania-visa-fees,/zh/visa-romania,301,Lot B : consolidation famille fees/requirements/processing-time dans le hub destination,"oui : le hub couvre frais, documents et delais",inventory/MERGED_URLS.csv
/zh/singapore-visa-fees,/zh/visa-singapore,301,Lot B : consolidation famille fees/requirements/processing-time dans le hub destination,"oui : le hub couvre frais, documents et delais",inventory/MERGED_URLS.csv
/zh/singapore-visa-processing-time,/zh/visa-singapore,301,Lot B : consolidation famille fees/requirements/processing-time dans le hub destination,"oui : le hub couvre frais, documents et delais",inventory/MERGED_URLS.csv
/zh/singapore-visa-requirements,/zh/visa-singapore,301,Lot B : consolidation famille fees/requirements/processing-time dans le hub destination,"oui : le hub couvre frais, documents et delais",inventory/MERGED_URLS.csv
/zh/spain-visa-fees,/zh/visa-spain,301,Lot B : consolidation famille fees/requirements/processing-time dans le hub destination,"oui : le hub couvre frais, documents et delais",inventory/MERGED_URLS.csv
/zh/spain-visa-processing-time,/zh/visa-spain,301,Lot B : consolidation famille fees/requirements/processing-time dans le hub destination,"oui : le hub couvre frais, documents et delais",inventory/MERGED_URLS.csv
/zh/spain-visa-requirements,/zh/visa-spain,301,Lot B : consolidation famille fees/requirements/processing-time dans le hub destination,"oui : le hub couvre frais, documents et delais",inventory/MERGED_URLS.csv
/zh/sri-lanka-visa-fees,/zh/visa-sri-lanka,301,Lot B : consolidation famille fees/requirements/processing-time dans le hub destination,"oui : le hub couvre frais, documents et delais",inventory/MERGED_URLS.csv
/zh/sri-lanka-visa-processing-time,/zh/visa-sri-lanka,301,Lot B : consolidation famille fees/requirements/processing-time dans le hub destination,"oui : le hub couvre frais, documents et delais",inventory/MERGED_URLS.csv
/zh/sweden-visa-fees,/zh/visa-sweden,301,Lot B : consolidation famille fees/requirements/processing-time dans le hub destination,"oui : le hub couvre frais, documents et delais",inventory/MERGED_URLS.csv
/zh/sweden-visa-processing-time,/zh/visa-sweden,301,Lot B : consolidation famille fees/requirements/processing-time dans le hub destination,"oui : le hub couvre frais, documents et delais",inventory/MERGED_URLS.csv
/zh/sweden-visa-requirements,/zh/visa-sweden,301,Lot B : consolidation famille fees/requirements/processing-time dans le hub destination,"oui : le hub couvre frais, documents et delais",inventory/MERGED_URLS.csv
/zh/switzerland-visa-fees,/zh/visa-switzerland,301,Lot B : consolidation famille fees/requirements/processing-time dans le hub destination,"oui : le hub couvre frais, documents et delais",inventory/MERGED_URLS.csv
/zh/switzerland-visa-processing-time,/zh/visa-switzerland,301,Lot B : consolidation famille fees/requirements/processing-time dans le hub destination,"oui : le hub couvre frais, documents et delais",inventory/MERGED_URLS.csv
/zh/switzerland-visa-requirements,/zh/visa-switzerland,301,Lot B : consolidation famille fees/requirements/processing-time dans le hub destination,"oui : le hub couvre frais, documents et delais",inventory/MERGED_URLS.csv
/zh/taiwan-visa-fees,/zh/visa-taiwan,301,Lot B : consolidation famille fees/requirements/processing-time dans le hub destination,"oui : le hub couvre frais, documents et delais",inventory/MERGED_URLS.csv
/zh/taiwan-visa-processing-time,/zh/visa-taiwan,301,Lot B : consolidation famille fees/requirements/processing-time dans le hub destination,"oui : le hub couvre frais, documents et delais",inventory/MERGED_URLS.csv
/zh/taiwan-visa-requirements,/zh/visa-taiwan,301,Lot B : consolidation famille fees/requirements/processing-time dans le hub destination,"oui : le hub couvre frais, documents et delais",inventory/MERGED_URLS.csv
/zh/thailand-visa-fees,/zh/visa-thailand,301,Lot B : consolidation famille fees/requirements/processing-time dans le hub destination,"oui : le hub couvre frais, documents et delais",inventory/MERGED_URLS.csv
/zh/thailand-visa-processing-time,/zh/visa-thailand,301,Lot B : consolidation famille fees/requirements/processing-time dans le hub destination,"oui : le hub couvre frais, documents et delais",inventory/MERGED_URLS.csv
/zh/thailand-visa-requirements,/zh/visa-thailand,301,Lot B : consolidation famille fees/requirements/processing-time dans le hub destination,"oui : le hub couvre frais, documents et delais",inventory/MERGED_URLS.csv
/zh/turkey-visa-fees,/zh/visa-turkey,301,Lot B : consolidation famille fees/requirements/processing-time dans le hub destination,"oui : le hub couvre frais, documents et delais",inventory/MERGED_URLS.csv
/zh/turkey-visa-processing-time,/zh/visa-turkey,301,Lot B : consolidation famille fees/requirements/processing-time dans le hub destination,"oui : le hub couvre frais, documents et delais",inventory/MERGED_URLS.csv
/zh/uae-visa-fees,/zh/visa-uae,301,Lot B : consolidation famille fees/requirements/processing-time dans le hub destination,"oui : le hub couvre frais, documents et delais",inventory/MERGED_URLS.csv
/zh/uae-visa-processing-time,/zh/visa-uae,301,Lot B : consolidation famille fees/requirements/processing-time dans le hub destination,"oui : le hub couvre frais, documents et delais",inventory/MERGED_URLS.csv
/zh/uae-visa-requirements,/zh/visa-uae,301,Lot B : consolidation famille fees/requirements/processing-time dans le hub destination,"oui : le hub couvre frais, documents et delais",inventory/MERGED_URLS.csv
/zh/united-kingdom-visa-fees,/zh/visa-united-kingdom,301,Lot B : consolidation famille fees/requirements/processing-time dans le hub destination,"oui : le hub couvre frais, documents et delais",inventory/MERGED_URLS.csv
/zh/united-kingdom-visa-processing-time,/zh/visa-united-kingdom,301,Lot B : consolidation famille fees/requirements/processing-time dans le hub destination,"oui : le hub couvre frais, documents et delais",inventory/MERGED_URLS.csv
/zh/united-kingdom-visa-requirements,/zh/visa-united-kingdom,301,Lot B : consolidation famille fees/requirements/processing-time dans le hub destination,"oui : le hub couvre frais, documents et delais",inventory/MERGED_URLS.csv
/zh/usa-visa-fees,/zh/visa-usa,301,Lot B : consolidation famille fees/requirements/processing-time dans le hub destination,"oui : le hub couvre frais, documents et delais",inventory/MERGED_URLS.csv
/zh/usa-visa-processing-time,/zh/visa-usa,301,Lot B : consolidation famille fees/requirements/processing-time dans le hub destination,"oui : le hub couvre frais, documents et delais",inventory/MERGED_URLS.csv
/zh/usa-visa-requirements,/zh/visa-usa,301,Lot B : consolidation famille fees/requirements/processing-time dans le hub destination,"oui : le hub couvre frais, documents et delais",inventory/MERGED_URLS.csv
/zh/vietnam-visa-fees,/zh/visa-vietnam,301,Lot B : consolidation famille fees/requirements/processing-time dans le hub destination,"oui : le hub couvre frais, documents et delais",inventory/MERGED_URLS.csv
/zh/vietnam-visa-processing-time,/zh/visa-vietnam,301,Lot B : consolidation famille fees/requirements/processing-time dans le hub destination,"oui : le hub couvre frais, documents et delais",inventory/MERGED_URLS.csv
/zh/vietnam-visa-requirements,/zh/visa-vietnam,301,Lot B : consolidation famille fees/requirements/processing-time dans le hub destination,"oui : le hub couvre frais, documents et delais",inventory/MERGED_URLS.csv
/en/cambodia-visa-for-argentinian-citizens,/en/visa-cambodia,301,"Lot C1 : Contenu tres proche du groupe (unicite 11.9%), 0 impression",oui : le hub destination couvre le regime applicable a cette nationalite,inventory/VISA_FOR_DECISION_MATRIX.csv
/en/cambodia-visa-for-brazilian-citizens,/en/visa-cambodia,301,"Lot C1 : Contenu tres proche du groupe (unicite 11.9%), 0 impression",oui : le hub destination couvre le regime applicable a cette nationalite,inventory/VISA_FOR_DECISION_MATRIX.csv
/en/cambodia-visa-for-canadian-citizens,/en/visa-cambodia,301,"Lot C1 : Contenu tres proche du groupe (unicite 11.9%), 0 impression",oui : le hub destination couvre le regime applicable a cette nationalite,inventory/VISA_FOR_DECISION_MATRIX.csv
/en/cambodia-visa-for-chinese-citizens,/en/visa-cambodia,301,"Lot C1 : Contenu tres proche du groupe (unicite 12.0%), 0 impression",oui : le hub destination couvre le regime applicable a cette nationalite,inventory/VISA_FOR_DECISION_MATRIX.csv
/en/cambodia-visa-for-french-citizens,/en/visa-cambodia,301,"Lot C1 : Contenu tres proche du groupe (unicite 11.9%), 0 impression",oui : le hub destination couvre le regime applicable a cette nationalite,inventory/VISA_FOR_DECISION_MATRIX.csv
/en/cambodia-visa-for-german-citizens,/en/visa-cambodia,301,"Lot C1 : Contenu tres proche du groupe (unicite 11.9%), 0 impression",oui : le hub destination couvre le regime applicable a cette nationalite,inventory/VISA_FOR_DECISION_MATRIX.csv
/en/cambodia-visa-for-indian-citizens,/en/visa-cambodia,301,"Lot C1 : Contenu tres proche du groupe (unicite 10.5%), 0 impression",oui : le hub destination couvre le regime applicable a cette nationalite,inventory/VISA_FOR_DECISION_MATRIX.csv
/en/cambodia-visa-for-japanese-citizens,/en/visa-cambodia,301,"Lot C1 : Contenu tres proche du groupe (unicite 11.9%), 0 impression",oui : le hub destination couvre le regime applicable a cette nationalite,inventory/VISA_FOR_DECISION_MATRIX.csv
/en/cambodia-visa-for-korean-citizens,/en/visa-cambodia,301,"Lot C1 : Contenu tres proche du groupe (unicite 11.9%), 0 impression",oui : le hub destination couvre le regime applicable a cette nationalite,inventory/VISA_FOR_DECISION_MATRIX.csv
/en/cambodia-visa-for-mexican-citizens,/en/visa-cambodia,301,"Lot C1 : Contenu tres proche du groupe (unicite 11.9%), 0 impression",oui : le hub destination couvre le regime applicable a cette nationalite,inventory/VISA_FOR_DECISION_MATRIX.csv
/en/cambodia-visa-for-nigerian-citizens,/en/visa-cambodia,301,"Lot C1 : Contenu tres proche du groupe (unicite 12.0%), 0 impression",oui : le hub destination couvre le regime applicable a cette nationalite,inventory/VISA_FOR_DECISION_MATRIX.csv
/en/cambodia-visa-for-russian-citizens,/en/visa-cambodia,301,"Lot C1 : Contenu tres proche du groupe (unicite 11.9%), 0 impression",oui : le hub destination couvre le regime applicable a cette nationalite,inventory/VISA_FOR_DECISION_MATRIX.csv
/en/cambodia-visa-for-south-african-citizens,/en/visa-cambodia,301,"Lot C1 : Contenu tres proche du groupe (unicite 11.9%), 0 impression",oui : le hub destination couvre le regime applicable a cette nationalite,inventory/VISA_FOR_DECISION_MATRIX.csv
/en/cambodia-visa-for-turkish-citizens,/en/visa-cambodia,301,"Lot C1 : Contenu tres proche du groupe (unicite 11.9%), 0 impression",oui : le hub destination couvre le regime applicable a cette nationalite,inventory/VISA_FOR_DECISION_MATRIX.csv
/en/cambodia-visa-for-uk-citizens,/en/visa-cambodia,301,"Lot C1 : Contenu tres proche du groupe (unicite 12.4%), 0 impression",oui : le hub destination couvre le regime applicable a cette nationalite,inventory/VISA_FOR_DECISION_MATRIX.csv
/en/greece-visa-for-argentinian-citizens,/en/visa-greece,301,"Lot C1 : Contenu tres proche du groupe (unicite 11.9%), 0 impression",oui : le hub destination couvre le regime applicable a cette nationalite,inventory/VISA_FOR_DECISION_MATRIX.csv
/en/greece-visa-for-canadian-citizens,/en/visa-greece,301,"Lot C1 : Contenu tres proche du groupe (unicite 11.9%), 0 impression",oui : le hub destination couvre le regime applicable a cette nationalite,inventory/VISA_FOR_DECISION_MATRIX.csv
/en/greece-visa-for-mexican-citizens,/en/visa-greece,301,"Lot C1 : Contenu tres proche du groupe (unicite 11.9%), 0 impression",oui : le hub destination couvre le regime applicable a cette nationalite,inventory/VISA_FOR_DECISION_MATRIX.csv
/en/greece-visa-for-singaporean-citizens,/en/visa-greece,301,"Lot C1 : Contenu tres proche du groupe (unicite 11.9%), 0 impression",oui : le hub destination couvre le regime applicable a cette nationalite,inventory/VISA_FOR_DECISION_MATRIX.csv
/en/greece-visa-for-uk-citizens,/en/visa-greece,301,"Lot C1 : Contenu tres proche du groupe (unicite 11.9%), 0 impression",oui : le hub destination couvre le regime applicable a cette nationalite,inventory/VISA_FOR_DECISION_MATRIX.csv
/en/greece-visa-for-us-citizens,/en/visa-greece,301,"Lot C1 : Contenu tres proche du groupe (unicite 12.5%), 0 impression",oui : le hub destination couvre le regime applicable a cette nationalite,inventory/VISA_FOR_DECISION_MATRIX.csv
/en/india-visa-for-argentinian-citizens,/en/visa-india,301,"Lot C1 : Contenu quasi identique au groupe (unicite 0.0%), aucune regle propre, 0 impressions",oui : le hub destination couvre le regime applicable a cette nationalite,inventory/VISA_FOR_DECISION_MATRIX.csv
/en/india-visa-for-australian-citizens,/en/visa-india,301,"Lot C1 : Contenu quasi identique au groupe (unicite 0.0%), aucune regle propre, 0 impressions",oui : le hub destination couvre le regime applicable a cette nationalite,inventory/VISA_FOR_DECISION_MATRIX.csv
/en/india-visa-for-brazilian-citizens,/en/visa-india,301,"Lot C1 : Contenu quasi identique au groupe (unicite 0.0%), aucune regle propre, 0 impressions",oui : le hub destination couvre le regime applicable a cette nationalite,inventory/VISA_FOR_DECISION_MATRIX.csv
/en/india-visa-for-canadian-citizens,/en/visa-india,301,"Lot C1 : Contenu quasi identique au groupe (unicite 0.0%), aucune regle propre, 0 impressions",oui : le hub destination couvre le regime applicable a cette nationalite,inventory/VISA_FOR_DECISION_MATRIX.csv
/en/india-visa-for-french-citizens,/en/visa-india,301,"Lot C1 : Contenu quasi identique au groupe (unicite 0.0%), aucune regle propre, 0 impressions",oui : le hub destination couvre le regime applicable a cette nationalite,inventory/VISA_FOR_DECISION_MATRIX.csv
/en/india-visa-for-indonesian-citizens,/en/visa-india,301,"Lot C1 : Contenu quasi identique au groupe (unicite 0.0%), aucune regle propre, 0 impressions",oui : le hub destination couvre le regime applicable a cette nationalite,inventory/VISA_FOR_DECISION_MATRIX.csv
/en/india-visa-for-japanese-citizens,/en/visa-india,301,"Lot C1 : Contenu quasi identique au groupe (unicite 0.0%), aucune regle propre, 0 impressions",oui : le hub destination couvre le regime applicable a cette nationalite,inventory/VISA_FOR_DECISION_MATRIX.csv
/en/india-visa-for-korean-citizens,/en/visa-india,301,"Lot C1 : Contenu quasi identique au groupe (unicite 0.0%), aucune regle propre, 0 impressions",oui : le hub destination couvre le regime applicable a cette nationalite,inventory/VISA_FOR_DECISION_MATRIX.csv
/en/india-visa-for-mexican-citizens,/en/visa-india,301,"Lot C1 : Contenu quasi identique au groupe (unicite 0.0%), aucune regle propre, 0 impressions",oui : le hub destination couvre le regime applicable a cette nationalite,inventory/VISA_FOR_DECISION_MATRIX.csv
/en/india-visa-for-nigerian-citizens,/en/visa-india,301,"Lot C1 : Contenu quasi identique au groupe (unicite 0.0%), aucune regle propre, 0 impressions",oui : le hub destination couvre le regime applicable a cette nationalite,inventory/VISA_FOR_DECISION_MATRIX.csv
/en/india-visa-for-philippine-citizens,/en/visa-india,301,"Lot C1 : Contenu quasi identique au groupe (unicite 0.0%), aucune regle propre, 0 impressions",oui : le hub destination couvre le regime applicable a cette nationalite,inventory/VISA_FOR_DECISION_MATRIX.csv
/en/india-visa-for-russian-citizens,/en/visa-india,301,"Lot C1 : Contenu quasi identique au groupe (unicite 0.0%), aucune regle propre, 0 impressions",oui : le hub destination couvre le regime applicable a cette nationalite,inventory/VISA_FOR_DECISION_MATRIX.csv
/en/india-visa-for-singaporean-citizens,/en/visa-india,301,"Lot C1 : Contenu quasi identique au groupe (unicite 0.0%), aucune regle propre, 0 impressions",oui : le hub destination couvre le regime applicable a cette nationalite,inventory/VISA_FOR_DECISION_MATRIX.csv
/en/india-visa-for-south-african-citizens,/en/visa-india,301,"Lot C1 : Contenu quasi identique au groupe (unicite 0.0%), aucune regle propre, 0 impressions",oui : le hub destination couvre le regime applicable a cette nationalite,inventory/VISA_FOR_DECISION_MATRIX.csv
/en/india-visa-for-turkish-citizens,/en/visa-india,301,"Lot C1 : Contenu quasi identique au groupe (unicite 0.0%), aucune regle propre, 0 impressions",oui : le hub destination couvre le regime applicable a cette nationalite,inventory/VISA_FOR_DECISION_MATRIX.csv
/en/india-visa-for-uk-citizens,/en/visa-india,301,"Lot C1 : Contenu quasi identique au groupe (unicite 0.0%), aucune regle propre, 0 impressions",oui : le hub destination couvre le regime applicable a cette nationalite,inventory/VISA_FOR_DECISION_MATRIX.csv
/en/india-visa-for-us-citizens,/en/visa-india,301,"Lot C1 : Contenu quasi identique au groupe (unicite 3.0%), aucune regle propre, 0 impressions",oui : le hub destination couvre le regime applicable a cette nationalite,inventory/VISA_FOR_DECISION_MATRIX.csv
/en/indonesia-visa-for-argentinian-citizens,/en/visa-indonesia,301,"Lot C1 : Contenu tres proche du groupe (unicite 13.5%), 0 impression",oui : le hub destination couvre le regime applicable a cette nationalite,inventory/VISA_FOR_DECISION_MATRIX.csv
/en/indonesia-visa-for-australian-citizens,/en/visa-indonesia,301,"Lot C1 : Contenu tres proche du groupe (unicite 13.5%), 0 impression",oui : le hub destination couvre le regime applicable a cette nationalite,inventory/VISA_FOR_DECISION_MATRIX.csv
/en/indonesia-visa-for-canadian-citizens,/en/visa-indonesia,301,"Lot C1 : Contenu tres proche du groupe (unicite 13.5%), 0 impression",oui : le hub destination couvre le regime applicable a cette nationalite,inventory/VISA_FOR_DECISION_MATRIX.csv
/en/indonesia-visa-for-indian-citizens,/en/visa-indonesia,301,"Lot C1 : Contenu tres proche du groupe (unicite 10.4%), 0 impression",oui : le hub destination couvre le regime applicable a cette nationalite,inventory/VISA_FOR_DECISION_MATRIX.csv
/en/indonesia-visa-for-japanese-citizens,/en/visa-indonesia,301,"Lot C1 : Contenu tres proche du groupe (unicite 13.5%), 0 impression",oui : le hub destination couvre le regime applicable a cette nationalite,inventory/VISA_FOR_DECISION_MATRIX.csv
/en/indonesia-visa-for-mexican-citizens,/en/visa-indonesia,301,"Lot C1 : Contenu tres proche du groupe (unicite 13.5%), 0 impression",oui : le hub destination couvre le regime applicable a cette nationalite,inventory/VISA_FOR_DECISION_MATRIX.csv
/en/indonesia-visa-for-uk-citizens,/en/visa-indonesia,301,"Lot C1 : Contenu tres proche du groupe (unicite 13.8%), 0 impression",oui : le hub destination couvre le regime applicable a cette nationalite,inventory/VISA_FOR_DECISION_MATRIX.csv
/en/jordan-visa-for-argentinian-citizens,/en/visa-jordan,301,"Lot C1 : Contenu quasi identique au groupe (unicite 0.0%), aucune regle propre, 0 impressions",oui : le hub destination couvre le regime applicable a cette nationalite,inventory/VISA_FOR_DECISION_MATRIX.csv
/en/jordan-visa-for-brazilian-citizens,/en/visa-jordan,301,"Lot C1 : Contenu quasi identique au groupe (unicite 8.0%), aucune regle propre, 0 impressions",oui : le hub destination couvre le regime applicable a cette nationalite,inventory/VISA_FOR_DECISION_MATRIX.csv
/en/jordan-visa-for-french-citizens,/en/visa-jordan,301,"Lot C1 : Contenu quasi identique au groupe (unicite 0.0%), aucune regle propre, 0 impressions",oui : le hub destination couvre le regime applicable a cette nationalite,inventory/VISA_FOR_DECISION_MATRIX.csv
/en/jordan-visa-for-german-citizens,/en/visa-jordan,301,"Lot C1 : Contenu quasi identique au groupe (unicite 8.0%), aucune regle propre, 0 impressions",oui : le hub destination couvre le regime applicable a cette nationalite,inventory/VISA_FOR_DECISION_MATRIX.csv
/en/jordan-visa-for-korean-citizens,/en/visa-jordan,301,"Lot C1 : Contenu quasi identique au groupe (unicite 1.6%), aucune regle propre, 0 impressions",oui : le hub destination couvre le regime applicable a cette nationalite,inventory/VISA_FOR_DECISION_MATRIX.csv
/en/jordan-visa-for-mexican-citizens,/en/visa-jordan,301,"Lot C1 : Contenu quasi identique au groupe (unicite 0.0%), aucune regle propre, 0 impressions",oui : le hub destination couvre le regime applicable a cette nationalite,inventory/VISA_FOR_DECISION_MATRIX.csv
/en/jordan-visa-for-philippine-citizens,/en/visa-jordan,301,"Lot C1 : Contenu quasi identique au groupe (unicite 0.0%), aucune regle propre, 0 impressions",oui : le hub destination couvre le regime applicable a cette nationalite,inventory/VISA_FOR_DECISION_MATRIX.csv
/en/jordan-visa-for-russian-citizens,/en/visa-jordan,301,"Lot C1 : Contenu quasi identique au groupe (unicite 0.0%), aucune regle propre, 0 impressions",oui : le hub destination couvre le regime applicable a cette nationalite,inventory/VISA_FOR_DECISION_MATRIX.csv
/en/jordan-visa-for-singaporean-citizens,/en/visa-jordan,301,"Lot C1 : Contenu quasi identique au groupe (unicite 0.0%), aucune regle propre, 0 impressions",oui : le hub destination couvre le regime applicable a cette nationalite,inventory/VISA_FOR_DECISION_MATRIX.csv
/en/jordan-visa-for-turkish-citizens,/en/visa-jordan,301,"Lot C1 : Contenu quasi identique au groupe (unicite 0.0%), aucune regle propre, 0 impressions",oui : le hub destination couvre le regime applicable a cette nationalite,inventory/VISA_FOR_DECISION_MATRIX.csv
/en/jordan-visa-for-uk-citizens,/en/visa-jordan,301,"Lot C1 : Contenu quasi identique au groupe (unicite 1.6%), aucune regle propre, 0 impressions",oui : le hub destination couvre le regime applicable a cette nationalite,inventory/VISA_FOR_DECISION_MATRIX.csv
/en/jordan-visa-for-us-citizens,/en/visa-jordan,301,"Lot C1 : Contenu quasi identique au groupe (unicite 2.6%), aucune regle propre, 0 impressions",oui : le hub destination couvre le regime applicable a cette nationalite,inventory/VISA_FOR_DECISION_MATRIX.csv
/en/maldives-visa-for-argentinian-citizens,/en/visa-maldives,301,"Lot C1 : Contenu quasi identique au groupe (unicite 0.0%), aucune regle propre, 0 impressions",oui : le hub destination couvre le regime applicable a cette nationalite,inventory/VISA_FOR_DECISION_MATRIX.csv
/en/maldives-visa-for-brazilian-citizens,/en/visa-maldives,301,"Lot C1 : Contenu quasi identique au groupe (unicite 0.0%), aucune regle propre, 0 impressions",oui : le hub destination couvre le regime applicable a cette nationalite,inventory/VISA_FOR_DECISION_MATRIX.csv
/en/maldives-visa-for-chinese-citizens,/en/visa-maldives,301,"Lot C1 : Contenu quasi identique au groupe (unicite 0.0%), aucune regle propre, 0 impressions",oui : le hub destination couvre le regime applicable a cette nationalite,inventory/VISA_FOR_DECISION_MATRIX.csv
/en/maldives-visa-for-french-citizens,/en/visa-maldives,301,"Lot C1 : Contenu quasi identique au groupe (unicite 0.0%), aucune regle propre, 0 impressions",oui : le hub destination couvre le regime applicable a cette nationalite,inventory/VISA_FOR_DECISION_MATRIX.csv
/en/maldives-visa-for-german-citizens,/en/visa-maldives,301,"Lot C1 : Contenu quasi identique au groupe (unicite 0.0%), aucune regle propre, 0 impressions",oui : le hub destination couvre le regime applicable a cette nationalite,inventory/VISA_FOR_DECISION_MATRIX.csv
/en/maldives-visa-for-indian-citizens,/en/visa-maldives,301,"Lot C1 : Contenu quasi identique au groupe (unicite 0.0%), aucune regle propre, 0 impressions",oui : le hub destination couvre le regime applicable a cette nationalite,inventory/VISA_FOR_DECISION_MATRIX.csv
/en/maldives-visa-for-japanese-citizens,/en/visa-maldives,301,"Lot C1 : Contenu quasi identique au groupe (unicite 0.0%), aucune regle propre, 0 impressions",oui : le hub destination couvre le regime applicable a cette nationalite,inventory/VISA_FOR_DECISION_MATRIX.csv
/en/maldives-visa-for-korean-citizens,/en/visa-maldives,301,"Lot C1 : Contenu quasi identique au groupe (unicite 0.6%), aucune regle propre, 0 impressions",oui : le hub destination couvre le regime applicable a cette nationalite,inventory/VISA_FOR_DECISION_MATRIX.csv
/en/maldives-visa-for-mexican-citizens,/en/visa-maldives,301,"Lot C1 : Contenu quasi identique au groupe (unicite 0.0%), aucune regle propre, 0 impressions",oui : le hub destination couvre le regime applicable a cette nationalite,inventory/VISA_FOR_DECISION_MATRIX.csv
/en/maldives-visa-for-russian-citizens,/en/visa-maldives,301,"Lot C1 : Contenu quasi identique au groupe (unicite 0.0%), aucune regle propre, 0 impressions",oui : le hub destination couvre le regime applicable a cette nationalite,inventory/VISA_FOR_DECISION_MATRIX.csv
/en/maldives-visa-for-singaporean-citizens,/en/visa-maldives,301,"Lot C1 : Contenu quasi identique au groupe (unicite 0.0%), aucune regle propre, 0 impressions",oui : le hub destination couvre le regime applicable a cette nationalite,inventory/VISA_FOR_DECISION_MATRIX.csv
/en/maldives-visa-for-uk-citizens,/en/visa-maldives,301,"Lot C1 : Contenu quasi identique au groupe (unicite 0.6%), aucune regle propre, 0 impressions",oui : le hub destination couvre le regime applicable a cette nationalite,inventory/VISA_FOR_DECISION_MATRIX.csv
/en/nepal-visa-for-australian-citizens,/en/visa-nepal,301,"Lot C1 : Contenu quasi identique au groupe (unicite 0.2%), aucune regle propre, 0 impressions",oui : le hub destination couvre le regime applicable a cette nationalite,inventory/VISA_FOR_DECISION_MATRIX.csv
/en/nepal-visa-for-brazilian-citizens,/en/visa-nepal,301,"Lot C1 : Contenu quasi identique au groupe (unicite 0.2%), aucune regle propre, 0 impressions",oui : le hub destination couvre le regime applicable a cette nationalite,inventory/VISA_FOR_DECISION_MATRIX.csv
/en/nepal-visa-for-canadian-citizens,/en/visa-nepal,301,"Lot C1 : Contenu quasi identique au groupe (unicite 8.2%), aucune regle propre, 0 impressions",oui : le hub destination couvre le regime applicable a cette nationalite,inventory/VISA_FOR_DECISION_MATRIX.csv
/en/nepal-visa-for-chinese-citizens,/en/visa-nepal,301,"Lot C1 : Contenu quasi identique au groupe (unicite 0.2%), aucune regle propre, 0 impressions",oui : le hub destination couvre le regime applicable a cette nationalite,inventory/VISA_FOR_DECISION_MATRIX.csv
/en/nepal-visa-for-french-citizens,/en/visa-nepal,301,"Lot C1 : Contenu quasi identique au groupe (unicite 0.2%), aucune regle propre, 0 impressions",oui : le hub destination couvre le regime applicable a cette nationalite,inventory/VISA_FOR_DECISION_MATRIX.csv
/en/nepal-visa-for-german-citizens,/en/visa-nepal,301,"Lot C1 : Contenu quasi identique au groupe (unicite 0.2%), aucune regle propre, 0 impressions",oui : le hub destination couvre le regime applicable a cette nationalite,inventory/VISA_FOR_DECISION_MATRIX.csv
/en/nepal-visa-for-indonesian-citizens,/en/visa-nepal,301,"Lot C1 : Contenu quasi identique au groupe (unicite 0.2%), aucune regle propre, 0 impressions",oui : le hub destination couvre le regime applicable a cette nationalite,inventory/VISA_FOR_DECISION_MATRIX.csv
/en/nepal-visa-for-japanese-citizens,/en/visa-nepal,301,"Lot C1 : Contenu quasi identique au groupe (unicite 8.2%), aucune regle propre, 0 impressions",oui : le hub destination couvre le regime applicable a cette nationalite,inventory/VISA_FOR_DECISION_MATRIX.csv
/en/nepal-visa-for-korean-citizens,/en/visa-nepal,301,"Lot C1 : Contenu quasi identique au groupe (unicite 1.0%), aucune regle propre, 0 impressions",oui : le hub destination couvre le regime applicable a cette nationalite,inventory/VISA_FOR_DECISION_MATRIX.csv
/en/nepal-visa-for-mexican-citizens,/en/visa-nepal,301,"Lot C1 : Contenu quasi identique au groupe (unicite 0.2%), aucune regle propre, 0 impressions",oui : le hub destination couvre le regime applicable a cette nationalite,inventory/VISA_FOR_DECISION_MATRIX.csv
/en/nepal-visa-for-philippine-citizens,/en/visa-nepal,301,"Lot C1 : Contenu quasi identique au groupe (unicite 8.2%), aucune regle propre, 0 impressions",oui : le hub destination couvre le regime applicable a cette nationalite,inventory/VISA_FOR_DECISION_MATRIX.csv
/en/nepal-visa-for-russian-citizens,/en/visa-nepal,301,"Lot C1 : Contenu quasi identique au groupe (unicite 0.2%), aucune regle propre, 0 impressions",oui : le hub destination couvre le regime applicable a cette nationalite,inventory/VISA_FOR_DECISION_MATRIX.csv
/en/nepal-visa-for-singaporean-citizens,/en/visa-nepal,301,"Lot C1 : Contenu quasi identique au groupe (unicite 0.2%), aucune regle propre, 0 impressions",oui : le hub destination couvre le regime applicable a cette nationalite,inventory/VISA_FOR_DECISION_MATRIX.csv
/en/nepal-visa-for-south-african-citizens,/en/visa-nepal,301,"Lot C1 : Contenu quasi identique au groupe (unicite 0.5%), aucune regle propre, 0 impressions",oui : le hub destination couvre le regime applicable a cette nationalite,inventory/VISA_FOR_DECISION_MATRIX.csv
/en/nepal-visa-for-turkish-citizens,/en/visa-nepal,301,"Lot C1 : Contenu quasi identique au groupe (unicite 0.2%), aucune regle propre, 0 impressions",oui : le hub destination couvre le regime applicable a cette nationalite,inventory/VISA_FOR_DECISION_MATRIX.csv
/en/nepal-visa-for-uk-citizens,/en/visa-nepal,301,"Lot C1 : Contenu quasi identique au groupe (unicite 0.5%), aucune regle propre, 0 impressions",oui : le hub destination couvre le regime applicable a cette nationalite,inventory/VISA_FOR_DECISION_MATRIX.csv
/en/nepal-visa-for-us-citizens,/en/visa-nepal,301,"Lot C1 : Contenu quasi identique au groupe (unicite 3.2%), aucune regle propre, 0 impressions",oui : le hub destination couvre le regime applicable a cette nationalite,inventory/VISA_FOR_DECISION_MATRIX.csv
/en/norway-visa-for-argentinian-citizens,/en/visa-norway,301,"Lot C1 : Contenu tres proche du groupe (unicite 13.9%), 0 impression",oui : le hub destination couvre le regime applicable a cette nationalite,inventory/VISA_FOR_DECISION_MATRIX.csv
/en/norway-visa-for-australian-citizens,/en/visa-norway,301,"Lot C1 : Contenu tres proche du groupe (unicite 13.9%), 0 impression",oui : le hub destination couvre le regime applicable a cette nationalite,inventory/VISA_FOR_DECISION_MATRIX.csv
/en/norway-visa-for-brazilian-citizens,/en/visa-norway,301,"Lot C1 : Contenu tres proche du groupe (unicite 13.9%), 0 impression",oui : le hub destination couvre le regime applicable a cette nationalite,inventory/VISA_FOR_DECISION_MATRIX.csv
/en/norway-visa-for-canadian-citizens,/en/visa-norway,301,"Lot C1 : Contenu tres proche du groupe (unicite 13.9%), 0 impression",oui : le hub destination couvre le regime applicable a cette nationalite,inventory/VISA_FOR_DECISION_MATRIX.csv
/en/norway-visa-for-japanese-citizens,/en/visa-norway,301,"Lot C1 : Contenu tres proche du groupe (unicite 13.9%), 0 impression",oui : le hub destination couvre le regime applicable a cette nationalite,inventory/VISA_FOR_DECISION_MATRIX.csv
/en/norway-visa-for-korean-citizens,/en/visa-norway,301,"Lot C1 : Contenu tres proche du groupe (unicite 13.9%), 0 impression",oui : le hub destination couvre le regime applicable a cette nationalite,inventory/VISA_FOR_DECISION_MATRIX.csv
/en/norway-visa-for-mexican-citizens,/en/visa-norway,301,"Lot C1 : Contenu tres proche du groupe (unicite 13.9%), 0 impression",oui : le hub destination couvre le regime applicable a cette nationalite,inventory/VISA_FOR_DECISION_MATRIX.csv
/en/norway-visa-for-us-citizens,/en/visa-norway,301,"Lot C1 : Contenu tres proche du groupe (unicite 13.9%), 0 impression",oui : le hub destination couvre le regime applicable a cette nationalite,inventory/VISA_FOR_DECISION_MATRIX.csv
/en/portugal-visa-for-argentinian-citizens,/en/visa-portugal,301,"Lot C1 : Contenu tres proche du groupe (unicite 13.6%), 0 impression",oui : le hub destination couvre le regime applicable a cette nationalite,inventory/VISA_FOR_DECISION_MATRIX.csv
/en/portugal-visa-for-australian-citizens,/en/visa-portugal,301,"Lot C1 : Contenu tres proche du groupe (unicite 13.6%), 0 impression",oui : le hub destination couvre le regime applicable a cette nationalite,inventory/VISA_FOR_DECISION_MATRIX.csv
/en/portugal-visa-for-brazilian-citizens,/en/visa-portugal,301,"Lot C1 : Contenu tres proche du groupe (unicite 13.6%), 0 impression",oui : le hub destination couvre le regime applicable a cette nationalite,inventory/VISA_FOR_DECISION_MATRIX.csv
/en/portugal-visa-for-canadian-citizens,/en/visa-portugal,301,"Lot C1 : Contenu tres proche du groupe (unicite 13.6%), 0 impression",oui : le hub destination couvre le regime applicable a cette nationalite,inventory/VISA_FOR_DECISION_MATRIX.csv
/en/portugal-visa-for-japanese-citizens,/en/visa-portugal,301,"Lot C1 : Contenu tres proche du groupe (unicite 13.6%), 0 impression",oui : le hub destination couvre le regime applicable a cette nationalite,inventory/VISA_FOR_DECISION_MATRIX.csv
/en/portugal-visa-for-korean-citizens,/en/visa-portugal,301,"Lot C1 : Contenu tres proche du groupe (unicite 14.0%), 0 impression",oui : le hub destination couvre le regime applicable a cette nationalite,inventory/VISA_FOR_DECISION_MATRIX.csv
/en/portugal-visa-for-mexican-citizens,/en/visa-portugal,301,"Lot C1 : Contenu tres proche du groupe (unicite 13.6%), 0 impression",oui : le hub destination couvre le regime applicable a cette nationalite,inventory/VISA_FOR_DECISION_MATRIX.csv
/en/portugal-visa-for-uk-citizens,/en/visa-portugal,301,"Lot C1 : Contenu tres proche du groupe (unicite 13.6%), 0 impression",oui : le hub destination couvre le regime applicable a cette nationalite,inventory/VISA_FOR_DECISION_MATRIX.csv
/en/portugal-visa-for-us-citizens,/en/visa-portugal,301,"Lot C1 : Contenu tres proche du groupe (unicite 14.6%), 0 impression",oui : le hub destination couvre le regime applicable a cette nationalite,inventory/VISA_FOR_DECISION_MATRIX.csv
/en/sri-lanka-visa-for-argentinian-citizens,/en/visa-sri-lanka,301,"Lot C1 : Contenu quasi identique au groupe (unicite 0.0%), aucune regle propre, 0 impressions",oui : le hub destination couvre le regime applicable a cette nationalite,inventory/VISA_FOR_DECISION_MATRIX.csv
/en/sri-lanka-visa-for-australian-citizens,/en/visa-sri-lanka,301,"Lot C1 : Contenu quasi identique au groupe (unicite 9.3%), aucune regle propre, 0 impressions",oui : le hub destination couvre le regime applicable a cette nationalite,inventory/VISA_FOR_DECISION_MATRIX.csv
/en/sri-lanka-visa-for-korean-citizens,/en/visa-sri-lanka,301,"Lot C1 : Contenu quasi identique au groupe (unicite 0.3%), aucune regle propre, 0 impressions",oui : le hub destination couvre le regime applicable a cette nationalite,inventory/VISA_FOR_DECISION_MATRIX.csv
/en/sri-lanka-visa-for-mexican-citizens,/en/visa-sri-lanka,301,"Lot C1 : Contenu quasi identique au groupe (unicite 0.0%), aucune regle propre, 0 impressions",oui : le hub destination couvre le regime applicable a cette nationalite,inventory/VISA_FOR_DECISION_MATRIX.csv
/en/sri-lanka-visa-for-russian-citizens,/en/visa-sri-lanka,301,"Lot C1 : Contenu quasi identique au groupe (unicite 0.0%), aucune regle propre, 0 impressions",oui : le hub destination couvre le regime applicable a cette nationalite,inventory/VISA_FOR_DECISION_MATRIX.csv
/en/sri-lanka-visa-for-south-african-citizens,/en/visa-sri-lanka,301,"Lot C1 : Contenu quasi identique au groupe (unicite 9.3%), aucune regle propre, 0 impressions",oui : le hub destination couvre le regime applicable a cette nationalite,inventory/VISA_FOR_DECISION_MATRIX.csv
/en/sri-lanka-visa-for-turkish-citizens,/en/visa-sri-lanka,301,"Lot C1 : Contenu quasi identique au groupe (unicite 0.0%), aucune regle propre, 0 impressions",oui : le hub destination couvre le regime applicable a cette nationalite,inventory/VISA_FOR_DECISION_MATRIX.csv
/en/sri-lanka-visa-for-uk-citizens,/en/visa-sri-lanka,301,"Lot C1 : Contenu quasi identique au groupe (unicite 0.3%), aucune regle propre, 0 impressions",oui : le hub destination couvre le regime applicable a cette nationalite,inventory/VISA_FOR_DECISION_MATRIX.csv
/en/sri-lanka-visa-for-us-citizens,/en/visa-sri-lanka,301,"Lot C1 : Contenu tres proche du groupe (unicite 14.9%), 0 impression",oui : le hub destination couvre le regime applicable a cette nationalite,inventory/VISA_FOR_DECISION_MATRIX.csv
/en/thailand-visa-for-australian-citizens,/en/visa-thailand,301,"Lot C1 : Contenu quasi identique au groupe (unicite 3.6%), aucune regle propre, 0 impressions",oui : le hub destination couvre le regime applicable a cette nationalite,inventory/VISA_FOR_DECISION_MATRIX.csv
/en/thailand-visa-for-bangladeshi-citizens,/en/visa-thailand,301,"Lot C1 : Contenu tres proche du groupe (unicite 13.1%), 0 impression",oui : le hub destination couvre le regime applicable a cette nationalite,inventory/VISA_FOR_DECISION_MATRIX.csv
/en/thailand-visa-for-brazilian-citizens,/en/visa-thailand,301,"Lot C1 : Contenu tres proche du groupe (unicite 12.4%), 0 impression",oui : le hub destination couvre le regime applicable a cette nationalite,inventory/VISA_FOR_DECISION_MATRIX.csv
/en/thailand-visa-for-canadian-citizens,/en/visa-thailand,301,"Lot C1 : Contenu quasi identique au groupe (unicite 3.6%), aucune regle propre, 0 impressions",oui : le hub destination couvre le regime applicable a cette nationalite,inventory/VISA_FOR_DECISION_MATRIX.csv
/en/thailand-visa-for-chinese-citizens,/en/visa-thailand,301,"Lot C1 : Contenu quasi identique au groupe (unicite 0.3%), aucune regle propre, 0 impressions",oui : le hub destination couvre le regime applicable a cette nationalite,inventory/VISA_FOR_DECISION_MATRIX.csv
/en/thailand-visa-for-french-citizens,/en/visa-thailand,301,"Lot C1 : Contenu tres proche du groupe (unicite 12.7%), 0 impression",oui : le hub destination couvre le regime applicable a cette nationalite,inventory/VISA_FOR_DECISION_MATRIX.csv
/en/thailand-visa-for-german-citizens,/en/visa-thailand,301,"Lot C1 : Contenu tres proche du groupe (unicite 12.6%), 0 impression",oui : le hub destination couvre le regime applicable a cette nationalite,inventory/VISA_FOR_DECISION_MATRIX.csv
/en/thailand-visa-for-indian-citizens,/en/visa-thailand,301,"Lot C1 : Contenu tres proche du groupe (unicite 11.6%), 0 impression",oui : le hub destination couvre le regime applicable a cette nationalite,inventory/VISA_FOR_DECISION_MATRIX.csv
/en/thailand-visa-for-indonesian-citizens,/en/visa-thailand,301,"Lot C1 : Contenu tres proche du groupe (unicite 10.5%), 0 impression",oui : le hub destination couvre le regime applicable a cette nationalite,inventory/VISA_FOR_DECISION_MATRIX.csv
/en/thailand-visa-for-japanese-citizens,/en/visa-thailand,301,"Lot C1 : Contenu tres proche du groupe (unicite 12.4%), 0 impression",oui : le hub destination couvre le regime applicable a cette nationalite,inventory/VISA_FOR_DECISION_MATRIX.csv
/en/thailand-visa-for-korean-citizens,/en/visa-thailand,301,"Lot C1 : Contenu tres proche du groupe (unicite 12.8%), 0 impression",oui : le hub destination couvre le regime applicable a cette nationalite,inventory/VISA_FOR_DECISION_MATRIX.csv
/en/thailand-visa-for-mexican-citizens,/en/visa-thailand,301,"Lot C1 : Contenu tres proche du groupe (unicite 10.5%), 0 impression",oui : le hub destination couvre le regime applicable a cette nationalite,inventory/VISA_FOR_DECISION_MATRIX.csv
/en/thailand-visa-for-nigerian-citizens,/en/visa-thailand,301,"Lot C1 : Contenu tres proche du groupe (unicite 11.6%), 0 impression",oui : le hub destination couvre le regime applicable a cette nationalite,inventory/VISA_FOR_DECISION_MATRIX.csv
/en/thailand-visa-for-philippine-citizens,/en/visa-thailand,301,"Lot C1 : Contenu tres proche du groupe (unicite 10.9%), 0 impression",oui : le hub destination couvre le regime applicable a cette nationalite,inventory/VISA_FOR_DECISION_MATRIX.csv
/en/thailand-visa-for-russian-citizens,/en/visa-thailand,301,"Lot C1 : Contenu quasi identique au groupe (unicite 0.3%), aucune regle propre, 0 impressions",oui : le hub destination couvre le regime applicable a cette nationalite,inventory/VISA_FOR_DECISION_MATRIX.csv
/en/thailand-visa-for-singaporean-citizens,/en/visa-thailand,301,"Lot C1 : Contenu quasi identique au groupe (unicite 3.6%), aucune regle propre, 0 impressions",oui : le hub destination couvre le regime applicable a cette nationalite,inventory/VISA_FOR_DECISION_MATRIX.csv
/en/thailand-visa-for-south-african-citizens,/en/visa-thailand,301,"Lot C1 : Contenu quasi identique au groupe (unicite 0.3%), aucune regle propre, 0 impressions",oui : le hub destination couvre le regime applicable a cette nationalite,inventory/VISA_FOR_DECISION_MATRIX.csv
/en/thailand-visa-for-uk-citizens,/en/visa-thailand,301,"Lot C1 : Contenu quasi identique au groupe (unicite 4.2%), aucune regle propre, 0 impressions",oui : le hub destination couvre le regime applicable a cette nationalite,inventory/VISA_FOR_DECISION_MATRIX.csv
/en/thailand-visa-for-us-citizens,/en/visa-thailand,301,"Lot C1 : Contenu quasi identique au groupe (unicite 5.3%), aucune regle propre, 0 impressions",oui : le hub destination couvre le regime applicable a cette nationalite,inventory/VISA_FOR_DECISION_MATRIX.csv
/en/turkey-visa-for-argentinian-citizens,/en/visa-turkey,301,"Lot C1 : Contenu quasi identique au groupe (unicite 4.9%), aucune regle propre, 0 impressions",oui : le hub destination couvre le regime applicable a cette nationalite,inventory/VISA_FOR_DECISION_MATRIX.csv
/en/turkey-visa-for-australian-citizens,/en/visa-turkey,301,"Lot C1 : Contenu quasi identique au groupe (unicite 4.9%), aucune regle propre, 0 impressions",oui : le hub destination couvre le regime applicable a cette nationalite,inventory/VISA_FOR_DECISION_MATRIX.csv
/en/turkey-visa-for-brazilian-citizens,/en/visa-turkey,301,"Lot C1 : Contenu tres proche du groupe (unicite 14.1%), 0 impression",oui : le hub destination couvre le regime applicable a cette nationalite,inventory/VISA_FOR_DECISION_MATRIX.csv
/en/turkey-visa-for-canadian-citizens,/en/visa-turkey,301,"Lot C1 : Contenu tres proche du groupe (unicite 14.1%), 0 impression",oui : le hub destination couvre le regime applicable a cette nationalite,inventory/VISA_FOR_DECISION_MATRIX.csv
/en/turkey-visa-for-chinese-citizens,/en/visa-turkey,301,"Lot C1 : Contenu quasi identique au groupe (unicite 4.9%), aucune regle propre, 0 impressions",oui : le hub destination couvre le regime applicable a cette nationalite,inventory/VISA_FOR_DECISION_MATRIX.csv
/en/turkey-visa-for-indonesian-citizens,/en/visa-turkey,301,"Lot C1 : Contenu tres proche du groupe (unicite 14.1%), 0 impression",oui : le hub destination couvre le regime applicable a cette nationalite,inventory/VISA_FOR_DECISION_MATRIX.csv
/en/turkey-visa-for-japanese-citizens,/en/visa-turkey,301,"Lot C1 : Contenu tres proche du groupe (unicite 14.1%), 0 impression",oui : le hub destination couvre le regime applicable a cette nationalite,inventory/VISA_FOR_DECISION_MATRIX.csv
/en/turkey-visa-for-mexican-citizens,/en/visa-turkey,301,"Lot C1 : Contenu quasi identique au groupe (unicite 4.9%), aucune regle propre, 0 impressions",oui : le hub destination couvre le regime applicable a cette nationalite,inventory/VISA_FOR_DECISION_MATRIX.csv
/en/turkey-visa-for-philippine-citizens,/en/visa-turkey,301,"Lot C1 : Contenu quasi identique au groupe (unicite 4.9%), aucune regle propre, 0 impressions",oui : le hub destination couvre le regime applicable a cette nationalite,inventory/VISA_FOR_DECISION_MATRIX.csv
/en/turkey-visa-for-russian-citizens,/en/visa-turkey,301,"Lot C1 : Contenu tres proche du groupe (unicite 14.1%), 0 impression",oui : le hub destination couvre le regime applicable a cette nationalite,inventory/VISA_FOR_DECISION_MATRIX.csv
/en/turkey-visa-for-singaporean-citizens,/en/visa-turkey,301,"Lot C1 : Contenu tres proche du groupe (unicite 14.1%), 0 impression",oui : le hub destination couvre le regime applicable a cette nationalite,inventory/VISA_FOR_DECISION_MATRIX.csv
/en/turkey-visa-for-south-african-citizens,/en/visa-turkey,301,"Lot C1 : Contenu tres proche du groupe (unicite 14.1%), 0 impression",oui : le hub destination couvre le regime applicable a cette nationalite,inventory/VISA_FOR_DECISION_MATRIX.csv
/en/turkey-visa-for-uk-citizens,/en/visa-turkey,301,"Lot C1 : Contenu quasi identique au groupe (unicite 4.9%), aucune regle propre, 0 impressions",oui : le hub destination couvre le regime applicable a cette nationalite,inventory/VISA_FOR_DECISION_MATRIX.csv
/fr/cambodia-visa-for-argentinian-citizens,/fr/visa-cambodia,301,"Lot C1 : Contenu tres proche du groupe (unicite 12.0%), 0 impression",oui : le hub destination couvre le regime applicable a cette nationalite,inventory/VISA_FOR_DECISION_MATRIX.csv
/fr/cambodia-visa-for-australian-citizens,/fr/visa-cambodia,301,"Lot C1 : Contenu tres proche du groupe (unicite 11.9%), 0 impression",oui : le hub destination couvre le regime applicable a cette nationalite,inventory/VISA_FOR_DECISION_MATRIX.csv
/fr/cambodia-visa-for-brazilian-citizens,/fr/visa-cambodia,301,"Lot C1 : Contenu tres proche du groupe (unicite 12.8%), 0 impression",oui : le hub destination couvre le regime applicable a cette nationalite,inventory/VISA_FOR_DECISION_MATRIX.csv
/fr/cambodia-visa-for-canadian-citizens,/fr/visa-cambodia,301,"Lot C1 : Contenu tres proche du groupe (unicite 11.7%), 0 impression",oui : le hub destination couvre le regime applicable a cette nationalite,inventory/VISA_FOR_DECISION_MATRIX.csv
/fr/cambodia-visa-for-chinese-citizens,/fr/visa-cambodia,301,"Lot C1 : Contenu tres proche du groupe (unicite 11.4%), 0 impression",oui : le hub destination couvre le regime applicable a cette nationalite,inventory/VISA_FOR_DECISION_MATRIX.csv
/fr/cambodia-visa-for-french-citizens,/fr/visa-cambodia,301,"Lot C1 : Contenu tres proche du groupe (unicite 12.5%), 0 impression",oui : le hub destination couvre le regime applicable a cette nationalite,inventory/VISA_FOR_DECISION_MATRIX.csv
/fr/cambodia-visa-for-german-citizens,/fr/visa-cambodia,301,"Lot C1 : Contenu tres proche du groupe (unicite 11.8%), 0 impression",oui : le hub destination couvre le regime applicable a cette nationalite,inventory/VISA_FOR_DECISION_MATRIX.csv
/fr/cambodia-visa-for-indian-citizens,/fr/visa-cambodia,301,"Lot C1 : Contenu tres proche du groupe (unicite 11.0%), 0 impression",oui : le hub destination couvre le regime applicable a cette nationalite,inventory/VISA_FOR_DECISION_MATRIX.csv
/fr/cambodia-visa-for-japanese-citizens,/fr/visa-cambodia,301,"Lot C1 : Contenu tres proche du groupe (unicite 11.6%), 0 impression",oui : le hub destination couvre le regime applicable a cette nationalite,inventory/VISA_FOR_DECISION_MATRIX.csv
/fr/cambodia-visa-for-korean-citizens,/fr/visa-cambodia,301,"Lot C1 : Contenu tres proche du groupe (unicite 12.7%), 0 impression",oui : le hub destination couvre le regime applicable a cette nationalite,inventory/VISA_FOR_DECISION_MATRIX.csv
/fr/cambodia-visa-for-mexican-citizens,/fr/visa-cambodia,301,"Lot C1 : Contenu tres proche du groupe (unicite 12.0%), 0 impression",oui : le hub destination couvre le regime applicable a cette nationalite,inventory/VISA_FOR_DECISION_MATRIX.csv
/fr/cambodia-visa-for-nigerian-citizens,/fr/visa-cambodia,301,"Lot C1 : Contenu tres proche du groupe (unicite 13.3%), 0 impression",oui : le hub destination couvre le regime applicable a cette nationalite,inventory/VISA_FOR_DECISION_MATRIX.csv
/fr/cambodia-visa-for-russian-citizens,/fr/visa-cambodia,301,"Lot C1 : Contenu tres proche du groupe (unicite 11.9%), 0 impression",oui : le hub destination couvre le regime applicable a cette nationalite,inventory/VISA_FOR_DECISION_MATRIX.csv
/fr/cambodia-visa-for-south-african-citizens,/fr/visa-cambodia,301,"Lot C1 : Contenu tres proche du groupe (unicite 12.7%), 0 impression",oui : le hub destination couvre le regime applicable a cette nationalite,inventory/VISA_FOR_DECISION_MATRIX.csv
/fr/cambodia-visa-for-turkish-citizens,/fr/visa-cambodia,301,"Lot C1 : Contenu tres proche du groupe (unicite 11.7%), 0 impression",oui : le hub destination couvre le regime applicable a cette nationalite,inventory/VISA_FOR_DECISION_MATRIX.csv
/fr/cambodia-visa-for-uk-citizens,/fr/visa-cambodia,301,"Lot C1 : Contenu tres proche du groupe (unicite 11.9%), 0 impression",oui : le hub destination couvre le regime applicable a cette nationalite,inventory/VISA_FOR_DECISION_MATRIX.csv
/fr/cambodia-visa-for-us-citizens,/fr/visa-cambodia,301,"Lot C1 : Contenu tres proche du groupe (unicite 13.2%), 0 impression",oui : le hub destination couvre le regime applicable a cette nationalite,inventory/VISA_FOR_DECISION_MATRIX.csv
/fr/china-visa-for-argentinian-citizens,/fr/visa-china,301,"Lot C1 : Contenu tres proche du groupe (unicite 14.7%), 0 impression",oui : le hub destination couvre le regime applicable a cette nationalite,inventory/VISA_FOR_DECISION_MATRIX.csv
/fr/china-visa-for-russian-citizens,/fr/visa-china,301,"Lot C1 : Contenu tres proche du groupe (unicite 14.7%), 0 impression",oui : le hub destination couvre le regime applicable a cette nationalite,inventory/VISA_FOR_DECISION_MATRIX.csv
/fr/china-visa-for-singaporean-citizens,/fr/visa-china,301,"Lot C1 : Contenu tres proche du groupe (unicite 14.7%), 0 impression",oui : le hub destination couvre le regime applicable a cette nationalite,inventory/VISA_FOR_DECISION_MATRIX.csv
/fr/greece-visa-for-argentinian-citizens,/fr/visa-greece,301,"Lot C1 : Contenu tres proche du groupe (unicite 13.1%), 0 impression",oui : le hub destination couvre le regime applicable a cette nationalite,inventory/VISA_FOR_DECISION_MATRIX.csv
/fr/greece-visa-for-brazilian-citizens,/fr/visa-greece,301,"Lot C1 : Contenu tres proche du groupe (unicite 14.2%), 0 impression",oui : le hub destination couvre le regime applicable a cette nationalite,inventory/VISA_FOR_DECISION_MATRIX.csv
/fr/greece-visa-for-canadian-citizens,/fr/visa-greece,301,"Lot C1 : Contenu tres proche du groupe (unicite 13.1%), 0 impression",oui : le hub destination couvre le regime applicable a cette nationalite,inventory/VISA_FOR_DECISION_MATRIX.csv
/fr/greece-visa-for-japanese-citizens,/fr/visa-greece,301,"Lot C1 : Contenu tres proche du groupe (unicite 13.1%), 0 impression",oui : le hub destination couvre le regime applicable a cette nationalite,inventory/VISA_FOR_DECISION_MATRIX.csv
/fr/greece-visa-for-mexican-citizens,/fr/visa-greece,301,"Lot C1 : Contenu tres proche du groupe (unicite 13.2%), 0 impression",oui : le hub destination couvre le regime applicable a cette nationalite,inventory/VISA_FOR_DECISION_MATRIX.csv
/fr/greece-visa-for-singaporean-citizens,/fr/visa-greece,301,"Lot C1 : Contenu tres proche du groupe (unicite 13.1%), 0 impression",oui : le hub destination couvre le regime applicable a cette nationalite,inventory/VISA_FOR_DECISION_MATRIX.csv
/fr/greece-visa-for-uk-citizens,/fr/visa-greece,301,"Lot C1 : Contenu tres proche du groupe (unicite 13.2%), 0 impression",oui : le hub destination couvre le regime applicable a cette nationalite,inventory/VISA_FOR_DECISION_MATRIX.csv
/fr/greece-visa-for-us-citizens,/fr/visa-greece,301,"Lot C1 : Contenu tres proche du groupe (unicite 14.6%), 0 impression",oui : le hub destination couvre le regime applicable a cette nationalite,inventory/VISA_FOR_DECISION_MATRIX.csv
/fr/india-visa-for-argentinian-citizens,/fr/visa-india,301,"Lot C1 : Contenu quasi identique au groupe (unicite 1.0%), aucune regle propre, 0 impressions",oui : le hub destination couvre le regime applicable a cette nationalite,inventory/VISA_FOR_DECISION_MATRIX.csv
/fr/india-visa-for-australian-citizens,/fr/visa-india,301,"Lot C1 : Contenu quasi identique au groupe (unicite 0.8%), aucune regle propre, 0 impressions",oui : le hub destination couvre le regime applicable a cette nationalite,inventory/VISA_FOR_DECISION_MATRIX.csv
/fr/india-visa-for-brazilian-citizens,/fr/visa-india,301,"Lot C1 : Contenu quasi identique au groupe (unicite 1.6%), aucune regle propre, 0 impressions",oui : le hub destination couvre le regime applicable a cette nationalite,inventory/VISA_FOR_DECISION_MATRIX.csv
/fr/india-visa-for-canadian-citizens,/fr/visa-india,301,"Lot C1 : Contenu quasi identique au groupe (unicite 0.8%), aucune regle propre, 0 impressions",oui : le hub destination couvre le regime applicable a cette nationalite,inventory/VISA_FOR_DECISION_MATRIX.csv
/fr/india-visa-for-french-citizens,/fr/visa-india,301,"Lot C1 : Contenu quasi identique au groupe (unicite 1.6%), aucune regle propre, 0 impressions",oui : le hub destination couvre le regime applicable a cette nationalite,inventory/VISA_FOR_DECISION_MATRIX.csv
/fr/india-visa-for-german-citizens,/fr/visa-india,301,"Lot C1 : Contenu quasi identique au groupe (unicite 1.0%), aucune regle propre, 0 impressions",oui : le hub destination couvre le regime applicable a cette nationalite,inventory/VISA_FOR_DECISION_MATRIX.csv
/fr/india-visa-for-indonesian-citizens,/fr/visa-india,301,"Lot C1 : Contenu quasi identique au groupe (unicite 1.6%), aucune regle propre, 0 impressions",oui : le hub destination couvre le regime applicable a cette nationalite,inventory/VISA_FOR_DECISION_MATRIX.csv
/fr/india-visa-for-korean-citizens,/fr/visa-india,301,"Lot C1 : Contenu quasi identique au groupe (unicite 1.6%), aucune regle propre, 0 impressions",oui : le hub destination couvre le regime applicable a cette nationalite,inventory/VISA_FOR_DECISION_MATRIX.csv
/fr/india-visa-for-mexican-citizens,/fr/visa-india,301,"Lot C1 : Contenu quasi identique au groupe (unicite 0.8%), aucune regle propre, 0 impressions",oui : le hub destination couvre le regime applicable a cette nationalite,inventory/VISA_FOR_DECISION_MATRIX.csv
/fr/india-visa-for-nigerian-citizens,/fr/visa-india,301,"Lot C1 : Contenu quasi identique au groupe (unicite 1.6%), aucune regle propre, 0 impressions",oui : le hub destination couvre le regime applicable a cette nationalite,inventory/VISA_FOR_DECISION_MATRIX.csv
/fr/india-visa-for-philippine-citizens,/fr/visa-india,301,"Lot C1 : Contenu quasi identique au groupe (unicite 0.8%), aucune regle propre, 0 impressions",oui : le hub destination couvre le regime applicable a cette nationalite,inventory/VISA_FOR_DECISION_MATRIX.csv
/fr/india-visa-for-russian-citizens,/fr/visa-india,301,"Lot C1 : Contenu quasi identique au groupe (unicite 0.8%), aucune regle propre, 0 impressions",oui : le hub destination couvre le regime applicable a cette nationalite,inventory/VISA_FOR_DECISION_MATRIX.csv
/fr/india-visa-for-singaporean-citizens,/fr/visa-india,301,"Lot C1 : Contenu quasi identique au groupe (unicite 1.0%), aucune regle propre, 0 impressions",oui : le hub destination couvre le regime applicable a cette nationalite,inventory/VISA_FOR_DECISION_MATRIX.csv
/fr/india-visa-for-south-african-citizens,/fr/visa-india,301,"Lot C1 : Contenu quasi identique au groupe (unicite 1.8%), aucune regle propre, 0 impressions",oui : le hub destination couvre le regime applicable a cette nationalite,inventory/VISA_FOR_DECISION_MATRIX.csv
/fr/india-visa-for-turkish-citizens,/fr/visa-india,301,"Lot C1 : Contenu quasi identique au groupe (unicite 0.8%), aucune regle propre, 0 impressions",oui : le hub destination couvre le regime applicable a cette nationalite,inventory/VISA_FOR_DECISION_MATRIX.csv
/fr/india-visa-for-uk-citizens,/fr/visa-india,301,"Lot C1 : Contenu quasi identique au groupe (unicite 1.0%), aucune regle propre, 0 impressions",oui : le hub destination couvre le regime applicable a cette nationalite,inventory/VISA_FOR_DECISION_MATRIX.csv
/fr/india-visa-for-us-citizens,/fr/visa-india,301,"Lot C1 : Contenu quasi identique au groupe (unicite 2.6%), aucune regle propre, 0 impressions",oui : le hub destination couvre le regime applicable a cette nationalite,inventory/VISA_FOR_DECISION_MATRIX.csv
/fr/indonesia-visa-for-argentinian-citizens,/fr/visa-indonesia,301,"Lot C1 : Contenu tres proche du groupe (unicite 12.7%), 0 impression",oui : le hub destination couvre le regime applicable a cette nationalite,inventory/VISA_FOR_DECISION_MATRIX.csv
/fr/indonesia-visa-for-australian-citizens,/fr/visa-indonesia,301,"Lot C1 : Contenu tres proche du groupe (unicite 12.7%), 0 impression",oui : le hub destination couvre le regime applicable a cette nationalite,inventory/VISA_FOR_DECISION_MATRIX.csv
/fr/indonesia-visa-for-canadian-citizens,/fr/visa-indonesia,301,"Lot C1 : Contenu tres proche du groupe (unicite 12.7%), 0 impression",oui : le hub destination couvre le regime applicable a cette nationalite,inventory/VISA_FOR_DECISION_MATRIX.csv
/fr/indonesia-visa-for-indian-citizens,/fr/visa-indonesia,301,"Lot C1 : Contenu quasi identique au groupe (unicite 9.0%), aucune regle propre, 0 impressions",oui : le hub destination couvre le regime applicable a cette nationalite,inventory/VISA_FOR_DECISION_MATRIX.csv
/fr/indonesia-visa-for-japanese-citizens,/fr/visa-indonesia,301,"Lot C1 : Contenu tres proche du groupe (unicite 12.7%), 0 impression",oui : le hub destination couvre le regime applicable a cette nationalite,inventory/VISA_FOR_DECISION_MATRIX.csv
/fr/indonesia-visa-for-mexican-citizens,/fr/visa-indonesia,301,"Lot C1 : Contenu tres proche du groupe (unicite 12.7%), 0 impression",oui : le hub destination couvre le regime applicable a cette nationalite,inventory/VISA_FOR_DECISION_MATRIX.csv
/fr/indonesia-visa-for-uk-citizens,/fr/visa-indonesia,301,"Lot C1 : Contenu tres proche du groupe (unicite 12.9%), 0 impression",oui : le hub destination couvre le regime applicable a cette nationalite,inventory/VISA_FOR_DECISION_MATRIX.csv
/fr/indonesia-visa-for-us-citizens,/fr/visa-indonesia,301,"Lot C1 : Contenu tres proche du groupe (unicite 13.9%), 0 impression",oui : le hub destination couvre le regime applicable a cette nationalite,inventory/VISA_FOR_DECISION_MATRIX.csv
/fr/jordan-visa-for-argentinian-citizens,/fr/visa-jordan,301,"Lot C1 : Contenu quasi identique au groupe (unicite 1.4%), aucune regle propre, 0 impressions",oui : le hub destination couvre le regime applicable a cette nationalite,inventory/VISA_FOR_DECISION_MATRIX.csv
/fr/jordan-visa-for-australian-citizens,/fr/visa-jordan,301,"Lot C1 : Contenu quasi identique au groupe (unicite 1.4%), aucune regle propre, 0 impressions",oui : le hub destination couvre le regime applicable a cette nationalite,inventory/VISA_FOR_DECISION_MATRIX.csv
/fr/jordan-visa-for-brazilian-citizens,/fr/visa-jordan,301,"Lot C1 : Contenu quasi identique au groupe (unicite 9.0%), aucune regle propre, 0 impressions",oui : le hub destination couvre le regime applicable a cette nationalite,inventory/VISA_FOR_DECISION_MATRIX.csv
/fr/jordan-visa-for-canadian-citizens,/fr/visa-jordan,301,"Lot C1 : Contenu quasi identique au groupe (unicite 1.4%), aucune regle propre, 0 impressions",oui : le hub destination couvre le regime applicable a cette nationalite,inventory/VISA_FOR_DECISION_MATRIX.csv
/fr/jordan-visa-for-french-citizens,/fr/visa-jordan,301,"Lot C1 : Contenu quasi identique au groupe (unicite 2.4%), aucune regle propre, 0 impressions",oui : le hub destination couvre le regime applicable a cette nationalite,inventory/VISA_FOR_DECISION_MATRIX.csv
/fr/jordan-visa-for-german-citizens,/fr/visa-jordan,301,"Lot C1 : Contenu quasi identique au groupe (unicite 7.8%), aucune regle propre, 0 impressions",oui : le hub destination couvre le regime applicable a cette nationalite,inventory/VISA_FOR_DECISION_MATRIX.csv
/fr/jordan-visa-for-indonesian-citizens,/fr/visa-jordan,301,"Lot C1 : Contenu quasi identique au groupe (unicite 2.6%), aucune regle propre, 0 impressions",oui : le hub destination couvre le regime applicable a cette nationalite,inventory/VISA_FOR_DECISION_MATRIX.csv
/fr/jordan-visa-for-japanese-citizens,/fr/visa-jordan,301,"Lot C1 : Contenu quasi identique au groupe (unicite 1.2%), aucune regle propre, 0 impressions",oui : le hub destination couvre le regime applicable a cette nationalite,inventory/VISA_FOR_DECISION_MATRIX.csv
/fr/jordan-visa-for-korean-citizens,/fr/visa-jordan,301,"Lot C1 : Contenu quasi identique au groupe (unicite 3.5%), aucune regle propre, 0 impressions",oui : le hub destination couvre le regime applicable a cette nationalite,inventory/VISA_FOR_DECISION_MATRIX.csv
/fr/jordan-visa-for-mexican-citizens,/fr/visa-jordan,301,"Lot C1 : Contenu quasi identique au groupe (unicite 1.4%), aucune regle propre, 0 impressions",oui : le hub destination couvre le regime applicable a cette nationalite,inventory/VISA_FOR_DECISION_MATRIX.csv
/fr/jordan-visa-for-philippine-citizens,/fr/visa-jordan,301,"Lot C1 : Contenu quasi identique au groupe (unicite 1.2%), aucune regle propre, 0 impressions",oui : le hub destination couvre le regime applicable a cette nationalite,inventory/VISA_FOR_DECISION_MATRIX.csv
/fr/jordan-visa-for-russian-citizens,/fr/visa-jordan,301,"Lot C1 : Contenu quasi identique au groupe (unicite 1.4%), aucune regle propre, 0 impressions",oui : le hub destination couvre le regime applicable a cette nationalite,inventory/VISA_FOR_DECISION_MATRIX.csv
/fr/jordan-visa-for-singaporean-citizens,/fr/visa-jordan,301,"Lot C1 : Contenu quasi identique au groupe (unicite 1.4%), aucune regle propre, 0 impressions",oui : le hub destination couvre le regime applicable a cette nationalite,inventory/VISA_FOR_DECISION_MATRIX.csv
/fr/jordan-visa-for-south-african-citizens,/fr/visa-jordan,301,"Lot C1 : Contenu quasi identique au groupe (unicite 9.0%), aucune regle propre, 0 impressions",oui : le hub destination couvre le regime applicable a cette nationalite,inventory/VISA_FOR_DECISION_MATRIX.csv
/fr/jordan-visa-for-turkish-citizens,/fr/visa-jordan,301,"Lot C1 : Contenu quasi identique au groupe (unicite 1.2%), aucune regle propre, 0 impressions",oui : le hub destination couvre le regime applicable a cette nationalite,inventory/VISA_FOR_DECISION_MATRIX.csv
/fr/jordan-visa-for-uk-citizens,/fr/visa-jordan,301,"Lot C1 : Contenu quasi identique au groupe (unicite 1.4%), aucune regle propre, 0 impressions",oui : le hub destination couvre le regime applicable a cette nationalite,inventory/VISA_FOR_DECISION_MATRIX.csv
/fr/jordan-visa-for-us-citizens,/fr/visa-jordan,301,"Lot C1 : Contenu quasi identique au groupe (unicite 3.1%), aucune regle propre, 0 impressions",oui : le hub destination couvre le regime applicable a cette nationalite,inventory/VISA_FOR_DECISION_MATRIX.csv
/fr/maldives-visa-for-argentinian-citizens,/fr/visa-maldives,301,"Lot C1 : Contenu quasi identique au groupe (unicite 1.7%), aucune regle propre, 0 impressions",oui : le hub destination couvre le regime applicable a cette nationalite,inventory/VISA_FOR_DECISION_MATRIX.csv
/fr/maldives-visa-for-australian-citizens,/fr/visa-maldives,301,"Lot C1 : Contenu quasi identique au groupe (unicite 1.7%), aucune regle propre, 0 impressions",oui : le hub destination couvre le regime applicable a cette nationalite,inventory/VISA_FOR_DECISION_MATRIX.csv
/fr/maldives-visa-for-brazilian-citizens,/fr/visa-maldives,301,"Lot C1 : Contenu quasi identique au groupe (unicite 3.2%), aucune regle propre, 0 impressions",oui : le hub destination couvre le regime applicable a cette nationalite,inventory/VISA_FOR_DECISION_MATRIX.csv
/fr/maldives-visa-for-canadian-citizens,/fr/visa-maldives,301,"Lot C1 : Contenu quasi identique au groupe (unicite 1.7%), aucune regle propre, 0 impressions",oui : le hub destination couvre le regime applicable a cette nationalite,inventory/VISA_FOR_DECISION_MATRIX.csv
/fr/maldives-visa-for-chinese-citizens,/fr/visa-maldives,301,"Lot C1 : Contenu quasi identique au groupe (unicite 1.7%), aucune regle propre, 0 impressions",oui : le hub destination couvre le regime applicable a cette nationalite,inventory/VISA_FOR_DECISION_MATRIX.csv
/fr/maldives-visa-for-french-citizens,/fr/visa-maldives,301,"Lot C1 : Contenu quasi identique au groupe (unicite 3.2%), aucune regle propre, 0 impressions",oui : le hub destination couvre le regime applicable a cette nationalite,inventory/VISA_FOR_DECISION_MATRIX.csv
/fr/maldives-visa-for-german-citizens,/fr/visa-maldives,301,"Lot C1 : Contenu quasi identique au groupe (unicite 1.7%), aucune regle propre, 0 impressions",oui : le hub destination couvre le regime applicable a cette nationalite,inventory/VISA_FOR_DECISION_MATRIX.csv
/fr/maldives-visa-for-indian-citizens,/fr/visa-maldives,301,"Lot C1 : Contenu quasi identique au groupe (unicite 1.7%), aucune regle propre, 0 impressions",oui : le hub destination couvre le regime applicable a cette nationalite,inventory/VISA_FOR_DECISION_MATRIX.csv
/fr/maldives-visa-for-indonesian-citizens,/fr/visa-maldives,301,"Lot C1 : Contenu quasi identique au groupe (unicite 3.2%), aucune regle propre, 0 impressions",oui : le hub destination couvre le regime applicable a cette nationalite,inventory/VISA_FOR_DECISION_MATRIX.csv
/fr/maldives-visa-for-japanese-citizens,/fr/visa-maldives,301,"Lot C1 : Contenu quasi identique au groupe (unicite 1.7%), aucune regle propre, 0 impressions",oui : le hub destination couvre le regime applicable a cette nationalite,inventory/VISA_FOR_DECISION_MATRIX.csv
/fr/maldives-visa-for-korean-citizens,/fr/visa-maldives,301,"Lot C1 : Contenu quasi identique au groupe (unicite 3.6%), aucune regle propre, 0 impressions",oui : le hub destination couvre le regime applicable a cette nationalite,inventory/VISA_FOR_DECISION_MATRIX.csv
/fr/maldives-visa-for-mexican-citizens,/fr/visa-maldives,301,"Lot C1 : Contenu quasi identique au groupe (unicite 1.7%), aucune regle propre, 0 impressions",oui : le hub destination couvre le regime applicable a cette nationalite,inventory/VISA_FOR_DECISION_MATRIX.csv
/fr/maldives-visa-for-nigerian-citizens,/fr/visa-maldives,301,"Lot C1 : Contenu quasi identique au groupe (unicite 3.2%), aucune regle propre, 0 impressions",oui : le hub destination couvre le regime applicable a cette nationalite,inventory/VISA_FOR_DECISION_MATRIX.csv
/fr/maldives-visa-for-philippine-citizens,/fr/visa-maldives,301,"Lot C1 : Contenu quasi identique au groupe (unicite 1.7%), aucune regle propre, 0 impressions",oui : le hub destination couvre le regime applicable a cette nationalite,inventory/VISA_FOR_DECISION_MATRIX.csv
/fr/maldives-visa-for-russian-citizens,/fr/visa-maldives,301,"Lot C1 : Contenu quasi identique au groupe (unicite 1.7%), aucune regle propre, 0 impressions",oui : le hub destination couvre le regime applicable a cette nationalite,inventory/VISA_FOR_DECISION_MATRIX.csv
/fr/maldives-visa-for-singaporean-citizens,/fr/visa-maldives,301,"Lot C1 : Contenu quasi identique au groupe (unicite 1.7%), aucune regle propre, 0 impressions",oui : le hub destination couvre le regime applicable a cette nationalite,inventory/VISA_FOR_DECISION_MATRIX.csv
/fr/maldives-visa-for-south-african-citizens,/fr/visa-maldives,301,"Lot C1 : Contenu quasi identique au groupe (unicite 9.1%), aucune regle propre, 0 impressions",oui : le hub destination couvre le regime applicable a cette nationalite,inventory/VISA_FOR_DECISION_MATRIX.csv
/fr/maldives-visa-for-turkish-citizens,/fr/visa-maldives,301,"Lot C1 : Contenu quasi identique au groupe (unicite 1.7%), aucune regle propre, 0 impressions",oui : le hub destination couvre le regime applicable a cette nationalite,inventory/VISA_FOR_DECISION_MATRIX.csv
/fr/maldives-visa-for-uk-citizens,/fr/visa-maldives,301,"Lot C1 : Contenu quasi identique au groupe (unicite 1.7%), aucune regle propre, 0 impressions",oui : le hub destination couvre le regime applicable a cette nationalite,inventory/VISA_FOR_DECISION_MATRIX.csv
/fr/maldives-visa-for-us-citizens,/fr/visa-maldives,301,"Lot C1 : Contenu quasi identique au groupe (unicite 2.1%), aucune regle propre, 0 impressions",oui : le hub destination couvre le regime applicable a cette nationalite,inventory/VISA_FOR_DECISION_MATRIX.csv
/fr/nepal-visa-for-argentinian-citizens,/fr/visa-nepal,301,"Lot C1 : Contenu quasi identique au groupe (unicite 1.6%), aucune regle propre, 0 impressions",oui : le hub destination couvre le regime applicable a cette nationalite,inventory/VISA_FOR_DECISION_MATRIX.csv
/fr/nepal-visa-for-australian-citizens,/fr/visa-nepal,301,"Lot C1 : Contenu quasi identique au groupe (unicite 1.5%), aucune regle propre, 0 impressions",oui : le hub destination couvre le regime applicable a cette nationalite,inventory/VISA_FOR_DECISION_MATRIX.csv
/fr/nepal-visa-for-brazilian-citizens,/fr/visa-nepal,301,"Lot C1 : Contenu quasi identique au groupe (unicite 2.9%), aucune regle propre, 0 impressions",oui : le hub destination couvre le regime applicable a cette nationalite,inventory/VISA_FOR_DECISION_MATRIX.csv
/fr/nepal-visa-for-canadian-citizens,/fr/visa-nepal,301,"Lot C1 : Contenu quasi identique au groupe (unicite 7.2%), aucune regle propre, 0 impressions",oui : le hub destination couvre le regime applicable a cette nationalite,inventory/VISA_FOR_DECISION_MATRIX.csv
/fr/nepal-visa-for-chinese-citizens,/fr/visa-nepal,301,"Lot C1 : Contenu quasi identique au groupe (unicite 1.5%), aucune regle propre, 0 impressions",oui : le hub destination couvre le regime applicable a cette nationalite,inventory/VISA_FOR_DECISION_MATRIX.csv
/fr/nepal-visa-for-french-citizens,/fr/visa-nepal,301,"Lot C1 : Contenu quasi identique au groupe (unicite 2.5%), aucune regle propre, 0 impressions",oui : le hub destination couvre le regime applicable a cette nationalite,inventory/VISA_FOR_DECISION_MATRIX.csv
/fr/nepal-visa-for-german-citizens,/fr/visa-nepal,301,"Lot C1 : Contenu quasi identique au groupe (unicite 1.7%), aucune regle propre, 0 impressions",oui : le hub destination couvre le regime applicable a cette nationalite,inventory/VISA_FOR_DECISION_MATRIX.csv
/fr/nepal-visa-for-indonesian-citizens,/fr/visa-nepal,301,"Lot C1 : Contenu quasi identique au groupe (unicite 2.7%), aucune regle propre, 0 impressions",oui : le hub destination couvre le regime applicable a cette nationalite,inventory/VISA_FOR_DECISION_MATRIX.csv
/fr/nepal-visa-for-japanese-citizens,/fr/visa-nepal,301,"Lot C1 : Contenu quasi identique au groupe (unicite 7.2%), aucune regle propre, 0 impressions",oui : le hub destination couvre le regime applicable a cette nationalite,inventory/VISA_FOR_DECISION_MATRIX.csv
/fr/nepal-visa-for-korean-citizens,/fr/visa-nepal,301,"Lot C1 : Contenu quasi identique au groupe (unicite 2.9%), aucune regle propre, 0 impressions",oui : le hub destination couvre le regime applicable a cette nationalite,inventory/VISA_FOR_DECISION_MATRIX.csv
/fr/nepal-visa-for-mexican-citizens,/fr/visa-nepal,301,"Lot C1 : Contenu quasi identique au groupe (unicite 1.5%), aucune regle propre, 0 impressions",oui : le hub destination couvre le regime applicable a cette nationalite,inventory/VISA_FOR_DECISION_MATRIX.csv
/fr/nepal-visa-for-nigerian-citizens,/fr/visa-nepal,301,"Lot C1 : Contenu quasi identique au groupe (unicite 2.9%), aucune regle propre, 0 impressions",oui : le hub destination couvre le regime applicable a cette nationalite,inventory/VISA_FOR_DECISION_MATRIX.csv
/fr/nepal-visa-for-philippine-citizens,/fr/visa-nepal,301,"Lot C1 : Contenu quasi identique au groupe (unicite 7.2%), aucune regle propre, 0 impressions",oui : le hub destination couvre le regime applicable a cette nationalite,inventory/VISA_FOR_DECISION_MATRIX.csv
/fr/nepal-visa-for-russian-citizens,/fr/visa-nepal,301,"Lot C1 : Contenu quasi identique au groupe (unicite 1.6%), aucune regle propre, 0 impressions",oui : le hub destination couvre le regime applicable a cette nationalite,inventory/VISA_FOR_DECISION_MATRIX.csv
/fr/nepal-visa-for-singaporean-citizens,/fr/visa-nepal,301,"Lot C1 : Contenu quasi identique au groupe (unicite 1.7%), aucune regle propre, 0 impressions",oui : le hub destination couvre le regime applicable a cette nationalite,inventory/VISA_FOR_DECISION_MATRIX.csv
/fr/nepal-visa-for-south-african-citizens,/fr/visa-nepal,301,"Lot C1 : Contenu quasi identique au groupe (unicite 2.9%), aucune regle propre, 0 impressions",oui : le hub destination couvre le regime applicable a cette nationalite,inventory/VISA_FOR_DECISION_MATRIX.csv
/fr/nepal-visa-for-turkish-citizens,/fr/visa-nepal,301,"Lot C1 : Contenu quasi identique au groupe (unicite 1.7%), aucune regle propre, 0 impressions",oui : le hub destination couvre le regime applicable a cette nationalite,inventory/VISA_FOR_DECISION_MATRIX.csv
/fr/nepal-visa-for-uk-citizens,/fr/visa-nepal,301,"Lot C1 : Contenu quasi identique au groupe (unicite 1.8%), aucune regle propre, 0 impressions",oui : le hub destination couvre le regime applicable a cette nationalite,inventory/VISA_FOR_DECISION_MATRIX.csv
/fr/nepal-visa-for-us-citizens,/fr/visa-nepal,301,"Lot C1 : Contenu quasi identique au groupe (unicite 1.3%), aucune regle propre, 0 impressions",oui : le hub destination couvre le regime applicable a cette nationalite,inventory/VISA_FOR_DECISION_MATRIX.csv
/fr/norway-visa-for-argentinian-citizens,/fr/visa-norway,301,"Lot C1 : Contenu tres proche du groupe (unicite 14.4%), 0 impression",oui : le hub destination couvre le regime applicable a cette nationalite,inventory/VISA_FOR_DECISION_MATRIX.csv
/fr/norway-visa-for-australian-citizens,/fr/visa-norway,301,"Lot C1 : Contenu tres proche du groupe (unicite 14.4%), 0 impression",oui : le hub destination couvre le regime applicable a cette nationalite,inventory/VISA_FOR_DECISION_MATRIX.csv
/fr/norway-visa-for-canadian-citizens,/fr/visa-norway,301,"Lot C1 : Contenu tres proche du groupe (unicite 14.4%), 0 impression",oui : le hub destination couvre le regime applicable a cette nationalite,inventory/VISA_FOR_DECISION_MATRIX.csv
/fr/norway-visa-for-japanese-citizens,/fr/visa-norway,301,"Lot C1 : Contenu tres proche du groupe (unicite 14.4%), 0 impression",oui : le hub destination couvre le regime applicable a cette nationalite,inventory/VISA_FOR_DECISION_MATRIX.csv
/fr/norway-visa-for-mexican-citizens,/fr/visa-norway,301,"Lot C1 : Contenu tres proche du groupe (unicite 14.4%), 0 impression",oui : le hub destination couvre le regime applicable a cette nationalite,inventory/VISA_FOR_DECISION_MATRIX.csv
/fr/norway-visa-for-singaporean-citizens,/fr/visa-norway,301,"Lot C1 : Contenu tres proche du groupe (unicite 14.4%), 0 impression",oui : le hub destination couvre le regime applicable a cette nationalite,inventory/VISA_FOR_DECISION_MATRIX.csv
/fr/norway-visa-for-uk-citizens,/fr/visa-norway,301,"Lot C1 : Contenu tres proche du groupe (unicite 14.4%), 0 impression",oui : le hub destination couvre le regime applicable a cette nationalite,inventory/VISA_FOR_DECISION_MATRIX.csv
/fr/portugal-visa-for-argentinian-citizens,/fr/visa-portugal,301,"Lot C1 : Contenu tres proche du groupe (unicite 13.5%), 0 impression",oui : le hub destination couvre le regime applicable a cette nationalite,inventory/VISA_FOR_DECISION_MATRIX.csv
/fr/portugal-visa-for-australian-citizens,/fr/visa-portugal,301,"Lot C1 : Contenu tres proche du groupe (unicite 13.1%), 0 impression",oui : le hub destination couvre le regime applicable a cette nationalite,inventory/VISA_FOR_DECISION_MATRIX.csv
/fr/portugal-visa-for-brazilian-citizens,/fr/visa-portugal,301,"Lot C1 : Contenu tres proche du groupe (unicite 13.9%), 0 impression",oui : le hub destination couvre le regime applicable a cette nationalite,inventory/VISA_FOR_DECISION_MATRIX.csv
/fr/portugal-visa-for-canadian-citizens,/fr/visa-portugal,301,"Lot C1 : Contenu tres proche du groupe (unicite 13.1%), 0 impression",oui : le hub destination couvre le regime applicable a cette nationalite,inventory/VISA_FOR_DECISION_MATRIX.csv
/fr/portugal-visa-for-japanese-citizens,/fr/visa-portugal,301,"Lot C1 : Contenu tres proche du groupe (unicite 12.8%), 0 impression",oui : le hub destination couvre le regime applicable a cette nationalite,inventory/VISA_FOR_DECISION_MATRIX.csv
/fr/portugal-visa-for-korean-citizens,/fr/visa-portugal,301,"Lot C1 : Contenu tres proche du groupe (unicite 14.5%), 0 impression",oui : le hub destination couvre le regime applicable a cette nationalite,inventory/VISA_FOR_DECISION_MATRIX.csv
/fr/portugal-visa-for-mexican-citizens,/fr/visa-portugal,301,"Lot C1 : Contenu tres proche du groupe (unicite 12.7%), 0 impression",oui : le hub destination couvre le regime applicable a cette nationalite,inventory/VISA_FOR_DECISION_MATRIX.csv
/fr/portugal-visa-for-uk-citizens,/fr/visa-portugal,301,"Lot C1 : Contenu tres proche du groupe (unicite 12.7%), 0 impression",oui : le hub destination couvre le regime applicable a cette nationalite,inventory/VISA_FOR_DECISION_MATRIX.csv
/fr/portugal-visa-for-us-citizens,/fr/visa-portugal,301,"Lot C1 : Contenu tres proche du groupe (unicite 14.8%), 0 impression",oui : le hub destination couvre le regime applicable a cette nationalite,inventory/VISA_FOR_DECISION_MATRIX.csv
/fr/sri-lanka-visa-for-argentinian-citizens,/fr/visa-sri-lanka,301,"Lot C1 : Contenu quasi identique au groupe (unicite 1.9%), aucune regle propre, 0 impressions",oui : le hub destination couvre le regime applicable a cette nationalite,inventory/VISA_FOR_DECISION_MATRIX.csv
/fr/sri-lanka-visa-for-australian-citizens,/fr/visa-sri-lanka,301,"Lot C1 : Contenu quasi identique au groupe (unicite 9.3%), aucune regle propre, 0 impressions",oui : le hub destination couvre le regime applicable a cette nationalite,inventory/VISA_FOR_DECISION_MATRIX.csv
/fr/sri-lanka-visa-for-brazilian-citizens,/fr/visa-sri-lanka,301,"Lot C1 : Contenu quasi identique au groupe (unicite 3.0%), aucune regle propre, 0 impressions",oui : le hub destination couvre le regime applicable a cette nationalite,inventory/VISA_FOR_DECISION_MATRIX.csv
/fr/sri-lanka-visa-for-canadian-citizens,/fr/visa-sri-lanka,301,"Lot C1 : Contenu quasi identique au groupe (unicite 9.3%), aucune regle propre, 0 impressions",oui : le hub destination couvre le regime applicable a cette nationalite,inventory/VISA_FOR_DECISION_MATRIX.csv
/fr/sri-lanka-visa-for-french-citizens,/fr/visa-sri-lanka,301,"Lot C1 : Contenu tres proche du groupe (unicite 10.5%), 0 impression",oui : le hub destination couvre le regime applicable a cette nationalite,inventory/VISA_FOR_DECISION_MATRIX.csv
/fr/sri-lanka-visa-for-german-citizens,/fr/visa-sri-lanka,301,"Lot C1 : Contenu quasi identique au groupe (unicite 1.6%), aucune regle propre, 0 impressions",oui : le hub destination couvre le regime applicable a cette nationalite,inventory/VISA_FOR_DECISION_MATRIX.csv
/fr/sri-lanka-visa-for-japanese-citizens,/fr/visa-sri-lanka,301,"Lot C1 : Contenu quasi identique au groupe (unicite 9.3%), aucune regle propre, 0 impressions",oui : le hub destination couvre le regime applicable a cette nationalite,inventory/VISA_FOR_DECISION_MATRIX.csv
/fr/sri-lanka-visa-for-korean-citizens,/fr/visa-sri-lanka,301,"Lot C1 : Contenu quasi identique au groupe (unicite 3.0%), aucune regle propre, 0 impressions",oui : le hub destination couvre le regime applicable a cette nationalite,inventory/VISA_FOR_DECISION_MATRIX.csv
/fr/sri-lanka-visa-for-mexican-citizens,/fr/visa-sri-lanka,301,"Lot C1 : Contenu quasi identique au groupe (unicite 1.6%), aucune regle propre, 0 impressions",oui : le hub destination couvre le regime applicable a cette nationalite,inventory/VISA_FOR_DECISION_MATRIX.csv
/fr/sri-lanka-visa-for-nigerian-citizens,/fr/visa-sri-lanka,301,"Lot C1 : Contenu tres proche du groupe (unicite 10.6%), 0 impression",oui : le hub destination couvre le regime applicable a cette nationalite,inventory/VISA_FOR_DECISION_MATRIX.csv
/fr/sri-lanka-visa-for-russian-citizens,/fr/visa-sri-lanka,301,"Lot C1 : Contenu quasi identique au groupe (unicite 1.6%), aucune regle propre, 0 impressions",oui : le hub destination couvre le regime applicable a cette nationalite,inventory/VISA_FOR_DECISION_MATRIX.csv
/fr/sri-lanka-visa-for-singaporean-citizens,/fr/visa-sri-lanka,301,"Lot C1 : Contenu quasi identique au groupe (unicite 9.5%), aucune regle propre, 0 impressions",oui : le hub destination couvre le regime applicable a cette nationalite,inventory/VISA_FOR_DECISION_MATRIX.csv
/fr/sri-lanka-visa-for-south-african-citizens,/fr/visa-sri-lanka,301,"Lot C1 : Contenu tres proche du groupe (unicite 10.8%), 0 impression",oui : le hub destination couvre le regime applicable a cette nationalite,inventory/VISA_FOR_DECISION_MATRIX.csv
/fr/sri-lanka-visa-for-turkish-citizens,/fr/visa-sri-lanka,301,"Lot C1 : Contenu quasi identique au groupe (unicite 1.6%), aucune regle propre, 0 impressions",oui : le hub destination couvre le regime applicable a cette nationalite,inventory/VISA_FOR_DECISION_MATRIX.csv
/fr/sri-lanka-visa-for-uk-citizens,/fr/visa-sri-lanka,301,"Lot C1 : Contenu quasi identique au groupe (unicite 1.9%), aucune regle propre, 0 impressions",oui : le hub destination couvre le regime applicable a cette nationalite,inventory/VISA_FOR_DECISION_MATRIX.csv
/fr/sri-lanka-visa-for-us-citizens,/fr/visa-sri-lanka,301,"Lot C1 : Contenu tres proche du groupe (unicite 11.2%), 0 impression",oui : le hub destination couvre le regime applicable a cette nationalite,inventory/VISA_FOR_DECISION_MATRIX.csv
/fr/sweden-visa-for-argentinian-citizens,/fr/visa-sweden,301,"Lot C1 : Contenu tres proche du groupe (unicite 14.7%), 0 impression",oui : le hub destination couvre le regime applicable a cette nationalite,inventory/VISA_FOR_DECISION_MATRIX.csv
/fr/sweden-visa-for-australian-citizens,/fr/visa-sweden,301,"Lot C1 : Contenu tres proche du groupe (unicite 14.7%), 0 impression",oui : le hub destination couvre le regime applicable a cette nationalite,inventory/VISA_FOR_DECISION_MATRIX.csv
/fr/sweden-visa-for-canadian-citizens,/fr/visa-sweden,301,"Lot C1 : Contenu tres proche du groupe (unicite 14.6%), 0 impression",oui : le hub destination couvre le regime applicable a cette nationalite,inventory/VISA_FOR_DECISION_MATRIX.csv
/fr/sweden-visa-for-japanese-citizens,/fr/visa-sweden,301,"Lot C1 : Contenu tres proche du groupe (unicite 14.7%), 0 impression",oui : le hub destination couvre le regime applicable a cette nationalite,inventory/VISA_FOR_DECISION_MATRIX.csv
/fr/sweden-visa-for-mexican-citizens,/fr/visa-sweden,301,"Lot C1 : Contenu tres proche du groupe (unicite 14.6%), 0 impression",oui : le hub destination couvre le regime applicable a cette nationalite,inventory/VISA_FOR_DECISION_MATRIX.csv
/fr/sweden-visa-for-singaporean-citizens,/fr/visa-sweden,301,"Lot C1 : Contenu tres proche du groupe (unicite 14.6%), 0 impression",oui : le hub destination couvre le regime applicable a cette nationalite,inventory/VISA_FOR_DECISION_MATRIX.csv
/fr/sweden-visa-for-uk-citizens,/fr/visa-sweden,301,"Lot C1 : Contenu tres proche du groupe (unicite 14.7%), 0 impression",oui : le hub destination couvre le regime applicable a cette nationalite,inventory/VISA_FOR_DECISION_MATRIX.csv
/fr/thailand-visa-for-australian-citizens,/fr/visa-thailand,301,"Lot C1 : Contenu quasi identique au groupe (unicite 6.6%), aucune regle propre, 0 impressions",oui : le hub destination couvre le regime applicable a cette nationalite,inventory/VISA_FOR_DECISION_MATRIX.csv
/fr/thailand-visa-for-brazilian-citizens,/fr/visa-thailand,301,"Lot C1 : Contenu tres proche du groupe (unicite 12.7%), 0 impression",oui : le hub destination couvre le regime applicable a cette nationalite,inventory/VISA_FOR_DECISION_MATRIX.csv
/fr/thailand-visa-for-canadian-citizens,/fr/visa-thailand,301,"Lot C1 : Contenu quasi identique au groupe (unicite 6.6%), aucune regle propre, 0 impressions",oui : le hub destination couvre le regime applicable a cette nationalite,inventory/VISA_FOR_DECISION_MATRIX.csv
/fr/thailand-visa-for-french-citizens,/fr/visa-thailand,301,"Lot C1 : Contenu tres proche du groupe (unicite 12.7%), 0 impression",oui : le hub destination couvre le regime applicable a cette nationalite,inventory/VISA_FOR_DECISION_MATRIX.csv
/fr/thailand-visa-for-indonesian-citizens,/fr/visa-thailand,301,"Lot C1 : Contenu tres proche du groupe (unicite 11.7%), 0 impression",oui : le hub destination couvre le regime applicable a cette nationalite,inventory/VISA_FOR_DECISION_MATRIX.csv
/fr/thailand-visa-for-japanese-citizens,/fr/visa-thailand,301,"Lot C1 : Contenu tres proche du groupe (unicite 11.5%), 0 impression",oui : le hub destination couvre le regime applicable a cette nationalite,inventory/VISA_FOR_DECISION_MATRIX.csv
/fr/thailand-visa-for-korean-citizens,/fr/visa-thailand,301,"Lot C1 : Contenu tres proche du groupe (unicite 13.1%), 0 impression",oui : le hub destination couvre le regime applicable a cette nationalite,inventory/VISA_FOR_DECISION_MATRIX.csv
/fr/thailand-visa-for-mexican-citizens,/fr/visa-thailand,301,"Lot C1 : Contenu tres proche du groupe (unicite 10.5%), 0 impression",oui : le hub destination couvre le regime applicable a cette nationalite,inventory/VISA_FOR_DECISION_MATRIX.csv
/fr/thailand-visa-for-philippine-citizens,/fr/visa-thailand,301,"Lot C1 : Contenu tres proche du groupe (unicite 10.3%), 0 impression",oui : le hub destination couvre le regime applicable a cette nationalite,inventory/VISA_FOR_DECISION_MATRIX.csv
/fr/thailand-visa-for-singaporean-citizens,/fr/visa-thailand,301,"Lot C1 : Contenu quasi identique au groupe (unicite 6.6%), aucune regle propre, 0 impressions",oui : le hub destination couvre le regime applicable a cette nationalite,inventory/VISA_FOR_DECISION_MATRIX.csv
/fr/thailand-visa-for-uk-citizens,/fr/visa-thailand,301,"Lot C1 : Contenu quasi identique au groupe (unicite 6.4%), aucune regle propre, 0 impressions",oui : le hub destination couvre le regime applicable a cette nationalite,inventory/VISA_FOR_DECISION_MATRIX.csv
/fr/thailand-visa-for-us-citizens,/fr/visa-thailand,301,"Lot C1 : Contenu quasi identique au groupe (unicite 8.5%), aucune regle propre, 0 impressions",oui : le hub destination couvre le regime applicable a cette nationalite,inventory/VISA_FOR_DECISION_MATRIX.csv
/fr/turkey-visa-for-argentinian-citizens,/fr/visa-turkey,301,"Lot C1 : Contenu quasi identique au groupe (unicite 5.8%), aucune regle propre, 0 impressions",oui : le hub destination couvre le regime applicable a cette nationalite,inventory/VISA_FOR_DECISION_MATRIX.csv
/fr/turkey-visa-for-australian-citizens,/fr/visa-turkey,301,"Lot C1 : Contenu quasi identique au groupe (unicite 5.2%), aucune regle propre, 0 impressions",oui : le hub destination couvre le regime applicable a cette nationalite,inventory/VISA_FOR_DECISION_MATRIX.csv
/fr/turkey-visa-for-chinese-citizens,/fr/visa-turkey,301,"Lot C1 : Contenu quasi identique au groupe (unicite 5.0%), aucune regle propre, 0 impressions",oui : le hub destination couvre le regime applicable a cette nationalite,inventory/VISA_FOR_DECISION_MATRIX.csv
/fr/turkey-visa-for-indonesian-citizens,/fr/visa-turkey,301,"Lot C1 : Contenu tres proche du groupe (unicite 13.5%), 0 impression",oui : le hub destination couvre le regime applicable a cette nationalite,inventory/VISA_FOR_DECISION_MATRIX.csv
/fr/turkey-visa-for-japanese-citizens,/fr/visa-turkey,301,"Lot C1 : Contenu tres proche du groupe (unicite 12.0%), 0 impression",oui : le hub destination couvre le regime applicable a cette nationalite,inventory/VISA_FOR_DECISION_MATRIX.csv
/fr/turkey-visa-for-korean-citizens,/fr/visa-turkey,301,"Lot C1 : Contenu tres proche du groupe (unicite 14.9%), 0 impression",oui : le hub destination couvre le regime applicable a cette nationalite,inventory/VISA_FOR_DECISION_MATRIX.csv
/fr/turkey-visa-for-mexican-citizens,/fr/visa-turkey,301,"Lot C1 : Contenu quasi identique au groupe (unicite 5.5%), aucune regle propre, 0 impressions",oui : le hub destination couvre le regime applicable a cette nationalite,inventory/VISA_FOR_DECISION_MATRIX.csv
/fr/turkey-visa-for-philippine-citizens,/fr/visa-turkey,301,"Lot C1 : Contenu quasi identique au groupe (unicite 5.2%), aucune regle propre, 0 impressions",oui : le hub destination couvre le regime applicable a cette nationalite,inventory/VISA_FOR_DECISION_MATRIX.csv
/fr/turkey-visa-for-singaporean-citizens,/fr/visa-turkey,301,"Lot C1 : Contenu tres proche du groupe (unicite 11.8%), 0 impression",oui : le hub destination couvre le regime applicable a cette nationalite,inventory/VISA_FOR_DECISION_MATRIX.csv
/fr/turkey-visa-for-south-african-citizens,/fr/visa-turkey,301,"Lot C1 : Contenu tres proche du groupe (unicite 13.3%), 0 impression",oui : le hub destination couvre le regime applicable a cette nationalite,inventory/VISA_FOR_DECISION_MATRIX.csv
/fr/turkey-visa-for-uk-citizens,/fr/visa-turkey,301,"Lot C1 : Contenu quasi identique au groupe (unicite 5.2%), aucune regle propre, 0 impressions",oui : le hub destination couvre le regime applicable a cette nationalite,inventory/VISA_FOR_DECISION_MATRIX.csv
/fr/uae-visa-for-argentinian-citizens,/fr/visa-uae,301,"Lot C1 : Contenu tres proche du groupe (unicite 14.8%), 0 impression",oui : le hub destination couvre le regime applicable a cette nationalite,inventory/VISA_FOR_DECISION_MATRIX.csv
/fr/uae-visa-for-australian-citizens,/fr/visa-uae,301,"Lot C1 : Contenu tres proche du groupe (unicite 14.8%), 0 impression",oui : le hub destination couvre le regime applicable a cette nationalite,inventory/VISA_FOR_DECISION_MATRIX.csv
/fr/uae-visa-for-german-citizens,/fr/visa-uae,301,"Lot C1 : Contenu tres proche du groupe (unicite 15.0%), 0 impression",oui : le hub destination couvre le regime applicable a cette nationalite,inventory/VISA_FOR_DECISION_MATRIX.csv
/fr/uae-visa-for-japanese-citizens,/fr/visa-uae,301,"Lot C1 : Contenu tres proche du groupe (unicite 14.8%), 0 impression",oui : le hub destination couvre le regime applicable a cette nationalite,inventory/VISA_FOR_DECISION_MATRIX.csv
/fr/uae-visa-for-mexican-citizens,/fr/visa-uae,301,"Lot C1 : Contenu tres proche du groupe (unicite 14.8%), 0 impression",oui : le hub destination couvre le regime applicable a cette nationalite,inventory/VISA_FOR_DECISION_MATRIX.csv
/fr/uae-visa-for-russian-citizens,/fr/visa-uae,301,"Lot C1 : Contenu tres proche du groupe (unicite 14.8%), 0 impression",oui : le hub destination couvre le regime applicable a cette nationalite,inventory/VISA_FOR_DECISION_MATRIX.csv
/fr/uae-visa-for-singaporean-citizens,/fr/visa-uae,301,"Lot C1 : Contenu tres proche du groupe (unicite 14.8%), 0 impression",oui : le hub destination couvre le regime applicable a cette nationalite,inventory/VISA_FOR_DECISION_MATRIX.csv
/fr/uae-visa-for-uk-citizens,/fr/visa-uae,301,"Lot C1 : Contenu tres proche du groupe (unicite 14.8%), 0 impression",oui : le hub destination couvre le regime applicable a cette nationalite,inventory/VISA_FOR_DECISION_MATRIX.csv
/fr/vietnam-visa-for-argentinian-citizens,/fr/visa-vietnam,301,"Lot C1 : Contenu tres proche du groupe (unicite 14.3%), 0 impression",oui : le hub destination couvre le regime applicable a cette nationalite,inventory/VISA_FOR_DECISION_MATRIX.csv
/fr/vietnam-visa-for-australian-citizens,/fr/visa-vietnam,301,"Lot C1 : Contenu tres proche du groupe (unicite 14.0%), 0 impression",oui : le hub destination couvre le regime applicable a cette nationalite,inventory/VISA_FOR_DECISION_MATRIX.csv
/fr/vietnam-visa-for-brazilian-citizens,/fr/visa-vietnam,301,"Lot C1 : Contenu tres proche du groupe (unicite 14.9%), 0 impression",oui : le hub destination couvre le regime applicable a cette nationalite,inventory/VISA_FOR_DECISION_MATRIX.csv
/fr/vietnam-visa-for-canadian-citizens,/fr/visa-vietnam,301,"Lot C1 : Contenu tres proche du groupe (unicite 14.0%), 0 impression",oui : le hub destination couvre le regime applicable a cette nationalite,inventory/VISA_FOR_DECISION_MATRIX.csv
/fr/vietnam-visa-for-chinese-citizens,/fr/visa-vietnam,301,"Lot C1 : Contenu tres proche du groupe (unicite 14.0%), 0 impression",oui : le hub destination couvre le regime applicable a cette nationalite,inventory/VISA_FOR_DECISION_MATRIX.csv
/fr/vietnam-visa-for-indian-citizens,/fr/visa-vietnam,301,"Lot C1 : Contenu tres proche du groupe (unicite 14.2%), 0 impression",oui : le hub destination couvre le regime applicable a cette nationalite,inventory/VISA_FOR_DECISION_MATRIX.csv
/fr/vietnam-visa-for-indonesian-citizens,/fr/visa-vietnam,301,"Lot C1 : Contenu tres proche du groupe (unicite 14.9%), 0 impression",oui : le hub destination couvre le regime applicable a cette nationalite,inventory/VISA_FOR_DECISION_MATRIX.csv
/fr/vietnam-visa-for-mexican-citizens,/fr/visa-vietnam,301,"Lot C1 : Contenu tres proche du groupe (unicite 14.0%), 0 impression",oui : le hub destination couvre le regime applicable a cette nationalite,inventory/VISA_FOR_DECISION_MATRIX.csv
/fr/vietnam-visa-for-nigerian-citizens,/fr/visa-vietnam,301,"Lot C1 : Contenu tres proche du groupe (unicite 14.9%), 0 impression",oui : le hub destination couvre le regime applicable a cette nationalite,inventory/VISA_FOR_DECISION_MATRIX.csv
/fr/vietnam-visa-for-philippine-citizens,/fr/visa-vietnam,301,"Lot C1 : Contenu tres proche du groupe (unicite 14.1%), 0 impression",oui : le hub destination couvre le regime applicable a cette nationalite,inventory/VISA_FOR_DECISION_MATRIX.csv
/fr/vietnam-visa-for-russian-citizens,/fr/visa-vietnam,301,"Lot C1 : Contenu tres proche du groupe (unicite 14.0%), 0 impression",oui : le hub destination couvre le regime applicable a cette nationalite,inventory/VISA_FOR_DECISION_MATRIX.csv
/fr/vietnam-visa-for-south-african-citizens,/fr/visa-vietnam,301,"Lot C1 : Contenu tres proche du groupe (unicite 14.9%), 0 impression",oui : le hub destination couvre le regime applicable a cette nationalite,inventory/VISA_FOR_DECISION_MATRIX.csv
/fr/vietnam-visa-for-turkish-citizens,/fr/visa-vietnam,301,"Lot C1 : Contenu tres proche du groupe (unicite 14.0%), 0 impression",oui : le hub destination couvre le regime applicable a cette nationalite,inventory/VISA_FOR_DECISION_MATRIX.csv
/es/cambodia-visa-for-argentinian-citizens,/es/visa-cambodia,301,"Lot C1 : Contenu tres proche du groupe (unicite 11.4%), 0 impression",oui : le hub destination couvre le regime applicable a cette nationalite,inventory/VISA_FOR_DECISION_MATRIX.csv
/es/cambodia-visa-for-australian-citizens,/es/visa-cambodia,301,"Lot C1 : Contenu tres proche du groupe (unicite 11.5%), 0 impression",oui : le hub destination couvre le regime applicable a cette nationalite,inventory/VISA_FOR_DECISION_MATRIX.csv
/es/cambodia-visa-for-brazilian-citizens,/es/visa-cambodia,301,"Lot C1 : Contenu tres proche du groupe (unicite 12.6%), 0 impression",oui : le hub destination couvre le regime applicable a cette nationalite,inventory/VISA_FOR_DECISION_MATRIX.csv
/es/cambodia-visa-for-canadian-citizens,/es/visa-cambodia,301,"Lot C1 : Contenu tres proche du groupe (unicite 11.4%), 0 impression",oui : le hub destination couvre le regime applicable a cette nationalite,inventory/VISA_FOR_DECISION_MATRIX.csv
/es/cambodia-visa-for-chinese-citizens,/es/visa-cambodia,301,"Lot C1 : Contenu tres proche du groupe (unicite 11.2%), 0 impression",oui : le hub destination couvre le regime applicable a cette nationalite,inventory/VISA_FOR_DECISION_MATRIX.csv
/es/cambodia-visa-for-french-citizens,/es/visa-cambodia,301,"Lot C1 : Contenu tres proche du groupe (unicite 11.6%), 0 impression",oui : le hub destination couvre le regime applicable a cette nationalite,inventory/VISA_FOR_DECISION_MATRIX.csv
/es/cambodia-visa-for-german-citizens,/es/visa-cambodia,301,"Lot C1 : Contenu tres proche du groupe (unicite 11.4%), 0 impression",oui : le hub destination couvre le regime applicable a cette nationalite,inventory/VISA_FOR_DECISION_MATRIX.csv
/es/cambodia-visa-for-indian-citizens,/es/visa-cambodia,301,"Lot C1 : Contenu tres proche du groupe (unicite 11.2%), 0 impression",oui : le hub destination couvre le regime applicable a cette nationalite,inventory/VISA_FOR_DECISION_MATRIX.csv
/es/cambodia-visa-for-japanese-citizens,/es/visa-cambodia,301,"Lot C1 : Contenu tres proche du groupe (unicite 11.4%), 0 impression",oui : le hub destination couvre le regime applicable a cette nationalite,inventory/VISA_FOR_DECISION_MATRIX.csv
/es/cambodia-visa-for-korean-citizens,/es/visa-cambodia,301,"Lot C1 : Contenu tres proche du groupe (unicite 11.6%), 0 impression",oui : le hub destination couvre le regime applicable a cette nationalite,inventory/VISA_FOR_DECISION_MATRIX.csv
/es/cambodia-visa-for-mexican-citizens,/es/visa-cambodia,301,"Lot C1 : Contenu tres proche du groupe (unicite 11.8%), 0 impression",oui : le hub destination couvre le regime applicable a cette nationalite,inventory/VISA_FOR_DECISION_MATRIX.csv
/es/cambodia-visa-for-nigerian-citizens,/es/visa-cambodia,301,"Lot C1 : Contenu tres proche du groupe (unicite 11.8%), 0 impression",oui : le hub destination couvre le regime applicable a cette nationalite,inventory/VISA_FOR_DECISION_MATRIX.csv
/es/cambodia-visa-for-russian-citizens,/es/visa-cambodia,301,"Lot C1 : Contenu tres proche du groupe (unicite 11.4%), 0 impression",oui : le hub destination couvre le regime applicable a cette nationalite,inventory/VISA_FOR_DECISION_MATRIX.csv
/es/cambodia-visa-for-south-african-citizens,/es/visa-cambodia,301,"Lot C1 : Contenu tres proche du groupe (unicite 11.7%), 0 impression",oui : le hub destination couvre le regime applicable a cette nationalite,inventory/VISA_FOR_DECISION_MATRIX.csv
/es/cambodia-visa-for-turkish-citizens,/es/visa-cambodia,301,"Lot C1 : Contenu tres proche du groupe (unicite 11.4%), 0 impression",oui : le hub destination couvre le regime applicable a cette nationalite,inventory/VISA_FOR_DECISION_MATRIX.csv
/es/cambodia-visa-for-uk-citizens,/es/visa-cambodia,301,"Lot C1 : Contenu tres proche du groupe (unicite 12.7%), 0 impression",oui : le hub destination couvre le regime applicable a cette nationalite,inventory/VISA_FOR_DECISION_MATRIX.csv
/es/cambodia-visa-for-us-citizens,/es/visa-cambodia,301,"Lot C1 : Contenu tres proche du groupe (unicite 11.9%), 0 impression",oui : le hub destination couvre le regime applicable a cette nationalite,inventory/VISA_FOR_DECISION_MATRIX.csv
/es/india-visa-for-argentinian-citizens,/es/visa-india,301,"Lot C1 : Contenu quasi identique au groupe (unicite 1.0%), aucune regle propre, 0 impressions",oui : le hub destination couvre le regime applicable a cette nationalite,inventory/VISA_FOR_DECISION_MATRIX.csv
/es/india-visa-for-australian-citizens,/es/visa-india,301,"Lot C1 : Contenu quasi identique au groupe (unicite 0.4%), aucune regle propre, 0 impressions",oui : le hub destination couvre le regime applicable a cette nationalite,inventory/VISA_FOR_DECISION_MATRIX.csv
/es/india-visa-for-brazilian-citizens,/es/visa-india,301,"Lot C1 : Contenu quasi identique au groupe (unicite 1.0%), aucune regle propre, 0 impressions",oui : le hub destination couvre le regime applicable a cette nationalite,inventory/VISA_FOR_DECISION_MATRIX.csv
/es/india-visa-for-canadian-citizens,/es/visa-india,301,"Lot C1 : Contenu quasi identique au groupe (unicite 1.1%), aucune regle propre, 0 impressions",oui : le hub destination couvre le regime applicable a cette nationalite,inventory/VISA_FOR_DECISION_MATRIX.csv
/es/india-visa-for-chinese-citizens,/es/visa-india,301,"Lot C1 : Contenu quasi identique au groupe (unicite 1.2%), aucune regle propre, 0 impressions",oui : le hub destination couvre le regime applicable a cette nationalite,inventory/VISA_FOR_DECISION_MATRIX.csv
/es/india-visa-for-french-citizens,/es/visa-india,301,"Lot C1 : Contenu quasi identique au groupe (unicite 1.2%), aucune regle propre, 0 impressions",oui : le hub destination couvre le regime applicable a cette nationalite,inventory/VISA_FOR_DECISION_MATRIX.csv
/es/india-visa-for-german-citizens,/es/visa-india,301,"Lot C1 : Contenu quasi identique au groupe (unicite 1.2%), aucune regle propre, 0 impressions",oui : le hub destination couvre le regime applicable a cette nationalite,inventory/VISA_FOR_DECISION_MATRIX.csv
/es/india-visa-for-indonesian-citizens,/es/visa-india,301,"Lot C1 : Contenu quasi identique au groupe (unicite 1.0%), aucune regle propre, 0 impressions",oui : le hub destination couvre le regime applicable a cette nationalite,inventory/VISA_FOR_DECISION_MATRIX.csv
/es/india-visa-for-japanese-citizens,/es/visa-india,301,"Lot C1 : Contenu quasi identique au groupe (unicite 0.9%), aucune regle propre, 0 impressions",oui : le hub destination couvre le regime applicable a cette nationalite,inventory/VISA_FOR_DECISION_MATRIX.csv
/es/india-visa-for-korean-citizens,/es/visa-india,301,"Lot C1 : Contenu quasi identique au groupe (unicite 1.2%), aucune regle propre, 0 impressions",oui : le hub destination couvre le regime applicable a cette nationalite,inventory/VISA_FOR_DECISION_MATRIX.csv
/es/india-visa-for-mexican-citizens,/es/visa-india,301,"Lot C1 : Contenu quasi identique au groupe (unicite 0.2%), aucune regle propre, 0 impressions",oui : le hub destination couvre le regime applicable a cette nationalite,inventory/VISA_FOR_DECISION_MATRIX.csv
/es/india-visa-for-nigerian-citizens,/es/visa-india,301,"Lot C1 : Contenu quasi identique au groupe (unicite 0.4%), aucune regle propre, 0 impressions",oui : le hub destination couvre le regime applicable a cette nationalite,inventory/VISA_FOR_DECISION_MATRIX.csv
/es/india-visa-for-philippine-citizens,/es/visa-india,301,"Lot C1 : Contenu quasi identique au groupe (unicite 1.1%), aucune regle propre, 0 impressions",oui : le hub destination couvre le regime applicable a cette nationalite,inventory/VISA_FOR_DECISION_MATRIX.csv
/es/india-visa-for-russian-citizens,/es/visa-india,301,"Lot C1 : Contenu quasi identique au groupe (unicite 1.2%), aucune regle propre, 0 impressions",oui : le hub destination couvre le regime applicable a cette nationalite,inventory/VISA_FOR_DECISION_MATRIX.csv
/es/india-visa-for-singaporean-citizens,/es/visa-india,301,"Lot C1 : Contenu quasi identique au groupe (unicite 1.2%), aucune regle propre, 0 impressions",oui : le hub destination couvre le regime applicable a cette nationalite,inventory/VISA_FOR_DECISION_MATRIX.csv
/es/india-visa-for-south-african-citizens,/es/visa-india,301,"Lot C1 : Contenu quasi identique au groupe (unicite 1.2%), aucune regle propre, 0 impressions",oui : le hub destination couvre le regime applicable a cette nationalite,inventory/VISA_FOR_DECISION_MATRIX.csv
/es/india-visa-for-turkish-citizens,/es/visa-india,301,"Lot C1 : Contenu quasi identique au groupe (unicite 1.2%), aucune regle propre, 0 impressions",oui : le hub destination couvre le regime applicable a cette nationalite,inventory/VISA_FOR_DECISION_MATRIX.csv
/es/india-visa-for-uk-citizens,/es/visa-india,301,"Lot C1 : Contenu quasi identique au groupe (unicite 1.9%), aucune regle propre, 0 impressions",oui : le hub destination couvre le regime applicable a cette nationalite,inventory/VISA_FOR_DECISION_MATRIX.csv
/es/india-visa-for-us-citizens,/es/visa-india,301,"Lot C1 : Contenu quasi identique au groupe (unicite 2.4%), aucune regle propre, 0 impressions",oui : le hub destination couvre le regime applicable a cette nationalite,inventory/VISA_FOR_DECISION_MATRIX.csv
/es/indonesia-visa-for-argentinian-citizens,/es/visa-indonesia,301,"Lot C1 : Contenu tres proche du groupe (unicite 14.3%), 0 impression",oui : le hub destination couvre le regime applicable a cette nationalite,inventory/VISA_FOR_DECISION_MATRIX.csv
/es/indonesia-visa-for-australian-citizens,/es/visa-indonesia,301,"Lot C1 : Contenu tres proche du groupe (unicite 14.2%), 0 impression",oui : le hub destination couvre le regime applicable a cette nationalite,inventory/VISA_FOR_DECISION_MATRIX.csv
/es/indonesia-visa-for-canadian-citizens,/es/visa-indonesia,301,"Lot C1 : Contenu tres proche du groupe (unicite 14.3%), 0 impression",oui : le hub destination couvre le regime applicable a cette nationalite,inventory/VISA_FOR_DECISION_MATRIX.csv
/es/indonesia-visa-for-indian-citizens,/es/visa-indonesia,301,"Lot C1 : Contenu tres proche du groupe (unicite 11.8%), 0 impression",oui : le hub destination couvre le regime applicable a cette nationalite,inventory/VISA_FOR_DECISION_MATRIX.csv
/es/indonesia-visa-for-japanese-citizens,/es/visa-indonesia,301,"Lot C1 : Contenu tres proche du groupe (unicite 14.1%), 0 impression",oui : le hub destination couvre le regime applicable a cette nationalite,inventory/VISA_FOR_DECISION_MATRIX.csv
/es/indonesia-visa-for-mexican-citizens,/es/visa-indonesia,301,"Lot C1 : Contenu tres proche du groupe (unicite 14.1%), 0 impression",oui : le hub destination couvre le regime applicable a cette nationalite,inventory/VISA_FOR_DECISION_MATRIX.csv
/es/indonesia-visa-for-us-citizens,/es/visa-indonesia,301,"Lot C1 : Contenu tres proche du groupe (unicite 14.3%), 0 impression",oui : le hub destination couvre le regime applicable a cette nationalite,inventory/VISA_FOR_DECISION_MATRIX.csv
/es/jordan-visa-for-argentinian-citizens,/es/visa-jordan,301,"Lot C1 : Contenu quasi identique au groupe (unicite 1.2%), aucune regle propre, 0 impressions",oui : le hub destination couvre le regime applicable a cette nationalite,inventory/VISA_FOR_DECISION_MATRIX.csv
/es/jordan-visa-for-australian-citizens,/es/visa-jordan,301,"Lot C1 : Contenu quasi identique au groupe (unicite 1.2%), aucune regle propre, 0 impressions",oui : le hub destination couvre le regime applicable a cette nationalite,inventory/VISA_FOR_DECISION_MATRIX.csv
/es/jordan-visa-for-brazilian-citizens,/es/visa-jordan,301,"Lot C1 : Contenu tres proche du groupe (unicite 10.0%), 0 impression",oui : le hub destination couvre le regime applicable a cette nationalite,inventory/VISA_FOR_DECISION_MATRIX.csv
/es/jordan-visa-for-canadian-citizens,/es/visa-jordan,301,"Lot C1 : Contenu quasi identique au groupe (unicite 1.2%), aucune regle propre, 0 impressions",oui : le hub destination couvre le regime applicable a cette nationalite,inventory/VISA_FOR_DECISION_MATRIX.csv
/es/jordan-visa-for-french-citizens,/es/visa-jordan,301,"Lot C1 : Contenu quasi identique au groupe (unicite 1.2%), aucune regle propre, 0 impressions",oui : le hub destination couvre le regime applicable a cette nationalite,inventory/VISA_FOR_DECISION_MATRIX.csv
/es/jordan-visa-for-german-citizens,/es/visa-jordan,301,"Lot C1 : Contenu quasi identique au groupe (unicite 8.9%), aucune regle propre, 0 impressions",oui : le hub destination couvre le regime applicable a cette nationalite,inventory/VISA_FOR_DECISION_MATRIX.csv
/es/jordan-visa-for-indonesian-citizens,/es/visa-jordan,301,"Lot C1 : Contenu quasi identique au groupe (unicite 1.2%), aucune regle propre, 0 impressions",oui : le hub destination couvre le regime applicable a cette nationalite,inventory/VISA_FOR_DECISION_MATRIX.csv
/es/jordan-visa-for-japanese-citizens,/es/visa-jordan,301,"Lot C1 : Contenu quasi identique au groupe (unicite 1.2%), aucune regle propre, 0 impressions",oui : le hub destination couvre le regime applicable a cette nationalite,inventory/VISA_FOR_DECISION_MATRIX.csv
/es/jordan-visa-for-korean-citizens,/es/visa-jordan,301,"Lot C1 : Contenu quasi identique au groupe (unicite 1.6%), aucune regle propre, 0 impressions",oui : le hub destination couvre le regime applicable a cette nationalite,inventory/VISA_FOR_DECISION_MATRIX.csv
/es/jordan-visa-for-mexican-citizens,/es/visa-jordan,301,"Lot C1 : Contenu quasi identique au groupe (unicite 1.2%), aucune regle propre, 0 impressions",oui : le hub destination couvre le regime applicable a cette nationalite,inventory/VISA_FOR_DECISION_MATRIX.csv
/es/jordan-visa-for-philippine-citizens,/es/visa-jordan,301,"Lot C1 : Contenu quasi identique au groupe (unicite 1.2%), aucune regle propre, 0 impressions",oui : le hub destination couvre le regime applicable a cette nationalite,inventory/VISA_FOR_DECISION_MATRIX.csv
/es/jordan-visa-for-russian-citizens,/es/visa-jordan,301,"Lot C1 : Contenu quasi identique au groupe (unicite 1.2%), aucune regle propre, 0 impressions",oui : le hub destination couvre le regime applicable a cette nationalite,inventory/VISA_FOR_DECISION_MATRIX.csv
/es/jordan-visa-for-singaporean-citizens,/es/visa-jordan,301,"Lot C1 : Contenu quasi identique au groupe (unicite 1.2%), aucune regle propre, 0 impressions",oui : le hub destination couvre le regime applicable a cette nationalite,inventory/VISA_FOR_DECISION_MATRIX.csv
/es/jordan-visa-for-south-african-citizens,/es/visa-jordan,301,"Lot C1 : Contenu quasi identique au groupe (unicite 9.2%), aucune regle propre, 0 impressions",oui : le hub destination couvre le regime applicable a cette nationalite,inventory/VISA_FOR_DECISION_MATRIX.csv
/es/jordan-visa-for-turkish-citizens,/es/visa-jordan,301,"Lot C1 : Contenu quasi identique au groupe (unicite 1.2%), aucune regle propre, 0 impressions",oui : le hub destination couvre le regime applicable a cette nationalite,inventory/VISA_FOR_DECISION_MATRIX.csv
/es/jordan-visa-for-uk-citizens,/es/visa-jordan,301,"Lot C1 : Contenu quasi identique au groupe (unicite 2.4%), aucune regle propre, 0 impressions",oui : le hub destination couvre le regime applicable a cette nationalite,inventory/VISA_FOR_DECISION_MATRIX.csv
/es/jordan-visa-for-us-citizens,/es/visa-jordan,301,"Lot C1 : Contenu quasi identique au groupe (unicite 1.4%), aucune regle propre, 0 impressions",oui : le hub destination couvre le regime applicable a cette nationalite,inventory/VISA_FOR_DECISION_MATRIX.csv
/es/maldives-visa-for-argentinian-citizens,/es/visa-maldives,301,"Lot C1 : Contenu quasi identique au groupe (unicite 1.8%), aucune regle propre, 0 impressions",oui : le hub destination couvre le regime applicable a cette nationalite,inventory/VISA_FOR_DECISION_MATRIX.csv
/es/maldives-visa-for-australian-citizens,/es/visa-maldives,301,"Lot C1 : Contenu quasi identique au groupe (unicite 1.6%), aucune regle propre, 0 impressions",oui : le hub destination couvre le regime applicable a cette nationalite,inventory/VISA_FOR_DECISION_MATRIX.csv
/es/maldives-visa-for-brazilian-citizens,/es/visa-maldives,301,"Lot C1 : Contenu quasi identique au groupe (unicite 3.3%), aucune regle propre, 0 impressions",oui : le hub destination couvre le regime applicable a cette nationalite,inventory/VISA_FOR_DECISION_MATRIX.csv
/es/maldives-visa-for-canadian-citizens,/es/visa-maldives,301,"Lot C1 : Contenu quasi identique au groupe (unicite 1.8%), aucune regle propre, 0 impressions",oui : le hub destination couvre le regime applicable a cette nationalite,inventory/VISA_FOR_DECISION_MATRIX.csv
/es/maldives-visa-for-chinese-citizens,/es/visa-maldives,301,"Lot C1 : Contenu quasi identique au groupe (unicite 1.6%), aucune regle propre, 0 impressions",oui : le hub destination couvre le regime applicable a cette nationalite,inventory/VISA_FOR_DECISION_MATRIX.csv
/es/maldives-visa-for-french-citizens,/es/visa-maldives,301,"Lot C1 : Contenu quasi identique au groupe (unicite 1.6%), aucune regle propre, 0 impressions",oui : le hub destination couvre le regime applicable a cette nationalite,inventory/VISA_FOR_DECISION_MATRIX.csv
/es/maldives-visa-for-german-citizens,/es/visa-maldives,301,"Lot C1 : Contenu quasi identique au groupe (unicite 1.6%), aucune regle propre, 0 impressions",oui : le hub destination couvre le regime applicable a cette nationalite,inventory/VISA_FOR_DECISION_MATRIX.csv
/es/maldives-visa-for-indian-citizens,/es/visa-maldives,301,"Lot C1 : Contenu quasi identique au groupe (unicite 2.0%), aucune regle propre, 0 impressions",oui : le hub destination couvre le regime applicable a cette nationalite,inventory/VISA_FOR_DECISION_MATRIX.csv
/es/maldives-visa-for-indonesian-citizens,/es/visa-maldives,301,"Lot C1 : Contenu quasi identique au groupe (unicite 1.8%), aucune regle propre, 0 impressions",oui : le hub destination couvre le regime applicable a cette nationalite,inventory/VISA_FOR_DECISION_MATRIX.csv
/es/maldives-visa-for-japanese-citizens,/es/visa-maldives,301,"Lot C1 : Contenu quasi identique au groupe (unicite 1.8%), aucune regle propre, 0 impressions",oui : le hub destination couvre le regime applicable a cette nationalite,inventory/VISA_FOR_DECISION_MATRIX.csv
/es/maldives-visa-for-korean-citizens,/es/visa-maldives,301,"Lot C1 : Contenu quasi identique au groupe (unicite 2.0%), aucune regle propre, 0 impressions",oui : le hub destination couvre le regime applicable a cette nationalite,inventory/VISA_FOR_DECISION_MATRIX.csv
/es/maldives-visa-for-mexican-citizens,/es/visa-maldives,301,"Lot C1 : Contenu quasi identique au groupe (unicite 1.6%), aucune regle propre, 0 impressions",oui : le hub destination couvre le regime applicable a cette nationalite,inventory/VISA_FOR_DECISION_MATRIX.csv
/es/maldives-visa-for-nigerian-citizens,/es/visa-maldives,301,"Lot C1 : Contenu quasi identique au groupe (unicite 1.8%), aucune regle propre, 0 impressions",oui : le hub destination couvre le regime applicable a cette nationalite,inventory/VISA_FOR_DECISION_MATRIX.csv
/es/maldives-visa-for-philippine-citizens,/es/visa-maldives,301,"Lot C1 : Contenu quasi identique au groupe (unicite 1.8%), aucune regle propre, 0 impressions",oui : le hub destination couvre le regime applicable a cette nationalite,inventory/VISA_FOR_DECISION_MATRIX.csv
/es/maldives-visa-for-russian-citizens,/es/visa-maldives,301,"Lot C1 : Contenu quasi identique au groupe (unicite 1.8%), aucune regle propre, 0 impressions",oui : le hub destination couvre le regime applicable a cette nationalite,inventory/VISA_FOR_DECISION_MATRIX.csv
/es/maldives-visa-for-singaporean-citizens,/es/visa-maldives,301,"Lot C1 : Contenu quasi identique au groupe (unicite 1.8%), aucune regle propre, 0 impressions",oui : le hub destination couvre le regime applicable a cette nationalite,inventory/VISA_FOR_DECISION_MATRIX.csv
/es/maldives-visa-for-turkish-citizens,/es/visa-maldives,301,"Lot C1 : Contenu quasi identique au groupe (unicite 1.8%), aucune regle propre, 0 impressions",oui : le hub destination couvre le regime applicable a cette nationalite,inventory/VISA_FOR_DECISION_MATRIX.csv
/es/maldives-visa-for-uk-citizens,/es/visa-maldives,301,"Lot C1 : Contenu quasi identique au groupe (unicite 3.3%), aucune regle propre, 0 impressions",oui : le hub destination couvre le regime applicable a cette nationalite,inventory/VISA_FOR_DECISION_MATRIX.csv
/es/maldives-visa-for-us-citizens,/es/visa-maldives,301,"Lot C1 : Contenu quasi identique au groupe (unicite 2.0%), aucune regle propre, 0 impressions",oui : le hub destination couvre le regime applicable a cette nationalite,inventory/VISA_FOR_DECISION_MATRIX.csv
/es/nepal-visa-for-argentinian-citizens,/es/visa-nepal,301,"Lot C1 : Contenu quasi identique au groupe (unicite 1.4%), aucune regle propre, 0 impressions",oui : le hub destination couvre le regime applicable a cette nationalite,inventory/VISA_FOR_DECISION_MATRIX.csv
/es/nepal-visa-for-australian-citizens,/es/visa-nepal,301,"Lot C1 : Contenu quasi identique au groupe (unicite 1.0%), aucune regle propre, 0 impressions",oui : le hub destination couvre le regime applicable a cette nationalite,inventory/VISA_FOR_DECISION_MATRIX.csv
/es/nepal-visa-for-brazilian-citizens,/es/visa-nepal,301,"Lot C1 : Contenu quasi identique au groupe (unicite 2.0%), aucune regle propre, 0 impressions",oui : le hub destination couvre le regime applicable a cette nationalite,inventory/VISA_FOR_DECISION_MATRIX.csv
/es/nepal-visa-for-chinese-citizens,/es/visa-nepal,301,"Lot C1 : Contenu quasi identique au groupe (unicite 1.2%), aucune regle propre, 0 impressions",oui : le hub destination couvre le regime applicable a cette nationalite,inventory/VISA_FOR_DECISION_MATRIX.csv
/es/nepal-visa-for-french-citizens,/es/visa-nepal,301,"Lot C1 : Contenu quasi identique au groupe (unicite 1.2%), aucune regle propre, 0 impressions",oui : le hub destination couvre le regime applicable a cette nationalite,inventory/VISA_FOR_DECISION_MATRIX.csv
/es/nepal-visa-for-german-citizens,/es/visa-nepal,301,"Lot C1 : Contenu quasi identique au groupe (unicite 1.2%), aucune regle propre, 0 impressions",oui : le hub destination couvre le regime applicable a cette nationalite,inventory/VISA_FOR_DECISION_MATRIX.csv
/es/nepal-visa-for-indonesian-citizens,/es/visa-nepal,301,"Lot C1 : Contenu quasi identique au groupe (unicite 1.2%), aucune regle propre, 0 impressions",oui : le hub destination couvre le regime applicable a cette nationalite,inventory/VISA_FOR_DECISION_MATRIX.csv
/es/nepal-visa-for-korean-citizens,/es/visa-nepal,301,"Lot C1 : Contenu quasi identique au groupe (unicite 1.4%), aucune regle propre, 0 impressions",oui : le hub destination couvre le regime applicable a cette nationalite,inventory/VISA_FOR_DECISION_MATRIX.csv
/es/nepal-visa-for-mexican-citizens,/es/visa-nepal,301,"Lot C1 : Contenu quasi identique au groupe (unicite 1.0%), aucune regle propre, 0 impressions",oui : le hub destination couvre le regime applicable a cette nationalite,inventory/VISA_FOR_DECISION_MATRIX.csv
/es/nepal-visa-for-nigerian-citizens,/es/visa-nepal,301,"Lot C1 : Contenu quasi identique au groupe (unicite 1.0%), aucune regle propre, 0 impressions",oui : le hub destination couvre le regime applicable a cette nationalite,inventory/VISA_FOR_DECISION_MATRIX.csv
/es/nepal-visa-for-russian-citizens,/es/visa-nepal,301,"Lot C1 : Contenu quasi identique au groupe (unicite 1.2%), aucune regle propre, 0 impressions",oui : le hub destination couvre le regime applicable a cette nationalite,inventory/VISA_FOR_DECISION_MATRIX.csv
/es/nepal-visa-for-singaporean-citizens,/es/visa-nepal,301,"Lot C1 : Contenu quasi identique au groupe (unicite 1.2%), aucune regle propre, 0 impressions",oui : le hub destination couvre le regime applicable a cette nationalite,inventory/VISA_FOR_DECISION_MATRIX.csv
/es/nepal-visa-for-south-african-citizens,/es/visa-nepal,301,"Lot C1 : Contenu quasi identique au groupe (unicite 1.4%), aucune regle propre, 0 impressions",oui : le hub destination couvre le regime applicable a cette nationalite,inventory/VISA_FOR_DECISION_MATRIX.csv
/es/nepal-visa-for-turkish-citizens,/es/visa-nepal,301,"Lot C1 : Contenu quasi identique au groupe (unicite 1.2%), aucune regle propre, 0 impressions",oui : le hub destination couvre le regime applicable a cette nationalite,inventory/VISA_FOR_DECISION_MATRIX.csv
/es/nepal-visa-for-uk-citizens,/es/visa-nepal,301,"Lot C1 : Contenu quasi identique au groupe (unicite 2.3%), aucune regle propre, 0 impressions",oui : le hub destination couvre le regime applicable a cette nationalite,inventory/VISA_FOR_DECISION_MATRIX.csv
/es/nepal-visa-for-us-citizens,/es/visa-nepal,301,"Lot C1 : Contenu quasi identique au groupe (unicite 1.0%), aucune regle propre, 0 impressions",oui : le hub destination couvre le regime applicable a cette nationalite,inventory/VISA_FOR_DECISION_MATRIX.csv
/es/singapore-visa-for-singaporean-citizens,/es/visa-singapore,301,"Lot C1 : Contenu quasi identique au groupe (unicite 8.4%), aucune regle propre, 0 impressions",oui : le hub destination couvre le regime applicable a cette nationalite,inventory/VISA_FOR_DECISION_MATRIX.csv
/es/sri-lanka-visa-for-argentinian-citizens,/es/visa-sri-lanka,301,"Lot C1 : Contenu quasi identique au groupe (unicite 1.0%), aucune regle propre, 0 impressions",oui : le hub destination couvre le regime applicable a cette nationalite,inventory/VISA_FOR_DECISION_MATRIX.csv
/es/sri-lanka-visa-for-australian-citizens,/es/visa-sri-lanka,301,"Lot C1 : Contenu tres proche du groupe (unicite 10.0%), 0 impression",oui : le hub destination couvre le regime applicable a cette nationalite,inventory/VISA_FOR_DECISION_MATRIX.csv
/es/sri-lanka-visa-for-brazilian-citizens,/es/visa-sri-lanka,301,"Lot C1 : Contenu quasi identique au groupe (unicite 2.7%), aucune regle propre, 0 impressions",oui : le hub destination couvre le regime applicable a cette nationalite,inventory/VISA_FOR_DECISION_MATRIX.csv
/es/sri-lanka-visa-for-canadian-citizens,/es/visa-sri-lanka,301,"Lot C1 : Contenu tres proche du groupe (unicite 10.2%), 0 impression",oui : le hub destination couvre le regime applicable a cette nationalite,inventory/VISA_FOR_DECISION_MATRIX.csv
/es/sri-lanka-visa-for-french-citizens,/es/visa-sri-lanka,301,"Lot C1 : Contenu tres proche du groupe (unicite 10.0%), 0 impression",oui : le hub destination couvre le regime applicable a cette nationalite,inventory/VISA_FOR_DECISION_MATRIX.csv
/es/sri-lanka-visa-for-german-citizens,/es/visa-sri-lanka,301,"Lot C1 : Contenu quasi identique au groupe (unicite 1.0%), aucune regle propre, 0 impressions",oui : le hub destination couvre le regime applicable a cette nationalite,inventory/VISA_FOR_DECISION_MATRIX.csv
/es/sri-lanka-visa-for-japanese-citizens,/es/visa-sri-lanka,301,"Lot C1 : Contenu tres proche du groupe (unicite 10.2%), 0 impression",oui : le hub destination couvre le regime applicable a cette nationalite,inventory/VISA_FOR_DECISION_MATRIX.csv
/es/sri-lanka-visa-for-korean-citizens,/es/visa-sri-lanka,301,"Lot C1 : Contenu quasi identique au groupe (unicite 1.0%), aucune regle propre, 0 impressions",oui : le hub destination couvre le regime applicable a cette nationalite,inventory/VISA_FOR_DECISION_MATRIX.csv
/es/sri-lanka-visa-for-mexican-citizens,/es/visa-sri-lanka,301,"Lot C1 : Contenu quasi identique au groupe (unicite 1.5%), aucune regle propre, 0 impressions",oui : le hub destination couvre le regime applicable a cette nationalite,inventory/VISA_FOR_DECISION_MATRIX.csv
/es/sri-lanka-visa-for-nigerian-citizens,/es/visa-sri-lanka,301,"Lot C1 : Contenu tres proche du groupe (unicite 10.2%), 0 impression",oui : le hub destination couvre le regime applicable a cette nationalite,inventory/VISA_FOR_DECISION_MATRIX.csv
/es/sri-lanka-visa-for-russian-citizens,/es/visa-sri-lanka,301,"Lot C1 : Contenu quasi identique au groupe (unicite 1.0%), aucune regle propre, 0 impressions",oui : le hub destination couvre le regime applicable a cette nationalite,inventory/VISA_FOR_DECISION_MATRIX.csv
/es/sri-lanka-visa-for-singaporean-citizens,/es/visa-sri-lanka,301,"Lot C1 : Contenu quasi identique au groupe (unicite 10.0%), aucune regle propre, 0 impressions",oui : le hub destination couvre le regime applicable a cette nationalite,inventory/VISA_FOR_DECISION_MATRIX.csv
/es/sri-lanka-visa-for-south-african-citizens,/es/visa-sri-lanka,301,"Lot C1 : Contenu tres proche du groupe (unicite 10.2%), 0 impression",oui : le hub destination couvre le regime applicable a cette nationalite,inventory/VISA_FOR_DECISION_MATRIX.csv
/es/sri-lanka-visa-for-turkish-citizens,/es/visa-sri-lanka,301,"Lot C1 : Contenu quasi identique au groupe (unicite 1.0%), aucune regle propre, 0 impressions",oui : le hub destination couvre le regime applicable a cette nationalite,inventory/VISA_FOR_DECISION_MATRIX.csv
/es/sri-lanka-visa-for-uk-citizens,/es/visa-sri-lanka,301,"Lot C1 : Contenu quasi identique au groupe (unicite 1.7%), aucune regle propre, 0 impressions",oui : le hub destination couvre le regime applicable a cette nationalite,inventory/VISA_FOR_DECISION_MATRIX.csv
/es/sri-lanka-visa-for-us-citizens,/es/visa-sri-lanka,301,"Lot C1 : Contenu tres proche du groupe (unicite 11.7%), 0 impression",oui : le hub destination couvre le regime applicable a cette nationalite,inventory/VISA_FOR_DECISION_MATRIX.csv
/es/thailand-visa-for-australian-citizens,/es/visa-thailand,301,"Lot C1 : Contenu quasi identique au groupe (unicite 5.8%), aucune regle propre, 0 impressions",oui : le hub destination couvre le regime applicable a cette nationalite,inventory/VISA_FOR_DECISION_MATRIX.csv
/es/thailand-visa-for-brazilian-citizens,/es/visa-thailand,301,"Lot C1 : Contenu tres proche du groupe (unicite 13.6%), 0 impression",oui : le hub destination couvre le regime applicable a cette nationalite,inventory/VISA_FOR_DECISION_MATRIX.csv
/es/thailand-visa-for-canadian-citizens,/es/visa-thailand,301,"Lot C1 : Contenu quasi identique au groupe (unicite 5.8%), aucune regle propre, 0 impressions",oui : le hub destination couvre le regime applicable a cette nationalite,inventory/VISA_FOR_DECISION_MATRIX.csv
/es/thailand-visa-for-french-citizens,/es/visa-thailand,301,"Lot C1 : Contenu tres proche du groupe (unicite 12.4%), 0 impression",oui : le hub destination couvre le regime applicable a cette nationalite,inventory/VISA_FOR_DECISION_MATRIX.csv
/es/thailand-visa-for-indonesian-citizens,/es/visa-thailand,301,"Lot C1 : Contenu tres proche du groupe (unicite 11.9%), 0 impression",oui : le hub destination couvre le regime applicable a cette nationalite,inventory/VISA_FOR_DECISION_MATRIX.csv
/es/thailand-visa-for-japanese-citizens,/es/visa-thailand,301,"Lot C1 : Contenu tres proche du groupe (unicite 12.4%), 0 impression",oui : le hub destination couvre le regime applicable a cette nationalite,inventory/VISA_FOR_DECISION_MATRIX.csv
/es/thailand-visa-for-korean-citizens,/es/visa-thailand,301,"Lot C1 : Contenu tres proche du groupe (unicite 12.5%), 0 impression",oui : le hub destination couvre le regime applicable a cette nationalite,inventory/VISA_FOR_DECISION_MATRIX.csv
/es/thailand-visa-for-mexican-citizens,/es/visa-thailand,301,"Lot C1 : Contenu tres proche du groupe (unicite 11.9%), 0 impression",oui : le hub destination couvre le regime applicable a cette nationalite,inventory/VISA_FOR_DECISION_MATRIX.csv
/es/thailand-visa-for-philippine-citizens,/es/visa-thailand,301,"Lot C1 : Contenu tres proche du groupe (unicite 11.9%), 0 impression",oui : le hub destination couvre le regime applicable a cette nationalite,inventory/VISA_FOR_DECISION_MATRIX.csv
/es/thailand-visa-for-singaporean-citizens,/es/visa-thailand,301,"Lot C1 : Contenu quasi identique au groupe (unicite 4.5%), aucune regle propre, 0 impressions",oui : le hub destination couvre le regime applicable a cette nationalite,inventory/VISA_FOR_DECISION_MATRIX.csv
/es/thailand-visa-for-uk-citizens,/es/visa-thailand,301,"Lot C1 : Contenu quasi identique au groupe (unicite 5.5%), aucune regle propre, 0 impressions",oui : le hub destination couvre le regime applicable a cette nationalite,inventory/VISA_FOR_DECISION_MATRIX.csv
/es/thailand-visa-for-us-citizens,/es/visa-thailand,301,"Lot C1 : Contenu quasi identique au groupe (unicite 6.1%), aucune regle propre, 0 impressions",oui : le hub destination couvre le regime applicable a cette nationalite,inventory/VISA_FOR_DECISION_MATRIX.csv
/es/turkey-visa-for-argentinian-citizens,/es/visa-turkey,301,"Lot C1 : Contenu quasi identique au groupe (unicite 5.4%), aucune regle propre, 0 impressions",oui : le hub destination couvre le regime applicable a cette nationalite,inventory/VISA_FOR_DECISION_MATRIX.csv
/es/turkey-visa-for-australian-citizens,/es/visa-turkey,301,"Lot C1 : Contenu quasi identique au groupe (unicite 5.2%), aucune regle propre, 0 impressions",oui : le hub destination couvre le regime applicable a cette nationalite,inventory/VISA_FOR_DECISION_MATRIX.csv
/es/turkey-visa-for-brazilian-citizens,/es/visa-turkey,301,"Lot C1 : Contenu tres proche du groupe (unicite 14.6%), 0 impression",oui : le hub destination couvre le regime applicable a cette nationalite,inventory/VISA_FOR_DECISION_MATRIX.csv
/es/turkey-visa-for-canadian-citizens,/es/visa-turkey,301,"Lot C1 : Contenu tres proche du groupe (unicite 12.7%), 0 impression",oui : le hub destination couvre le regime applicable a cette nationalite,inventory/VISA_FOR_DECISION_MATRIX.csv
/es/turkey-visa-for-chinese-citizens,/es/visa-turkey,301,"Lot C1 : Contenu quasi identique au groupe (unicite 5.4%), aucune regle propre, 0 impressions",oui : le hub destination couvre le regime applicable a cette nationalite,inventory/VISA_FOR_DECISION_MATRIX.csv
/es/turkey-visa-for-indonesian-citizens,/es/visa-turkey,301,"Lot C1 : Contenu tres proche du groupe (unicite 12.9%), 0 impression",oui : le hub destination couvre le regime applicable a cette nationalite,inventory/VISA_FOR_DECISION_MATRIX.csv
/es/turkey-visa-for-japanese-citizens,/es/visa-turkey,301,"Lot C1 : Contenu tres proche du groupe (unicite 12.9%), 0 impression",oui : le hub destination couvre le regime applicable a cette nationalite,inventory/VISA_FOR_DECISION_MATRIX.csv
/es/turkey-visa-for-korean-citizens,/es/visa-turkey,301,"Lot C1 : Contenu tres proche du groupe (unicite 13.0%), 0 impression",oui : le hub destination couvre le regime applicable a cette nationalite,inventory/VISA_FOR_DECISION_MATRIX.csv
/es/turkey-visa-for-mexican-citizens,/es/visa-turkey,301,"Lot C1 : Contenu quasi identique au groupe (unicite 5.2%), aucune regle propre, 0 impressions",oui : le hub destination couvre le regime applicable a cette nationalite,inventory/VISA_FOR_DECISION_MATRIX.csv
/es/turkey-visa-for-nigerian-citizens,/es/visa-turkey,301,"Lot C1 : Contenu quasi identique au groupe (unicite 5.5%), aucune regle propre, 0 impressions",oui : le hub destination couvre le regime applicable a cette nationalite,inventory/VISA_FOR_DECISION_MATRIX.csv
/es/turkey-visa-for-philippine-citizens,/es/visa-turkey,301,"Lot C1 : Contenu quasi identique au groupe (unicite 5.4%), aucune regle propre, 0 impressions",oui : le hub destination couvre le regime applicable a cette nationalite,inventory/VISA_FOR_DECISION_MATRIX.csv
/es/turkey-visa-for-russian-citizens,/es/visa-turkey,301,"Lot C1 : Contenu tres proche du groupe (unicite 12.7%), 0 impression",oui : le hub destination couvre le regime applicable a cette nationalite,inventory/VISA_FOR_DECISION_MATRIX.csv
/es/turkey-visa-for-singaporean-citizens,/es/visa-turkey,301,"Lot C1 : Contenu tres proche du groupe (unicite 12.7%), 0 impression",oui : le hub destination couvre le regime applicable a cette nationalite,inventory/VISA_FOR_DECISION_MATRIX.csv
/es/turkey-visa-for-south-african-citizens,/es/visa-turkey,301,"Lot C1 : Contenu tres proche du groupe (unicite 12.9%), 0 impression",oui : le hub destination couvre le regime applicable a cette nationalite,inventory/VISA_FOR_DECISION_MATRIX.csv
/es/turkey-visa-for-uk-citizens,/es/visa-turkey,301,"Lot C1 : Contenu quasi identique au groupe (unicite 7.2%), aucune regle propre, 0 impressions",oui : le hub destination couvre le regime applicable a cette nationalite,inventory/VISA_FOR_DECISION_MATRIX.csv
/es/turkey-visa-for-us-citizens,/es/visa-turkey,301,"Lot C1 : Contenu tres proche du groupe (unicite 12.0%), 0 impression",oui : le hub destination couvre le regime applicable a cette nationalite,inventory/VISA_FOR_DECISION_MATRIX.csv
/pt/cambodia-visa-for-argentinian-citizens,/pt/visa-cambodia,301,"Lot C1 : Contenu tres proche du groupe (unicite 12.8%), 0 impression",oui : le hub destination couvre le regime applicable a cette nationalite,inventory/VISA_FOR_DECISION_MATRIX.csv
/pt/cambodia-visa-for-australian-citizens,/pt/visa-cambodia,301,"Lot C1 : Contenu tres proche du groupe (unicite 11.5%), 0 impression",oui : le hub destination couvre le regime applicable a cette nationalite,inventory/VISA_FOR_DECISION_MATRIX.csv
/pt/cambodia-visa-for-brazilian-citizens,/pt/visa-cambodia,301,"Lot C1 : Contenu tres proche du groupe (unicite 12.8%), 0 impression",oui : le hub destination couvre le regime applicable a cette nationalite,inventory/VISA_FOR_DECISION_MATRIX.csv
/pt/cambodia-visa-for-canadian-citizens,/pt/visa-cambodia,301,"Lot C1 : Contenu tres proche du groupe (unicite 12.1%), 0 impression",oui : le hub destination couvre le regime applicable a cette nationalite,inventory/VISA_FOR_DECISION_MATRIX.csv
/pt/cambodia-visa-for-chinese-citizens,/pt/visa-cambodia,301,"Lot C1 : Contenu tres proche du groupe (unicite 13.6%), 0 impression",oui : le hub destination couvre le regime applicable a cette nationalite,inventory/VISA_FOR_DECISION_MATRIX.csv
/pt/cambodia-visa-for-french-citizens,/pt/visa-cambodia,301,"Lot C1 : Contenu tres proche du groupe (unicite 12.7%), 0 impression",oui : le hub destination couvre le regime applicable a cette nationalite,inventory/VISA_FOR_DECISION_MATRIX.csv
/pt/cambodia-visa-for-german-citizens,/pt/visa-cambodia,301,"Lot C1 : Contenu tres proche du groupe (unicite 13.6%), 0 impression",oui : le hub destination couvre le regime applicable a cette nationalite,inventory/VISA_FOR_DECISION_MATRIX.csv
/pt/cambodia-visa-for-indian-citizens,/pt/visa-cambodia,301,"Lot C1 : Contenu tres proche du groupe (unicite 11.4%), 0 impression",oui : le hub destination couvre le regime applicable a cette nationalite,inventory/VISA_FOR_DECISION_MATRIX.csv
/pt/cambodia-visa-for-japanese-citizens,/pt/visa-cambodia,301,"Lot C1 : Contenu tres proche du groupe (unicite 12.5%), 0 impression",oui : le hub destination couvre le regime applicable a cette nationalite,inventory/VISA_FOR_DECISION_MATRIX.csv
/pt/cambodia-visa-for-korean-citizens,/pt/visa-cambodia,301,"Lot C1 : Contenu tres proche du groupe (unicite 12.5%), 0 impression",oui : le hub destination couvre le regime applicable a cette nationalite,inventory/VISA_FOR_DECISION_MATRIX.csv
/pt/cambodia-visa-for-mexican-citizens,/pt/visa-cambodia,301,"Lot C1 : Contenu tres proche du groupe (unicite 11.5%), 0 impression",oui : le hub destination couvre le regime applicable a cette nationalite,inventory/VISA_FOR_DECISION_MATRIX.csv
/pt/cambodia-visa-for-nigerian-citizens,/pt/visa-cambodia,301,"Lot C1 : Contenu tres proche du groupe (unicite 13.4%), 0 impression",oui : le hub destination couvre le regime applicable a cette nationalite,inventory/VISA_FOR_DECISION_MATRIX.csv
/pt/cambodia-visa-for-russian-citizens,/pt/visa-cambodia,301,"Lot C1 : Contenu tres proche du groupe (unicite 12.5%), 0 impression",oui : le hub destination couvre le regime applicable a cette nationalite,inventory/VISA_FOR_DECISION_MATRIX.csv
/pt/cambodia-visa-for-south-african-citizens,/pt/visa-cambodia,301,"Lot C1 : Contenu tres proche du groupe (unicite 13.6%), 0 impression",oui : le hub destination couvre le regime applicable a cette nationalite,inventory/VISA_FOR_DECISION_MATRIX.csv
/pt/cambodia-visa-for-turkish-citizens,/pt/visa-cambodia,301,"Lot C1 : Contenu tres proche du groupe (unicite 12.5%), 0 impression",oui : le hub destination couvre le regime applicable a cette nationalite,inventory/VISA_FOR_DECISION_MATRIX.csv
/pt/cambodia-visa-for-uk-citizens,/pt/visa-cambodia,301,"Lot C1 : Contenu tres proche du groupe (unicite 13.8%), 0 impression",oui : le hub destination couvre le regime applicable a cette nationalite,inventory/VISA_FOR_DECISION_MATRIX.csv
/pt/cambodia-visa-for-us-citizens,/pt/visa-cambodia,301,"Lot C1 : Contenu tres proche du groupe (unicite 12.9%), 0 impression",oui : le hub destination couvre le regime applicable a cette nationalite,inventory/VISA_FOR_DECISION_MATRIX.csv
/pt/india-visa-for-argentinian-citizens,/pt/visa-india,301,"Lot C1 : Contenu quasi identique au groupe (unicite 0.9%), aucune regle propre, 0 impressions",oui : le hub destination couvre le regime applicable a cette nationalite,inventory/VISA_FOR_DECISION_MATRIX.csv
/pt/india-visa-for-australian-citizens,/pt/visa-india,301,"Lot C1 : Contenu quasi identique au groupe (unicite 0.0%), aucune regle propre, 0 impressions",oui : le hub destination couvre le regime applicable a cette nationalite,inventory/VISA_FOR_DECISION_MATRIX.csv
/pt/india-visa-for-brazilian-citizens,/pt/visa-india,301,"Lot C1 : Contenu quasi identique au groupe (unicite 1.0%), aucune regle propre, 0 impressions",oui : le hub destination couvre le regime applicable a cette nationalite,inventory/VISA_FOR_DECISION_MATRIX.csv
/pt/india-visa-for-canadian-citizens,/pt/visa-india,301,"Lot C1 : Contenu quasi identique au groupe (unicite 0.9%), aucune regle propre, 0 impressions",oui : le hub destination couvre le regime applicable a cette nationalite,inventory/VISA_FOR_DECISION_MATRIX.csv
/pt/india-visa-for-chinese-citizens,/pt/visa-india,301,"Lot C1 : Contenu quasi identique au groupe (unicite 0.2%), aucune regle propre, 0 impressions",oui : le hub destination couvre le regime applicable a cette nationalite,inventory/VISA_FOR_DECISION_MATRIX.csv
/pt/india-visa-for-french-citizens,/pt/visa-india,301,"Lot C1 : Contenu quasi identique au groupe (unicite 0.9%), aucune regle propre, 0 impressions",oui : le hub destination couvre le regime applicable a cette nationalite,inventory/VISA_FOR_DECISION_MATRIX.csv
/pt/india-visa-for-german-citizens,/pt/visa-india,301,"Lot C1 : Contenu quasi identique au groupe (unicite 0.8%), aucune regle propre, 0 impressions",oui : le hub destination couvre le regime applicable a cette nationalite,inventory/VISA_FOR_DECISION_MATRIX.csv
/pt/india-visa-for-indonesian-citizens,/pt/visa-india,301,"Lot C1 : Contenu quasi identique au groupe (unicite 1.9%), aucune regle propre, 0 impressions",oui : le hub destination couvre le regime applicable a cette nationalite,inventory/VISA_FOR_DECISION_MATRIX.csv
/pt/india-visa-for-japanese-citizens,/pt/visa-india,301,"Lot C1 : Contenu quasi identique au groupe (unicite 1.0%), aucune regle propre, 0 impressions",oui : le hub destination couvre le regime applicable a cette nationalite,inventory/VISA_FOR_DECISION_MATRIX.csv
/pt/india-visa-for-korean-citizens,/pt/visa-india,301,"Lot C1 : Contenu quasi identique au groupe (unicite 1.0%), aucune regle propre, 0 impressions",oui : le hub destination couvre le regime applicable a cette nationalite,inventory/VISA_FOR_DECISION_MATRIX.csv
/pt/india-visa-for-mexican-citizens,/pt/visa-india,301,"Lot C1 : Contenu quasi identique au groupe (unicite 0.2%), aucune regle propre, 0 impressions",oui : le hub destination couvre le regime applicable a cette nationalite,inventory/VISA_FOR_DECISION_MATRIX.csv
/pt/india-visa-for-nigerian-citizens,/pt/visa-india,301,"Lot C1 : Contenu quasi identique au groupe (unicite 0.2%), aucune regle propre, 0 impressions",oui : le hub destination couvre le regime applicable a cette nationalite,inventory/VISA_FOR_DECISION_MATRIX.csv
/pt/india-visa-for-philippine-citizens,/pt/visa-india,301,"Lot C1 : Contenu quasi identique au groupe (unicite 1.0%), aucune regle propre, 0 impressions",oui : le hub destination couvre le regime applicable a cette nationalite,inventory/VISA_FOR_DECISION_MATRIX.csv
/pt/india-visa-for-russian-citizens,/pt/visa-india,301,"Lot C1 : Contenu quasi identique au groupe (unicite 1.0%), aucune regle propre, 0 impressions",oui : le hub destination couvre le regime applicable a cette nationalite,inventory/VISA_FOR_DECISION_MATRIX.csv
/pt/india-visa-for-singaporean-citizens,/pt/visa-india,301,"Lot C1 : Contenu quasi identique au groupe (unicite 1.0%), aucune regle propre, 0 impressions",oui : le hub destination couvre le regime applicable a cette nationalite,inventory/VISA_FOR_DECISION_MATRIX.csv
/pt/india-visa-for-south-african-citizens,/pt/visa-india,301,"Lot C1 : Contenu quasi identique au groupe (unicite 1.9%), aucune regle propre, 0 impressions",oui : le hub destination couvre le regime applicable a cette nationalite,inventory/VISA_FOR_DECISION_MATRIX.csv
/pt/india-visa-for-turkish-citizens,/pt/visa-india,301,"Lot C1 : Contenu quasi identique au groupe (unicite 0.9%), aucune regle propre, 0 impressions",oui : le hub destination couvre le regime applicable a cette nationalite,inventory/VISA_FOR_DECISION_MATRIX.csv
/pt/india-visa-for-uk-citizens,/pt/visa-india,301,"Lot C1 : Contenu quasi identique au groupe (unicite 1.7%), aucune regle propre, 0 impressions",oui : le hub destination couvre le regime applicable a cette nationalite,inventory/VISA_FOR_DECISION_MATRIX.csv
/pt/india-visa-for-us-citizens,/pt/visa-india,301,"Lot C1 : Contenu quasi identique au groupe (unicite 1.7%), aucune regle propre, 0 impressions",oui : le hub destination couvre le regime applicable a cette nationalite,inventory/VISA_FOR_DECISION_MATRIX.csv
/pt/indonesia-visa-for-argentinian-citizens,/pt/visa-indonesia,301,"Lot C1 : Contenu tres proche du groupe (unicite 13.1%), 0 impression",oui : le hub destination couvre le regime applicable a cette nationalite,inventory/VISA_FOR_DECISION_MATRIX.csv
/pt/indonesia-visa-for-australian-citizens,/pt/visa-indonesia,301,"Lot C1 : Contenu tres proche du groupe (unicite 12.7%), 0 impression",oui : le hub destination couvre le regime applicable a cette nationalite,inventory/VISA_FOR_DECISION_MATRIX.csv
/pt/indonesia-visa-for-canadian-citizens,/pt/visa-indonesia,301,"Lot C1 : Contenu tres proche du groupe (unicite 13.2%), 0 impression",oui : le hub destination couvre le regime applicable a cette nationalite,inventory/VISA_FOR_DECISION_MATRIX.csv
/pt/indonesia-visa-for-indian-citizens,/pt/visa-indonesia,301,"Lot C1 : Contenu tres proche du groupe (unicite 11.5%), 0 impression",oui : le hub destination couvre le regime applicable a cette nationalite,inventory/VISA_FOR_DECISION_MATRIX.csv
/pt/indonesia-visa-for-japanese-citizens,/pt/visa-indonesia,301,"Lot C1 : Contenu tres proche du groupe (unicite 13.3%), 0 impression",oui : le hub destination couvre le regime applicable a cette nationalite,inventory/VISA_FOR_DECISION_MATRIX.csv
/pt/indonesia-visa-for-mexican-citizens,/pt/visa-indonesia,301,"Lot C1 : Contenu tres proche du groupe (unicite 11.9%), 0 impression",oui : le hub destination couvre le regime applicable a cette nationalite,inventory/VISA_FOR_DECISION_MATRIX.csv
/pt/indonesia-visa-for-uk-citizens,/pt/visa-indonesia,301,"Lot C1 : Contenu tres proche du groupe (unicite 14.3%), 0 impression",oui : le hub destination couvre le regime applicable a cette nationalite,inventory/VISA_FOR_DECISION_MATRIX.csv
/pt/jordan-visa-for-argentinian-citizens,/pt/visa-jordan,301,"Lot C1 : Contenu quasi identique au groupe (unicite 1.2%), aucune regle propre, 0 impressions",oui : le hub destination couvre le regime applicable a cette nationalite,inventory/VISA_FOR_DECISION_MATRIX.csv
/pt/jordan-visa-for-australian-citizens,/pt/visa-jordan,301,"Lot C1 : Contenu quasi identique au groupe (unicite 0.0%), aucune regle propre, 0 impressions",oui : le hub destination couvre le regime applicable a cette nationalite,inventory/VISA_FOR_DECISION_MATRIX.csv
/pt/jordan-visa-for-brazilian-citizens,/pt/visa-jordan,301,"Lot C1 : Contenu quasi identique au groupe (unicite 9.6%), aucune regle propre, 0 impressions",oui : le hub destination couvre le regime applicable a cette nationalite,inventory/VISA_FOR_DECISION_MATRIX.csv
/pt/jordan-visa-for-canadian-citizens,/pt/visa-jordan,301,"Lot C1 : Contenu quasi identique au groupe (unicite 0.8%), aucune regle propre, 0 impressions",oui : le hub destination couvre le regime applicable a cette nationalite,inventory/VISA_FOR_DECISION_MATRIX.csv
/pt/jordan-visa-for-french-citizens,/pt/visa-jordan,301,"Lot C1 : Contenu quasi identique au groupe (unicite 1.2%), aucune regle propre, 0 impressions",oui : le hub destination couvre le regime applicable a cette nationalite,inventory/VISA_FOR_DECISION_MATRIX.csv
/pt/jordan-visa-for-german-citizens,/pt/visa-jordan,301,"Lot C1 : Contenu quasi identique au groupe (unicite 9.2%), aucune regle propre, 0 impressions",oui : le hub destination couvre le regime applicable a cette nationalite,inventory/VISA_FOR_DECISION_MATRIX.csv
/pt/jordan-visa-for-indonesian-citizens,/pt/visa-jordan,301,"Lot C1 : Contenu quasi identique au groupe (unicite 2.4%), aucune regle propre, 0 impressions",oui : le hub destination couvre le regime applicable a cette nationalite,inventory/VISA_FOR_DECISION_MATRIX.csv
/pt/jordan-visa-for-japanese-citizens,/pt/visa-jordan,301,"Lot C1 : Contenu quasi identique au groupe (unicite 1.2%), aucune regle propre, 0 impressions",oui : le hub destination couvre le regime applicable a cette nationalite,inventory/VISA_FOR_DECISION_MATRIX.csv
/pt/jordan-visa-for-korean-citizens,/pt/visa-jordan,301,"Lot C1 : Contenu quasi identique au groupe (unicite 2.4%), aucune regle propre, 0 impressions",oui : le hub destination couvre le regime applicable a cette nationalite,inventory/VISA_FOR_DECISION_MATRIX.csv
/pt/jordan-visa-for-mexican-citizens,/pt/visa-jordan,301,"Lot C1 : Contenu quasi identique au groupe (unicite 0.0%), aucune regle propre, 0 impressions",oui : le hub destination couvre le regime applicable a cette nationalite,inventory/VISA_FOR_DECISION_MATRIX.csv
/pt/jordan-visa-for-philippine-citizens,/pt/visa-jordan,301,"Lot C1 : Contenu quasi identique au groupe (unicite 1.4%), aucune regle propre, 0 impressions",oui : le hub destination couvre le regime applicable a cette nationalite,inventory/VISA_FOR_DECISION_MATRIX.csv
/pt/jordan-visa-for-russian-citizens,/pt/visa-jordan,301,"Lot C1 : Contenu quasi identique au groupe (unicite 1.2%), aucune regle propre, 0 impressions",oui : le hub destination couvre le regime applicable a cette nationalite,inventory/VISA_FOR_DECISION_MATRIX.csv
/pt/jordan-visa-for-singaporean-citizens,/pt/visa-jordan,301,"Lot C1 : Contenu quasi identique au groupe (unicite 1.2%), aucune regle propre, 0 impressions",oui : le hub destination couvre le regime applicable a cette nationalite,inventory/VISA_FOR_DECISION_MATRIX.csv
/pt/jordan-visa-for-south-african-citizens,/pt/visa-jordan,301,"Lot C1 : Contenu tres proche du groupe (unicite 10.5%), 0 impression",oui : le hub destination couvre le regime applicable a cette nationalite,inventory/VISA_FOR_DECISION_MATRIX.csv
/pt/jordan-visa-for-turkish-citizens,/pt/visa-jordan,301,"Lot C1 : Contenu quasi identique au groupe (unicite 1.2%), aucune regle propre, 0 impressions",oui : le hub destination couvre le regime applicable a cette nationalite,inventory/VISA_FOR_DECISION_MATRIX.csv
/pt/jordan-visa-for-uk-citizens,/pt/visa-jordan,301,"Lot C1 : Contenu quasi identique au groupe (unicite 2.4%), aucune regle propre, 0 impressions",oui : le hub destination couvre le regime applicable a cette nationalite,inventory/VISA_FOR_DECISION_MATRIX.csv
/pt/jordan-visa-for-us-citizens,/pt/visa-jordan,301,"Lot C1 : Contenu quasi identique au groupe (unicite 2.3%), aucune regle propre, 0 impressions",oui : le hub destination couvre le regime applicable a cette nationalite,inventory/VISA_FOR_DECISION_MATRIX.csv
/pt/maldives-visa-for-argentinian-citizens,/pt/visa-maldives,301,"Lot C1 : Contenu quasi identique au groupe (unicite 1.8%), aucune regle propre, 0 impressions",oui : le hub destination couvre le regime applicable a cette nationalite,inventory/VISA_FOR_DECISION_MATRIX.csv
/pt/maldives-visa-for-australian-citizens,/pt/visa-maldives,301,"Lot C1 : Contenu quasi identique au groupe (unicite 0.2%), aucune regle propre, 0 impressions",oui : le hub destination couvre le regime applicable a cette nationalite,inventory/VISA_FOR_DECISION_MATRIX.csv
/pt/maldives-visa-for-brazilian-citizens,/pt/visa-maldives,301,"Lot C1 : Contenu quasi identique au groupe (unicite 1.8%), aucune regle propre, 0 impressions",oui : le hub destination couvre le regime applicable a cette nationalite,inventory/VISA_FOR_DECISION_MATRIX.csv
/pt/maldives-visa-for-canadian-citizens,/pt/visa-maldives,301,"Lot C1 : Contenu quasi identique au groupe (unicite 1.4%), aucune regle propre, 0 impressions",oui : le hub destination couvre le regime applicable a cette nationalite,inventory/VISA_FOR_DECISION_MATRIX.csv
/pt/maldives-visa-for-chinese-citizens,/pt/visa-maldives,301,"Lot C1 : Contenu quasi identique au groupe (unicite 0.2%), aucune regle propre, 0 impressions",oui : le hub destination couvre le regime applicable a cette nationalite,inventory/VISA_FOR_DECISION_MATRIX.csv
/pt/maldives-visa-for-french-citizens,/pt/visa-maldives,301,"Lot C1 : Contenu quasi identique au groupe (unicite 1.8%), aucune regle propre, 0 impressions",oui : le hub destination couvre le regime applicable a cette nationalite,inventory/VISA_FOR_DECISION_MATRIX.csv
/pt/maldives-visa-for-german-citizens,/pt/visa-maldives,301,"Lot C1 : Contenu quasi identique au groupe (unicite 1.8%), aucune regle propre, 0 impressions",oui : le hub destination couvre le regime applicable a cette nationalite,inventory/VISA_FOR_DECISION_MATRIX.csv
/pt/maldives-visa-for-indian-citizens,/pt/visa-maldives,301,"Lot C1 : Contenu quasi identique au groupe (unicite 0.4%), aucune regle propre, 0 impressions",oui : le hub destination couvre le regime applicable a cette nationalite,inventory/VISA_FOR_DECISION_MATRIX.csv
/pt/maldives-visa-for-indonesian-citizens,/pt/visa-maldives,301,"Lot C1 : Contenu quasi identique au groupe (unicite 3.5%), aucune regle propre, 0 impressions",oui : le hub destination couvre le regime applicable a cette nationalite,inventory/VISA_FOR_DECISION_MATRIX.csv
/pt/maldives-visa-for-japanese-citizens,/pt/visa-maldives,301,"Lot C1 : Contenu quasi identique au groupe (unicite 1.8%), aucune regle propre, 0 impressions",oui : le hub destination couvre le regime applicable a cette nationalite,inventory/VISA_FOR_DECISION_MATRIX.csv
/pt/maldives-visa-for-korean-citizens,/pt/visa-maldives,301,"Lot C1 : Contenu quasi identique au groupe (unicite 2.2%), aucune regle propre, 0 impressions",oui : le hub destination couvre le regime applicable a cette nationalite,inventory/VISA_FOR_DECISION_MATRIX.csv
/pt/maldives-visa-for-mexican-citizens,/pt/visa-maldives,301,"Lot C1 : Contenu quasi identique au groupe (unicite 0.2%), aucune regle propre, 0 impressions",oui : le hub destination couvre le regime applicable a cette nationalite,inventory/VISA_FOR_DECISION_MATRIX.csv
/pt/maldives-visa-for-nigerian-citizens,/pt/visa-maldives,301,"Lot C1 : Contenu quasi identique au groupe (unicite 0.4%), aucune regle propre, 0 impressions",oui : le hub destination couvre le regime applicable a cette nationalite,inventory/VISA_FOR_DECISION_MATRIX.csv
/pt/maldives-visa-for-philippine-citizens,/pt/visa-maldives,301,"Lot C1 : Contenu quasi identique au groupe (unicite 1.8%), aucune regle propre, 0 impressions",oui : le hub destination couvre le regime applicable a cette nationalite,inventory/VISA_FOR_DECISION_MATRIX.csv
/pt/maldives-visa-for-russian-citizens,/pt/visa-maldives,301,"Lot C1 : Contenu quasi identique au groupe (unicite 1.8%), aucune regle propre, 0 impressions",oui : le hub destination couvre le regime applicable a cette nationalite,inventory/VISA_FOR_DECISION_MATRIX.csv
/pt/maldives-visa-for-singaporean-citizens,/pt/visa-maldives,301,"Lot C1 : Contenu quasi identique au groupe (unicite 1.8%), aucune regle propre, 0 impressions",oui : le hub destination couvre le regime applicable a cette nationalite,inventory/VISA_FOR_DECISION_MATRIX.csv
/pt/maldives-visa-for-south-african-citizens,/pt/visa-maldives,301,"Lot C1 : Contenu tres proche du groupe (unicite 10.4%), 0 impression",oui : le hub destination couvre le regime applicable a cette nationalite,inventory/VISA_FOR_DECISION_MATRIX.csv
/pt/maldives-visa-for-turkish-citizens,/pt/visa-maldives,301,"Lot C1 : Contenu quasi identique au groupe (unicite 1.8%), aucune regle propre, 0 impressions",oui : le hub destination couvre le regime applicable a cette nationalite,inventory/VISA_FOR_DECISION_MATRIX.csv
/pt/maldives-visa-for-uk-citizens,/pt/visa-maldives,301,"Lot C1 : Contenu quasi identique au groupe (unicite 3.5%), aucune regle propre, 0 impressions",oui : le hub destination couvre le regime applicable a cette nationalite,inventory/VISA_FOR_DECISION_MATRIX.csv
/pt/maldives-visa-for-us-citizens,/pt/visa-maldives,301,"Lot C1 : Contenu quasi identique au groupe (unicite 3.3%), aucune regle propre, 0 impressions",oui : le hub destination couvre le regime applicable a cette nationalite,inventory/VISA_FOR_DECISION_MATRIX.csv
/pt/nepal-visa-for-argentinian-citizens,/pt/visa-nepal,301,"Lot C1 : Contenu quasi identique au groupe (unicite 1.4%), aucune regle propre, 0 impressions",oui : le hub destination couvre le regime applicable a cette nationalite,inventory/VISA_FOR_DECISION_MATRIX.csv
/pt/nepal-visa-for-australian-citizens,/pt/visa-nepal,301,"Lot C1 : Contenu quasi identique au groupe (unicite 0.4%), aucune regle propre, 0 impressions",oui : le hub destination couvre le regime applicable a cette nationalite,inventory/VISA_FOR_DECISION_MATRIX.csv
/pt/nepal-visa-for-brazilian-citizens,/pt/visa-nepal,301,"Lot C1 : Contenu quasi identique au groupe (unicite 1.6%), aucune regle propre, 0 impressions",oui : le hub destination couvre le regime applicable a cette nationalite,inventory/VISA_FOR_DECISION_MATRIX.csv
/pt/nepal-visa-for-canadian-citizens,/pt/visa-nepal,301,"Lot C1 : Contenu quasi identique au groupe (unicite 9.9%), aucune regle propre, 0 impressions",oui : le hub destination couvre le regime applicable a cette nationalite,inventory/VISA_FOR_DECISION_MATRIX.csv
/pt/nepal-visa-for-chinese-citizens,/pt/visa-nepal,301,"Lot C1 : Contenu quasi identique au groupe (unicite 0.6%), aucune regle propre, 0 impressions",oui : le hub destination couvre le regime applicable a cette nationalite,inventory/VISA_FOR_DECISION_MATRIX.csv
/pt/nepal-visa-for-french-citizens,/pt/visa-nepal,301,"Lot C1 : Contenu quasi identique au groupe (unicite 1.6%), aucune regle propre, 0 impressions",oui : le hub destination couvre le regime applicable a cette nationalite,inventory/VISA_FOR_DECISION_MATRIX.csv
/pt/nepal-visa-for-german-citizens,/pt/visa-nepal,301,"Lot C1 : Contenu quasi identique au groupe (unicite 1.6%), aucune regle propre, 0 impressions",oui : le hub destination couvre le regime applicable a cette nationalite,inventory/VISA_FOR_DECISION_MATRIX.csv
/pt/nepal-visa-for-indonesian-citizens,/pt/visa-nepal,301,"Lot C1 : Contenu quasi identique au groupe (unicite 2.8%), aucune regle propre, 0 impressions",oui : le hub destination couvre le regime applicable a cette nationalite,inventory/VISA_FOR_DECISION_MATRIX.csv
/pt/nepal-visa-for-japanese-citizens,/pt/visa-nepal,301,"Lot C1 : Contenu tres proche du groupe (unicite 10.0%), 0 impression",oui : le hub destination couvre le regime applicable a cette nationalite,inventory/VISA_FOR_DECISION_MATRIX.csv
/pt/nepal-visa-for-korean-citizens,/pt/visa-nepal,301,"Lot C1 : Contenu quasi identique au groupe (unicite 2.2%), aucune regle propre, 0 impressions",oui : le hub destination couvre le regime applicable a cette nationalite,inventory/VISA_FOR_DECISION_MATRIX.csv
/pt/nepal-visa-for-mexican-citizens,/pt/visa-nepal,301,"Lot C1 : Contenu quasi identique au groupe (unicite 0.4%), aucune regle propre, 0 impressions",oui : le hub destination couvre le regime applicable a cette nationalite,inventory/VISA_FOR_DECISION_MATRIX.csv
/pt/nepal-visa-for-nigerian-citizens,/pt/visa-nepal,301,"Lot C1 : Contenu quasi identique au groupe (unicite 0.6%), aucune regle propre, 0 impressions",oui : le hub destination couvre le regime applicable a cette nationalite,inventory/VISA_FOR_DECISION_MATRIX.csv
/pt/nepal-visa-for-philippine-citizens,/pt/visa-nepal,301,"Lot C1 : Contenu quasi identique au groupe (unicite 9.9%), aucune regle propre, 0 impressions",oui : le hub destination couvre le regime applicable a cette nationalite,inventory/VISA_FOR_DECISION_MATRIX.csv
/pt/nepal-visa-for-russian-citizens,/pt/visa-nepal,301,"Lot C1 : Contenu quasi identique au groupe (unicite 1.8%), aucune regle propre, 0 impressions",oui : le hub destination couvre le regime applicable a cette nationalite,inventory/VISA_FOR_DECISION_MATRIX.csv
/pt/nepal-visa-for-singaporean-citizens,/pt/visa-nepal,301,"Lot C1 : Contenu quasi identique au groupe (unicite 1.6%), aucune regle propre, 0 impressions",oui : le hub destination couvre le regime applicable a cette nationalite,inventory/VISA_FOR_DECISION_MATRIX.csv
/pt/nepal-visa-for-south-african-citizens,/pt/visa-nepal,301,"Lot C1 : Contenu quasi identique au groupe (unicite 3.0%), aucune regle propre, 0 impressions",oui : le hub destination couvre le regime applicable a cette nationalite,inventory/VISA_FOR_DECISION_MATRIX.csv
/pt/nepal-visa-for-turkish-citizens,/pt/visa-nepal,301,"Lot C1 : Contenu quasi identique au groupe (unicite 1.6%), aucune regle propre, 0 impressions",oui : le hub destination couvre le regime applicable a cette nationalite,inventory/VISA_FOR_DECISION_MATRIX.csv
/pt/nepal-visa-for-uk-citizens,/pt/visa-nepal,301,"Lot C1 : Contenu quasi identique au groupe (unicite 2.0%), aucune regle propre, 0 impressions",oui : le hub destination couvre le regime applicable a cette nationalite,inventory/VISA_FOR_DECISION_MATRIX.csv
/pt/nepal-visa-for-us-citizens,/pt/visa-nepal,301,"Lot C1 : Contenu quasi identique au groupe (unicite 2.2%), aucune regle propre, 0 impressions",oui : le hub destination couvre le regime applicable a cette nationalite,inventory/VISA_FOR_DECISION_MATRIX.csv
/pt/sri-lanka-visa-for-argentinian-citizens,/pt/visa-sri-lanka,301,"Lot C1 : Contenu quasi identique au groupe (unicite 1.2%), aucune regle propre, 0 impressions",oui : le hub destination couvre le regime applicable a cette nationalite,inventory/VISA_FOR_DECISION_MATRIX.csv
/pt/sri-lanka-visa-for-australian-citizens,/pt/visa-sri-lanka,301,"Lot C1 : Contenu quasi identique au groupe (unicite 9.4%), aucune regle propre, 0 impressions",oui : le hub destination couvre le regime applicable a cette nationalite,inventory/VISA_FOR_DECISION_MATRIX.csv
/pt/sri-lanka-visa-for-brazilian-citizens,/pt/visa-sri-lanka,301,"Lot C1 : Contenu quasi identique au groupe (unicite 1.4%), aucune regle propre, 0 impressions",oui : le hub destination couvre le regime applicable a cette nationalite,inventory/VISA_FOR_DECISION_MATRIX.csv
/pt/sri-lanka-visa-for-canadian-citizens,/pt/visa-sri-lanka,301,"Lot C1 : Contenu tres proche du groupe (unicite 10.6%), 0 impression",oui : le hub destination couvre le regime applicable a cette nationalite,inventory/VISA_FOR_DECISION_MATRIX.csv
/pt/sri-lanka-visa-for-french-citizens,/pt/visa-sri-lanka,301,"Lot C1 : Contenu tres proche du groupe (unicite 10.6%), 0 impression",oui : le hub destination couvre le regime applicable a cette nationalite,inventory/VISA_FOR_DECISION_MATRIX.csv
/pt/sri-lanka-visa-for-german-citizens,/pt/visa-sri-lanka,301,"Lot C1 : Contenu quasi identique au groupe (unicite 1.2%), aucune regle propre, 0 impressions",oui : le hub destination couvre le regime applicable a cette nationalite,inventory/VISA_FOR_DECISION_MATRIX.csv
/pt/sri-lanka-visa-for-japanese-citizens,/pt/visa-sri-lanka,301,"Lot C1 : Contenu tres proche du groupe (unicite 10.6%), 0 impression",oui : le hub destination couvre le regime applicable a cette nationalite,inventory/VISA_FOR_DECISION_MATRIX.csv
/pt/sri-lanka-visa-for-korean-citizens,/pt/visa-sri-lanka,301,"Lot C1 : Contenu quasi identique au groupe (unicite 1.4%), aucune regle propre, 0 impressions",oui : le hub destination couvre le regime applicable a cette nationalite,inventory/VISA_FOR_DECISION_MATRIX.csv
/pt/sri-lanka-visa-for-mexican-citizens,/pt/visa-sri-lanka,301,"Lot C1 : Contenu quasi identique au groupe (unicite 0.2%), aucune regle propre, 0 impressions",oui : le hub destination couvre le regime applicable a cette nationalite,inventory/VISA_FOR_DECISION_MATRIX.csv
/pt/sri-lanka-visa-for-nigerian-citizens,/pt/visa-sri-lanka,301,"Lot C1 : Contenu quasi identique au groupe (unicite 9.2%), aucune regle propre, 0 impressions",oui : le hub destination couvre le regime applicable a cette nationalite,inventory/VISA_FOR_DECISION_MATRIX.csv
/pt/sri-lanka-visa-for-russian-citizens,/pt/visa-sri-lanka,301,"Lot C1 : Contenu quasi identique au groupe (unicite 1.4%), aucune regle propre, 0 impressions",oui : le hub destination couvre le regime applicable a cette nationalite,inventory/VISA_FOR_DECISION_MATRIX.csv
/pt/sri-lanka-visa-for-singaporean-citizens,/pt/visa-sri-lanka,301,"Lot C1 : Contenu tres proche du groupe (unicite 10.8%), 0 impression",oui : le hub destination couvre le regime applicable a cette nationalite,inventory/VISA_FOR_DECISION_MATRIX.csv
/pt/sri-lanka-visa-for-south-african-citizens,/pt/visa-sri-lanka,301,"Lot C1 : Contenu tres proche du groupe (unicite 12.1%), 0 impression",oui : le hub destination couvre le regime applicable a cette nationalite,inventory/VISA_FOR_DECISION_MATRIX.csv
/pt/sri-lanka-visa-for-turkish-citizens,/pt/visa-sri-lanka,301,"Lot C1 : Contenu quasi identique au groupe (unicite 1.2%), aucune regle propre, 0 impressions",oui : le hub destination couvre le regime applicable a cette nationalite,inventory/VISA_FOR_DECISION_MATRIX.csv
/pt/sri-lanka-visa-for-uk-citizens,/pt/visa-sri-lanka,301,"Lot C1 : Contenu quasi identique au groupe (unicite 2.5%), aucune regle propre, 0 impressions",oui : le hub destination couvre le regime applicable a cette nationalite,inventory/VISA_FOR_DECISION_MATRIX.csv
/pt/sri-lanka-visa-for-us-citizens,/pt/visa-sri-lanka,301,"Lot C1 : Contenu tres proche du groupe (unicite 11.9%), 0 impression",oui : le hub destination couvre le regime applicable a cette nationalite,inventory/VISA_FOR_DECISION_MATRIX.csv
/pt/turkey-visa-for-argentinian-citizens,/pt/visa-turkey,301,"Lot C1 : Contenu quasi identique au groupe (unicite 6.0%), aucune regle propre, 0 impressions",oui : le hub destination couvre le regime applicable a cette nationalite,inventory/VISA_FOR_DECISION_MATRIX.csv
/pt/turkey-visa-for-australian-citizens,/pt/visa-turkey,301,"Lot C1 : Contenu quasi identique au groupe (unicite 4.0%), aucune regle propre, 0 impressions",oui : le hub destination couvre le regime applicable a cette nationalite,inventory/VISA_FOR_DECISION_MATRIX.csv
/pt/turkey-visa-for-brazilian-citizens,/pt/visa-turkey,301,"Lot C1 : Contenu tres proche du groupe (unicite 13.0%), 0 impression",oui : le hub destination couvre le regime applicable a cette nationalite,inventory/VISA_FOR_DECISION_MATRIX.csv
/pt/turkey-visa-for-canadian-citizens,/pt/visa-turkey,301,"Lot C1 : Contenu tres proche du groupe (unicite 13.2%), 0 impression",oui : le hub destination couvre le regime applicable a cette nationalite,inventory/VISA_FOR_DECISION_MATRIX.csv
/pt/turkey-visa-for-chinese-citizens,/pt/visa-turkey,301,"Lot C1 : Contenu quasi identique au groupe (unicite 6.5%), aucune regle propre, 0 impressions",oui : le hub destination couvre le regime applicable a cette nationalite,inventory/VISA_FOR_DECISION_MATRIX.csv
/pt/turkey-visa-for-indonesian-citizens,/pt/visa-turkey,301,"Lot C1 : Contenu tres proche du groupe (unicite 14.7%), 0 impression",oui : le hub destination couvre le regime applicable a cette nationalite,inventory/VISA_FOR_DECISION_MATRIX.csv
/pt/turkey-visa-for-japanese-citizens,/pt/visa-turkey,301,"Lot C1 : Contenu tres proche du groupe (unicite 13.4%), 0 impression",oui : le hub destination couvre le regime applicable a cette nationalite,inventory/VISA_FOR_DECISION_MATRIX.csv
/pt/turkey-visa-for-korean-citizens,/pt/visa-turkey,301,"Lot C1 : Contenu tres proche du groupe (unicite 14.0%), 0 impression",oui : le hub destination couvre le regime applicable a cette nationalite,inventory/VISA_FOR_DECISION_MATRIX.csv
/pt/turkey-visa-for-mexican-citizens,/pt/visa-turkey,301,"Lot C1 : Contenu quasi identique au groupe (unicite 5.0%), aucune regle propre, 0 impressions",oui : le hub destination couvre le regime applicable a cette nationalite,inventory/VISA_FOR_DECISION_MATRIX.csv
/pt/turkey-visa-for-nigerian-citizens,/pt/visa-turkey,301,"Lot C1 : Contenu quasi identique au groupe (unicite 3.8%), aucune regle propre, 0 impressions",oui : le hub destination couvre le regime applicable a cette nationalite,inventory/VISA_FOR_DECISION_MATRIX.csv
/pt/turkey-visa-for-philippine-citizens,/pt/visa-turkey,301,"Lot C1 : Contenu quasi identique au groupe (unicite 6.5%), aucune regle propre, 0 impressions",oui : le hub destination couvre le regime applicable a cette nationalite,inventory/VISA_FOR_DECISION_MATRIX.csv
/pt/turkey-visa-for-russian-citizens,/pt/visa-turkey,301,"Lot C1 : Contenu tres proche du groupe (unicite 13.8%), 0 impression",oui : le hub destination couvre le regime applicable a cette nationalite,inventory/VISA_FOR_DECISION_MATRIX.csv
/pt/turkey-visa-for-singaporean-citizens,/pt/visa-turkey,301,"Lot C1 : Contenu tres proche du groupe (unicite 13.6%), 0 impression",oui : le hub destination couvre le regime applicable a cette nationalite,inventory/VISA_FOR_DECISION_MATRIX.csv
/pt/turkey-visa-for-south-african-citizens,/pt/visa-turkey,301,"Lot C1 : Contenu tres proche du groupe (unicite 14.5%), 0 impression",oui : le hub destination couvre le regime applicable a cette nationalite,inventory/VISA_FOR_DECISION_MATRIX.csv
/pt/turkey-visa-for-uk-citizens,/pt/visa-turkey,301,"Lot C1 : Contenu quasi identique au groupe (unicite 7.2%), aucune regle propre, 0 impressions",oui : le hub destination couvre le regime applicable a cette nationalite,inventory/VISA_FOR_DECISION_MATRIX.csv
/pt/turkey-visa-for-us-citizens,/pt/visa-turkey,301,"Lot C1 : Contenu tres proche du groupe (unicite 12.4%), 0 impression",oui : le hub destination couvre le regime applicable a cette nationalite,inventory/VISA_FOR_DECISION_MATRIX.csv
/zh/india-visa-for-argentinian-citizens,/zh/visa-india,301,"Lot C1 : Contenu quasi identique au groupe (unicite 3.0%), aucune regle propre, 0 impressions",oui : le hub destination couvre le regime applicable a cette nationalite,inventory/VISA_FOR_DECISION_MATRIX.csv
/zh/india-visa-for-australian-citizens,/zh/visa-india,301,"Lot C1 : Contenu quasi identique au groupe (unicite 3.5%), aucune regle propre, 0 impressions",oui : le hub destination couvre le regime applicable a cette nationalite,inventory/VISA_FOR_DECISION_MATRIX.csv
/zh/india-visa-for-brazilian-citizens,/zh/visa-india,301,"Lot C1 : Contenu quasi identique au groupe (unicite 3.5%), aucune regle propre, 0 impressions",oui : le hub destination couvre le regime applicable a cette nationalite,inventory/VISA_FOR_DECISION_MATRIX.csv
/zh/india-visa-for-canadian-citizens,/zh/visa-india,301,"Lot C1 : Contenu quasi identique au groupe (unicite 4.7%), aucune regle propre, 0 impressions",oui : le hub destination couvre le regime applicable a cette nationalite,inventory/VISA_FOR_DECISION_MATRIX.csv
/zh/india-visa-for-chinese-citizens,/zh/visa-india,301,"Lot C1 : Contenu quasi identique au groupe (unicite 4.1%), aucune regle propre, 0 impressions",oui : le hub destination couvre le regime applicable a cette nationalite,inventory/VISA_FOR_DECISION_MATRIX.csv
/zh/india-visa-for-french-citizens,/zh/visa-india,301,"Lot C1 : Contenu quasi identique au groupe (unicite 4.1%), aucune regle propre, 0 impressions",oui : le hub destination couvre le regime applicable a cette nationalite,inventory/VISA_FOR_DECISION_MATRIX.csv
/zh/india-visa-for-german-citizens,/zh/visa-india,301,"Lot C1 : Contenu quasi identique au groupe (unicite 4.1%), aucune regle propre, 0 impressions",oui : le hub destination couvre le regime applicable a cette nationalite,inventory/VISA_FOR_DECISION_MATRIX.csv
/zh/india-visa-for-indonesian-citizens,/zh/visa-india,301,"Lot C1 : Contenu quasi identique au groupe (unicite 3.0%), aucune regle propre, 0 impressions",oui : le hub destination couvre le regime applicable a cette nationalite,inventory/VISA_FOR_DECISION_MATRIX.csv
/zh/india-visa-for-japanese-citizens,/zh/visa-india,301,"Lot C1 : Contenu quasi identique au groupe (unicite 3.5%), aucune regle propre, 0 impressions",oui : le hub destination couvre le regime applicable a cette nationalite,inventory/VISA_FOR_DECISION_MATRIX.csv
/zh/india-visa-for-korean-citizens,/zh/visa-india,301,"Lot C1 : Contenu quasi identique au groupe (unicite 4.1%), aucune regle propre, 0 impressions",oui : le hub destination couvre le regime applicable a cette nationalite,inventory/VISA_FOR_DECISION_MATRIX.csv
/zh/india-visa-for-mexican-citizens,/zh/visa-india,301,"Lot C1 : Contenu quasi identique au groupe (unicite 4.7%), aucune regle propre, 0 impressions",oui : le hub destination couvre le regime applicable a cette nationalite,inventory/VISA_FOR_DECISION_MATRIX.csv
/zh/india-visa-for-nigerian-citizens,/zh/visa-india,301,"Lot C1 : Contenu quasi identique au groupe (unicite 3.5%), aucune regle propre, 0 impressions",oui : le hub destination couvre le regime applicable a cette nationalite,inventory/VISA_FOR_DECISION_MATRIX.csv
/zh/india-visa-for-philippine-citizens,/zh/visa-india,301,"Lot C1 : Contenu quasi identique au groupe (unicite 3.5%), aucune regle propre, 0 impressions",oui : le hub destination couvre le regime applicable a cette nationalite,inventory/VISA_FOR_DECISION_MATRIX.csv
/zh/india-visa-for-russian-citizens,/zh/visa-india,301,"Lot C1 : Contenu quasi identique au groupe (unicite 4.1%), aucune regle propre, 0 impressions",oui : le hub destination couvre le regime applicable a cette nationalite,inventory/VISA_FOR_DECISION_MATRIX.csv
/zh/india-visa-for-singaporean-citizens,/zh/visa-india,301,"Lot C1 : Contenu quasi identique au groupe (unicite 4.6%), aucune regle propre, 0 impressions",oui : le hub destination couvre le regime applicable a cette nationalite,inventory/VISA_FOR_DECISION_MATRIX.csv
/zh/india-visa-for-south-african-citizens,/zh/visa-india,301,"Lot C1 : Contenu quasi identique au groupe (unicite 4.6%), aucune regle propre, 0 impressions",oui : le hub destination couvre le regime applicable a cette nationalite,inventory/VISA_FOR_DECISION_MATRIX.csv
/zh/india-visa-for-turkish-citizens,/zh/visa-india,301,"Lot C1 : Contenu quasi identique au groupe (unicite 4.1%), aucune regle propre, 0 impressions",oui : le hub destination couvre le regime applicable a cette nationalite,inventory/VISA_FOR_DECISION_MATRIX.csv
/zh/india-visa-for-uk-citizens,/zh/visa-india,301,"Lot C1 : Contenu quasi identique au groupe (unicite 4.1%), aucune regle propre, 0 impressions",oui : le hub destination couvre le regime applicable a cette nationalite,inventory/VISA_FOR_DECISION_MATRIX.csv
/zh/india-visa-for-us-citizens,/zh/visa-india,301,"Lot C1 : Contenu quasi identique au groupe (unicite 4.7%), aucune regle propre, 0 impressions",oui : le hub destination couvre le regime applicable a cette nationalite,inventory/VISA_FOR_DECISION_MATRIX.csv
/zh/jordan-visa-for-argentinian-citizens,/zh/visa-jordan,301,"Lot C1 : Contenu quasi identique au groupe (unicite 6.5%), aucune regle propre, 0 impressions",oui : le hub destination couvre le regime applicable a cette nationalite,inventory/VISA_FOR_DECISION_MATRIX.csv
/zh/jordan-visa-for-australian-citizens,/zh/visa-jordan,301,"Lot C1 : Contenu quasi identique au groupe (unicite 4.4%), aucune regle propre, 0 impressions",oui : le hub destination couvre le regime applicable a cette nationalite,inventory/VISA_FOR_DECISION_MATRIX.csv
/zh/jordan-visa-for-canadian-citizens,/zh/visa-jordan,301,"Lot C1 : Contenu quasi identique au groupe (unicite 5.8%), aucune regle propre, 0 impressions",oui : le hub destination couvre le regime applicable a cette nationalite,inventory/VISA_FOR_DECISION_MATRIX.csv
/zh/jordan-visa-for-french-citizens,/zh/visa-jordan,301,"Lot C1 : Contenu quasi identique au groupe (unicite 5.8%), aucune regle propre, 0 impressions",oui : le hub destination couvre le regime applicable a cette nationalite,inventory/VISA_FOR_DECISION_MATRIX.csv
/zh/jordan-visa-for-indonesian-citizens,/zh/visa-jordan,301,"Lot C1 : Contenu quasi identique au groupe (unicite 6.5%), aucune regle propre, 0 impressions",oui : le hub destination couvre le regime applicable a cette nationalite,inventory/VISA_FOR_DECISION_MATRIX.csv
/zh/jordan-visa-for-japanese-citizens,/zh/visa-jordan,301,"Lot C1 : Contenu quasi identique au groupe (unicite 5.1%), aucune regle propre, 0 impressions",oui : le hub destination couvre le regime applicable a cette nationalite,inventory/VISA_FOR_DECISION_MATRIX.csv
/zh/jordan-visa-for-korean-citizens,/zh/visa-jordan,301,"Lot C1 : Contenu quasi identique au groupe (unicite 5.8%), aucune regle propre, 0 impressions",oui : le hub destination couvre le regime applicable a cette nationalite,inventory/VISA_FOR_DECISION_MATRIX.csv
/zh/jordan-visa-for-mexican-citizens,/zh/visa-jordan,301,"Lot C1 : Contenu quasi identique au groupe (unicite 5.8%), aucune regle propre, 0 impressions",oui : le hub destination couvre le regime applicable a cette nationalite,inventory/VISA_FOR_DECISION_MATRIX.csv
/zh/jordan-visa-for-philippine-citizens,/zh/visa-jordan,301,"Lot C1 : Contenu quasi identique au groupe (unicite 6.5%), aucune regle propre, 0 impressions",oui : le hub destination couvre le regime applicable a cette nationalite,inventory/VISA_FOR_DECISION_MATRIX.csv
/zh/jordan-visa-for-russian-citizens,/zh/visa-jordan,301,"Lot C1 : Contenu quasi identique au groupe (unicite 5.8%), aucune regle propre, 0 impressions",oui : le hub destination couvre le regime applicable a cette nationalite,inventory/VISA_FOR_DECISION_MATRIX.csv
/zh/jordan-visa-for-singaporean-citizens,/zh/visa-jordan,301,"Lot C1 : Contenu quasi identique au groupe (unicite 5.8%), aucune regle propre, 0 impressions",oui : le hub destination couvre le regime applicable a cette nationalite,inventory/VISA_FOR_DECISION_MATRIX.csv
/zh/jordan-visa-for-turkish-citizens,/zh/visa-jordan,301,"Lot C1 : Contenu quasi identique au groupe (unicite 4.4%), aucune regle propre, 0 impressions",oui : le hub destination couvre le regime applicable a cette nationalite,inventory/VISA_FOR_DECISION_MATRIX.csv
/zh/jordan-visa-for-uk-citizens,/zh/visa-jordan,301,"Lot C1 : Contenu quasi identique au groupe (unicite 5.8%), aucune regle propre, 0 impressions",oui : le hub destination couvre le regime applicable a cette nationalite,inventory/VISA_FOR_DECISION_MATRIX.csv
/zh/jordan-visa-for-us-citizens,/zh/visa-jordan,301,"Lot C1 : Contenu quasi identique au groupe (unicite 5.8%), aucune regle propre, 0 impressions",oui : le hub destination couvre le regime applicable a cette nationalite,inventory/VISA_FOR_DECISION_MATRIX.csv
/zh/maldives-visa-for-argentinian-citizens,/zh/visa-maldives,301,"Lot C1 : Contenu quasi identique au groupe (unicite 9.4%), aucune regle propre, 0 impressions",oui : le hub destination couvre le regime applicable a cette nationalite,inventory/VISA_FOR_DECISION_MATRIX.csv
/zh/maldives-visa-for-australian-citizens,/zh/visa-maldives,301,"Lot C1 : Contenu quasi identique au groupe (unicite 9.3%), aucune regle propre, 0 impressions",oui : le hub destination couvre le regime applicable a cette nationalite,inventory/VISA_FOR_DECISION_MATRIX.csv
/zh/maldives-visa-for-brazilian-citizens,/zh/visa-maldives,301,"Lot C1 : Contenu tres proche du groupe (unicite 11.1%), 0 impression",oui : le hub destination couvre le regime applicable a cette nationalite,inventory/VISA_FOR_DECISION_MATRIX.csv
/zh/maldives-visa-for-canadian-citizens,/zh/visa-maldives,301,"Lot C1 : Contenu tres proche du groupe (unicite 10.2%), 0 impression",oui : le hub destination couvre le regime applicable a cette nationalite,inventory/VISA_FOR_DECISION_MATRIX.csv
/zh/maldives-visa-for-chinese-citizens,/zh/visa-maldives,301,"Lot C1 : Contenu tres proche du groupe (unicite 11.3%), 0 impression",oui : le hub destination couvre le regime applicable a cette nationalite,inventory/VISA_FOR_DECISION_MATRIX.csv
/zh/maldives-visa-for-french-citizens,/zh/visa-maldives,301,"Lot C1 : Contenu quasi identique au groupe (unicite 7.3%), aucune regle propre, 0 impressions",oui : le hub destination couvre le regime applicable a cette nationalite,inventory/VISA_FOR_DECISION_MATRIX.csv
/zh/maldives-visa-for-german-citizens,/zh/visa-maldives,301,"Lot C1 : Contenu quasi identique au groupe (unicite 7.3%), aucune regle propre, 0 impressions",oui : le hub destination couvre le regime applicable a cette nationalite,inventory/VISA_FOR_DECISION_MATRIX.csv
/zh/maldives-visa-for-indian-citizens,/zh/visa-maldives,301,"Lot C1 : Contenu quasi identique au groupe (unicite 8.2%), aucune regle propre, 0 impressions",oui : le hub destination couvre le regime applicable a cette nationalite,inventory/VISA_FOR_DECISION_MATRIX.csv
/zh/maldives-visa-for-indonesian-citizens,/zh/visa-maldives,301,"Lot C1 : Contenu quasi identique au groupe (unicite 7.3%), aucune regle propre, 0 impressions",oui : le hub destination couvre le regime applicable a cette nationalite,inventory/VISA_FOR_DECISION_MATRIX.csv
/zh/maldives-visa-for-japanese-citizens,/zh/visa-maldives,301,"Lot C1 : Contenu quasi identique au groupe (unicite 7.3%), aucune regle propre, 0 impressions",oui : le hub destination couvre le regime applicable a cette nationalite,inventory/VISA_FOR_DECISION_MATRIX.csv
/zh/maldives-visa-for-korean-citizens,/zh/visa-maldives,301,"Lot C1 : Contenu quasi identique au groupe (unicite 9.4%), aucune regle propre, 0 impressions",oui : le hub destination couvre le regime applicable a cette nationalite,inventory/VISA_FOR_DECISION_MATRIX.csv
/zh/maldives-visa-for-mexican-citizens,/zh/visa-maldives,301,"Lot C1 : Contenu quasi identique au groupe (unicite 9.3%), aucune regle propre, 0 impressions",oui : le hub destination couvre le regime applicable a cette nationalite,inventory/VISA_FOR_DECISION_MATRIX.csv
/zh/maldives-visa-for-nigerian-citizens,/zh/visa-maldives,301,"Lot C1 : Contenu tres proche du groupe (unicite 10.2%), 0 impression",oui : le hub destination couvre le regime applicable a cette nationalite,inventory/VISA_FOR_DECISION_MATRIX.csv
/zh/maldives-visa-for-russian-citizens,/zh/visa-maldives,301,"Lot C1 : Contenu quasi identique au groupe (unicite 9.3%), aucune regle propre, 0 impressions",oui : le hub destination couvre le regime applicable a cette nationalite,inventory/VISA_FOR_DECISION_MATRIX.csv
/zh/maldives-visa-for-singaporean-citizens,/zh/visa-maldives,301,"Lot C1 : Contenu tres proche du groupe (unicite 10.2%), 0 impression",oui : le hub destination couvre le regime applicable a cette nationalite,inventory/VISA_FOR_DECISION_MATRIX.csv
/zh/maldives-visa-for-turkish-citizens,/zh/visa-maldives,301,"Lot C1 : Contenu quasi identique au groupe (unicite 7.4%), aucune regle propre, 0 impressions",oui : le hub destination couvre le regime applicable a cette nationalite,inventory/VISA_FOR_DECISION_MATRIX.csv
/zh/maldives-visa-for-uk-citizens,/zh/visa-maldives,301,"Lot C1 : Contenu quasi identique au groupe (unicite 8.3%), aucune regle propre, 0 impressions",oui : le hub destination couvre le regime applicable a cette nationalite,inventory/VISA_FOR_DECISION_MATRIX.csv
/zh/maldives-visa-for-us-citizens,/zh/visa-maldives,301,"Lot C1 : Contenu quasi identique au groupe (unicite 8.4%), aucune regle propre, 0 impressions",oui : le hub destination couvre le regime applicable a cette nationalite,inventory/VISA_FOR_DECISION_MATRIX.csv
/zh/nepal-visa-for-argentinian-citizens,/zh/visa-nepal,301,"Lot C1 : Contenu quasi identique au groupe (unicite 5.7%), aucune regle propre, 0 impressions",oui : le hub destination couvre le regime applicable a cette nationalite,inventory/VISA_FOR_DECISION_MATRIX.csv
/zh/nepal-visa-for-australian-citizens,/zh/visa-nepal,301,"Lot C1 : Contenu quasi identique au groupe (unicite 5.7%), aucune regle propre, 0 impressions",oui : le hub destination couvre le regime applicable a cette nationalite,inventory/VISA_FOR_DECISION_MATRIX.csv
/zh/nepal-visa-for-brazilian-citizens,/zh/visa-nepal,301,"Lot C1 : Contenu quasi identique au groupe (unicite 5.0%), aucune regle propre, 0 impressions",oui : le hub destination couvre le regime applicable a cette nationalite,inventory/VISA_FOR_DECISION_MATRIX.csv
/zh/nepal-visa-for-canadian-citizens,/zh/visa-nepal,301,"Lot C1 : Contenu tres proche du groupe (unicite 15.0%), 0 impression",oui : le hub destination couvre le regime applicable a cette nationalite,inventory/VISA_FOR_DECISION_MATRIX.csv
/zh/nepal-visa-for-chinese-citizens,/zh/visa-nepal,301,"Lot C1 : Contenu quasi identique au groupe (unicite 7.1%), aucune regle propre, 0 impressions",oui : le hub destination couvre le regime applicable a cette nationalite,inventory/VISA_FOR_DECISION_MATRIX.csv
/zh/nepal-visa-for-french-citizens,/zh/visa-nepal,301,"Lot C1 : Contenu quasi identique au groupe (unicite 5.0%), aucune regle propre, 0 impressions",oui : le hub destination couvre le regime applicable a cette nationalite,inventory/VISA_FOR_DECISION_MATRIX.csv
/zh/nepal-visa-for-german-citizens,/zh/visa-nepal,301,"Lot C1 : Contenu quasi identique au groupe (unicite 5.0%), aucune regle propre, 0 impressions",oui : le hub destination couvre le regime applicable a cette nationalite,inventory/VISA_FOR_DECISION_MATRIX.csv
/zh/nepal-visa-for-indonesian-citizens,/zh/visa-nepal,301,"Lot C1 : Contenu quasi identique au groupe (unicite 5.7%), aucune regle propre, 0 impressions",oui : le hub destination couvre le regime applicable a cette nationalite,inventory/VISA_FOR_DECISION_MATRIX.csv
/zh/nepal-visa-for-japanese-citizens,/zh/visa-nepal,301,"Lot C1 : Contenu tres proche du groupe (unicite 15.0%), 0 impression",oui : le hub destination couvre le regime applicable a cette nationalite,inventory/VISA_FOR_DECISION_MATRIX.csv
/zh/nepal-visa-for-korean-citizens,/zh/visa-nepal,301,"Lot C1 : Contenu quasi identique au groupe (unicite 5.0%), aucune regle propre, 0 impressions",oui : le hub destination couvre le regime applicable a cette nationalite,inventory/VISA_FOR_DECISION_MATRIX.csv
/zh/nepal-visa-for-mexican-citizens,/zh/visa-nepal,301,"Lot C1 : Contenu quasi identique au groupe (unicite 5.0%), aucune regle propre, 0 impressions",oui : le hub destination couvre le regime applicable a cette nationalite,inventory/VISA_FOR_DECISION_MATRIX.csv
/zh/nepal-visa-for-nigerian-citizens,/zh/visa-nepal,301,"Lot C1 : Contenu quasi identique au groupe (unicite 5.1%), aucune regle propre, 0 impressions",oui : le hub destination couvre le regime applicable a cette nationalite,inventory/VISA_FOR_DECISION_MATRIX.csv
/zh/nepal-visa-for-philippine-citizens,/zh/visa-nepal,301,"Lot C1 : Contenu tres proche du groupe (unicite 15.0%), 0 impression",oui : le hub destination couvre le regime applicable a cette nationalite,inventory/VISA_FOR_DECISION_MATRIX.csv
/zh/nepal-visa-for-russian-citizens,/zh/visa-nepal,301,"Lot C1 : Contenu quasi identique au groupe (unicite 5.0%), aucune regle propre, 0 impressions",oui : le hub destination couvre le regime applicable a cette nationalite,inventory/VISA_FOR_DECISION_MATRIX.csv
/zh/nepal-visa-for-singaporean-citizens,/zh/visa-nepal,301,"Lot C1 : Contenu quasi identique au groupe (unicite 5.0%), aucune regle propre, 0 impressions",oui : le hub destination couvre le regime applicable a cette nationalite,inventory/VISA_FOR_DECISION_MATRIX.csv
/zh/nepal-visa-for-south-african-citizens,/zh/visa-nepal,301,"Lot C1 : Contenu quasi identique au groupe (unicite 5.0%), aucune regle propre, 0 impressions",oui : le hub destination couvre le regime applicable a cette nationalite,inventory/VISA_FOR_DECISION_MATRIX.csv
/zh/nepal-visa-for-turkish-citizens,/zh/visa-nepal,301,"Lot C1 : Contenu quasi identique au groupe (unicite 5.0%), aucune regle propre, 0 impressions",oui : le hub destination couvre le regime applicable a cette nationalite,inventory/VISA_FOR_DECISION_MATRIX.csv
/zh/nepal-visa-for-uk-citizens,/zh/visa-nepal,301,"Lot C1 : Contenu quasi identique au groupe (unicite 5.0%), aucune regle propre, 0 impressions",oui : le hub destination couvre le regime applicable a cette nationalite,inventory/VISA_FOR_DECISION_MATRIX.csv
/zh/nepal-visa-for-us-citizens,/zh/visa-nepal,301,"Lot C1 : Contenu quasi identique au groupe (unicite 5.8%), aucune regle propre, 0 impressions",oui : le hub destination couvre le regime applicable a cette nationalite,inventory/VISA_FOR_DECISION_MATRIX.csv
/zh/sri-lanka-visa-for-argentinian-citizens,/zh/visa-sri-lanka,301,"Lot C1 : Contenu quasi identique au groupe (unicite 4.9%), aucune regle propre, 0 impressions",oui : le hub destination couvre le regime applicable a cette nationalite,inventory/VISA_FOR_DECISION_MATRIX.csv
/zh/sri-lanka-visa-for-brazilian-citizens,/zh/visa-sri-lanka,301,"Lot C1 : Contenu quasi identique au groupe (unicite 6.9%), aucune regle propre, 0 impressions",oui : le hub destination couvre le regime applicable a cette nationalite,inventory/VISA_FOR_DECISION_MATRIX.csv
/zh/sri-lanka-visa-for-canadian-citizens,/zh/visa-sri-lanka,301,"Lot C1 : Contenu tres proche du groupe (unicite 14.9%), 0 impression",oui : le hub destination couvre le regime applicable a cette nationalite,inventory/VISA_FOR_DECISION_MATRIX.csv
/zh/sri-lanka-visa-for-french-citizens,/zh/visa-sri-lanka,301,"Lot C1 : Contenu tres proche du groupe (unicite 14.4%), 0 impression",oui : le hub destination couvre le regime applicable a cette nationalite,inventory/VISA_FOR_DECISION_MATRIX.csv
/zh/sri-lanka-visa-for-german-citizens,/zh/visa-sri-lanka,301,"Lot C1 : Contenu quasi identique au groupe (unicite 4.9%), aucune regle propre, 0 impressions",oui : le hub destination couvre le regime applicable a cette nationalite,inventory/VISA_FOR_DECISION_MATRIX.csv
/zh/sri-lanka-visa-for-japanese-citizens,/zh/visa-sri-lanka,301,"Lot C1 : Contenu tres proche du groupe (unicite 14.0%), 0 impression",oui : le hub destination couvre le regime applicable a cette nationalite,inventory/VISA_FOR_DECISION_MATRIX.csv
/zh/sri-lanka-visa-for-korean-citizens,/zh/visa-sri-lanka,301,"Lot C1 : Contenu quasi identique au groupe (unicite 4.9%), aucune regle propre, 0 impressions",oui : le hub destination couvre le regime applicable a cette nationalite,inventory/VISA_FOR_DECISION_MATRIX.csv
/zh/sri-lanka-visa-for-mexican-citizens,/zh/visa-sri-lanka,301,"Lot C1 : Contenu quasi identique au groupe (unicite 4.2%), aucune regle propre, 0 impressions",oui : le hub destination couvre le regime applicable a cette nationalite,inventory/VISA_FOR_DECISION_MATRIX.csv
/zh/sri-lanka-visa-for-russian-citizens,/zh/visa-sri-lanka,301,"Lot C1 : Contenu quasi identique au groupe (unicite 4.2%), aucune regle propre, 0 impressions",oui : le hub destination couvre le regime applicable a cette nationalite,inventory/VISA_FOR_DECISION_MATRIX.csv
/zh/sri-lanka-visa-for-singaporean-citizens,/zh/visa-sri-lanka,301,"Lot C1 : Contenu tres proche du groupe (unicite 14.9%), 0 impression",oui : le hub destination couvre le regime applicable a cette nationalite,inventory/VISA_FOR_DECISION_MATRIX.csv
/zh/sri-lanka-visa-for-south-african-citizens,/zh/visa-sri-lanka,301,"Lot C1 : Contenu tres proche du groupe (unicite 14.9%), 0 impression",oui : le hub destination couvre le regime applicable a cette nationalite,inventory/VISA_FOR_DECISION_MATRIX.csv
/zh/sri-lanka-visa-for-turkish-citizens,/zh/visa-sri-lanka,301,"Lot C1 : Contenu quasi identique au groupe (unicite 4.2%), aucune regle propre, 0 impressions",oui : le hub destination couvre le regime applicable a cette nationalite,inventory/VISA_FOR_DECISION_MATRIX.csv
/zh/sri-lanka-visa-for-uk-citizens,/zh/visa-sri-lanka,301,"Lot C1 : Contenu quasi identique au groupe (unicite 4.2%), aucune regle propre, 0 impressions",oui : le hub destination couvre le regime applicable a cette nationalite,inventory/VISA_FOR_DECISION_MATRIX.csv
/th/india-visa-for-argentinian-citizens,/th/visa-india,301,"Lot C1 : Contenu quasi identique au groupe (unicite 2.2%), aucune regle propre, 0 impressions",oui : le hub destination couvre le regime applicable a cette nationalite,inventory/VISA_FOR_DECISION_MATRIX.csv
/th/india-visa-for-australian-citizens,/th/visa-india,301,"Lot C1 : Contenu quasi identique au groupe (unicite 2.2%), aucune regle propre, 0 impressions",oui : le hub destination couvre le regime applicable a cette nationalite,inventory/VISA_FOR_DECISION_MATRIX.csv
/th/india-visa-for-brazilian-citizens,/th/visa-india,301,"Lot C1 : Contenu quasi identique au groupe (unicite 2.3%), aucune regle propre, 0 impressions",oui : le hub destination couvre le regime applicable a cette nationalite,inventory/VISA_FOR_DECISION_MATRIX.csv
/th/india-visa-for-canadian-citizens,/th/visa-india,301,"Lot C1 : Contenu quasi identique au groupe (unicite 2.3%), aucune regle propre, 0 impressions",oui : le hub destination couvre le regime applicable a cette nationalite,inventory/VISA_FOR_DECISION_MATRIX.csv
/th/india-visa-for-chinese-citizens,/th/visa-india,301,"Lot C1 : Contenu quasi identique au groupe (unicite 1.6%), aucune regle propre, 0 impressions",oui : le hub destination couvre le regime applicable a cette nationalite,inventory/VISA_FOR_DECISION_MATRIX.csv
/th/india-visa-for-french-citizens,/th/visa-india,301,"Lot C1 : Contenu quasi identique au groupe (unicite 2.2%), aucune regle propre, 0 impressions",oui : le hub destination couvre le regime applicable a cette nationalite,inventory/VISA_FOR_DECISION_MATRIX.csv
/th/india-visa-for-german-citizens,/th/visa-india,301,"Lot C1 : Contenu quasi identique au groupe (unicite 2.3%), aucune regle propre, 0 impressions",oui : le hub destination couvre le regime applicable a cette nationalite,inventory/VISA_FOR_DECISION_MATRIX.csv
/th/india-visa-for-indonesian-citizens,/th/visa-india,301,"Lot C1 : Contenu quasi identique au groupe (unicite 2.3%), aucune regle propre, 0 impressions",oui : le hub destination couvre le regime applicable a cette nationalite,inventory/VISA_FOR_DECISION_MATRIX.csv
/th/india-visa-for-japanese-citizens,/th/visa-india,301,"Lot C1 : Contenu quasi identique au groupe (unicite 2.3%), aucune regle propre, 0 impressions",oui : le hub destination couvre le regime applicable a cette nationalite,inventory/VISA_FOR_DECISION_MATRIX.csv
/th/india-visa-for-korean-citizens,/th/visa-india,301,"Lot C1 : Contenu quasi identique au groupe (unicite 1.6%), aucune regle propre, 0 impressions",oui : le hub destination couvre le regime applicable a cette nationalite,inventory/VISA_FOR_DECISION_MATRIX.csv
/th/india-visa-for-mexican-citizens,/th/visa-india,301,"Lot C1 : Contenu quasi identique au groupe (unicite 2.3%), aucune regle propre, 0 impressions",oui : le hub destination couvre le regime applicable a cette nationalite,inventory/VISA_FOR_DECISION_MATRIX.csv
/th/india-visa-for-nigerian-citizens,/th/visa-india,301,"Lot C1 : Contenu quasi identique au groupe (unicite 2.2%), aucune regle propre, 0 impressions",oui : le hub destination couvre le regime applicable a cette nationalite,inventory/VISA_FOR_DECISION_MATRIX.csv
/th/india-visa-for-philippine-citizens,/th/visa-india,301,"Lot C1 : Contenu quasi identique au groupe (unicite 2.6%), aucune regle propre, 0 impressions",oui : le hub destination couvre le regime applicable a cette nationalite,inventory/VISA_FOR_DECISION_MATRIX.csv
/th/india-visa-for-russian-citizens,/th/visa-india,301,"Lot C1 : Contenu quasi identique au groupe (unicite 1.6%), aucune regle propre, 0 impressions",oui : le hub destination couvre le regime applicable a cette nationalite,inventory/VISA_FOR_DECISION_MATRIX.csv
/th/india-visa-for-singaporean-citizens,/th/visa-india,301,"Lot C1 : Contenu quasi identique au groupe (unicite 2.3%), aucune regle propre, 0 impressions",oui : le hub destination couvre le regime applicable a cette nationalite,inventory/VISA_FOR_DECISION_MATRIX.csv
/th/india-visa-for-south-african-citizens,/th/visa-india,301,"Lot C1 : Contenu quasi identique au groupe (unicite 2.9%), aucune regle propre, 0 impressions",oui : le hub destination couvre le regime applicable a cette nationalite,inventory/VISA_FOR_DECISION_MATRIX.csv
/th/india-visa-for-turkish-citizens,/th/visa-india,301,"Lot C1 : Contenu quasi identique au groupe (unicite 1.6%), aucune regle propre, 0 impressions",oui : le hub destination couvre le regime applicable a cette nationalite,inventory/VISA_FOR_DECISION_MATRIX.csv
/th/india-visa-for-uk-citizens,/th/visa-india,301,"Lot C1 : Contenu quasi identique au groupe (unicite 1.7%), aucune regle propre, 0 impressions",oui : le hub destination couvre le regime applicable a cette nationalite,inventory/VISA_FOR_DECISION_MATRIX.csv
/th/india-visa-for-us-citizens,/th/visa-india,301,"Lot C1 : Contenu quasi identique au groupe (unicite 4.0%), aucune regle propre, 0 impressions",oui : le hub destination couvre le regime applicable a cette nationalite,inventory/VISA_FOR_DECISION_MATRIX.csv
/th/jordan-visa-for-argentinian-citizens,/th/visa-jordan,301,"Lot C1 : Contenu quasi identique au groupe (unicite 3.7%), aucune regle propre, 0 impressions",oui : le hub destination couvre le regime applicable a cette nationalite,inventory/VISA_FOR_DECISION_MATRIX.csv
/th/jordan-visa-for-australian-citizens,/th/visa-jordan,301,"Lot C1 : Contenu quasi identique au groupe (unicite 4.9%), aucune regle propre, 0 impressions",oui : le hub destination couvre le regime applicable a cette nationalite,inventory/VISA_FOR_DECISION_MATRIX.csv
/th/jordan-visa-for-brazilian-citizens,/th/visa-jordan,301,"Lot C1 : Contenu tres proche du groupe (unicite 14.0%), 0 impression",oui : le hub destination couvre le regime applicable a cette nationalite,inventory/VISA_FOR_DECISION_MATRIX.csv
/th/jordan-visa-for-canadian-citizens,/th/visa-jordan,301,"Lot C1 : Contenu quasi identique au groupe (unicite 2.2%), aucune regle propre, 0 impressions",oui : le hub destination couvre le regime applicable a cette nationalite,inventory/VISA_FOR_DECISION_MATRIX.csv
/th/jordan-visa-for-french-citizens,/th/visa-jordan,301,"Lot C1 : Contenu quasi identique au groupe (unicite 2.8%), aucune regle propre, 0 impressions",oui : le hub destination couvre le regime applicable a cette nationalite,inventory/VISA_FOR_DECISION_MATRIX.csv
/th/jordan-visa-for-german-citizens,/th/visa-jordan,301,"Lot C1 : Contenu tres proche du groupe (unicite 12.6%), 0 impression",oui : le hub destination couvre le regime applicable a cette nationalite,inventory/VISA_FOR_DECISION_MATRIX.csv
/th/jordan-visa-for-indonesian-citizens,/th/visa-jordan,301,"Lot C1 : Contenu quasi identique au groupe (unicite 4.0%), aucune regle propre, 0 impressions",oui : le hub destination couvre le regime applicable a cette nationalite,inventory/VISA_FOR_DECISION_MATRIX.csv
/th/jordan-visa-for-japanese-citizens,/th/visa-jordan,301,"Lot C1 : Contenu quasi identique au groupe (unicite 2.2%), aucune regle propre, 0 impressions",oui : le hub destination couvre le regime applicable a cette nationalite,inventory/VISA_FOR_DECISION_MATRIX.csv
/th/jordan-visa-for-korean-citizens,/th/visa-jordan,301,"Lot C1 : Contenu quasi identique au groupe (unicite 3.1%), aucune regle propre, 0 impressions",oui : le hub destination couvre le regime applicable a cette nationalite,inventory/VISA_FOR_DECISION_MATRIX.csv
/th/jordan-visa-for-mexican-citizens,/th/visa-jordan,301,"Lot C1 : Contenu quasi identique au groupe (unicite 4.3%), aucune regle propre, 0 impressions",oui : le hub destination couvre le regime applicable a cette nationalite,inventory/VISA_FOR_DECISION_MATRIX.csv
/th/jordan-visa-for-philippine-citizens,/th/visa-jordan,301,"Lot C1 : Contenu quasi identique au groupe (unicite 2.8%), aucune regle propre, 0 impressions",oui : le hub destination couvre le regime applicable a cette nationalite,inventory/VISA_FOR_DECISION_MATRIX.csv
/th/jordan-visa-for-russian-citizens,/th/visa-jordan,301,"Lot C1 : Contenu quasi identique au groupe (unicite 4.3%), aucune regle propre, 0 impressions",oui : le hub destination couvre le regime applicable a cette nationalite,inventory/VISA_FOR_DECISION_MATRIX.csv
/th/jordan-visa-for-singaporean-citizens,/th/visa-jordan,301,"Lot C1 : Contenu quasi identique au groupe (unicite 4.3%), aucune regle propre, 0 impressions",oui : le hub destination couvre le regime applicable a cette nationalite,inventory/VISA_FOR_DECISION_MATRIX.csv
/th/jordan-visa-for-south-african-citizens,/th/visa-jordan,301,"Lot C1 : Contenu tres proche du groupe (unicite 14.6%), 0 impression",oui : le hub destination couvre le regime applicable a cette nationalite,inventory/VISA_FOR_DECISION_MATRIX.csv
/th/jordan-visa-for-turkish-citizens,/th/visa-jordan,301,"Lot C1 : Contenu quasi identique au groupe (unicite 3.1%), aucune regle propre, 0 impressions",oui : le hub destination couvre le regime applicable a cette nationalite,inventory/VISA_FOR_DECISION_MATRIX.csv
/th/jordan-visa-for-uk-citizens,/th/visa-jordan,301,"Lot C1 : Contenu quasi identique au groupe (unicite 4.6%), aucune regle propre, 0 impressions",oui : le hub destination couvre le regime applicable a cette nationalite,inventory/VISA_FOR_DECISION_MATRIX.csv
/th/jordan-visa-for-us-citizens,/th/visa-jordan,301,"Lot C1 : Contenu quasi identique au groupe (unicite 4.9%), aucune regle propre, 0 impressions",oui : le hub destination couvre le regime applicable a cette nationalite,inventory/VISA_FOR_DECISION_MATRIX.csv
/th/maldives-visa-for-argentinian-citizens,/th/visa-maldives,301,"Lot C1 : Contenu quasi identique au groupe (unicite 5.6%), aucune regle propre, 0 impressions",oui : le hub destination couvre le regime applicable a cette nationalite,inventory/VISA_FOR_DECISION_MATRIX.csv
/th/maldives-visa-for-australian-citizens,/th/visa-maldives,301,"Lot C1 : Contenu quasi identique au groupe (unicite 5.4%), aucune regle propre, 0 impressions",oui : le hub destination couvre le regime applicable a cette nationalite,inventory/VISA_FOR_DECISION_MATRIX.csv
/th/maldives-visa-for-brazilian-citizens,/th/visa-maldives,301,"Lot C1 : Contenu quasi identique au groupe (unicite 4.8%), aucune regle propre, 0 impressions",oui : le hub destination couvre le regime applicable a cette nationalite,inventory/VISA_FOR_DECISION_MATRIX.csv
/th/maldives-visa-for-canadian-citizens,/th/visa-maldives,301,"Lot C1 : Contenu quasi identique au groupe (unicite 5.5%), aucune regle propre, 0 impressions",oui : le hub destination couvre le regime applicable a cette nationalite,inventory/VISA_FOR_DECISION_MATRIX.csv
/th/maldives-visa-for-chinese-citizens,/th/visa-maldives,301,"Lot C1 : Contenu quasi identique au groupe (unicite 3.6%), aucune regle propre, 0 impressions",oui : le hub destination couvre le regime applicable a cette nationalite,inventory/VISA_FOR_DECISION_MATRIX.csv
/th/maldives-visa-for-french-citizens,/th/visa-maldives,301,"Lot C1 : Contenu quasi identique au groupe (unicite 4.1%), aucune regle propre, 0 impressions",oui : le hub destination couvre le regime applicable a cette nationalite,inventory/VISA_FOR_DECISION_MATRIX.csv
/th/maldives-visa-for-german-citizens,/th/visa-maldives,301,"Lot C1 : Contenu quasi identique au groupe (unicite 4.1%), aucune regle propre, 0 impressions",oui : le hub destination couvre le regime applicable a cette nationalite,inventory/VISA_FOR_DECISION_MATRIX.csv
/th/maldives-visa-for-indian-citizens,/th/visa-maldives,301,"Lot C1 : Contenu quasi identique au groupe (unicite 4.4%), aucune regle propre, 0 impressions",oui : le hub destination couvre le regime applicable a cette nationalite,inventory/VISA_FOR_DECISION_MATRIX.csv
/th/maldives-visa-for-indonesian-citizens,/th/visa-maldives,301,"Lot C1 : Contenu quasi identique au groupe (unicite 5.2%), aucune regle propre, 0 impressions",oui : le hub destination couvre le regime applicable a cette nationalite,inventory/VISA_FOR_DECISION_MATRIX.csv
/th/maldives-visa-for-japanese-citizens,/th/visa-maldives,301,"Lot C1 : Contenu quasi identique au groupe (unicite 4.1%), aucune regle propre, 0 impressions",oui : le hub destination couvre le regime applicable a cette nationalite,inventory/VISA_FOR_DECISION_MATRIX.csv
/th/maldives-visa-for-korean-citizens,/th/visa-maldives,301,"Lot C1 : Contenu quasi identique au groupe (unicite 4.1%), aucune regle propre, 0 impressions",oui : le hub destination couvre le regime applicable a cette nationalite,inventory/VISA_FOR_DECISION_MATRIX.csv
/th/maldives-visa-for-mexican-citizens,/th/visa-maldives,301,"Lot C1 : Contenu quasi identique au groupe (unicite 5.8%), aucune regle propre, 0 impressions",oui : le hub destination couvre le regime applicable a cette nationalite,inventory/VISA_FOR_DECISION_MATRIX.csv
/th/maldives-visa-for-philippine-citizens,/th/visa-maldives,301,"Lot C1 : Contenu quasi identique au groupe (unicite 8.8%), aucune regle propre, 0 impressions",oui : le hub destination couvre le regime applicable a cette nationalite,inventory/VISA_FOR_DECISION_MATRIX.csv
/th/maldives-visa-for-russian-citizens,/th/visa-maldives,301,"Lot C1 : Contenu quasi identique au groupe (unicite 5.1%), aucune regle propre, 0 impressions",oui : le hub destination couvre le regime applicable a cette nationalite,inventory/VISA_FOR_DECISION_MATRIX.csv
/th/maldives-visa-for-singaporean-citizens,/th/visa-maldives,301,"Lot C1 : Contenu quasi identique au groupe (unicite 5.8%), aucune regle propre, 0 impressions",oui : le hub destination couvre le regime applicable a cette nationalite,inventory/VISA_FOR_DECISION_MATRIX.csv
/th/maldives-visa-for-turkish-citizens,/th/visa-maldives,301,"Lot C1 : Contenu quasi identique au groupe (unicite 4.1%), aucune regle propre, 0 impressions",oui : le hub destination couvre le regime applicable a cette nationalite,inventory/VISA_FOR_DECISION_MATRIX.csv
/th/maldives-visa-for-uk-citizens,/th/visa-maldives,301,"Lot C1 : Contenu quasi identique au groupe (unicite 5.2%), aucune regle propre, 0 impressions",oui : le hub destination couvre le regime applicable a cette nationalite,inventory/VISA_FOR_DECISION_MATRIX.csv
/th/maldives-visa-for-us-citizens,/th/visa-maldives,301,"Lot C1 : Contenu quasi identique au groupe (unicite 6.1%), aucune regle propre, 0 impressions",oui : le hub destination couvre le regime applicable a cette nationalite,inventory/VISA_FOR_DECISION_MATRIX.csv
/th/nepal-visa-for-argentinian-citizens,/th/visa-nepal,301,"Lot C1 : Contenu quasi identique au groupe (unicite 3.4%), aucune regle propre, 0 impressions",oui : le hub destination couvre le regime applicable a cette nationalite,inventory/VISA_FOR_DECISION_MATRIX.csv
/th/nepal-visa-for-australian-citizens,/th/visa-nepal,301,"Lot C1 : Contenu quasi identique au groupe (unicite 2.5%), aucune regle propre, 0 impressions",oui : le hub destination couvre le regime applicable a cette nationalite,inventory/VISA_FOR_DECISION_MATRIX.csv
/th/nepal-visa-for-brazilian-citizens,/th/visa-nepal,301,"Lot C1 : Contenu quasi identique au groupe (unicite 2.5%), aucune regle propre, 0 impressions",oui : le hub destination couvre le regime applicable a cette nationalite,inventory/VISA_FOR_DECISION_MATRIX.csv
/th/nepal-visa-for-canadian-citizens,/th/visa-nepal,301,"Lot C1 : Contenu tres proche du groupe (unicite 11.5%), 0 impression",oui : le hub destination couvre le regime applicable a cette nationalite,inventory/VISA_FOR_DECISION_MATRIX.csv
/th/nepal-visa-for-chinese-citizens,/th/visa-nepal,301,"Lot C1 : Contenu quasi identique au groupe (unicite 2.5%), aucune regle propre, 0 impressions",oui : le hub destination couvre le regime applicable a cette nationalite,inventory/VISA_FOR_DECISION_MATRIX.csv
/th/nepal-visa-for-french-citizens,/th/visa-nepal,301,"Lot C1 : Contenu quasi identique au groupe (unicite 2.5%), aucune regle propre, 0 impressions",oui : le hub destination couvre le regime applicable a cette nationalite,inventory/VISA_FOR_DECISION_MATRIX.csv
/th/nepal-visa-for-german-citizens,/th/visa-nepal,301,"Lot C1 : Contenu quasi identique au groupe (unicite 2.5%), aucune regle propre, 0 impressions",oui : le hub destination couvre le regime applicable a cette nationalite,inventory/VISA_FOR_DECISION_MATRIX.csv
/th/nepal-visa-for-japanese-citizens,/th/visa-nepal,301,"Lot C1 : Contenu tres proche du groupe (unicite 11.4%), 0 impression",oui : le hub destination couvre le regime applicable a cette nationalite,inventory/VISA_FOR_DECISION_MATRIX.csv
/th/nepal-visa-for-korean-citizens,/th/visa-nepal,301,"Lot C1 : Contenu quasi identique au groupe (unicite 3.2%), aucune regle propre, 0 impressions",oui : le hub destination couvre le regime applicable a cette nationalite,inventory/VISA_FOR_DECISION_MATRIX.csv
/th/nepal-visa-for-mexican-citizens,/th/visa-nepal,301,"Lot C1 : Contenu quasi identique au groupe (unicite 2.9%), aucune regle propre, 0 impressions",oui : le hub destination couvre le regime applicable a cette nationalite,inventory/VISA_FOR_DECISION_MATRIX.csv
/th/nepal-visa-for-nigerian-citizens,/th/visa-nepal,301,"Lot C1 : Contenu quasi identique au groupe (unicite 2.5%), aucune regle propre, 0 impressions",oui : le hub destination couvre le regime applicable a cette nationalite,inventory/VISA_FOR_DECISION_MATRIX.csv
/th/nepal-visa-for-philippine-citizens,/th/visa-nepal,301,"Lot C1 : Contenu tres proche du groupe (unicite 12.3%), 0 impression",oui : le hub destination couvre le regime applicable a cette nationalite,inventory/VISA_FOR_DECISION_MATRIX.csv
/th/nepal-visa-for-russian-citizens,/th/visa-nepal,301,"Lot C1 : Contenu quasi identique au groupe (unicite 2.5%), aucune regle propre, 0 impressions",oui : le hub destination couvre le regime applicable a cette nationalite,inventory/VISA_FOR_DECISION_MATRIX.csv
/th/nepal-visa-for-singaporean-citizens,/th/visa-nepal,301,"Lot C1 : Contenu quasi identique au groupe (unicite 2.8%), aucune regle propre, 0 impressions",oui : le hub destination couvre le regime applicable a cette nationalite,inventory/VISA_FOR_DECISION_MATRIX.csv
/th/nepal-visa-for-south-african-citizens,/th/visa-nepal,301,"Lot C1 : Contenu quasi identique au groupe (unicite 4.6%), aucune regle propre, 0 impressions",oui : le hub destination couvre le regime applicable a cette nationalite,inventory/VISA_FOR_DECISION_MATRIX.csv
/th/nepal-visa-for-turkish-citizens,/th/visa-nepal,301,"Lot C1 : Contenu quasi identique au groupe (unicite 2.5%), aucune regle propre, 0 impressions",oui : le hub destination couvre le regime applicable a cette nationalite,inventory/VISA_FOR_DECISION_MATRIX.csv
/th/nepal-visa-for-uk-citizens,/th/visa-nepal,301,"Lot C1 : Contenu quasi identique au groupe (unicite 2.5%), aucune regle propre, 0 impressions",oui : le hub destination couvre le regime applicable a cette nationalite,inventory/VISA_FOR_DECISION_MATRIX.csv
/th/nepal-visa-for-us-citizens,/th/visa-nepal,301,"Lot C1 : Contenu quasi identique au groupe (unicite 4.7%), aucune regle propre, 0 impressions",oui : le hub destination couvre le regime applicable a cette nationalite,inventory/VISA_FOR_DECISION_MATRIX.csv
/th/sri-lanka-visa-for-argentinian-citizens,/th/visa-sri-lanka,301,"Lot C1 : Contenu quasi identique au groupe (unicite 4.0%), aucune regle propre, 0 impressions",oui : le hub destination couvre le regime applicable a cette nationalite,inventory/VISA_FOR_DECISION_MATRIX.csv
/th/sri-lanka-visa-for-brazilian-citizens,/th/visa-sri-lanka,301,"Lot C1 : Contenu quasi identique au groupe (unicite 3.3%), aucune regle propre, 0 impressions",oui : le hub destination couvre le regime applicable a cette nationalite,inventory/VISA_FOR_DECISION_MATRIX.csv
/th/sri-lanka-visa-for-canadian-citizens,/th/visa-sri-lanka,301,"Lot C1 : Contenu tres proche du groupe (unicite 14.3%), 0 impression",oui : le hub destination couvre le regime applicable a cette nationalite,inventory/VISA_FOR_DECISION_MATRIX.csv
/th/sri-lanka-visa-for-french-citizens,/th/visa-sri-lanka,301,"Lot C1 : Contenu tres proche du groupe (unicite 14.4%), 0 impression",oui : le hub destination couvre le regime applicable a cette nationalite,inventory/VISA_FOR_DECISION_MATRIX.csv
/th/sri-lanka-visa-for-german-citizens,/th/visa-sri-lanka,301,"Lot C1 : Contenu quasi identique au groupe (unicite 2.4%), aucune regle propre, 0 impressions",oui : le hub destination couvre le regime applicable a cette nationalite,inventory/VISA_FOR_DECISION_MATRIX.csv
/th/sri-lanka-visa-for-japanese-citizens,/th/visa-sri-lanka,301,"Lot C1 : Contenu tres proche du groupe (unicite 14.6%), 0 impression",oui : le hub destination couvre le regime applicable a cette nationalite,inventory/VISA_FOR_DECISION_MATRIX.csv
/th/sri-lanka-visa-for-korean-citizens,/th/visa-sri-lanka,301,"Lot C1 : Contenu quasi identique au groupe (unicite 2.9%), aucune regle propre, 0 impressions",oui : le hub destination couvre le regime applicable a cette nationalite,inventory/VISA_FOR_DECISION_MATRIX.csv
/th/sri-lanka-visa-for-mexican-citizens,/th/visa-sri-lanka,301,"Lot C1 : Contenu quasi identique au groupe (unicite 2.9%), aucune regle propre, 0 impressions",oui : le hub destination couvre le regime applicable a cette nationalite,inventory/VISA_FOR_DECISION_MATRIX.csv
/th/sri-lanka-visa-for-russian-citizens,/th/visa-sri-lanka,301,"Lot C1 : Contenu quasi identique au groupe (unicite 2.5%), aucune regle propre, 0 impressions",oui : le hub destination couvre le regime applicable a cette nationalite,inventory/VISA_FOR_DECISION_MATRIX.csv
/th/sri-lanka-visa-for-singaporean-citizens,/th/visa-sri-lanka,301,"Lot C1 : Contenu tres proche du groupe (unicite 13.9%), 0 impression",oui : le hub destination couvre le regime applicable a cette nationalite,inventory/VISA_FOR_DECISION_MATRIX.csv
/th/sri-lanka-visa-for-turkish-citizens,/th/visa-sri-lanka,301,"Lot C1 : Contenu quasi identique au groupe (unicite 2.5%), aucune regle propre, 0 impressions",oui : le hub destination couvre le regime applicable a cette nationalite,inventory/VISA_FOR_DECISION_MATRIX.csv
/th/sri-lanka-visa-for-uk-citizens,/th/visa-sri-lanka,301,"Lot C1 : Contenu quasi identique au groupe (unicite 2.5%), aucune regle propre, 0 impressions",oui : le hub destination couvre le regime applicable a cette nationalite,inventory/VISA_FOR_DECISION_MATRIX.csv
/th/turkey-visa-for-argentinian-citizens,/th/visa-turkey,301,"Lot C1 : Contenu tres proche du groupe (unicite 11.8%), 0 impression",oui : le hub destination couvre le regime applicable a cette nationalite,inventory/VISA_FOR_DECISION_MATRIX.csv
/th/turkey-visa-for-australian-citizens,/th/visa-turkey,301,"Lot C1 : Contenu tres proche du groupe (unicite 10.1%), 0 impression",oui : le hub destination couvre le regime applicable a cette nationalite,inventory/VISA_FOR_DECISION_MATRIX.csv
/th/turkey-visa-for-chinese-citizens,/th/visa-turkey,301,"Lot C1 : Contenu tres proche du groupe (unicite 11.8%), 0 impression",oui : le hub destination couvre le regime applicable a cette nationalite,inventory/VISA_FOR_DECISION_MATRIX.csv
/th/turkey-visa-for-mexican-citizens,/th/visa-turkey,301,"Lot C1 : Contenu tres proche du groupe (unicite 13.6%), 0 impression",oui : le hub destination couvre le regime applicable a cette nationalite,inventory/VISA_FOR_DECISION_MATRIX.csv
/th/turkey-visa-for-nigerian-citizens,/th/visa-turkey,301,"Lot C1 : Contenu tres proche du groupe (unicite 13.2%), 0 impression",oui : le hub destination couvre le regime applicable a cette nationalite,inventory/VISA_FOR_DECISION_MATRIX.csv
/th/turkey-visa-for-philippine-citizens,/th/visa-turkey,301,"Lot C1 : Contenu tres proche du groupe (unicite 12.5%), 0 impression",oui : le hub destination couvre le regime applicable a cette nationalite,inventory/VISA_FOR_DECISION_MATRIX.csv
/ru/india-visa-for-argentinian-citizens,/ru/visa-india,301,"Lot C1 : Contenu quasi identique au groupe (unicite 1.1%), aucune regle propre, 0 impressions",oui : le hub destination couvre le regime applicable a cette nationalite,inventory/VISA_FOR_DECISION_MATRIX.csv
/ru/india-visa-for-australian-citizens,/ru/visa-india,301,"Lot C1 : Contenu quasi identique au groupe (unicite 1.1%), aucune regle propre, 0 impressions",oui : le hub destination couvre le regime applicable a cette nationalite,inventory/VISA_FOR_DECISION_MATRIX.csv
/ru/india-visa-for-brazilian-citizens,/ru/visa-india,301,"Lot C1 : Contenu quasi identique au groupe (unicite 1.1%), aucune regle propre, 0 impressions",oui : le hub destination couvre le regime applicable a cette nationalite,inventory/VISA_FOR_DECISION_MATRIX.csv
/ru/india-visa-for-canadian-citizens,/ru/visa-india,301,"Lot C1 : Contenu quasi identique au groupe (unicite 1.1%), aucune regle propre, 0 impressions",oui : le hub destination couvre le regime applicable a cette nationalite,inventory/VISA_FOR_DECISION_MATRIX.csv
/ru/india-visa-for-chinese-citizens,/ru/visa-india,301,"Lot C1 : Contenu quasi identique au groupe (unicite 1.1%), aucune regle propre, 0 impressions",oui : le hub destination couvre le regime applicable a cette nationalite,inventory/VISA_FOR_DECISION_MATRIX.csv
/ru/india-visa-for-french-citizens,/ru/visa-india,301,"Lot C1 : Contenu quasi identique au groupe (unicite 1.1%), aucune regle propre, 0 impressions",oui : le hub destination couvre le regime applicable a cette nationalite,inventory/VISA_FOR_DECISION_MATRIX.csv
/ru/india-visa-for-german-citizens,/ru/visa-india,301,"Lot C1 : Contenu quasi identique au groupe (unicite 1.1%), aucune regle propre, 0 impressions",oui : le hub destination couvre le regime applicable a cette nationalite,inventory/VISA_FOR_DECISION_MATRIX.csv
/ru/india-visa-for-indonesian-citizens,/ru/visa-india,301,"Lot C1 : Contenu quasi identique au groupe (unicite 1.1%), aucune regle propre, 0 impressions",oui : le hub destination couvre le regime applicable a cette nationalite,inventory/VISA_FOR_DECISION_MATRIX.csv
/ru/india-visa-for-japanese-citizens,/ru/visa-india,301,"Lot C1 : Contenu quasi identique au groupe (unicite 1.1%), aucune regle propre, 0 impressions",oui : le hub destination couvre le regime applicable a cette nationalite,inventory/VISA_FOR_DECISION_MATRIX.csv
/ru/india-visa-for-korean-citizens,/ru/visa-india,301,"Lot C1 : Contenu quasi identique au groupe (unicite 1.1%), aucune regle propre, 0 impressions",oui : le hub destination couvre le regime applicable a cette nationalite,inventory/VISA_FOR_DECISION_MATRIX.csv
/ru/india-visa-for-mexican-citizens,/ru/visa-india,301,"Lot C1 : Contenu quasi identique au groupe (unicite 1.1%), aucune regle propre, 0 impressions",oui : le hub destination couvre le regime applicable a cette nationalite,inventory/VISA_FOR_DECISION_MATRIX.csv
/ru/india-visa-for-nigerian-citizens,/ru/visa-india,301,"Lot C1 : Contenu quasi identique au groupe (unicite 1.1%), aucune regle propre, 0 impressions",oui : le hub destination couvre le regime applicable a cette nationalite,inventory/VISA_FOR_DECISION_MATRIX.csv
/ru/india-visa-for-philippine-citizens,/ru/visa-india,301,"Lot C1 : Contenu quasi identique au groupe (unicite 1.1%), aucune regle propre, 0 impressions",oui : le hub destination couvre le regime applicable a cette nationalite,inventory/VISA_FOR_DECISION_MATRIX.csv
/ru/india-visa-for-russian-citizens,/ru/visa-india,301,"Lot C1 : Contenu quasi identique au groupe (unicite 1.1%), aucune regle propre, 0 impressions",oui : le hub destination couvre le regime applicable a cette nationalite,inventory/VISA_FOR_DECISION_MATRIX.csv
/ru/india-visa-for-singaporean-citizens,/ru/visa-india,301,"Lot C1 : Contenu quasi identique au groupe (unicite 1.1%), aucune regle propre, 0 impressions",oui : le hub destination couvre le regime applicable a cette nationalite,inventory/VISA_FOR_DECISION_MATRIX.csv
/ru/india-visa-for-south-african-citizens,/ru/visa-india,301,"Lot C1 : Contenu quasi identique au groupe (unicite 1.6%), aucune regle propre, 0 impressions",oui : le hub destination couvre le regime applicable a cette nationalite,inventory/VISA_FOR_DECISION_MATRIX.csv
/ru/india-visa-for-uk-citizens,/ru/visa-india,301,"Lot C1 : Contenu quasi identique au groupe (unicite 1.1%), aucune regle propre, 0 impressions",oui : le hub destination couvre le regime applicable a cette nationalite,inventory/VISA_FOR_DECISION_MATRIX.csv
/ru/india-visa-for-us-citizens,/ru/visa-india,301,"Lot C1 : Contenu quasi identique au groupe (unicite 1.3%), aucune regle propre, 0 impressions",oui : le hub destination couvre le regime applicable a cette nationalite,inventory/VISA_FOR_DECISION_MATRIX.csv
/ru/jordan-visa-for-argentinian-citizens,/ru/visa-jordan,301,"Lot C1 : Contenu quasi identique au groupe (unicite 2.1%), aucune regle propre, 0 impressions",oui : le hub destination couvre le regime applicable a cette nationalite,inventory/VISA_FOR_DECISION_MATRIX.csv
/ru/jordan-visa-for-australian-citizens,/ru/visa-jordan,301,"Lot C1 : Contenu quasi identique au groupe (unicite 2.6%), aucune regle propre, 0 impressions",oui : le hub destination couvre le regime applicable a cette nationalite,inventory/VISA_FOR_DECISION_MATRIX.csv
/ru/jordan-visa-for-brazilian-citizens,/ru/visa-jordan,301,"Lot C1 : Contenu tres proche du groupe (unicite 12.0%), 0 impression",oui : le hub destination couvre le regime applicable a cette nationalite,inventory/VISA_FOR_DECISION_MATRIX.csv
/ru/jordan-visa-for-canadian-citizens,/ru/visa-jordan,301,"Lot C1 : Contenu quasi identique au groupe (unicite 2.1%), aucune regle propre, 0 impressions",oui : le hub destination couvre le regime applicable a cette nationalite,inventory/VISA_FOR_DECISION_MATRIX.csv
/ru/jordan-visa-for-french-citizens,/ru/visa-jordan,301,"Lot C1 : Contenu quasi identique au groupe (unicite 2.1%), aucune regle propre, 0 impressions",oui : le hub destination couvre le regime applicable a cette nationalite,inventory/VISA_FOR_DECISION_MATRIX.csv
/ru/jordan-visa-for-german-citizens,/ru/visa-jordan,301,"Lot C1 : Contenu tres proche du groupe (unicite 12.4%), 0 impression",oui : le hub destination couvre le regime applicable a cette nationalite,inventory/VISA_FOR_DECISION_MATRIX.csv
/ru/jordan-visa-for-indonesian-citizens,/ru/visa-jordan,301,"Lot C1 : Contenu quasi identique au groupe (unicite 2.3%), aucune regle propre, 0 impressions",oui : le hub destination couvre le regime applicable a cette nationalite,inventory/VISA_FOR_DECISION_MATRIX.csv
/ru/jordan-visa-for-japanese-citizens,/ru/visa-jordan,301,"Lot C1 : Contenu quasi identique au groupe (unicite 2.6%), aucune regle propre, 0 impressions",oui : le hub destination couvre le regime applicable a cette nationalite,inventory/VISA_FOR_DECISION_MATRIX.csv
/ru/jordan-visa-for-korean-citizens,/ru/visa-jordan,301,"Lot C1 : Contenu quasi identique au groupe (unicite 3.8%), aucune regle propre, 0 impressions",oui : le hub destination couvre le regime applicable a cette nationalite,inventory/VISA_FOR_DECISION_MATRIX.csv
/ru/jordan-visa-for-mexican-citizens,/ru/visa-jordan,301,"Lot C1 : Contenu quasi identique au groupe (unicite 2.1%), aucune regle propre, 0 impressions",oui : le hub destination couvre le regime applicable a cette nationalite,inventory/VISA_FOR_DECISION_MATRIX.csv
/ru/jordan-visa-for-philippine-citizens,/ru/visa-jordan,301,"Lot C1 : Contenu quasi identique au groupe (unicite 2.3%), aucune regle propre, 0 impressions",oui : le hub destination couvre le regime applicable a cette nationalite,inventory/VISA_FOR_DECISION_MATRIX.csv
/ru/jordan-visa-for-russian-citizens,/ru/visa-jordan,301,"Lot C1 : Contenu quasi identique au groupe (unicite 2.1%), aucune regle propre, 0 impressions",oui : le hub destination couvre le regime applicable a cette nationalite,inventory/VISA_FOR_DECISION_MATRIX.csv
/ru/jordan-visa-for-singaporean-citizens,/ru/visa-jordan,301,"Lot C1 : Contenu quasi identique au groupe (unicite 2.6%), aucune regle propre, 0 impressions",oui : le hub destination couvre le regime applicable a cette nationalite,inventory/VISA_FOR_DECISION_MATRIX.csv
/ru/jordan-visa-for-south-african-citizens,/ru/visa-jordan,301,"Lot C1 : Contenu tres proche du groupe (unicite 13.3%), 0 impression",oui : le hub destination couvre le regime applicable a cette nationalite,inventory/VISA_FOR_DECISION_MATRIX.csv
/ru/jordan-visa-for-turkish-citizens,/ru/visa-jordan,301,"Lot C1 : Contenu quasi identique au groupe (unicite 2.6%), aucune regle propre, 0 impressions",oui : le hub destination couvre le regime applicable a cette nationalite,inventory/VISA_FOR_DECISION_MATRIX.csv
/ru/jordan-visa-for-uk-citizens,/ru/visa-jordan,301,"Lot C1 : Contenu quasi identique au groupe (unicite 2.6%), aucune regle propre, 0 impressions",oui : le hub destination couvre le regime applicable a cette nationalite,inventory/VISA_FOR_DECISION_MATRIX.csv
/ru/jordan-visa-for-us-citizens,/ru/visa-jordan,301,"Lot C1 : Contenu quasi identique au groupe (unicite 3.1%), aucune regle propre, 0 impressions",oui : le hub destination couvre le regime applicable a cette nationalite,inventory/VISA_FOR_DECISION_MATRIX.csv
/ru/maldives-visa-for-argentinian-citizens,/ru/visa-maldives,301,"Lot C1 : Contenu quasi identique au groupe (unicite 2.5%), aucune regle propre, 0 impressions",oui : le hub destination couvre le regime applicable a cette nationalite,inventory/VISA_FOR_DECISION_MATRIX.csv
/ru/maldives-visa-for-australian-citizens,/ru/visa-maldives,301,"Lot C1 : Contenu quasi identique au groupe (unicite 2.8%), aucune regle propre, 0 impressions",oui : le hub destination couvre le regime applicable a cette nationalite,inventory/VISA_FOR_DECISION_MATRIX.csv
/ru/maldives-visa-for-brazilian-citizens,/ru/visa-maldives,301,"Lot C1 : Contenu quasi identique au groupe (unicite 3.1%), aucune regle propre, 0 impressions",oui : le hub destination couvre le regime applicable a cette nationalite,inventory/VISA_FOR_DECISION_MATRIX.csv
/ru/maldives-visa-for-canadian-citizens,/ru/visa-maldives,301,"Lot C1 : Contenu quasi identique au groupe (unicite 2.8%), aucune regle propre, 0 impressions",oui : le hub destination couvre le regime applicable a cette nationalite,inventory/VISA_FOR_DECISION_MATRIX.csv
/ru/maldives-visa-for-chinese-citizens,/ru/visa-maldives,301,"Lot C1 : Contenu quasi identique au groupe (unicite 2.8%), aucune regle propre, 0 impressions",oui : le hub destination couvre le regime applicable a cette nationalite,inventory/VISA_FOR_DECISION_MATRIX.csv
/ru/maldives-visa-for-french-citizens,/ru/visa-maldives,301,"Lot C1 : Contenu quasi identique au groupe (unicite 2.8%), aucune regle propre, 0 impressions",oui : le hub destination couvre le regime applicable a cette nationalite,inventory/VISA_FOR_DECISION_MATRIX.csv
/ru/maldives-visa-for-german-citizens,/ru/visa-maldives,301,"Lot C1 : Contenu quasi identique au groupe (unicite 2.8%), aucune regle propre, 0 impressions",oui : le hub destination couvre le regime applicable a cette nationalite,inventory/VISA_FOR_DECISION_MATRIX.csv
/ru/maldives-visa-for-indian-citizens,/ru/visa-maldives,301,"Lot C1 : Contenu quasi identique au groupe (unicite 3.1%), aucune regle propre, 0 impressions",oui : le hub destination couvre le regime applicable a cette nationalite,inventory/VISA_FOR_DECISION_MATRIX.csv
/ru/maldives-visa-for-indonesian-citizens,/ru/visa-maldives,301,"Lot C1 : Contenu quasi identique au groupe (unicite 2.2%), aucune regle propre, 0 impressions",oui : le hub destination couvre le regime applicable a cette nationalite,inventory/VISA_FOR_DECISION_MATRIX.csv
/ru/maldives-visa-for-japanese-citizens,/ru/visa-maldives,301,"Lot C1 : Contenu quasi identique au groupe (unicite 2.8%), aucune regle propre, 0 impressions",oui : le hub destination couvre le regime applicable a cette nationalite,inventory/VISA_FOR_DECISION_MATRIX.csv
/ru/maldives-visa-for-korean-citizens,/ru/visa-maldives,301,"Lot C1 : Contenu quasi identique au groupe (unicite 3.1%), aucune regle propre, 0 impressions",oui : le hub destination couvre le regime applicable a cette nationalite,inventory/VISA_FOR_DECISION_MATRIX.csv
/ru/maldives-visa-for-mexican-citizens,/ru/visa-maldives,301,"Lot C1 : Contenu quasi identique au groupe (unicite 3.1%), aucune regle propre, 0 impressions",oui : le hub destination couvre le regime applicable a cette nationalite,inventory/VISA_FOR_DECISION_MATRIX.csv
/ru/maldives-visa-for-nigerian-citizens,/ru/visa-maldives,301,"Lot C1 : Contenu quasi identique au groupe (unicite 2.2%), aucune regle propre, 0 impressions",oui : le hub destination couvre le regime applicable a cette nationalite,inventory/VISA_FOR_DECISION_MATRIX.csv
/ru/maldives-visa-for-philippine-citizens,/ru/visa-maldives,301,"Lot C1 : Contenu quasi identique au groupe (unicite 2.8%), aucune regle propre, 0 impressions",oui : le hub destination couvre le regime applicable a cette nationalite,inventory/VISA_FOR_DECISION_MATRIX.csv
/ru/maldives-visa-for-russian-citizens,/ru/visa-maldives,301,"Lot C1 : Contenu quasi identique au groupe (unicite 2.5%), aucune regle propre, 0 impressions",oui : le hub destination couvre le regime applicable a cette nationalite,inventory/VISA_FOR_DECISION_MATRIX.csv
/ru/maldives-visa-for-singaporean-citizens,/ru/visa-maldives,301,"Lot C1 : Contenu quasi identique au groupe (unicite 2.8%), aucune regle propre, 0 impressions",oui : le hub destination couvre le regime applicable a cette nationalite,inventory/VISA_FOR_DECISION_MATRIX.csv
/ru/maldives-visa-for-turkish-citizens,/ru/visa-maldives,301,"Lot C1 : Contenu quasi identique au groupe (unicite 2.8%), aucune regle propre, 0 impressions",oui : le hub destination couvre le regime applicable a cette nationalite,inventory/VISA_FOR_DECISION_MATRIX.csv
/ru/maldives-visa-for-uk-citizens,/ru/visa-maldives,301,"Lot C1 : Contenu quasi identique au groupe (unicite 2.8%), aucune regle propre, 0 impressions",oui : le hub destination couvre le regime applicable a cette nationalite,inventory/VISA_FOR_DECISION_MATRIX.csv
/ru/maldives-visa-for-us-citizens,/ru/visa-maldives,301,"Lot C1 : Contenu quasi identique au groupe (unicite 1.5%), aucune regle propre, 0 impressions",oui : le hub destination couvre le regime applicable a cette nationalite,inventory/VISA_FOR_DECISION_MATRIX.csv
/ru/nepal-visa-for-argentinian-citizens,/ru/visa-nepal,301,"Lot C1 : Contenu quasi identique au groupe (unicite 2.2%), aucune regle propre, 0 impressions",oui : le hub destination couvre le regime applicable a cette nationalite,inventory/VISA_FOR_DECISION_MATRIX.csv
/ru/nepal-visa-for-australian-citizens,/ru/visa-nepal,301,"Lot C1 : Contenu quasi identique au groupe (unicite 2.2%), aucune regle propre, 0 impressions",oui : le hub destination couvre le regime applicable a cette nationalite,inventory/VISA_FOR_DECISION_MATRIX.csv
/ru/nepal-visa-for-brazilian-citizens,/ru/visa-nepal,301,"Lot C1 : Contenu quasi identique au groupe (unicite 2.2%), aucune regle propre, 0 impressions",oui : le hub destination couvre le regime applicable a cette nationalite,inventory/VISA_FOR_DECISION_MATRIX.csv
/ru/nepal-visa-for-canadian-citizens,/ru/visa-nepal,301,"Lot C1 : Contenu tres proche du groupe (unicite 12.5%), 0 impression",oui : le hub destination couvre le regime applicable a cette nationalite,inventory/VISA_FOR_DECISION_MATRIX.csv
/ru/nepal-visa-for-chinese-citizens,/ru/visa-nepal,301,"Lot C1 : Contenu quasi identique au groupe (unicite 2.2%), aucune regle propre, 0 impressions",oui : le hub destination couvre le regime applicable a cette nationalite,inventory/VISA_FOR_DECISION_MATRIX.csv
/ru/nepal-visa-for-french-citizens,/ru/visa-nepal,301,"Lot C1 : Contenu quasi identique au groupe (unicite 2.2%), aucune regle propre, 0 impressions",oui : le hub destination couvre le regime applicable a cette nationalite,inventory/VISA_FOR_DECISION_MATRIX.csv
/ru/nepal-visa-for-german-citizens,/ru/visa-nepal,301,"Lot C1 : Contenu quasi identique au groupe (unicite 2.0%), aucune regle propre, 0 impressions",oui : le hub destination couvre le regime applicable a cette nationalite,inventory/VISA_FOR_DECISION_MATRIX.csv
/ru/nepal-visa-for-indonesian-citizens,/ru/visa-nepal,301,"Lot C1 : Contenu quasi identique au groupe (unicite 2.2%), aucune regle propre, 0 impressions",oui : le hub destination couvre le regime applicable a cette nationalite,inventory/VISA_FOR_DECISION_MATRIX.csv
/ru/nepal-visa-for-japanese-citizens,/ru/visa-nepal,301,"Lot C1 : Contenu tres proche du groupe (unicite 12.3%), 0 impression",oui : le hub destination couvre le regime applicable a cette nationalite,inventory/VISA_FOR_DECISION_MATRIX.csv
/ru/nepal-visa-for-korean-citizens,/ru/visa-nepal,301,"Lot C1 : Contenu quasi identique au groupe (unicite 2.5%), aucune regle propre, 0 impressions",oui : le hub destination couvre le regime applicable a cette nationalite,inventory/VISA_FOR_DECISION_MATRIX.csv
/ru/nepal-visa-for-mexican-citizens,/ru/visa-nepal,301,"Lot C1 : Contenu quasi identique au groupe (unicite 2.2%), aucune regle propre, 0 impressions",oui : le hub destination couvre le regime applicable a cette nationalite,inventory/VISA_FOR_DECISION_MATRIX.csv
/ru/nepal-visa-for-nigerian-citizens,/ru/visa-nepal,301,"Lot C1 : Contenu quasi identique au groupe (unicite 2.2%), aucune regle propre, 0 impressions",oui : le hub destination couvre le regime applicable a cette nationalite,inventory/VISA_FOR_DECISION_MATRIX.csv
/ru/nepal-visa-for-philippine-citizens,/ru/visa-nepal,301,"Lot C1 : Contenu tres proche du groupe (unicite 12.5%), 0 impression",oui : le hub destination couvre le regime applicable a cette nationalite,inventory/VISA_FOR_DECISION_MATRIX.csv
/ru/nepal-visa-for-russian-citizens,/ru/visa-nepal,301,"Lot C1 : Contenu quasi identique au groupe (unicite 2.0%), aucune regle propre, 0 impressions",oui : le hub destination couvre le regime applicable a cette nationalite,inventory/VISA_FOR_DECISION_MATRIX.csv
/ru/nepal-visa-for-singaporean-citizens,/ru/visa-nepal,301,"Lot C1 : Contenu quasi identique au groupe (unicite 2.2%), aucune regle propre, 0 impressions",oui : le hub destination couvre le regime applicable a cette nationalite,inventory/VISA_FOR_DECISION_MATRIX.csv
/ru/nepal-visa-for-south-african-citizens,/ru/visa-nepal,301,"Lot C1 : Contenu quasi identique au groupe (unicite 3.0%), aucune regle propre, 0 impressions",oui : le hub destination couvre le regime applicable a cette nationalite,inventory/VISA_FOR_DECISION_MATRIX.csv
/ru/nepal-visa-for-turkish-citizens,/ru/visa-nepal,301,"Lot C1 : Contenu quasi identique au groupe (unicite 2.0%), aucune regle propre, 0 impressions",oui : le hub destination couvre le regime applicable a cette nationalite,inventory/VISA_FOR_DECISION_MATRIX.csv
/ru/nepal-visa-for-uk-citizens,/ru/visa-nepal,301,"Lot C1 : Contenu quasi identique au groupe (unicite 2.0%), aucune regle propre, 0 impressions",oui : le hub destination couvre le regime applicable a cette nationalite,inventory/VISA_FOR_DECISION_MATRIX.csv
/ru/nepal-visa-for-us-citizens,/ru/visa-nepal,301,"Lot C1 : Contenu quasi identique au groupe (unicite 1.0%), aucune regle propre, 0 impressions",oui : le hub destination couvre le regime applicable a cette nationalite,inventory/VISA_FOR_DECISION_MATRIX.csv
/ru/sri-lanka-visa-for-argentinian-citizens,/ru/visa-sri-lanka,301,"Lot C1 : Contenu quasi identique au groupe (unicite 1.5%), aucune regle propre, 0 impressions",oui : le hub destination couvre le regime applicable a cette nationalite,inventory/VISA_FOR_DECISION_MATRIX.csv
/ru/sri-lanka-visa-for-australian-citizens,/ru/visa-sri-lanka,301,"Lot C1 : Contenu tres proche du groupe (unicite 13.4%), 0 impression",oui : le hub destination couvre le regime applicable a cette nationalite,inventory/VISA_FOR_DECISION_MATRIX.csv
/ru/sri-lanka-visa-for-brazilian-citizens,/ru/visa-sri-lanka,301,"Lot C1 : Contenu quasi identique au groupe (unicite 1.8%), aucune regle propre, 0 impressions",oui : le hub destination couvre le regime applicable a cette nationalite,inventory/VISA_FOR_DECISION_MATRIX.csv
/ru/sri-lanka-visa-for-canadian-citizens,/ru/visa-sri-lanka,301,"Lot C1 : Contenu tres proche du groupe (unicite 13.2%), 0 impression",oui : le hub destination couvre le regime applicable a cette nationalite,inventory/VISA_FOR_DECISION_MATRIX.csv
/ru/sri-lanka-visa-for-french-citizens,/ru/visa-sri-lanka,301,"Lot C1 : Contenu tres proche du groupe (unicite 13.5%), 0 impression",oui : le hub destination couvre le regime applicable a cette nationalite,inventory/VISA_FOR_DECISION_MATRIX.csv
/ru/sri-lanka-visa-for-german-citizens,/ru/visa-sri-lanka,301,"Lot C1 : Contenu quasi identique au groupe (unicite 1.5%), aucune regle propre, 0 impressions",oui : le hub destination couvre le regime applicable a cette nationalite,inventory/VISA_FOR_DECISION_MATRIX.csv
/ru/sri-lanka-visa-for-japanese-citizens,/ru/visa-sri-lanka,301,"Lot C1 : Contenu tres proche du groupe (unicite 13.3%), 0 impression",oui : le hub destination couvre le regime applicable a cette nationalite,inventory/VISA_FOR_DECISION_MATRIX.csv
/ru/sri-lanka-visa-for-korean-citizens,/ru/visa-sri-lanka,301,"Lot C1 : Contenu quasi identique au groupe (unicite 1.8%), aucune regle propre, 0 impressions",oui : le hub destination couvre le regime applicable a cette nationalite,inventory/VISA_FOR_DECISION_MATRIX.csv
/ru/sri-lanka-visa-for-mexican-citizens,/ru/visa-sri-lanka,301,"Lot C1 : Contenu quasi identique au groupe (unicite 1.5%), aucune regle propre, 0 impressions",oui : le hub destination couvre le regime applicable a cette nationalite,inventory/VISA_FOR_DECISION_MATRIX.csv
/ru/sri-lanka-visa-for-nigerian-citizens,/ru/visa-sri-lanka,301,"Lot C1 : Contenu tres proche du groupe (unicite 13.3%), 0 impression",oui : le hub destination couvre le regime applicable a cette nationalite,inventory/VISA_FOR_DECISION_MATRIX.csv
/ru/sri-lanka-visa-for-russian-citizens,/ru/visa-sri-lanka,301,"Lot C1 : Contenu quasi identique au groupe (unicite 1.8%), aucune regle propre, 0 impressions",oui : le hub destination couvre le regime applicable a cette nationalite,inventory/VISA_FOR_DECISION_MATRIX.csv
/ru/sri-lanka-visa-for-singaporean-citizens,/ru/visa-sri-lanka,301,"Lot C1 : Contenu tres proche du groupe (unicite 13.4%), 0 impression",oui : le hub destination couvre le regime applicable a cette nationalite,inventory/VISA_FOR_DECISION_MATRIX.csv
/ru/sri-lanka-visa-for-south-african-citizens,/ru/visa-sri-lanka,301,"Lot C1 : Contenu tres proche du groupe (unicite 14.4%), 0 impression",oui : le hub destination couvre le regime applicable a cette nationalite,inventory/VISA_FOR_DECISION_MATRIX.csv
/ru/sri-lanka-visa-for-turkish-citizens,/ru/visa-sri-lanka,301,"Lot C1 : Contenu quasi identique au groupe (unicite 1.5%), aucune regle propre, 0 impressions",oui : le hub destination couvre le regime applicable a cette nationalite,inventory/VISA_FOR_DECISION_MATRIX.csv
/ru/sri-lanka-visa-for-uk-citizens,/ru/visa-sri-lanka,301,"Lot C1 : Contenu quasi identique au groupe (unicite 1.8%), aucune regle propre, 0 impressions",oui : le hub destination couvre le regime applicable a cette nationalite,inventory/VISA_FOR_DECISION_MATRIX.csv
/ru/sri-lanka-visa-for-us-citizens,/ru/visa-sri-lanka,301,"Lot C1 : Contenu tres proche du groupe (unicite 13.5%), 0 impression",oui : le hub destination couvre le regime applicable a cette nationalite,inventory/VISA_FOR_DECISION_MATRIX.csv
/ru/turkey-visa-for-argentinian-citizens,/ru/visa-turkey,301,"Lot C1 : Contenu quasi identique au groupe (unicite 5.5%), aucune regle propre, 0 impressions",oui : le hub destination couvre le regime applicable a cette nationalite,inventory/VISA_FOR_DECISION_MATRIX.csv
/ru/turkey-visa-for-mexican-citizens,/ru/visa-turkey,301,"Lot C1 : Contenu quasi identique au groupe (unicite 5.2%), aucune regle propre, 0 impressions",oui : le hub destination couvre le regime applicable a cette nationalite,inventory/VISA_FOR_DECISION_MATRIX.csv
/ru/turkey-visa-for-nigerian-citizens,/ru/visa-turkey,301,"Lot C1 : Contenu quasi identique au groupe (unicite 4.9%), aucune regle propre, 0 impressions",oui : le hub destination couvre le regime applicable a cette nationalite,inventory/VISA_FOR_DECISION_MATRIX.csv
/ru/turkey-visa-for-uk-citizens,/ru/visa-turkey,301,"Lot C1 : Contenu quasi identique au groupe (unicite 4.9%), aucune regle propre, 0 impressions",oui : le hub destination couvre le regime applicable a cette nationalite,inventory/VISA_FOR_DECISION_MATRIX.csv
/ru/turkey-visa-for-us-citizens,/ru/visa-turkey,301,"Lot C1 : Contenu tres proche du groupe (unicite 13.0%), 0 impression",oui : le hub destination couvre le regime applicable a cette nationalite,inventory/VISA_FOR_DECISION_MATRIX.csv
/ar/india-visa-for-argentinian-citizens,/ar/visa-india,301,"Lot C1 : Contenu quasi identique au groupe (unicite 2.3%), aucune regle propre, 0 impressions",oui : le hub destination couvre le regime applicable a cette nationalite,inventory/VISA_FOR_DECISION_MATRIX.csv
/ar/india-visa-for-australian-citizens,/ar/visa-india,301,"Lot C1 : Contenu quasi identique au groupe (unicite 2.8%), aucune regle propre, 0 impressions",oui : le hub destination couvre le regime applicable a cette nationalite,inventory/VISA_FOR_DECISION_MATRIX.csv
/ar/india-visa-for-brazilian-citizens,/ar/visa-india,301,"Lot C1 : Contenu quasi identique au groupe (unicite 2.1%), aucune regle propre, 0 impressions",oui : le hub destination couvre le regime applicable a cette nationalite,inventory/VISA_FOR_DECISION_MATRIX.csv
/ar/india-visa-for-canadian-citizens,/ar/visa-india,301,"Lot C1 : Contenu quasi identique au groupe (unicite 2.1%), aucune regle propre, 0 impressions",oui : le hub destination couvre le regime applicable a cette nationalite,inventory/VISA_FOR_DECISION_MATRIX.csv
/ar/india-visa-for-chinese-citizens,/ar/visa-india,301,"Lot C1 : Contenu quasi identique au groupe (unicite 2.1%), aucune regle propre, 0 impressions",oui : le hub destination couvre le regime applicable a cette nationalite,inventory/VISA_FOR_DECISION_MATRIX.csv
/ar/india-visa-for-french-citizens,/ar/visa-india,301,"Lot C1 : Contenu quasi identique au groupe (unicite 2.1%), aucune regle propre, 0 impressions",oui : le hub destination couvre le regime applicable a cette nationalite,inventory/VISA_FOR_DECISION_MATRIX.csv
/ar/india-visa-for-german-citizens,/ar/visa-india,301,"Lot C1 : Contenu quasi identique au groupe (unicite 2.1%), aucune regle propre, 0 impressions",oui : le hub destination couvre le regime applicable a cette nationalite,inventory/VISA_FOR_DECISION_MATRIX.csv
/ar/india-visa-for-indonesian-citizens,/ar/visa-india,301,"Lot C1 : Contenu quasi identique au groupe (unicite 3.0%), aucune regle propre, 0 impressions",oui : le hub destination couvre le regime applicable a cette nationalite,inventory/VISA_FOR_DECISION_MATRIX.csv
/ar/india-visa-for-japanese-citizens,/ar/visa-india,301,"Lot C1 : Contenu quasi identique au groupe (unicite 2.1%), aucune regle propre, 0 impressions",oui : le hub destination couvre le regime applicable a cette nationalite,inventory/VISA_FOR_DECISION_MATRIX.csv
/ar/india-visa-for-korean-citizens,/ar/visa-india,301,"Lot C1 : Contenu quasi identique au groupe (unicite 2.3%), aucune regle propre, 0 impressions",oui : le hub destination couvre le regime applicable a cette nationalite,inventory/VISA_FOR_DECISION_MATRIX.csv
/ar/india-visa-for-mexican-citizens,/ar/visa-india,301,"Lot C1 : Contenu quasi identique au groupe (unicite 2.1%), aucune regle propre, 0 impressions",oui : le hub destination couvre le regime applicable a cette nationalite,inventory/VISA_FOR_DECISION_MATRIX.csv
/ar/india-visa-for-nigerian-citizens,/ar/visa-india,301,"Lot C1 : Contenu quasi identique au groupe (unicite 2.1%), aucune regle propre, 0 impressions",oui : le hub destination couvre le regime applicable a cette nationalite,inventory/VISA_FOR_DECISION_MATRIX.csv
/ar/india-visa-for-philippine-citizens,/ar/visa-india,301,"Lot C1 : Contenu quasi identique au groupe (unicite 3.0%), aucune regle propre, 0 impressions",oui : le hub destination couvre le regime applicable a cette nationalite,inventory/VISA_FOR_DECISION_MATRIX.csv
/ar/india-visa-for-russian-citizens,/ar/visa-india,301,"Lot C1 : Contenu quasi identique au groupe (unicite 2.1%), aucune regle propre, 0 impressions",oui : le hub destination couvre le regime applicable a cette nationalite,inventory/VISA_FOR_DECISION_MATRIX.csv
/ar/india-visa-for-singaporean-citizens,/ar/visa-india,301,"Lot C1 : Contenu quasi identique au groupe (unicite 2.1%), aucune regle propre, 0 impressions",oui : le hub destination couvre le regime applicable a cette nationalite,inventory/VISA_FOR_DECISION_MATRIX.csv
/ar/india-visa-for-south-african-citizens,/ar/visa-india,301,"Lot C1 : Contenu quasi identique au groupe (unicite 4.4%), aucune regle propre, 0 impressions",oui : le hub destination couvre le regime applicable a cette nationalite,inventory/VISA_FOR_DECISION_MATRIX.csv
/ar/india-visa-for-turkish-citizens,/ar/visa-india,301,"Lot C1 : Contenu quasi identique au groupe (unicite 3.3%), aucune regle propre, 0 impressions",oui : le hub destination couvre le regime applicable a cette nationalite,inventory/VISA_FOR_DECISION_MATRIX.csv
/ar/india-visa-for-uk-citizens,/ar/visa-india,301,"Lot C1 : Contenu quasi identique au groupe (unicite 4.4%), aucune regle propre, 0 impressions",oui : le hub destination couvre le regime applicable a cette nationalite,inventory/VISA_FOR_DECISION_MATRIX.csv
/ar/india-visa-for-us-citizens,/ar/visa-india,301,"Lot C1 : Contenu quasi identique au groupe (unicite 4.9%), aucune regle propre, 0 impressions",oui : le hub destination couvre le regime applicable a cette nationalite,inventory/VISA_FOR_DECISION_MATRIX.csv
/ar/jordan-visa-for-argentinian-citizens,/ar/visa-jordan,301,"Lot C1 : Contenu quasi identique au groupe (unicite 2.5%), aucune regle propre, 0 impressions",oui : le hub destination couvre le regime applicable a cette nationalite,inventory/VISA_FOR_DECISION_MATRIX.csv
/ar/jordan-visa-for-australian-citizens,/ar/visa-jordan,301,"Lot C1 : Contenu quasi identique au groupe (unicite 2.5%), aucune regle propre, 0 impressions",oui : le hub destination couvre le regime applicable a cette nationalite,inventory/VISA_FOR_DECISION_MATRIX.csv
/ar/jordan-visa-for-brazilian-citizens,/ar/visa-jordan,301,"Lot C1 : Contenu tres proche du groupe (unicite 14.0%), 0 impression",oui : le hub destination couvre le regime applicable a cette nationalite,inventory/VISA_FOR_DECISION_MATRIX.csv
/ar/jordan-visa-for-canadian-citizens,/ar/visa-jordan,301,"Lot C1 : Contenu quasi identique au groupe (unicite 2.3%), aucune regle propre, 0 impressions",oui : le hub destination couvre le regime applicable a cette nationalite,inventory/VISA_FOR_DECISION_MATRIX.csv
/ar/jordan-visa-for-german-citizens,/ar/visa-jordan,301,"Lot C1 : Contenu tres proche du groupe (unicite 13.5%), 0 impression",oui : le hub destination couvre le regime applicable a cette nationalite,inventory/VISA_FOR_DECISION_MATRIX.csv
/ar/jordan-visa-for-japanese-citizens,/ar/visa-jordan,301,"Lot C1 : Contenu quasi identique au groupe (unicite 3.0%), aucune regle propre, 0 impressions",oui : le hub destination couvre le regime applicable a cette nationalite,inventory/VISA_FOR_DECISION_MATRIX.csv
/ar/jordan-visa-for-korean-citizens,/ar/visa-jordan,301,"Lot C1 : Contenu quasi identique au groupe (unicite 4.9%), aucune regle propre, 0 impressions",oui : le hub destination couvre le regime applicable a cette nationalite,inventory/VISA_FOR_DECISION_MATRIX.csv
/ar/jordan-visa-for-mexican-citizens,/ar/visa-jordan,301,"Lot C1 : Contenu quasi identique au groupe (unicite 2.5%), aucune regle propre, 0 impressions",oui : le hub destination couvre le regime applicable a cette nationalite,inventory/VISA_FOR_DECISION_MATRIX.csv
/ar/jordan-visa-for-philippine-citizens,/ar/visa-jordan,301,"Lot C1 : Contenu quasi identique au groupe (unicite 2.8%), aucune regle propre, 0 impressions",oui : le hub destination couvre le regime applicable a cette nationalite,inventory/VISA_FOR_DECISION_MATRIX.csv
/ar/jordan-visa-for-singaporean-citizens,/ar/visa-jordan,301,"Lot C1 : Contenu quasi identique au groupe (unicite 3.0%), aucune regle propre, 0 impressions",oui : le hub destination couvre le regime applicable a cette nationalite,inventory/VISA_FOR_DECISION_MATRIX.csv
/ar/jordan-visa-for-uk-citizens,/ar/visa-jordan,301,"Lot C1 : Contenu quasi identique au groupe (unicite 2.8%), aucune regle propre, 0 impressions",oui : le hub destination couvre le regime applicable a cette nationalite,inventory/VISA_FOR_DECISION_MATRIX.csv
/ar/jordan-visa-for-us-citizens,/ar/visa-jordan,301,"Lot C1 : Contenu quasi identique au groupe (unicite 3.0%), aucune regle propre, 0 impressions",oui : le hub destination couvre le regime applicable a cette nationalite,inventory/VISA_FOR_DECISION_MATRIX.csv
/ar/maldives-visa-for-argentinian-citizens,/ar/visa-maldives,301,"Lot C1 : Contenu quasi identique au groupe (unicite 4.4%), aucune regle propre, 0 impressions",oui : le hub destination couvre le regime applicable a cette nationalite,inventory/VISA_FOR_DECISION_MATRIX.csv
/ar/maldives-visa-for-australian-citizens,/ar/visa-maldives,301,"Lot C1 : Contenu quasi identique au groupe (unicite 4.4%), aucune regle propre, 0 impressions",oui : le hub destination couvre le regime applicable a cette nationalite,inventory/VISA_FOR_DECISION_MATRIX.csv
/ar/maldives-visa-for-brazilian-citizens,/ar/visa-maldives,301,"Lot C1 : Contenu quasi identique au groupe (unicite 5.1%), aucune regle propre, 0 impressions",oui : le hub destination couvre le regime applicable a cette nationalite,inventory/VISA_FOR_DECISION_MATRIX.csv
/ar/maldives-visa-for-canadian-citizens,/ar/visa-maldives,301,"Lot C1 : Contenu quasi identique au groupe (unicite 4.4%), aucune regle propre, 0 impressions",oui : le hub destination couvre le regime applicable a cette nationalite,inventory/VISA_FOR_DECISION_MATRIX.csv
/ar/maldives-visa-for-chinese-citizens,/ar/visa-maldives,301,"Lot C1 : Contenu quasi identique au groupe (unicite 5.1%), aucune regle propre, 0 impressions",oui : le hub destination couvre le regime applicable a cette nationalite,inventory/VISA_FOR_DECISION_MATRIX.csv
/ar/maldives-visa-for-french-citizens,/ar/visa-maldives,301,"Lot C1 : Contenu quasi identique au groupe (unicite 5.1%), aucune regle propre, 0 impressions",oui : le hub destination couvre le regime applicable a cette nationalite,inventory/VISA_FOR_DECISION_MATRIX.csv
/ar/maldives-visa-for-german-citizens,/ar/visa-maldives,301,"Lot C1 : Contenu quasi identique au groupe (unicite 5.1%), aucune regle propre, 0 impressions",oui : le hub destination couvre le regime applicable a cette nationalite,inventory/VISA_FOR_DECISION_MATRIX.csv
/ar/maldives-visa-for-indian-citizens,/ar/visa-maldives,301,"Lot C1 : Contenu quasi identique au groupe (unicite 4.4%), aucune regle propre, 0 impressions",oui : le hub destination couvre le regime applicable a cette nationalite,inventory/VISA_FOR_DECISION_MATRIX.csv
/ar/maldives-visa-for-indonesian-citizens,/ar/visa-maldives,301,"Lot C1 : Contenu quasi identique au groupe (unicite 4.8%), aucune regle propre, 0 impressions",oui : le hub destination couvre le regime applicable a cette nationalite,inventory/VISA_FOR_DECISION_MATRIX.csv
/ar/maldives-visa-for-japanese-citizens,/ar/visa-maldives,301,"Lot C1 : Contenu quasi identique au groupe (unicite 5.1%), aucune regle propre, 0 impressions",oui : le hub destination couvre le regime applicable a cette nationalite,inventory/VISA_FOR_DECISION_MATRIX.csv
/ar/maldives-visa-for-korean-citizens,/ar/visa-maldives,301,"Lot C1 : Contenu quasi identique au groupe (unicite 5.6%), aucune regle propre, 0 impressions",oui : le hub destination couvre le regime applicable a cette nationalite,inventory/VISA_FOR_DECISION_MATRIX.csv
/ar/maldives-visa-for-mexican-citizens,/ar/visa-maldives,301,"Lot C1 : Contenu quasi identique au groupe (unicite 5.4%), aucune regle propre, 0 impressions",oui : le hub destination couvre le regime applicable a cette nationalite,inventory/VISA_FOR_DECISION_MATRIX.csv
/ar/maldives-visa-for-nigerian-citizens,/ar/visa-maldives,301,"Lot C1 : Contenu quasi identique au groupe (unicite 5.1%), aucune regle propre, 0 impressions",oui : le hub destination couvre le regime applicable a cette nationalite,inventory/VISA_FOR_DECISION_MATRIX.csv
/ar/maldives-visa-for-philippine-citizens,/ar/visa-maldives,301,"Lot C1 : Contenu quasi identique au groupe (unicite 4.4%), aucune regle propre, 0 impressions",oui : le hub destination couvre le regime applicable a cette nationalite,inventory/VISA_FOR_DECISION_MATRIX.csv
/ar/maldives-visa-for-russian-citizens,/ar/visa-maldives,301,"Lot C1 : Contenu quasi identique au groupe (unicite 4.4%), aucune regle propre, 0 impressions",oui : le hub destination couvre le regime applicable a cette nationalite,inventory/VISA_FOR_DECISION_MATRIX.csv
/ar/maldives-visa-for-singaporean-citizens,/ar/visa-maldives,301,"Lot C1 : Contenu quasi identique au groupe (unicite 5.1%), aucune regle propre, 0 impressions",oui : le hub destination couvre le regime applicable a cette nationalite,inventory/VISA_FOR_DECISION_MATRIX.csv
/ar/maldives-visa-for-turkish-citizens,/ar/visa-maldives,301,"Lot C1 : Contenu quasi identique au groupe (unicite 4.8%), aucune regle propre, 0 impressions",oui : le hub destination couvre le regime applicable a cette nationalite,inventory/VISA_FOR_DECISION_MATRIX.csv
/ar/maldives-visa-for-uk-citizens,/ar/visa-maldives,301,"Lot C1 : Contenu quasi identique au groupe (unicite 8.0%), aucune regle propre, 0 impressions",oui : le hub destination couvre le regime applicable a cette nationalite,inventory/VISA_FOR_DECISION_MATRIX.csv
/ar/maldives-visa-for-us-citizens,/ar/visa-maldives,301,"Lot C1 : Contenu quasi identique au groupe (unicite 5.7%), aucune regle propre, 0 impressions",oui : le hub destination couvre le regime applicable a cette nationalite,inventory/VISA_FOR_DECISION_MATRIX.csv
/ar/nepal-visa-for-argentinian-citizens,/ar/visa-nepal,301,"Lot C1 : Contenu quasi identique au groupe (unicite 2.3%), aucune regle propre, 0 impressions",oui : le hub destination couvre le regime applicable a cette nationalite,inventory/VISA_FOR_DECISION_MATRIX.csv
/ar/nepal-visa-for-australian-citizens,/ar/visa-nepal,301,"Lot C1 : Contenu quasi identique au groupe (unicite 3.5%), aucune regle propre, 0 impressions",oui : le hub destination couvre le regime applicable a cette nationalite,inventory/VISA_FOR_DECISION_MATRIX.csv
/ar/nepal-visa-for-brazilian-citizens,/ar/visa-nepal,301,"Lot C1 : Contenu quasi identique au groupe (unicite 2.8%), aucune regle propre, 0 impressions",oui : le hub destination couvre le regime applicable a cette nationalite,inventory/VISA_FOR_DECISION_MATRIX.csv
/ar/nepal-visa-for-canadian-citizens,/ar/visa-nepal,301,"Lot C1 : Contenu tres proche du groupe (unicite 14.1%), 0 impression",oui : le hub destination couvre le regime applicable a cette nationalite,inventory/VISA_FOR_DECISION_MATRIX.csv
/ar/nepal-visa-for-chinese-citizens,/ar/visa-nepal,301,"Lot C1 : Contenu quasi identique au groupe (unicite 3.0%), aucune regle propre, 0 impressions",oui : le hub destination couvre le regime applicable a cette nationalite,inventory/VISA_FOR_DECISION_MATRIX.csv
/ar/nepal-visa-for-french-citizens,/ar/visa-nepal,301,"Lot C1 : Contenu quasi identique au groupe (unicite 2.8%), aucune regle propre, 0 impressions",oui : le hub destination couvre le regime applicable a cette nationalite,inventory/VISA_FOR_DECISION_MATRIX.csv
/ar/nepal-visa-for-german-citizens,/ar/visa-nepal,301,"Lot C1 : Contenu quasi identique au groupe (unicite 2.8%), aucune regle propre, 0 impressions",oui : le hub destination couvre le regime applicable a cette nationalite,inventory/VISA_FOR_DECISION_MATRIX.csv
/ar/nepal-visa-for-indonesian-citizens,/ar/visa-nepal,301,"Lot C1 : Contenu quasi identique au groupe (unicite 3.5%), aucune regle propre, 0 impressions",oui : le hub destination couvre le regime applicable a cette nationalite,inventory/VISA_FOR_DECISION_MATRIX.csv
/ar/nepal-visa-for-japanese-citizens,/ar/visa-nepal,301,"Lot C1 : Contenu tres proche du groupe (unicite 13.4%), 0 impression",oui : le hub destination couvre le regime applicable a cette nationalite,inventory/VISA_FOR_DECISION_MATRIX.csv
/ar/nepal-visa-for-korean-citizens,/ar/visa-nepal,301,"Lot C1 : Contenu quasi identique au groupe (unicite 4.0%), aucune regle propre, 0 impressions",oui : le hub destination couvre le regime applicable a cette nationalite,inventory/VISA_FOR_DECISION_MATRIX.csv
/ar/nepal-visa-for-mexican-citizens,/ar/visa-nepal,301,"Lot C1 : Contenu quasi identique au groupe (unicite 2.8%), aucune regle propre, 0 impressions",oui : le hub destination couvre le regime applicable a cette nationalite,inventory/VISA_FOR_DECISION_MATRIX.csv
/ar/nepal-visa-for-philippine-citizens,/ar/visa-nepal,301,"Lot C1 : Contenu tres proche du groupe (unicite 12.8%), 0 impression",oui : le hub destination couvre le regime applicable a cette nationalite,inventory/VISA_FOR_DECISION_MATRIX.csv
/ar/nepal-visa-for-russian-citizens,/ar/visa-nepal,301,"Lot C1 : Contenu quasi identique au groupe (unicite 2.8%), aucune regle propre, 0 impressions",oui : le hub destination couvre le regime applicable a cette nationalite,inventory/VISA_FOR_DECISION_MATRIX.csv
/ar/nepal-visa-for-south-african-citizens,/ar/visa-nepal,301,"Lot C1 : Contenu quasi identique au groupe (unicite 4.5%), aucune regle propre, 0 impressions",oui : le hub destination couvre le regime applicable a cette nationalite,inventory/VISA_FOR_DECISION_MATRIX.csv
/ar/nepal-visa-for-turkish-citizens,/ar/visa-nepal,301,"Lot C1 : Contenu quasi identique au groupe (unicite 3.0%), aucune regle propre, 0 impressions",oui : le hub destination couvre le regime applicable a cette nationalite,inventory/VISA_FOR_DECISION_MATRIX.csv
/ar/nepal-visa-for-uk-citizens,/ar/visa-nepal,301,"Lot C1 : Contenu quasi identique au groupe (unicite 2.5%), aucune regle propre, 0 impressions",oui : le hub destination couvre le regime applicable a cette nationalite,inventory/VISA_FOR_DECISION_MATRIX.csv
/ar/nepal-visa-for-us-citizens,/ar/visa-nepal,301,"Lot C1 : Contenu quasi identique au groupe (unicite 3.5%), aucune regle propre, 0 impressions",oui : le hub destination couvre le regime applicable a cette nationalite,inventory/VISA_FOR_DECISION_MATRIX.csv
/ar/sri-lanka-visa-for-argentinian-citizens,/ar/visa-sri-lanka,301,"Lot C1 : Contenu quasi identique au groupe (unicite 2.4%), aucune regle propre, 0 impressions",oui : le hub destination couvre le regime applicable a cette nationalite,inventory/VISA_FOR_DECISION_MATRIX.csv
/ar/sri-lanka-visa-for-brazilian-citizens,/ar/visa-sri-lanka,301,"Lot C1 : Contenu quasi identique au groupe (unicite 2.1%), aucune regle propre, 0 impressions",oui : le hub destination couvre le regime applicable a cette nationalite,inventory/VISA_FOR_DECISION_MATRIX.csv
/ar/sri-lanka-visa-for-german-citizens,/ar/visa-sri-lanka,301,"Lot C1 : Contenu quasi identique au groupe (unicite 2.1%), aucune regle propre, 0 impressions",oui : le hub destination couvre le regime applicable a cette nationalite,inventory/VISA_FOR_DECISION_MATRIX.csv
/ar/sri-lanka-visa-for-japanese-citizens,/ar/visa-sri-lanka,301,"Lot C1 : Contenu tres proche du groupe (unicite 14.6%), 0 impression",oui : le hub destination couvre le regime applicable a cette nationalite,inventory/VISA_FOR_DECISION_MATRIX.csv
/ar/sri-lanka-visa-for-korean-citizens,/ar/visa-sri-lanka,301,"Lot C1 : Contenu quasi identique au groupe (unicite 2.1%), aucune regle propre, 0 impressions",oui : le hub destination couvre le regime applicable a cette nationalite,inventory/VISA_FOR_DECISION_MATRIX.csv
/ar/sri-lanka-visa-for-mexican-citizens,/ar/visa-sri-lanka,301,"Lot C1 : Contenu quasi identique au groupe (unicite 2.1%), aucune regle propre, 0 impressions",oui : le hub destination couvre le regime applicable a cette nationalite,inventory/VISA_FOR_DECISION_MATRIX.csv
/ar/sri-lanka-visa-for-russian-citizens,/ar/visa-sri-lanka,301,"Lot C1 : Contenu quasi identique au groupe (unicite 2.1%), aucune regle propre, 0 impressions",oui : le hub destination couvre le regime applicable a cette nationalite,inventory/VISA_FOR_DECISION_MATRIX.csv
/ar/sri-lanka-visa-for-turkish-citizens,/ar/visa-sri-lanka,301,"Lot C1 : Contenu quasi identique au groupe (unicite 1.8%), aucune regle propre, 0 impressions",oui : le hub destination couvre le regime applicable a cette nationalite,inventory/VISA_FOR_DECISION_MATRIX.csv
/ar/sri-lanka-visa-for-uk-citizens,/ar/visa-sri-lanka,301,"Lot C1 : Contenu quasi identique au groupe (unicite 2.7%), aucune regle propre, 0 impressions",oui : le hub destination couvre le regime applicable a cette nationalite,inventory/VISA_FOR_DECISION_MATRIX.csv
/ar/turkey-visa-for-argentinian-citizens,/ar/visa-turkey,301,"Lot C1 : Contenu quasi identique au groupe (unicite 7.6%), aucune regle propre, 0 impressions",oui : le hub destination couvre le regime applicable a cette nationalite,inventory/VISA_FOR_DECISION_MATRIX.csv
/ar/turkey-visa-for-australian-citizens,/ar/visa-turkey,301,"Lot C1 : Contenu quasi identique au groupe (unicite 7.5%), aucune regle propre, 0 impressions",oui : le hub destination couvre le regime applicable a cette nationalite,inventory/VISA_FOR_DECISION_MATRIX.csv
/ar/turkey-visa-for-chinese-citizens,/ar/visa-turkey,301,"Lot C1 : Contenu quasi identique au groupe (unicite 8.5%), aucune regle propre, 0 impressions",oui : le hub destination couvre le regime applicable a cette nationalite,inventory/VISA_FOR_DECISION_MATRIX.csv
/ar/turkey-visa-for-mexican-citizens,/ar/visa-turkey,301,"Lot C1 : Contenu quasi identique au groupe (unicite 7.6%), aucune regle propre, 0 impressions",oui : le hub destination couvre le regime applicable a cette nationalite,inventory/VISA_FOR_DECISION_MATRIX.csv
/ar/turkey-visa-for-nigerian-citizens,/ar/visa-turkey,301,"Lot C1 : Contenu quasi identique au groupe (unicite 7.2%), aucune regle propre, 0 impressions",oui : le hub destination couvre le regime applicable a cette nationalite,inventory/VISA_FOR_DECISION_MATRIX.csv
/ar/turkey-visa-for-philippine-citizens,/ar/visa-turkey,301,"Lot C1 : Contenu quasi identique au groupe (unicite 8.8%), aucune regle propre, 0 impressions",oui : le hub destination couvre le regime applicable a cette nationalite,inventory/VISA_FOR_DECISION_MATRIX.csv
/ar/turkey-visa-for-uk-citizens,/ar/visa-turkey,301,"Lot C1 : Contenu quasi identique au groupe (unicite 9.5%), aucune regle propre, 0 impressions",oui : le hub destination couvre le regime applicable a cette nationalite,inventory/VISA_FOR_DECISION_MATRIX.csv
/ja/india-visa-for-argentinian-citizens,/ja/visa-india,301,"Lot C1 : Contenu quasi identique au groupe (unicite 2.7%), aucune regle propre, 0 impressions",oui : le hub destination couvre le regime applicable a cette nationalite,inventory/VISA_FOR_DECISION_MATRIX.csv
/ja/india-visa-for-australian-citizens,/ja/visa-india,301,"Lot C1 : Contenu quasi identique au groupe (unicite 3.2%), aucune regle propre, 0 impressions",oui : le hub destination couvre le regime applicable a cette nationalite,inventory/VISA_FOR_DECISION_MATRIX.csv
/ja/india-visa-for-brazilian-citizens,/ja/visa-india,301,"Lot C1 : Contenu quasi identique au groupe (unicite 2.7%), aucune regle propre, 0 impressions",oui : le hub destination couvre le regime applicable a cette nationalite,inventory/VISA_FOR_DECISION_MATRIX.csv
/ja/india-visa-for-chinese-citizens,/ja/visa-india,301,"Lot C1 : Contenu quasi identique au groupe (unicite 2.7%), aucune regle propre, 0 impressions",oui : le hub destination couvre le regime applicable a cette nationalite,inventory/VISA_FOR_DECISION_MATRIX.csv
/ja/india-visa-for-french-citizens,/ja/visa-india,301,"Lot C1 : Contenu quasi identique au groupe (unicite 2.7%), aucune regle propre, 0 impressions",oui : le hub destination couvre le regime applicable a cette nationalite,inventory/VISA_FOR_DECISION_MATRIX.csv
/ja/india-visa-for-german-citizens,/ja/visa-india,301,"Lot C1 : Contenu quasi identique au groupe (unicite 2.7%), aucune regle propre, 0 impressions",oui : le hub destination couvre le regime applicable a cette nationalite,inventory/VISA_FOR_DECISION_MATRIX.csv
/ja/india-visa-for-indonesian-citizens,/ja/visa-india,301,"Lot C1 : Contenu quasi identique au groupe (unicite 2.7%), aucune regle propre, 0 impressions",oui : le hub destination couvre le regime applicable a cette nationalite,inventory/VISA_FOR_DECISION_MATRIX.csv
/ja/india-visa-for-korean-citizens,/ja/visa-india,301,"Lot C1 : Contenu quasi identique au groupe (unicite 2.7%), aucune regle propre, 0 impressions",oui : le hub destination couvre le regime applicable a cette nationalite,inventory/VISA_FOR_DECISION_MATRIX.csv
/ja/india-visa-for-mexican-citizens,/ja/visa-india,301,"Lot C1 : Contenu quasi identique au groupe (unicite 2.7%), aucune regle propre, 0 impressions",oui : le hub destination couvre le regime applicable a cette nationalite,inventory/VISA_FOR_DECISION_MATRIX.csv
/ja/india-visa-for-nigerian-citizens,/ja/visa-india,301,"Lot C1 : Contenu quasi identique au groupe (unicite 2.7%), aucune regle propre, 0 impressions",oui : le hub destination couvre le regime applicable a cette nationalite,inventory/VISA_FOR_DECISION_MATRIX.csv
/ja/india-visa-for-russian-citizens,/ja/visa-india,301,"Lot C1 : Contenu quasi identique au groupe (unicite 2.7%), aucune regle propre, 0 impressions",oui : le hub destination couvre le regime applicable a cette nationalite,inventory/VISA_FOR_DECISION_MATRIX.csv
/ja/india-visa-for-south-african-citizens,/ja/visa-india,301,"Lot C1 : Contenu quasi identique au groupe (unicite 2.7%), aucune regle propre, 0 impressions",oui : le hub destination couvre le regime applicable a cette nationalite,inventory/VISA_FOR_DECISION_MATRIX.csv
/ja/india-visa-for-turkish-citizens,/ja/visa-india,301,"Lot C1 : Contenu quasi identique au groupe (unicite 2.7%), aucune regle propre, 0 impressions",oui : le hub destination couvre le regime applicable a cette nationalite,inventory/VISA_FOR_DECISION_MATRIX.csv
/ja/india-visa-for-uk-citizens,/ja/visa-india,301,"Lot C1 : Contenu quasi identique au groupe (unicite 2.7%), aucune regle propre, 0 impressions",oui : le hub destination couvre le regime applicable a cette nationalite,inventory/VISA_FOR_DECISION_MATRIX.csv
/ja/india-visa-for-us-citizens,/ja/visa-india,301,"Lot C1 : Contenu quasi identique au groupe (unicite 3.2%), aucune regle propre, 0 impressions",oui : le hub destination couvre le regime applicable a cette nationalite,inventory/VISA_FOR_DECISION_MATRIX.csv
/ja/jordan-visa-for-argentinian-citizens,/ja/visa-jordan,301,"Lot C1 : Contenu quasi identique au groupe (unicite 5.0%), aucune regle propre, 0 impressions",oui : le hub destination couvre le regime applicable a cette nationalite,inventory/VISA_FOR_DECISION_MATRIX.csv
/ja/jordan-visa-for-australian-citizens,/ja/visa-jordan,301,"Lot C1 : Contenu quasi identique au groupe (unicite 5.0%), aucune regle propre, 0 impressions",oui : le hub destination couvre le regime applicable a cette nationalite,inventory/VISA_FOR_DECISION_MATRIX.csv
/ja/jordan-visa-for-canadian-citizens,/ja/visa-jordan,301,"Lot C1 : Contenu quasi identique au groupe (unicite 5.0%), aucune regle propre, 0 impressions",oui : le hub destination couvre le regime applicable a cette nationalite,inventory/VISA_FOR_DECISION_MATRIX.csv
/ja/jordan-visa-for-french-citizens,/ja/visa-jordan,301,"Lot C1 : Contenu quasi identique au groupe (unicite 7.0%), aucune regle propre, 0 impressions",oui : le hub destination couvre le regime applicable a cette nationalite,inventory/VISA_FOR_DECISION_MATRIX.csv
/ja/jordan-visa-for-indonesian-citizens,/ja/visa-jordan,301,"Lot C1 : Contenu quasi identique au groupe (unicite 5.7%), aucune regle propre, 0 impressions",oui : le hub destination couvre le regime applicable a cette nationalite,inventory/VISA_FOR_DECISION_MATRIX.csv
/ja/jordan-visa-for-japanese-citizens,/ja/visa-jordan,301,"Lot C1 : Contenu quasi identique au groupe (unicite 5.7%), aucune regle propre, 0 impressions",oui : le hub destination couvre le regime applicable a cette nationalite,inventory/VISA_FOR_DECISION_MATRIX.csv
/ja/jordan-visa-for-korean-citizens,/ja/visa-jordan,301,"Lot C1 : Contenu quasi identique au groupe (unicite 7.6%), aucune regle propre, 0 impressions",oui : le hub destination couvre le regime applicable a cette nationalite,inventory/VISA_FOR_DECISION_MATRIX.csv
/ja/jordan-visa-for-mexican-citizens,/ja/visa-jordan,301,"Lot C1 : Contenu quasi identique au groupe (unicite 5.7%), aucune regle propre, 0 impressions",oui : le hub destination couvre le regime applicable a cette nationalite,inventory/VISA_FOR_DECISION_MATRIX.csv
/ja/jordan-visa-for-philippine-citizens,/ja/visa-jordan,301,"Lot C1 : Contenu quasi identique au groupe (unicite 6.3%), aucune regle propre, 0 impressions",oui : le hub destination couvre le regime applicable a cette nationalite,inventory/VISA_FOR_DECISION_MATRIX.csv
/ja/jordan-visa-for-russian-citizens,/ja/visa-jordan,301,"Lot C1 : Contenu quasi identique au groupe (unicite 5.0%), aucune regle propre, 0 impressions",oui : le hub destination couvre le regime applicable a cette nationalite,inventory/VISA_FOR_DECISION_MATRIX.csv
/ja/jordan-visa-for-singaporean-citizens,/ja/visa-jordan,301,"Lot C1 : Contenu quasi identique au groupe (unicite 5.0%), aucune regle propre, 0 impressions",oui : le hub destination couvre le regime applicable a cette nationalite,inventory/VISA_FOR_DECISION_MATRIX.csv
/ja/jordan-visa-for-turkish-citizens,/ja/visa-jordan,301,"Lot C1 : Contenu quasi identique au groupe (unicite 5.0%), aucune regle propre, 0 impressions",oui : le hub destination couvre le regime applicable a cette nationalite,inventory/VISA_FOR_DECISION_MATRIX.csv
/ja/jordan-visa-for-uk-citizens,/ja/visa-jordan,301,"Lot C1 : Contenu quasi identique au groupe (unicite 6.3%), aucune regle propre, 0 impressions",oui : le hub destination couvre le regime applicable a cette nationalite,inventory/VISA_FOR_DECISION_MATRIX.csv
/ja/jordan-visa-for-us-citizens,/ja/visa-jordan,301,"Lot C1 : Contenu quasi identique au groupe (unicite 7.8%), aucune regle propre, 0 impressions",oui : le hub destination couvre le regime applicable a cette nationalite,inventory/VISA_FOR_DECISION_MATRIX.csv
/ja/maldives-visa-for-argentinian-citizens,/ja/visa-maldives,301,"Lot C1 : Contenu quasi identique au groupe (unicite 6.8%), aucune regle propre, 0 impressions",oui : le hub destination couvre le regime applicable a cette nationalite,inventory/VISA_FOR_DECISION_MATRIX.csv
/ja/maldives-visa-for-australian-citizens,/ja/visa-maldives,301,"Lot C1 : Contenu quasi identique au groupe (unicite 7.8%), aucune regle propre, 0 impressions",oui : le hub destination couvre le regime applicable a cette nationalite,inventory/VISA_FOR_DECISION_MATRIX.csv
/ja/maldives-visa-for-brazilian-citizens,/ja/visa-maldives,301,"Lot C1 : Contenu quasi identique au groupe (unicite 6.9%), aucune regle propre, 0 impressions",oui : le hub destination couvre le regime applicable a cette nationalite,inventory/VISA_FOR_DECISION_MATRIX.csv
/ja/maldives-visa-for-canadian-citizens,/ja/visa-maldives,301,"Lot C1 : Contenu quasi identique au groupe (unicite 7.8%), aucune regle propre, 0 impressions",oui : le hub destination couvre le regime applicable a cette nationalite,inventory/VISA_FOR_DECISION_MATRIX.csv
/ja/maldives-visa-for-chinese-citizens,/ja/visa-maldives,301,"Lot C1 : Contenu quasi identique au groupe (unicite 6.9%), aucune regle propre, 0 impressions",oui : le hub destination couvre le regime applicable a cette nationalite,inventory/VISA_FOR_DECISION_MATRIX.csv
/ja/maldives-visa-for-french-citizens,/ja/visa-maldives,301,"Lot C1 : Contenu quasi identique au groupe (unicite 6.9%), aucune regle propre, 0 impressions",oui : le hub destination couvre le regime applicable a cette nationalite,inventory/VISA_FOR_DECISION_MATRIX.csv
/ja/maldives-visa-for-german-citizens,/ja/visa-maldives,301,"Lot C1 : Contenu quasi identique au groupe (unicite 6.9%), aucune regle propre, 0 impressions",oui : le hub destination couvre le regime applicable a cette nationalite,inventory/VISA_FOR_DECISION_MATRIX.csv
/ja/maldives-visa-for-indian-citizens,/ja/visa-maldives,301,"Lot C1 : Contenu quasi identique au groupe (unicite 6.9%), aucune regle propre, 0 impressions",oui : le hub destination couvre le regime applicable a cette nationalite,inventory/VISA_FOR_DECISION_MATRIX.csv
/ja/maldives-visa-for-indonesian-citizens,/ja/visa-maldives,301,"Lot C1 : Contenu quasi identique au groupe (unicite 6.9%), aucune regle propre, 0 impressions",oui : le hub destination couvre le regime applicable a cette nationalite,inventory/VISA_FOR_DECISION_MATRIX.csv
/ja/maldives-visa-for-korean-citizens,/ja/visa-maldives,301,"Lot C1 : Contenu quasi identique au groupe (unicite 8.6%), aucune regle propre, 0 impressions",oui : le hub destination couvre le regime applicable a cette nationalite,inventory/VISA_FOR_DECISION_MATRIX.csv
/ja/maldives-visa-for-mexican-citizens,/ja/visa-maldives,301,"Lot C1 : Contenu quasi identique au groupe (unicite 6.8%), aucune regle propre, 0 impressions",oui : le hub destination couvre le regime applicable a cette nationalite,inventory/VISA_FOR_DECISION_MATRIX.csv
/ja/maldives-visa-for-nigerian-citizens,/ja/visa-maldives,301,"Lot C1 : Contenu quasi identique au groupe (unicite 6.8%), aucune regle propre, 0 impressions",oui : le hub destination couvre le regime applicable a cette nationalite,inventory/VISA_FOR_DECISION_MATRIX.csv
/ja/maldives-visa-for-philippine-citizens,/ja/visa-maldives,301,"Lot C1 : Contenu quasi identique au groupe (unicite 6.9%), aucune regle propre, 0 impressions",oui : le hub destination couvre le regime applicable a cette nationalite,inventory/VISA_FOR_DECISION_MATRIX.csv
/ja/maldives-visa-for-russian-citizens,/ja/visa-maldives,301,"Lot C1 : Contenu quasi identique au groupe (unicite 6.9%), aucune regle propre, 0 impressions",oui : le hub destination couvre le regime applicable a cette nationalite,inventory/VISA_FOR_DECISION_MATRIX.csv
/ja/maldives-visa-for-turkish-citizens,/ja/visa-maldives,301,"Lot C1 : Contenu quasi identique au groupe (unicite 6.9%), aucune regle propre, 0 impressions",oui : le hub destination couvre le regime applicable a cette nationalite,inventory/VISA_FOR_DECISION_MATRIX.csv
/ja/maldives-visa-for-uk-citizens,/ja/visa-maldives,301,"Lot C1 : Contenu quasi identique au groupe (unicite 6.8%), aucune regle propre, 0 impressions",oui : le hub destination couvre le regime applicable a cette nationalite,inventory/VISA_FOR_DECISION_MATRIX.csv
/ja/maldives-visa-for-us-citizens,/ja/visa-maldives,301,"Lot C1 : Contenu quasi identique au groupe (unicite 9.7%), aucune regle propre, 0 impressions",oui : le hub destination couvre le regime applicable a cette nationalite,inventory/VISA_FOR_DECISION_MATRIX.csv
/ja/nepal-visa-for-argentinian-citizens,/ja/visa-nepal,301,"Lot C1 : Contenu quasi identique au groupe (unicite 4.9%), aucune regle propre, 0 impressions",oui : le hub destination couvre le regime applicable a cette nationalite,inventory/VISA_FOR_DECISION_MATRIX.csv
/ja/nepal-visa-for-australian-citizens,/ja/visa-nepal,301,"Lot C1 : Contenu quasi identique au groupe (unicite 6.1%), aucune regle propre, 0 impressions",oui : le hub destination couvre le regime applicable a cette nationalite,inventory/VISA_FOR_DECISION_MATRIX.csv
/ja/nepal-visa-for-brazilian-citizens,/ja/visa-nepal,301,"Lot C1 : Contenu quasi identique au groupe (unicite 4.9%), aucune regle propre, 0 impressions",oui : le hub destination couvre le regime applicable a cette nationalite,inventory/VISA_FOR_DECISION_MATRIX.csv
/ja/nepal-visa-for-chinese-citizens,/ja/visa-nepal,301,"Lot C1 : Contenu quasi identique au groupe (unicite 5.5%), aucune regle propre, 0 impressions",oui : le hub destination couvre le regime applicable a cette nationalite,inventory/VISA_FOR_DECISION_MATRIX.csv
/ja/nepal-visa-for-french-citizens,/ja/visa-nepal,301,"Lot C1 : Contenu quasi identique au groupe (unicite 6.7%), aucune regle propre, 0 impressions",oui : le hub destination couvre le regime applicable a cette nationalite,inventory/VISA_FOR_DECISION_MATRIX.csv
/ja/nepal-visa-for-german-citizens,/ja/visa-nepal,301,"Lot C1 : Contenu quasi identique au groupe (unicite 6.7%), aucune regle propre, 0 impressions",oui : le hub destination couvre le regime applicable a cette nationalite,inventory/VISA_FOR_DECISION_MATRIX.csv
/ja/nepal-visa-for-indonesian-citizens,/ja/visa-nepal,301,"Lot C1 : Contenu quasi identique au groupe (unicite 4.9%), aucune regle propre, 0 impressions",oui : le hub destination couvre le regime applicable a cette nationalite,inventory/VISA_FOR_DECISION_MATRIX.csv
/ja/nepal-visa-for-korean-citizens,/ja/visa-nepal,301,"Lot C1 : Contenu quasi identique au groupe (unicite 6.7%), aucune regle propre, 0 impressions",oui : le hub destination couvre le regime applicable a cette nationalite,inventory/VISA_FOR_DECISION_MATRIX.csv
/ja/nepal-visa-for-mexican-citizens,/ja/visa-nepal,301,"Lot C1 : Contenu quasi identique au groupe (unicite 5.5%), aucune regle propre, 0 impressions",oui : le hub destination couvre le regime applicable a cette nationalite,inventory/VISA_FOR_DECISION_MATRIX.csv
/ja/nepal-visa-for-nigerian-citizens,/ja/visa-nepal,301,"Lot C1 : Contenu quasi identique au groupe (unicite 5.5%), aucune regle propre, 0 impressions",oui : le hub destination couvre le regime applicable a cette nationalite,inventory/VISA_FOR_DECISION_MATRIX.csv
/ja/nepal-visa-for-russian-citizens,/ja/visa-nepal,301,"Lot C1 : Contenu quasi identique au groupe (unicite 4.9%), aucune regle propre, 0 impressions",oui : le hub destination couvre le regime applicable a cette nationalite,inventory/VISA_FOR_DECISION_MATRIX.csv
/ja/nepal-visa-for-singaporean-citizens,/ja/visa-nepal,301,"Lot C1 : Contenu quasi identique au groupe (unicite 6.1%), aucune regle propre, 0 impressions",oui : le hub destination couvre le regime applicable a cette nationalite,inventory/VISA_FOR_DECISION_MATRIX.csv
/ja/nepal-visa-for-south-african-citizens,/ja/visa-nepal,301,"Lot C1 : Contenu quasi identique au groupe (unicite 6.7%), aucune regle propre, 0 impressions",oui : le hub destination couvre le regime applicable a cette nationalite,inventory/VISA_FOR_DECISION_MATRIX.csv
/ja/nepal-visa-for-turkish-citizens,/ja/visa-nepal,301,"Lot C1 : Contenu quasi identique au groupe (unicite 4.9%), aucune regle propre, 0 impressions",oui : le hub destination couvre le regime applicable a cette nationalite,inventory/VISA_FOR_DECISION_MATRIX.csv
/ja/nepal-visa-for-uk-citizens,/ja/visa-nepal,301,"Lot C1 : Contenu quasi identique au groupe (unicite 7.2%), aucune regle propre, 0 impressions",oui : le hub destination couvre le regime applicable a cette nationalite,inventory/VISA_FOR_DECISION_MATRIX.csv
/ja/nepal-visa-for-us-citizens,/ja/visa-nepal,301,"Lot C1 : Contenu quasi identique au groupe (unicite 8.6%), aucune regle propre, 0 impressions",oui : le hub destination couvre le regime applicable a cette nationalite,inventory/VISA_FOR_DECISION_MATRIX.csv
/ja/sri-lanka-visa-for-argentinian-citizens,/ja/visa-sri-lanka,301,"Lot C1 : Contenu quasi identique au groupe (unicite 7.5%), aucune regle propre, 0 impressions",oui : le hub destination couvre le regime applicable a cette nationalite,inventory/VISA_FOR_DECISION_MATRIX.csv
/ja/sri-lanka-visa-for-brazilian-citizens,/ja/visa-sri-lanka,301,"Lot C1 : Contenu quasi identique au groupe (unicite 7.0%), aucune regle propre, 0 impressions",oui : le hub destination couvre le regime applicable a cette nationalite,inventory/VISA_FOR_DECISION_MATRIX.csv
/ja/sri-lanka-visa-for-german-citizens,/ja/visa-sri-lanka,301,"Lot C1 : Contenu quasi identique au groupe (unicite 7.5%), aucune regle propre, 0 impressions",oui : le hub destination couvre le regime applicable a cette nationalite,inventory/VISA_FOR_DECISION_MATRIX.csv
/ja/sri-lanka-visa-for-korean-citizens,/ja/visa-sri-lanka,301,"Lot C1 : Contenu quasi identique au groupe (unicite 7.0%), aucune regle propre, 0 impressions",oui : le hub destination couvre le regime applicable a cette nationalite,inventory/VISA_FOR_DECISION_MATRIX.csv
/ja/sri-lanka-visa-for-mexican-citizens,/ja/visa-sri-lanka,301,"Lot C1 : Contenu quasi identique au groupe (unicite 7.5%), aucune regle propre, 0 impressions",oui : le hub destination couvre le regime applicable a cette nationalite,inventory/VISA_FOR_DECISION_MATRIX.csv
/ja/sri-lanka-visa-for-russian-citizens,/ja/visa-sri-lanka,301,"Lot C1 : Contenu quasi identique au groupe (unicite 7.0%), aucune regle propre, 0 impressions",oui : le hub destination couvre le regime applicable a cette nationalite,inventory/VISA_FOR_DECISION_MATRIX.csv
/ja/sri-lanka-visa-for-turkish-citizens,/ja/visa-sri-lanka,301,"Lot C1 : Contenu quasi identique au groupe (unicite 7.0%), aucune regle propre, 0 impressions",oui : le hub destination couvre le regime applicable a cette nationalite,inventory/VISA_FOR_DECISION_MATRIX.csv
/ja/sri-lanka-visa-for-uk-citizens,/ja/visa-sri-lanka,301,"Lot C1 : Contenu quasi identique au groupe (unicite 7.5%), aucune regle propre, 0 impressions",oui : le hub destination couvre le regime applicable a cette nationalite,inventory/VISA_FOR_DECISION_MATRIX.csv
/ja/turkey-visa-for-chinese-citizens,/ja/visa-turkey,301,"Lot C1 : Contenu tres proche du groupe (unicite 14.9%), 0 impression",oui : le hub destination couvre le regime applicable a cette nationalite,inventory/VISA_FOR_DECISION_MATRIX.csv
/ko/india-visa-for-argentinian-citizens,/ko/visa-india,301,"Lot C1 : Contenu quasi identique au groupe (unicite 2.5%), aucune regle propre, 0 impressions",oui : le hub destination couvre le regime applicable a cette nationalite,inventory/VISA_FOR_DECISION_MATRIX.csv
/ko/india-visa-for-australian-citizens,/ko/visa-india,301,"Lot C1 : Contenu quasi identique au groupe (unicite 2.5%), aucune regle propre, 0 impressions",oui : le hub destination couvre le regime applicable a cette nationalite,inventory/VISA_FOR_DECISION_MATRIX.csv
/ko/india-visa-for-brazilian-citizens,/ko/visa-india,301,"Lot C1 : Contenu quasi identique au groupe (unicite 2.5%), aucune regle propre, 0 impressions",oui : le hub destination couvre le regime applicable a cette nationalite,inventory/VISA_FOR_DECISION_MATRIX.csv
/ko/india-visa-for-canadian-citizens,/ko/visa-india,301,"Lot C1 : Contenu quasi identique au groupe (unicite 2.5%), aucune regle propre, 0 impressions",oui : le hub destination couvre le regime applicable a cette nationalite,inventory/VISA_FOR_DECISION_MATRIX.csv
/ko/india-visa-for-chinese-citizens,/ko/visa-india,301,"Lot C1 : Contenu quasi identique au groupe (unicite 2.5%), aucune regle propre, 0 impressions",oui : le hub destination couvre le regime applicable a cette nationalite,inventory/VISA_FOR_DECISION_MATRIX.csv
/ko/india-visa-for-french-citizens,/ko/visa-india,301,"Lot C1 : Contenu quasi identique au groupe (unicite 2.5%), aucune regle propre, 0 impressions",oui : le hub destination couvre le regime applicable a cette nationalite,inventory/VISA_FOR_DECISION_MATRIX.csv
/ko/india-visa-for-german-citizens,/ko/visa-india,301,"Lot C1 : Contenu quasi identique au groupe (unicite 2.5%), aucune regle propre, 0 impressions",oui : le hub destination couvre le regime applicable a cette nationalite,inventory/VISA_FOR_DECISION_MATRIX.csv
/ko/india-visa-for-indonesian-citizens,/ko/visa-india,301,"Lot C1 : Contenu quasi identique au groupe (unicite 2.8%), aucune regle propre, 0 impressions",oui : le hub destination couvre le regime applicable a cette nationalite,inventory/VISA_FOR_DECISION_MATRIX.csv
/ko/india-visa-for-japanese-citizens,/ko/visa-india,301,"Lot C1 : Contenu quasi identique au groupe (unicite 2.8%), aucune regle propre, 0 impressions",oui : le hub destination couvre le regime applicable a cette nationalite,inventory/VISA_FOR_DECISION_MATRIX.csv
/ko/india-visa-for-mexican-citizens,/ko/visa-india,301,"Lot C1 : Contenu quasi identique au groupe (unicite 2.5%), aucune regle propre, 0 impressions",oui : le hub destination couvre le regime applicable a cette nationalite,inventory/VISA_FOR_DECISION_MATRIX.csv
/ko/india-visa-for-nigerian-citizens,/ko/visa-india,301,"Lot C1 : Contenu quasi identique au groupe (unicite 2.8%), aucune regle propre, 0 impressions",oui : le hub destination couvre le regime applicable a cette nationalite,inventory/VISA_FOR_DECISION_MATRIX.csv
/ko/india-visa-for-philippine-citizens,/ko/visa-india,301,"Lot C1 : Contenu quasi identique au groupe (unicite 2.7%), aucune regle propre, 0 impressions",oui : le hub destination couvre le regime applicable a cette nationalite,inventory/VISA_FOR_DECISION_MATRIX.csv
/ko/india-visa-for-russian-citizens,/ko/visa-india,301,"Lot C1 : Contenu quasi identique au groupe (unicite 2.8%), aucune regle propre, 0 impressions",oui : le hub destination couvre le regime applicable a cette nationalite,inventory/VISA_FOR_DECISION_MATRIX.csv
/ko/india-visa-for-singaporean-citizens,/ko/visa-india,301,"Lot C1 : Contenu quasi identique au groupe (unicite 2.2%), aucune regle propre, 0 impressions",oui : le hub destination couvre le regime applicable a cette nationalite,inventory/VISA_FOR_DECISION_MATRIX.csv
/ko/india-visa-for-south-african-citizens,/ko/visa-india,301,"Lot C1 : Contenu quasi identique au groupe (unicite 2.8%), aucune regle propre, 0 impressions",oui : le hub destination couvre le regime applicable a cette nationalite,inventory/VISA_FOR_DECISION_MATRIX.csv
/ko/india-visa-for-uk-citizens,/ko/visa-india,301,"Lot C1 : Contenu quasi identique au groupe (unicite 2.5%), aucune regle propre, 0 impressions",oui : le hub destination couvre le regime applicable a cette nationalite,inventory/VISA_FOR_DECISION_MATRIX.csv
/ko/india-visa-for-us-citizens,/ko/visa-india,301,"Lot C1 : Contenu quasi identique au groupe (unicite 3.0%), aucune regle propre, 0 impressions",oui : le hub destination couvre le regime applicable a cette nationalite,inventory/VISA_FOR_DECISION_MATRIX.csv
/ko/jordan-visa-for-argentinian-citizens,/ko/visa-jordan,301,"Lot C1 : Contenu quasi identique au groupe (unicite 3.8%), aucune regle propre, 0 impressions",oui : le hub destination couvre le regime applicable a cette nationalite,inventory/VISA_FOR_DECISION_MATRIX.csv
/ko/jordan-visa-for-australian-citizens,/ko/visa-jordan,301,"Lot C1 : Contenu quasi identique au groupe (unicite 4.4%), aucune regle propre, 0 impressions",oui : le hub destination couvre le regime applicable a cette nationalite,inventory/VISA_FOR_DECISION_MATRIX.csv
/ko/jordan-visa-for-canadian-citizens,/ko/visa-jordan,301,"Lot C1 : Contenu quasi identique au groupe (unicite 4.4%), aucune regle propre, 0 impressions",oui : le hub destination couvre le regime applicable a cette nationalite,inventory/VISA_FOR_DECISION_MATRIX.csv
/ko/jordan-visa-for-french-citizens,/ko/visa-jordan,301,"Lot C1 : Contenu quasi identique au groupe (unicite 3.5%), aucune regle propre, 0 impressions",oui : le hub destination couvre le regime applicable a cette nationalite,inventory/VISA_FOR_DECISION_MATRIX.csv
/ko/jordan-visa-for-indonesian-citizens,/ko/visa-jordan,301,"Lot C1 : Contenu quasi identique au groupe (unicite 3.8%), aucune regle propre, 0 impressions",oui : le hub destination couvre le regime applicable a cette nationalite,inventory/VISA_FOR_DECISION_MATRIX.csv
/ko/jordan-visa-for-korean-citizens,/ko/visa-jordan,301,"Lot C1 : Contenu quasi identique au groupe (unicite 3.8%), aucune regle propre, 0 impressions",oui : le hub destination couvre le regime applicable a cette nationalite,inventory/VISA_FOR_DECISION_MATRIX.csv
/ko/jordan-visa-for-mexican-citizens,/ko/visa-jordan,301,"Lot C1 : Contenu quasi identique au groupe (unicite 3.5%), aucune regle propre, 0 impressions",oui : le hub destination couvre le regime applicable a cette nationalite,inventory/VISA_FOR_DECISION_MATRIX.csv
/ko/jordan-visa-for-philippine-citizens,/ko/visa-jordan,301,"Lot C1 : Contenu quasi identique au groupe (unicite 4.3%), aucune regle propre, 0 impressions",oui : le hub destination couvre le regime applicable a cette nationalite,inventory/VISA_FOR_DECISION_MATRIX.csv
/ko/jordan-visa-for-russian-citizens,/ko/visa-jordan,301,"Lot C1 : Contenu quasi identique au groupe (unicite 3.5%), aucune regle propre, 0 impressions",oui : le hub destination couvre le regime applicable a cette nationalite,inventory/VISA_FOR_DECISION_MATRIX.csv
/ko/jordan-visa-for-singaporean-citizens,/ko/visa-jordan,301,"Lot C1 : Contenu quasi identique au groupe (unicite 4.1%), aucune regle propre, 0 impressions",oui : le hub destination couvre le regime applicable a cette nationalite,inventory/VISA_FOR_DECISION_MATRIX.csv
/ko/jordan-visa-for-turkish-citizens,/ko/visa-jordan,301,"Lot C1 : Contenu quasi identique au groupe (unicite 3.5%), aucune regle propre, 0 impressions",oui : le hub destination couvre le regime applicable a cette nationalite,inventory/VISA_FOR_DECISION_MATRIX.csv
/ko/jordan-visa-for-uk-citizens,/ko/visa-jordan,301,"Lot C1 : Contenu quasi identique au groupe (unicite 3.5%), aucune regle propre, 0 impressions",oui : le hub destination couvre le regime applicable a cette nationalite,inventory/VISA_FOR_DECISION_MATRIX.csv
/ko/jordan-visa-for-us-citizens,/ko/visa-jordan,301,"Lot C1 : Contenu quasi identique au groupe (unicite 5.1%), aucune regle propre, 0 impressions",oui : le hub destination couvre le regime applicable a cette nationalite,inventory/VISA_FOR_DECISION_MATRIX.csv
/ko/maldives-visa-for-argentinian-citizens,/ko/visa-maldives,301,"Lot C1 : Contenu quasi identique au groupe (unicite 5.9%), aucune regle propre, 0 impressions",oui : le hub destination couvre le regime applicable a cette nationalite,inventory/VISA_FOR_DECISION_MATRIX.csv
/ko/maldives-visa-for-australian-citizens,/ko/visa-maldives,301,"Lot C1 : Contenu quasi identique au groupe (unicite 6.0%), aucune regle propre, 0 impressions",oui : le hub destination couvre le regime applicable a cette nationalite,inventory/VISA_FOR_DECISION_MATRIX.csv
/ko/maldives-visa-for-brazilian-citizens,/ko/visa-maldives,301,"Lot C1 : Contenu quasi identique au groupe (unicite 5.6%), aucune regle propre, 0 impressions",oui : le hub destination couvre le regime applicable a cette nationalite,inventory/VISA_FOR_DECISION_MATRIX.csv
/ko/maldives-visa-for-canadian-citizens,/ko/visa-maldives,301,"Lot C1 : Contenu quasi identique au groupe (unicite 5.6%), aucune regle propre, 0 impressions",oui : le hub destination couvre le regime applicable a cette nationalite,inventory/VISA_FOR_DECISION_MATRIX.csv
/ko/maldives-visa-for-chinese-citizens,/ko/visa-maldives,301,"Lot C1 : Contenu quasi identique au groupe (unicite 5.6%), aucune regle propre, 0 impressions",oui : le hub destination couvre le regime applicable a cette nationalite,inventory/VISA_FOR_DECISION_MATRIX.csv
/ko/maldives-visa-for-french-citizens,/ko/visa-maldives,301,"Lot C1 : Contenu quasi identique au groupe (unicite 4.9%), aucune regle propre, 0 impressions",oui : le hub destination couvre le regime applicable a cette nationalite,inventory/VISA_FOR_DECISION_MATRIX.csv
/ko/maldives-visa-for-german-citizens,/ko/visa-maldives,301,"Lot C1 : Contenu quasi identique au groupe (unicite 5.2%), aucune regle propre, 0 impressions",oui : le hub destination couvre le regime applicable a cette nationalite,inventory/VISA_FOR_DECISION_MATRIX.csv
/ko/maldives-visa-for-indian-citizens,/ko/visa-maldives,301,"Lot C1 : Contenu quasi identique au groupe (unicite 5.6%), aucune regle propre, 0 impressions",oui : le hub destination couvre le regime applicable a cette nationalite,inventory/VISA_FOR_DECISION_MATRIX.csv
/ko/maldives-visa-for-indonesian-citizens,/ko/visa-maldives,301,"Lot C1 : Contenu quasi identique au groupe (unicite 6.0%), aucune regle propre, 0 impressions",oui : le hub destination couvre le regime applicable a cette nationalite,inventory/VISA_FOR_DECISION_MATRIX.csv
/ko/maldives-visa-for-japanese-citizens,/ko/visa-maldives,301,"Lot C1 : Contenu quasi identique au groupe (unicite 3.9%), aucune regle propre, 0 impressions",oui : le hub destination couvre le regime applicable a cette nationalite,inventory/VISA_FOR_DECISION_MATRIX.csv
/ko/maldives-visa-for-korean-citizens,/ko/visa-maldives,301,"Lot C1 : Contenu quasi identique au groupe (unicite 5.0%), aucune regle propre, 0 impressions",oui : le hub destination couvre le regime applicable a cette nationalite,inventory/VISA_FOR_DECISION_MATRIX.csv
/ko/maldives-visa-for-mexican-citizens,/ko/visa-maldives,301,"Lot C1 : Contenu quasi identique au groupe (unicite 5.3%), aucune regle propre, 0 impressions",oui : le hub destination couvre le regime applicable a cette nationalite,inventory/VISA_FOR_DECISION_MATRIX.csv
/ko/maldives-visa-for-russian-citizens,/ko/visa-maldives,301,"Lot C1 : Contenu quasi identique au groupe (unicite 3.9%), aucune regle propre, 0 impressions",oui : le hub destination couvre le regime applicable a cette nationalite,inventory/VISA_FOR_DECISION_MATRIX.csv
/ko/maldives-visa-for-singaporean-citizens,/ko/visa-maldives,301,"Lot C1 : Contenu quasi identique au groupe (unicite 5.6%), aucune regle propre, 0 impressions",oui : le hub destination couvre le regime applicable a cette nationalite,inventory/VISA_FOR_DECISION_MATRIX.csv
/ko/maldives-visa-for-turkish-citizens,/ko/visa-maldives,301,"Lot C1 : Contenu quasi identique au groupe (unicite 5.3%), aucune regle propre, 0 impressions",oui : le hub destination couvre le regime applicable a cette nationalite,inventory/VISA_FOR_DECISION_MATRIX.csv
/ko/maldives-visa-for-uk-citizens,/ko/visa-maldives,301,"Lot C1 : Contenu quasi identique au groupe (unicite 5.6%), aucune regle propre, 0 impressions",oui : le hub destination couvre le regime applicable a cette nationalite,inventory/VISA_FOR_DECISION_MATRIX.csv
/ko/maldives-visa-for-us-citizens,/ko/visa-maldives,301,"Lot C1 : Contenu quasi identique au groupe (unicite 3.8%), aucune regle propre, 0 impressions",oui : le hub destination couvre le regime applicable a cette nationalite,inventory/VISA_FOR_DECISION_MATRIX.csv
/ko/nepal-visa-for-argentinian-citizens,/ko/visa-nepal,301,"Lot C1 : Contenu quasi identique au groupe (unicite 5.1%), aucune regle propre, 0 impressions",oui : le hub destination couvre le regime applicable a cette nationalite,inventory/VISA_FOR_DECISION_MATRIX.csv
/ko/nepal-visa-for-australian-citizens,/ko/visa-nepal,301,"Lot C1 : Contenu quasi identique au groupe (unicite 4.2%), aucune regle propre, 0 impressions",oui : le hub destination couvre le regime applicable a cette nationalite,inventory/VISA_FOR_DECISION_MATRIX.csv
/ko/nepal-visa-for-brazilian-citizens,/ko/visa-nepal,301,"Lot C1 : Contenu quasi identique au groupe (unicite 3.9%), aucune regle propre, 0 impressions",oui : le hub destination couvre le regime applicable a cette nationalite,inventory/VISA_FOR_DECISION_MATRIX.csv
/ko/nepal-visa-for-chinese-citizens,/ko/visa-nepal,301,"Lot C1 : Contenu quasi identique au groupe (unicite 3.6%), aucune regle propre, 0 impressions",oui : le hub destination couvre le regime applicable a cette nationalite,inventory/VISA_FOR_DECISION_MATRIX.csv
/ko/nepal-visa-for-french-citizens,/ko/visa-nepal,301,"Lot C1 : Contenu quasi identique au groupe (unicite 4.8%), aucune regle propre, 0 impressions",oui : le hub destination couvre le regime applicable a cette nationalite,inventory/VISA_FOR_DECISION_MATRIX.csv
/ko/nepal-visa-for-german-citizens,/ko/visa-nepal,301,"Lot C1 : Contenu quasi identique au groupe (unicite 4.8%), aucune regle propre, 0 impressions",oui : le hub destination couvre le regime applicable a cette nationalite,inventory/VISA_FOR_DECISION_MATRIX.csv
/ko/nepal-visa-for-indonesian-citizens,/ko/visa-nepal,301,"Lot C1 : Contenu quasi identique au groupe (unicite 4.5%), aucune regle propre, 0 impressions",oui : le hub destination couvre le regime applicable a cette nationalite,inventory/VISA_FOR_DECISION_MATRIX.csv
/ko/nepal-visa-for-korean-citizens,/ko/visa-nepal,301,"Lot C1 : Contenu quasi identique au groupe (unicite 4.2%), aucune regle propre, 0 impressions",oui : le hub destination couvre le regime applicable a cette nationalite,inventory/VISA_FOR_DECISION_MATRIX.csv
/ko/nepal-visa-for-mexican-citizens,/ko/visa-nepal,301,"Lot C1 : Contenu quasi identique au groupe (unicite 3.9%), aucune regle propre, 0 impressions",oui : le hub destination couvre le regime applicable a cette nationalite,inventory/VISA_FOR_DECISION_MATRIX.csv
/ko/nepal-visa-for-nigerian-citizens,/ko/visa-nepal,301,"Lot C1 : Contenu quasi identique au groupe (unicite 3.9%), aucune regle propre, 0 impressions",oui : le hub destination couvre le regime applicable a cette nationalite,inventory/VISA_FOR_DECISION_MATRIX.csv
/ko/nepal-visa-for-russian-citizens,/ko/visa-nepal,301,"Lot C1 : Contenu quasi identique au groupe (unicite 4.2%), aucune regle propre, 0 impressions",oui : le hub destination couvre le regime applicable a cette nationalite,inventory/VISA_FOR_DECISION_MATRIX.csv
/ko/nepal-visa-for-singaporean-citizens,/ko/visa-nepal,301,"Lot C1 : Contenu quasi identique au groupe (unicite 5.9%), aucune regle propre, 0 impressions",oui : le hub destination couvre le regime applicable a cette nationalite,inventory/VISA_FOR_DECISION_MATRIX.csv
/ko/nepal-visa-for-south-african-citizens,/ko/visa-nepal,301,"Lot C1 : Contenu quasi identique au groupe (unicite 5.3%), aucune regle propre, 0 impressions",oui : le hub destination couvre le regime applicable a cette nationalite,inventory/VISA_FOR_DECISION_MATRIX.csv
/ko/nepal-visa-for-turkish-citizens,/ko/visa-nepal,301,"Lot C1 : Contenu quasi identique au groupe (unicite 3.6%), aucune regle propre, 0 impressions",oui : le hub destination couvre le regime applicable a cette nationalite,inventory/VISA_FOR_DECISION_MATRIX.csv
/ko/nepal-visa-for-uk-citizens,/ko/visa-nepal,301,"Lot C1 : Contenu quasi identique au groupe (unicite 3.0%), aucune regle propre, 0 impressions",oui : le hub destination couvre le regime applicable a cette nationalite,inventory/VISA_FOR_DECISION_MATRIX.csv
/ko/nepal-visa-for-us-citizens,/ko/visa-nepal,301,"Lot C1 : Contenu quasi identique au groupe (unicite 3.6%), aucune regle propre, 0 impressions",oui : le hub destination couvre le regime applicable a cette nationalite,inventory/VISA_FOR_DECISION_MATRIX.csv
/ko/sri-lanka-visa-for-argentinian-citizens,/ko/visa-sri-lanka,301,"Lot C1 : Contenu quasi identique au groupe (unicite 3.8%), aucune regle propre, 0 impressions",oui : le hub destination couvre le regime applicable a cette nationalite,inventory/VISA_FOR_DECISION_MATRIX.csv
/ko/sri-lanka-visa-for-brazilian-citizens,/ko/visa-sri-lanka,301,"Lot C1 : Contenu quasi identique au groupe (unicite 3.1%), aucune regle propre, 0 impressions",oui : le hub destination couvre le regime applicable a cette nationalite,inventory/VISA_FOR_DECISION_MATRIX.csv
/ko/sri-lanka-visa-for-french-citizens,/ko/visa-sri-lanka,301,"Lot C1 : Contenu tres proche du groupe (unicite 14.6%), 0 impression",oui : le hub destination couvre le regime applicable a cette nationalite,inventory/VISA_FOR_DECISION_MATRIX.csv
/ko/sri-lanka-visa-for-german-citizens,/ko/visa-sri-lanka,301,"Lot C1 : Contenu quasi identique au groupe (unicite 2.8%), aucune regle propre, 0 impressions",oui : le hub destination couvre le regime applicable a cette nationalite,inventory/VISA_FOR_DECISION_MATRIX.csv
/ko/sri-lanka-visa-for-korean-citizens,/ko/visa-sri-lanka,301,"Lot C1 : Contenu quasi identique au groupe (unicite 2.8%), aucune regle propre, 0 impressions",oui : le hub destination couvre le regime applicable a cette nationalite,inventory/VISA_FOR_DECISION_MATRIX.csv
/ko/sri-lanka-visa-for-mexican-citizens,/ko/visa-sri-lanka,301,"Lot C1 : Contenu quasi identique au groupe (unicite 3.8%), aucune regle propre, 0 impressions",oui : le hub destination couvre le regime applicable a cette nationalite,inventory/VISA_FOR_DECISION_MATRIX.csv
/ko/sri-lanka-visa-for-russian-citizens,/ko/visa-sri-lanka,301,"Lot C1 : Contenu quasi identique au groupe (unicite 3.1%), aucune regle propre, 0 impressions",oui : le hub destination couvre le regime applicable a cette nationalite,inventory/VISA_FOR_DECISION_MATRIX.csv
/ko/sri-lanka-visa-for-turkish-citizens,/ko/visa-sri-lanka,301,"Lot C1 : Contenu quasi identique au groupe (unicite 3.8%), aucune regle propre, 0 impressions",oui : le hub destination couvre le regime applicable a cette nationalite,inventory/VISA_FOR_DECISION_MATRIX.csv
/ko/sri-lanka-visa-for-uk-citizens,/ko/visa-sri-lanka,301,"Lot C1 : Contenu quasi identique au groupe (unicite 4.1%), aucune regle propre, 0 impressions",oui : le hub destination couvre le regime applicable a cette nationalite,inventory/VISA_FOR_DECISION_MATRIX.csv
/ko/turkey-visa-for-argentinian-citizens,/ko/visa-turkey,301,"Lot C1 : Contenu quasi identique au groupe (unicite 5.1%), aucune regle propre, 0 impressions",oui : le hub destination couvre le regime applicable a cette nationalite,inventory/VISA_FOR_DECISION_MATRIX.csv
/ko/turkey-visa-for-australian-citizens,/ko/visa-turkey,301,"Lot C1 : Contenu quasi identique au groupe (unicite 2.7%), aucune regle propre, 0 impressions",oui : le hub destination couvre le regime applicable a cette nationalite,inventory/VISA_FOR_DECISION_MATRIX.csv
/ko/turkey-visa-for-chinese-citizens,/ko/visa-turkey,301,"Lot C1 : Contenu quasi identique au groupe (unicite 5.5%), aucune regle propre, 0 impressions",oui : le hub destination couvre le regime applicable a cette nationalite,inventory/VISA_FOR_DECISION_MATRIX.csv
/ko/turkey-visa-for-mexican-citizens,/ko/visa-turkey,301,"Lot C1 : Contenu quasi identique au groupe (unicite 4.7%), aucune regle propre, 0 impressions",oui : le hub destination couvre le regime applicable a cette nationalite,inventory/VISA_FOR_DECISION_MATRIX.csv
/ko/turkey-visa-for-nigerian-citizens,/ko/visa-turkey,301,"Lot C1 : Contenu quasi identique au groupe (unicite 4.7%), aucune regle propre, 0 impressions",oui : le hub destination couvre le regime applicable a cette nationalite,inventory/VISA_FOR_DECISION_MATRIX.csv
/ko/turkey-visa-for-philippine-citizens,/ko/visa-turkey,301,"Lot C1 : Contenu quasi identique au groupe (unicite 6.2%), aucune regle propre, 0 impressions",oui : le hub destination couvre le regime applicable a cette nationalite,inventory/VISA_FOR_DECISION_MATRIX.csv
/ko/turkey-visa-for-uk-citizens,/ko/visa-turkey,301,"Lot C1 : Contenu quasi identique au groupe (unicite 3.9%), aucune regle propre, 0 impressions",oui : le hub destination couvre le regime applicable a cette nationalite,inventory/VISA_FOR_DECISION_MATRIX.csv
